vehiculo,nombre,posicion,stock_estado,ubicacion,precio,ultimo_precio,venta,nota,observaciones
OTROS,Capot Montero,,VENDIDO,SANTIAGO,160000.0,160000.0,,,
OTROS,Deposito Limpiaparabrisas Carlos,,VENDIDO,SANTIAGO,,,,,"Termino especial ""carlos"""
OTROS,Deposito Limpiaparabrisas Carlos Morning,,VENDIDO,SANTIAGO,,,,,"Termino especial ""carlos"""
OTROS,Funda De Parachoque Baleno Nico,Delantera,DISPONIBLE,SANTIAGO,,,,,"Termino especial ""nico"""
OTROS,Funda De Parachoque Baleno Nico,Delantera,DISPONIBLE,SANTIAGO,,,,,"Termino especial ""nico"""
OTROS,Funda De Parachoque Cx70 Con Rejillas Nico,Delantera,DISPONIBLE,SANTIAGO,,,,,"Termino especial ""nico""; Nombre contiene números"
OTROS,Funda De Parachoque Cx70 Nico,Delantera,DISPONIBLE,SANTIAGO,,,,,"Termino especial ""nico""; Nombre contiene números"
OTROS,Funda De Parachoque Mg Zs Nico,Delantera,DISPONIBLE,SANTIAGO,,,,,"Termino especial ""nico"""
OTROS,Funda De Parachoque Outlander Nico,Delantera,DISPONIBLE,SANTIAGO,,,,,"Termino especial ""nico"""
OTROS,Funda De Parachoque Sail Nico,Delantera,DISPONIBLE,SANTIAGO,,,,,"Termino especial ""nico"""
OTROS,Funda De Parachoque Tiggo Nico,Delantera,DISPONIBLE,SANTIAGO,,,,,"Termino especial ""nico"""
OTROS,Funda De Parachoque Kia Rio,Trasera,DISPONIBLE,SANTIAGO,,,,,
OTROS,Llanta,,VENDIDO,SANTIAGO,,,,,
OTROS,Llanta De Repuesto Kia,,DISPONIBLE,SANTIAGO,40000.0,35000.0,,,
OTROS,Llanta Y Rueda De Repuesto Camaro,,DISPONIBLE,SANTIAGO,60000.0,50000.0,,,Posible múltiple repuesto
OTROS,Máscara Fiesta,,VENDIDO,SANTIAGO,15000.0,15000.0,,,
OTROS,Ménsula Mazda Cx5,Delantera Izquierda,DISPONIBLE,SANTIAGO,,,,,Nombre contiene números
OTROS,Ménsula Mazda Cx5,Delantera Derecha,DISPONIBLE,SANTIAGO,,,,,Nombre contiene números
OTROS,Moldura De Tapabarro Subaru Xv,Delantera Derecha,DISPONIBLE,SANTIAGO,,,,CON RALLONES,
OTROS,Moldura Puera,Trasera Derecha,DISPONIBLE,SANTIAGO,,,,,
OTROS,Óptico Pilot,Izquierda,DISPONIBLE,SANTIAGO,,,,CON DETALLE EN LA MICA,
OTROS,Óptico Tiggo,Izquierda,DISPONIBLE,SANTIAGO,,,,NICO Y CON DETALLE,
OTROS,Óptico Tiggo,Derecha,VENDIDO,SANTIAGO,,,,NICO Y CON DETALLE,
OTROS,Puerta Citroen Xsara D-Rh,Delantera,DISPONIBLE,SANTIAGO,45000.0,40000.0,,,
OTROS,Puerta Citroen Xsara T-Lh,Trasera,DISPONIBLE,SANTIAGO,45000.0,40000.0,,,
OTROS,Radio Focus Carlos,,VENDIDO,SANTIAGO,,,,,"Termino especial ""carlos"""
OTROS,Rejilla Edge,Inferior,VENDIDO,SANTIAGO,,,,,
OTROS,Rejilla Fiesta,Inferior,VENDIDO,SANTIAGO,25000.0,25000.0,,,
OTROS,Tapa De Neblinero Beetle,,DISPONIBLE,SANTIAGO,35000.0,30000.0,,,
OTROS,Tapa De Neblinero Mg3,,VENDIDO,SANTIAGO,,,,,Nombre contiene números
OTROS,Tapabarro,,DISPONIBLE,SANTIAGO,,,,,
OTROS,,,,,,,,,Nombre vacío; Sin estado de stock; Sin ubicación
OTROS,,,,,,,,,Nombre vacío; Sin estado de stock; Sin ubicación
OTROS,,,,,,,,,Nombre vacío; Sin estado de stock; Sin ubicación
OTROS,,,,,,,,,Nombre vacío; Sin estado de stock; Sin ubicación
OTROS,,,,,,,,,Nombre vacío; Sin estado de stock; Sin ubicación
OTROS,,,,,,,,,Nombre vacío; Sin estado de stock; Sin ubicación
OTROS,,,,,,,,,Nombre vacío; Sin estado de stock; Sin ubicación
OTROS,,,,,,,,,Nombre vacío; Sin estado de stock; Sin ubicación
OTROS,,,,,,,,,Nombre vacío; Sin estado de stock; Sin ubicación
OTROS,,,,,,,,,Nombre vacío; Sin estado de stock; Sin ubicación
OTROS,,,,,,,,,Nombre vacío; Sin estado de stock; Sin ubicación
OTROS,,,,,,,,,Nombre vacío; Sin estado de stock; Sin ubicación
OTROS,,,,,,,,,Nombre vacío; Sin estado de stock; Sin ubicación
OTROS,,,,,,,,,Nombre vacío; Sin estado de stock; Sin ubicación
OTROS,,,,,,,,,Nombre vacío; Sin estado de stock; Sin ubicación
OTROS,,,,,,,,,Nombre vacío; Sin estado de stock; Sin ubicación
OTROS,,,,,,,,,Nombre vacío; Sin estado de stock; Sin ubicación
OTROS,,,,,,,,,Nombre vacío; Sin estado de stock; Sin ubicación
OTROS,,,,,,,,,Nombre vacío; Sin estado de stock; Sin ubicación
OTROS,,,,,,,,,Nombre vacío; Sin estado de stock; Sin ubicación
OTROS,,,,,,,,,Nombre vacío; Sin estado de stock; Sin ubicación
OTROS,,,,,,,,,Nombre vacío; Sin estado de stock; Sin ubicación
OTROS,,,,,,,,,Nombre vacío; Sin estado de stock; Sin ubicación
OTROS,,,,,,,,,Nombre vacío; Sin estado de stock; Sin ubicación
OTROS,,,,,,,,,Nombre vacío; Sin estado de stock; Sin ubicación
OTROS,,,,,,,,,Nombre vacío; Sin estado de stock; Sin ubicación
OTROS,,,,,,,,,Nombre vacío; Sin estado de stock; Sin ubicación
OTROS,,,,,,,,,Nombre vacío; Sin estado de stock; Sin ubicación
OTROS,,,,,,,,,Nombre vacío; Sin estado de stock; Sin ubicación
OTROS,,,,,,,,,Nombre vacío; Sin estado de stock; Sin ubicación
OTROS,,,,,,,,,Nombre vacío; Sin estado de stock; Sin ubicación
OTROS,,,,,,,,,Nombre vacío; Sin estado de stock; Sin ubicación
OTROS,,,,,,,,,Nombre vacío; Sin estado de stock; Sin ubicación
OTROS,,,,,,,,,Nombre vacío; Sin estado de stock; Sin ubicación
OTROS,,,,,,,,,Nombre vacío; Sin estado de stock; Sin ubicación
OTROS,,,,,,,,,Nombre vacío; Sin estado de stock; Sin ubicación
OTROS,,,,,,,,,Nombre vacío; Sin estado de stock; Sin ubicación
OTROS,,,,,,,,,Nombre vacío; Sin estado de stock; Sin ubicación
OTROS,,,,,,,,,Nombre vacío; Sin estado de stock; Sin ubicación
OTROS,,,,,,,,,Nombre vacío; Sin estado de stock; Sin ubicación
OTROS,,,,,,,,,Nombre vacío; Sin estado de stock; Sin ubicación
OTROS,,,,,,,,,Nombre vacío; Sin estado de stock; Sin ubicación
OTROS,,,,,,,,,Nombre vacío; Sin estado de stock; Sin ubicación
OTROS,,,,,,,,,Nombre vacío; Sin estado de stock; Sin ubicación
OTROS,,,,,,,,,Nombre vacío; Sin estado de stock; Sin ubicación
OTROS,,,,,,,,,Nombre vacío; Sin estado de stock; Sin ubicación
OTROS,,,,,,,,,Nombre vacío; Sin estado de stock; Sin ubicación
OTROS,,,,,,,,,Nombre vacío; Sin estado de stock; Sin ubicación
OTROS,,,,,,,,,Nombre vacío; Sin estado de stock; Sin ubicación
OTROS,,,,,,,,,Nombre vacío; Sin estado de stock; Sin ubicación
OTROS,,,,,,,,,Nombre vacío; Sin estado de stock; Sin ubicación
OTROS,,,,,,,,,Nombre vacío; Sin estado de stock; Sin ubicación
OTROS,,,,,,,,,Nombre vacío; Sin estado de stock; Sin ubicación
OTROS,,,,,,,,,Nombre vacío; Sin estado de stock; Sin ubicación
OTROS,,,,,,,,,Nombre vacío; Sin estado de stock; Sin ubicación
OTROS,,,,,,,,,Nombre vacío; Sin estado de stock; Sin ubicación
OTROS,,,,,,,,,Nombre vacío; Sin estado de stock; Sin ubicación
OTROS,,,,,,,,,Nombre vacío; Sin estado de stock; Sin ubicación
116I 2006,Airbag De Cortina,Izquierda,DISPONIBLE,SANTIAGO,55000.0,50000.0,,,
116I 2006,Airbag De Cortina,Derecha,DISPONIBLE,SANTIAGO,55000.0,50000.0,,,
116I 2006,Alternador,,VENDIDO,SANTIAGO,90000.0,85000.0,,,
116I 2006,Amortiguador,Delantera Izquierda,VENDIDO,SANTIAGO,55000.0,50000.0,,,
116I 2006,Amortiguador,Delantera Derecha,VENDIDO,SANTIAGO,90000.0,80000.0,,,
116I 2006,Amortiguador,Izquierda Portalon,VENDIDO,SANTIAGO,25000.0,20000.0,,,
116I 2006,Amortiguador,Derecha Portalon,VENDIDO,SANTIAGO,25000.0,20000.0,,,
116I 2006,Amortiguador,Trasera Izquierda,VENDIDO,SANTIAGO,30000.0,25000.0,,,
116I 2006,Amortiguador,Trasera Derecha,VENDIDO,SANTIAGO,30000.0,25000.0,,,
116I 2006,Amplificador,,VENDIDO,SANTIAGO,,,,,
116I 2006,Antena,,DISPONIBLE,SANTIAGO,,,,,
116I 2006,Asiento,Delantera Izquierda,NO DISPONIBLE,N/A,,MALO,,,
116I 2006,Asiento,Delantera Derecha,DISPONIBLE,SANTIAGO,60000.0,50000.0,,,
116I 2006,Asientos,Trasera,DISPONIBLE,REQUINOA,60000.0,50000.0,,,
116I 2006,Auxiliar,,DISPONIBLE,SANTIAGO,15000.0,10000.0,,,
116I 2006,Bandeja,Delantera Inferior Izquierda,VENDIDO,SANTIAGO,45000.0,40000.0,,PEQUEÑA,
116I 2006,Bandeja,Delantera Inferior Derecha,VENDIDO,SANTIAGO,45000.0,40000.0,,PEQUEÑA,
116I 2006,Bandeja,Delantera Superior Izquierda,VENDIDO,SANTIAGO,50000.0,45000.0,,GRANDE,
116I 2006,Bandeja,Delantera Superior Derecha,VENDIDO,SANTIAGO,50000.0,45000.0,,GRANDE,
116I 2006,Bandeja Grande,Trasera Izquierda,VENDIDO,SANTIAGO,,,,HAWAIANA,
116I 2006,Bandeja Grande,Trasera Derecha,VENDIDO,SANTIAGO,,,,HAWAIANA,
116I 2006,Bandeja Horquilla,Trasera Izquierda,DISPONIBLE,SANTIAGO,,,,,
116I 2006,Bandeja Horquilla,Trasera Derecha,DISPONIBLE,SANTIAGO,,,,,
116I 2006,Bandeja Mediana,Trasera Izquierda,DISPONIBLE,SANTIAGO,,,,,
116I 2006,Bandeja Mediana,Trasera Derecha,DISPONIBLE,SANTIAGO,,,,,
116I 2006,Bandeja Pequeña,Trasera Izquierda,DISPONIBLE,SANTIAGO,,,,,
116I 2006,Bandeja Pequeña,Trasera Derecha,DISPONIBLE,SANTIAGO,,,,,
116I 2006,Barra Estabilizadora,,DISPONIBLE,SANTIAGO,30000.0,25000.0,,,
116I 2006,Base De Batería,,DISPONIBLE,SANTIAGO,,,,,
116I 2006,Base De De Compresor De Aire Acodicionado,,DISPONIBLE,SANTIAGO,35000.0,30000.0,,,
116I 2006,Base De Termostato,,POR CONFIRMAR,REQUINOA,,,,,Estado inusual: POR CONFIRMAR
116I 2006,Bieleta,Izquierda,DISPONIBLE,SANTIAGO,15000.0,10000.0,,,
116I 2006,Bieleta,Derecha,DISPONIBLE,SANTIAGO,15000.0,10000.0,,,
116I 2006,Bisagra Capot,Izquierda,DISPONIBLE,SANTIAGO,25000.0,20000.0,,,
116I 2006,Bisagra Capot,Derecha,DISPONIBLE,SANTIAGO,25000.0,20000.0,,,
116I 2006,Bisagra,Izquierda Portalon,DISPONIBLE,SANTIAGO,,,,,
116I 2006,Bisel De Sinóptico,,DISPONIBLE,SANTIAGO,20000.0,15000.0,,,
116I 2006,Bisel Tablero,,DISPONIBLE,SANTIAGO,20000.0,15000.0,,,
116I 2006,Block,,DISPONIBLE,SANTIAGO,100000.0,80000.0,,SOLO,
116I 2006,Bobina,,VENDIDO,SANTIAGO,25000.0,20000.0,,,
116I 2006,Bobina,,DISPONIBLE,SANTIAGO,25000.0,20000.0,,,
116I 2006,Bobina,,DISPONIBLE,SANTIAGO,25000.0,20000.0,,,
116I 2006,Bobina,,DISPONIBLE,SANTIAGO,25000.0,20000.0,,,
116I 2006,Bomba Auxiliar De Calefacción,,DISPONIBLE,SANTIAGO,,,,,
116I 2006,Bomba De Aceite,,DISPONIBLE,SANTIAGO,60000.0,50000.0,,,
116I 2006,Bomba De Bencina,,DISPONIBLE,SANTIAGO,120000.0,110000.0,,2 PARTES,
116I 2006,Bomba De Pedal De Embrague,,VENDIDO,SANTIAGO,,,,,
116I 2006,Bomba Hidráulica,,VENDIDO,SANTIAGO,90000.0,80000.0,,BOMBA DE DIRECCIÓN,
116I 2006,Bomba Y Depósito De Freno,,DISPONIBLE,SANTIAGO,60000.0,50000.0,,,Posible múltiple repuesto
116I 2006,Borner Positivo Batería,,DISPONIBLE,SANTIAGO,40000.0,35000.0,,,
116I 2006,Botón De Alzavidrios,Delantera Derecha,NO DISPONIBLE,SANTIAGO,15000.0,10000.0,,,
116I 2006,Botón De Alzavidrios,Trasera Izquierda,VENDIDO,SANTIAGO,15000.0,10000.0,,,
116I 2006,Botón De Alzavidrios,Trasera Derecha,VENDIDO,SANTIAGO,15000.0,10000.0,,,
116I 2006,Botón De Encendido,,DISPONIBLE,SANTIAGO,25000.0,20000.0,,,
116I 2006,"Botón Hazard, Dtc Y Apertura De Puertas",,DISPONIBLE,SANTIAGO,25000.0,20000.0,,,Posible múltiple repuesto
116I 2006,Botonera Alzavidrio,Delantera Izquierda,NO DISPONIBLE,,,,,,Sin ubicación
116I 2006,Botonera De Alzavidrios,Delantera Izquierda,VENDIDO,SANTIAGO,50000.0,45000.0,,,
116I 2006,Brazo Limpiaparabrisas,Delantera Izquierda,VENDIDO,SANTIAGO,20000.0,15000.0,,,
116I 2006,Brazo Limpiaparabrisas,Delantera Derecha,VENDIDO,SANTIAGO,20000.0,15000.0,,,
116I 2006,Brazo Limpiaparabrisas,Trasera,VENDIDO,SANTIAGO,20000.0,15000.0,,DE PORTALÓN,
116I 2006,Caja De Cambios,,VENDIDO,SANTIAGO,290000.0,280000.0,,,
116I 2006,Caliper,Delantera Izquierda,VENDIDO,SANTIAGO,70000.0,60000.0,,,
116I 2006,Caliper,Delantera Derecha,DISPONIBLE,SANTIAGO,70000.0,60000.0,,,
116I 2006,Caliper,Trasera Izquierda,DISPONIBLE,SANTIAGO,70000.0,60000.0,,,
116I 2006,Caliper,Trasera Derecha,DISPONIBLE,SANTIAGO,70000.0,60000.0,,,
116I 2006,Canister,,VENDIDO,SANTIAGO,60000.0,50000.0,,,
116I 2006,Cañería De Agua,,DISPONIBLE,SANTIAGO,,,,BORDEA EL MOTOR,
116I 2006,Cañería De Aire Juego,,DISPONIBLE,SANTIAGO,83000.0,70000.0,,,"Termino especial ""juego"""
116I 2006,Cañería De Bencina,,DISPONIBLE,SANTIAGO,,,,SALIDA BOMBA DE ALTA,
116I 2006,Cañeria De Combustible,,DISPONIBLE,SANTIAGO,,,,,
116I 2006,Cañería Hidráulica,,DISPONIBLE,SANTIAGO,,,,,
116I 2006,Cañería Hidráulica,,DISPONIBLE,SANTIAGO,,,,,
116I 2006,Cañería Líquido Hidráulico,,DISPONIBLE,SANTIAGO,,,,,
116I 2006,Capot,,VENDIDO,SANTIAGO,130000.0,120000.0,,,
116I 2006,Cardan,Trasera,VENDIDO,SANTIAGO,85000.0,80000.0,,,
116I 2006,Carter,,DISPONIBLE,SANTIAGO,70000.0,60000.0,,SOLO SIN SENSOR DE ACEITE,
116I 2006,Catalítico,,VENDIDO,SANTIAGO,60000.0,50000.0,,,
116I 2006,Chapa Capot,,VENDIDO,SANTIAGO,25000.0,20000.0,,,
116I 2006,Chapa,Portalon,VENDIDO,SANTIAGO,30000.0,25000.0,,,
116I 2006,Chapa Puerta,Delantera Izquierda,DISPONIBLE,SANTIAGO,45000.0,40000.0,,,
116I 2006,Chapa Puerta,Delantera Derecha,DISPONIBLE,SANTIAGO,45000.0,40000.0,,,
116I 2006,Chapa Puerta,Trasera Izquierda,DISPONIBLE,SANTIAGO,45000.0,40000.0,,,
116I 2006,Chapa Puerta,Trasera Derecha,DISPONIBLE,SANTIAGO,45000.0,40000.0,,,
116I 2006,Cigüeñal,,NO DISPONIBLE,SANTIAGO,,,,MALO,
116I 2006,Cinta De Airbag,,DISPONIBLE,SANTIAGO,35700.0,30000.0,,,
116I 2006,Cinturón,Trasera Izquierda,DISPONIBLE,SANTIAGO,10000.0,10000.0,,,
116I 2006,Cinturón,Trasera Derecha,DISPONIBLE,SANTIAGO,10000.0,10000.0,,,
116I 2006,Cofia,,DISPONIBLE,SANTIAGO,25000.0,20000.0,,,
116I 2006,Columna De Dirección,,VENDIDO,SANTIAGO,45000.0,40000.0,,REVISAR,
116I 2006,Comando De Luces,,DISPONIBLE,,45000.0,40000.0,,,Sin ubicación
116I 2006,Compresor Aire,,VENDIDO,SANTIAGO,130000.0,120000.0,,,
116I 2006,Control De Sunroof Y Luces Interiores,,DISPONIBLE,SANTIAGO,35000.0,30000.0,,,Posible múltiple repuesto
116I 2006,Cremallera De Alzavidrio,Delantera Izquierda,VENDIDO,SANTIAGO,45000.0,40000.0,,,
116I 2006,Cremallera De Alzavidrio,Delantera Derecha,VENDIDO,SANTIAGO,45000.0,40000.0,,,
116I 2006,Cremallera De Alzavidrio,Trasera Izquierda,VENDIDO,SANTIAGO,35000.0,30000.0,,CON DETALLE ,
116I 2006,Cremallera De Alzavidrio,Trasera Derecha,DISPONIBLE,SANTIAGO,45000.0,40000.0,,,
116I 2006,Cremallera De Dirección,,VENDIDO,SANTIAGO,130000.0,120000.0,,,
116I 2006,Cubre Carter,,NO DISPONIBLE,N/A,,,,,
116I 2006,Cubre Equipaje,,DISPONIBLE,SANTIAGO,25000.0,20000.0,,,
116I 2006,Cubre Motor,Superior,DISPONIBLE,SANTIAGO,35700.0,30000.0,,,
116I 2006,Cubre Rueda De Repuesto,,DISPONIBLE,SANTIAGO,25000.0,20000.0,,,
116I 2006,Cubre Torpedo,Inferior Exterior,DISPONIBLE,SANTIAGO,25000.0,20000.0,,METÁLICO,
116I 2006,Cubre Torpedo,Superior Exterior,DISPONIBLE,SANTIAGO,45000.0,40000.0,,PLÁSTICO,
116I 2006,Cubre Zócalo,Izquierda,DISPONIBLE,SANTIAGO,45000.0,40000.0,,,
116I 2006,Cubre Zócalo,Derecha,DISPONIBLE,SANTIAGO,45000.0,40000.0,,,
116I 2006,Cuerpo De Aceleración,,DISPONIBLE,SANTIAGO,80000.0,70000.0,,,
116I 2006,Culata,,DISPONIBLE,,270000.0,260000.0,,,Sin ubicación
116I 2006,Cuna,Delantera,VENDIDO,SANTIAGO,110000.0,100000.0,,,
116I 2006,Cuna,Trasera,VENDIDO,SANTIAGO,120000.0,100000.0,,,
116I 2006,Depósito De Agua O Líquido Refrigerante,,VENDIDO,SANTIAGO,45000.0,40000.0,,,
116I 2006,Depósito De Limpiaparabrisas,,DISPONIBLE,SANTIAGO,50000.0,40000.0,,,
116I 2006,Depósito De Líquido Hidráulico,,VENDIDO,SANTIAGO,35000.0,30000.0,,,
116I 2006,Diferencial,Trasera,NO DISPONIBLE,SANTIAGO,160000.0,150000.0,,PRECIO ACTUALIZADO ,
116I 2006,Disco De Freno,Delantera Izquierda,VENDIDO,SANTIAGO,25000.0,20000.0,,,
116I 2006,Disco De Freno,Delantera Derecha,VENDIDO,SANTIAGO,25000.0,20000.0,,,
116I 2006,Disco De Freno,Trasera Izquierda,VENDIDO,SANTIAGO,25000.0,20000.0,,,
116I 2006,Disco De Freno,Trasera Derecha,VENDIDO,SANTIAGO,25000.0,20000.0,,,
116I 2006,Ecu,,VENDIDO,SANTIAGO,145000.0,130000.0,,,
116I 2006,Eje Palier,Trasera Izquierda,DISPONIBLE,SANTIAGO,75000.0,70000.0,,,
116I 2006,Eje Palier,Trasera Derecha,DISPONIBLE,SANTIAGO,75000.0,70000.0,,,
116I 2006,Electroventilador,,VENDIDO,SANTIAGO,55000.0,50000.0,,,
116I 2006,Encendedor De Cigarros,,DISPONIBLE,SANTIAGO,15000.0,10000.0,,,
116I 2006,Enganche Cinturones,Trasera,DISPONIBLE,SANTIAGO,,,,,
116I 2006,Espejo,Central,VENDIDO,SANTIAGO,25000.0,20000.0,,,
116I 2006,Espejo,Izquierda,VENDIDO,SANTIAGO,80000.0,75000.0,,,
116I 2006,Espejo,Derecha,VENDIDO,SANTIAGO,80000.0,75000.0,,,
116I 2006,Espiral,Trasera Izquierda,NO DISPONIBLE,SANTIAGO,,,,,
116I 2006,Espiral,Trasera Derecha,NO DISPONIBLE,SANTIAGO,,,,,
116I 2006,Fierro Refuerzo,Interior,VENDIDO,SANTIAGO,15000.0,15000.0,,,
116I 2006,Flujómetro,,DISPONIBLE,SANTIAGO,50000.0,40000.0,,,
116I 2006,Foco,Trasera Derecha,VENDIDO,SANTIAGO,45000.0,40000.0,,TRIZADO,
116I 2006,Foco,Trasera Izquierda,DISPONIBLE,SANTIAGO,55000.0,50000.0,,,
116I 2006,Frontal ,Delantera,VENDIDO,SANTIAGO,170000.0,160000.0,,,
116I 2006,Funda De Parachoque,Delantera,VENDIDO,SANTIAGO,100000.0,95000.0,,,
116I 2006,Funda De Parachoque,Trasera,DISPONIBLE,SANTIAGO,90000.0,80000.0,,,
116I 2006,Fusilera,,DISPONIBLE,SANTIAGO,,,,CUÁL,
116I 2006,Gancho O Chapa De Seguridad Capot,,DISPONIBLE,SANTIAGO,25000.0,20000.0,,,
116I 2006,Goma Puerta,Delantera Izquierda,NO DISPONIBLE,N/A,,,,,
116I 2006,Goma Puerta,Delantera Derecha,NO DISPONIBLE,SANTIAGO,25000.0,20000.0,,,
116I 2006,Goma Puerta,Trasera Izquierda,NO DISPONIBLE,SANTIAGO,25000.0,20000.0,,,
116I 2006,Goma Puerta,Trasera Derecha,VENDIDO,SANTIAGO,25000.0,20000.0,,,
116I 2006,Guardafango,Delantera Izquierda,VENDIDO,SANTIAGO,50000.0,45000.0,,,
116I 2006,Guardafango,Delantera Derecha,NO DISPONIBLE,SANTIAGO,45000.0,40000.0,,,
116I 2006,Guardafango,Trasera Izquierda,DISPONIBLE,SANTIAGO,25000.0,20000.0,,,
116I 2006,Guardafango,Trasera Derecha,VENDIDO,SANTIAGO,25000.0,20000.0,,,
116I 2006,Kit De Airbag,,DISPONIBLE,SANTIAGO,280000.0,250000.0,,,
116I 2006,Kit De Embrague,,DISPONIBLE,SANTIAGO,,,,,
116I 2006,Letras 116I,,DISPONIBLE,,25000.0,20000.0,,1+1+6+i,Sin ubicación; Nombre contiene números
116I 2006,Llanta Con Neumático,,DISPONIBLE,SANTIAGO,80000.0,70000.0,,JUEGO 260000,
116I 2006,Llanta Con Neumático,,DISPONIBLE,SANTIAGO,80000.0,70000.0,,,
116I 2006,Llanta Con Neumático,,DISPONIBLE,SANTIAGO,80000.0,70000.0,,,
116I 2006,Llanta Con Neumático,,DISPONIBLE,SANTIAGO,80000.0,70000.0,,,
116I 2006,Llave (Está Sin Paleta (Se Vendió)),,DISPONIBLE,SANTIAGO,,,,,
116I 2006,Logo Capot,,VENDIDO,SANTIAGO,30000.0,25000.0,,,
116I 2006,Logo (Manilla,Trasera Exterior,DISPONIBLE,SANTIAGO,45000.0,40000.0,,CON SISTEMA DE APERTURA,
116I 2006,Luz Techo,Interior Central,DISPONIBLE,SANTIAGO,25000.0,20000.0,,,
116I 2006,Luz Techo,Delantera Interior,DISPONIBLE,SANTIAGO,25000.0,20000.0,,,
116I 2006,Luz Intermitente,,VENDIDO,SANTIAGO,10000.0,10000.0,,,
116I 2006,Luz Intermitente,,DISPONIBLE,SANTIAGO,10000.0,10000.0,,,
116I 2006,Luz Patente Y,Izquierda Derecha,VENDIDO,SANTIAGO,20000.0,20000.0,,,Posible múltiple repuesto
116I 2006,Manguera De Calefacción,,DISPONIBLE,SANTIAGO,,,,,
116I 2006,Manguera Filtro De Aire,,DISPONIBLE,SANTIAGO,30000.0,25000.0,,,
116I 2006,Manguera Radiador De Agua,Inferior,DISPONIBLE,SANTIAGO,35000.0,30000.0,,,
116I 2006,Manilla De Techo,Delantera Izquierda,DISPONIBLE,SANTIAGO,0.0,10000.0,,,
116I 2006,Manilla De Techo,Delantera Derecha,DISPONIBLE,SANTIAGO,15000.0,10000.0,,,
116I 2006,Manilla De Techo,Trasera Izquierda,DISPONIBLE,SANTIAGO,15000.0,10000.0,,,
116I 2006,Manilla De Techo,Trasera Derecha,DISPONIBLE,SANTIAGO,15000.0,10000.0,,,
116I 2006,Manilla,Delantera Izquierda Exterior,VENDIDO,SANTIAGO,45000.0,40000.0,,,
116I 2006,Manilla,Delantera Derecha Exterior,DISPONIBLE,SANTIAGO,50000.0,45000.0,,,
116I 2006,Manilla,Trasera Derecha Exterior,DISPONIBLE,SANTIAGO,45000.0,40000.0,,,
116I 2006,Manilla,Delantera Derecha Interior,DISPONIBLE,SANTIAGO,15000.0,10000.0,,,
116I 2006,Manilla,Trasera Izquierda Interior,DISPONIBLE,SANTIAGO,15000.0,10000.0,,,
116I 2006,Manilla,Trasera Derecha Interior,DISPONIBLE,SANTIAGO,15000.0,10000.0,,,
116I 2006,Manilla Para Abrir En El Piso),Portalon,DISPONIBLE,SANTIAGO,15000.0,10000.0,,INTERIOR,
116I 2006,Ménsula,Delantera Izquierda,VENDIDO,SANTIAGO,25000.0,20000.0,,,
116I 2006,Ménsula,Delantera Derecha,VENDIDO,SANTIAGO,25000.0,20000.0,,,
116I 2006,Ménsula Óptico,Izquierda,VENDIDO,SANTIAGO,40000.0,35000.0,,,
116I 2006,Ménsula Óptico,Derecha,VENDIDO,SANTIAGO,40000.0,35000.0,,,
116I 2006,Ménsula,Trasera Central,DISPONIBLE,SANTIAGO,25000.0,20000.0,,,
116I 2006,Ménsula,Trasera Izquierda,DISPONIBLE,SANTIAGO,25000.0,20000.0,,,
116I 2006,Ménsula,Trasera Derecha,VENDIDO,SANTIAGO,25000.0,20000.0,,,
116I 2006,Módulo Abs,,DISPONIBLE,SANTIAGO,90000.0,80000.0,,,
116I 2006,Módulo Confort,,DISPONIBLE,SANTIAGO,100000.0,90000.0,,,
116I 2006,Módulo Frm,,VENDIDO,SANTIAGO,90000.0,80000.0,,,
116I 2006,Motor De Calefacción,,DISPONIBLE,SANTIAGO,55000.0,50000.0,,,
116I 2006,Motor De Partida,,DISPONIBLE,SANTIAGO,70000.0,60000.0,,,
116I 2006,Motor Limpiaparabrisas Con Varillaje,,DISPONIBLE,SANTIAGO,47600.0,40000.0,,,
116I 2006,Motor Limpiaparabrisas,Trasera,DISPONIBLE,SANTIAGO,35000.0,30000.0,,DE PORTALÓN,
116I 2006,Motor Malo,,NO DISPONIBLE,N/A,,,,,"Termino especial ""malo"""
116I 2006,Múltiple De Admisión,,DISPONIBLE,SANTIAGO,100000.0,80000.0,,,
116I 2006,Muñón Con Maza,Delantera Izquierda,VENDIDO,SANTIAGO,70000.0,65000.0,,,
116I 2006,Muñón Con Maza,Delantera Derecha,DISPONIBLE,SANTIAGO,70000.0,65000.0,,,
116I 2006,Muñon Con Maza,Trasera Izquierda,VENDIDO,SANTIAGO,60000.0,55000.0,,,
116I 2006,Muñon Con Maza,Trasera Derecha,VENDIDO,SANTIAGO,60000.0,55000.0,,,
116I 2006,Neblinero,Delantera Izquierda,VENDIDO,SANTIAGO,50000.0,45000.0,,,
116I 2006,Neblinero,Delantera Derecha,VENDIDO,SANTIAGO,50000.0,45000.0,,,
116I 2006,Óptico,Izquierda,VENDIDO,SANTIAGO,100000.0,95000.0,,,
116I 2006,Óptico,Derecha,VENDIDO,SANTIAGO,100000.0,95000.0,,,
116I 2006,Palanca De Cambios,,DISPONIBLE,SANTIAGO,70000.0,60000.0,,,
116I 2006,Palanca Freno De Mano,,DISPONIBLE,SANTIAGO,25000.0,20000.0,,,
116I 2006,Palier O Eje,Trasera Derecha,DISPONIBLE,REQUINOA,75000.0,70000.0,,,
116I 2006,Palier O Eje,Trasera Izquierda,DISPONIBLE,REQUINOA,75000.0,70000.0,,,
116I 2006,Parabrisas,,NO DISPONIBLE,REQUINOA,,,,ROTO,
116I 2006,Parasol,Izquierda,DISPONIBLE,SANTIAGO,20000.0,20000.0,,,
116I 2006,Parasol,Derecha,DISPONIBLE,SANTIAGO,20000.0,20000.0,,,
116I 2006,Parlante Puerta,Trasera Izquierda,DISPONIBLE,SANTIAGO,15000.0,10000.0,,,
116I 2006,Parlante Puerta,Trasera Derecha,DISPONIBLE,SANTIAGO,15000.0,10000.0,,,
116I 2006,Parlante,Trasera Izquierda,DISPONIBLE,SANTIAGO,12000.0,10000.0,,,
116I 2006,Parlante,Trasera Derecha,DISPONIBLE,SANTIAGO,12000.0,10000.0,,,
116I 2006,Pedal De Aceleración,,DISPONIBLE,SANTIAGO,80000.0,70000.0,,,
116I 2006,Pedalera De Freno Y Embrague,,VENDIDO,SANTIAGO,60000.0,50000.0,,SIN SENSORES,Posible múltiple repuesto
116I 2006,Piola Freno Mano,,NO DISPONIBLE,SANTIAGO,,,,,
116I 2006,Porta Batería,,VENDIDO,SANTIAGO,,,,,
116I 2006,Porta Filtro,,DISPONIBLE,SANTIAGO,90000.0,85000.0,,,
116I 2006,Porta Filtro De Aceite,,DISPONIBLE,SANTIAGO,20000.0,25000.0,,,
116I 2006,Porta Filtro De Polen,,DISPONIBLE,SANTIAGO,60000.0,50000.0,,,
116I 2006,Porta Fusileta (Caja Plástica) Motor,,DISPONIBLE,SANTIAGO,70000.0,60000.0,,ES CON RAMAL,
116I 2006,Solo Lata Vidrio,Portalon,VENDIDO,SANTIAGO,140000.0,130000.0,,PRECIO ACTUALIZADO ,Posible múltiple repuesto
116I 2006,Puerta,Delantera Izquierda,DISPONIBLE,SANTIAGO,75000.0,70000.0,,,
116I 2006,Puerta,Delantera Derecha,DISPONIBLE,SANTIAGO,75000.0,70000.0,,,
116I 2006,Puerta,Trasera Izquierda,DISPONIBLE,SANTIAGO,75000.0,70000.0,,,
116I 2006,Puerta,Trasera Derecha,DISPONIBLE,SANTIAGO,75000.0,70000.0,,,
116I 2006,Radiador Agua,,VENDIDO,SANTIAGO,90000.0,85000.0,,,
116I 2006,Radiador Aire Acondicionado,,DISPONIBLE,SANTIAGO,110000.0,100000.0,,,
116I 2006,Radiador De Calefacción,,DISPONIBLE,SANTIAGO,,,,,
116I 2006,Radio,,VENDIDO,SANTIAGO,30000.0,25000.0,,,
116I 2006,Ramal De Inyección,,DISPONIBLE,SANTIAGO,25000.0,20000.0,,,
116I 2006,Refuerzo De Parachoque,Delantera,DISPONIBLE,SANTIAGO,45000.0,40000.0,,,
116I 2006,Refuerzo De Parachoque,Trasera,DISPONIBLE,SANTIAGO,55000.0,50000.0,,,
116I 2006,Rejilla De Ventilación,Interior Central,DISPONIBLE,SANTIAGO,20000.0,15000.0,,,
116I 2006,Rejilla,Inferior,VENDIDO,SANTIAGO,40000.0,35000.0,,,
116I 2006,Rejilla,Superior Izquierda,DISPONIBLE,SANTIAGO,30000.0,25000.0,,,
116I 2006,Rejilla,Superior Derecha,VENDIDO,SANTIAGO,30000.0,25000.0,,,
116I 2006,Resistencia De Calefacción,,DISPONIBLE,SANTIAGO,45000.0,40000.0,,,
116I 2006,Riel De Inyección,,DISPONIBLE,SANTIAGO,35000.0,30000.0,,,
116I 2006,Sensor Abs,Trasera Izquierda,VENDIDO,SANTIAGO,15000.0,10000.0,,,
116I 2006,Sensor Abs,Trasera Derecha,DISPONIBLE,SANTIAGO,15000.0,10000.0,,,
116I 2006,Sensor De Oxígeno Banco,,VENDIDO,SANTIAGO,18000.0,15000.0,,,
116I 2006,Sensor De Oxígeno Banco,,VENDIDO,SANTIAGO,18000.0,15000.0,,,
116I 2006,Servo Freno,,DISPONIBLE,SANTIAGO,45000.0,40000.0,,,
116I 2006,Sinóptico,,VENDIDO,SANTIAGO,60000.0,55000.0,,,
116I 2006,Soporte De Caja,Trasera Central,VENDIDO,SANTIAGO,60000.0,50000.0,,,
116I 2006,Soporte De Depósito Líquido Hidráulico,,DISPONIBLE,SANTIAGO,30000.0,20000.0,,,
116I 2006,Soporte De Motor,Izquierda,DISPONIBLE,SANTIAGO,55000.0,45000.0,,,
116I 2006,Soporte De Motor,Derecha,DISPONIBLE,SANTIAGO,55000.0,45000.0,,,
116I 2006,Sunroof,,VENDIDO,SANTIAGO,85000.0,80000.0,,,
116I 2006,Tapa De Bencina,Exterior,VENDIDO,SANTIAGO,35000.0,30000.0,,,
116I 2006,Tapa De Bencina,Interior,DISPONIBLE,SANTIAGO,15000.0,10000.0,,,
116I 2006,Tapa De Válvula,,VENDIDO,SANTIAGO,80000.0,70000.0,,,
116I 2006,Tapabarro,Delantera Izquierda,VENDIDO,SANTIAGO,75000.0,70000.0,,,
116I 2006,Tapabarro,Delantera Derecha,VENDIDO,SANTIAGO,85000.0,80000.0,,,
116I 2006,Tapiz De,Portalon,DISPONIBLE,SANTIAGO,20000.0,15000.0,,,
116I 2006,Tapiz Puerta,Delantera Izquierda,DISPONIBLE,SANTIAGO,35000.0,30000.0,,,
116I 2006,Tapiz Puerta,Delantera Derecha,DISPONIBLE,SANTIAGO,35000.0,30000.0,,,
116I 2006,Tapiz Puerta,Trasera Izquierda,DISPONIBLE,SANTIAGO,25000.0,20000.0,,,
116I 2006,Tapiz Puerta,Trasera Derecha,DISPONIBLE,SANTIAGO,25000.0,20000.0,,,
116I 2006,Telecomando,,VENDIDO,SANTIAGO,80000.0,70000.0,,COMPLETO,
116I 2006,Tensor De Accesorios,,DISPONIBLE,SANTIAGO,35000.0,30000.0,,,
116I 2006,Tercera Luz De Freno,,DISPONIBLE,SANTIAGO,25000.0,20000.0,,,
116I 2006,Terminal De Cremallera De Dirección,,DISPONIBLE,SANTIAGO,,,,LLEGO SOLO?,
116I 2006,Toma De Agua Plástica,,VENDIDO,SANTIAGO,20000.0,15000.0,,IVÁN,
116I 2006,Trinquete De Capot,,DISPONIBLE,SANTIAGO,20000.0,15000.0,,,
116I 2006,Tubería Admisión,,DISPONIBLE,SANTIAGO,,,,,
116I 2006,Tubo De Conexion De Mangeras De Agua,,DISPONIBLE,SANTIAGO,15000.0,10000.0,,,
116I 2006,Válvula Eje R,,DISPONIBLE,SANTIAGO,,,,,
116I 2006,Válvula Pcv,,VENDIDO,SANTIAGO,,,,,
116I 2006,Varilla Aceite,,NO DISPONIBLE,SANTIAGO,,,,,
116I 2006,Vidrio Luneta Puerta,Trasera Izquierda,DISPONIBLE,SANTIAGO,35000.0,30000.0,,,
116I 2006,Vidrio Luneta Puerta,Trasera Derecha,DISPONIBLE,SANTIAGO,35000.0,30000.0,,,
116I 2006,Vidrio Puerta,Delantera Izquierda,DISPONIBLE,SANTIAGO,35000.0,30000.0,,,
116I 2006,Vidrio Puerta,Delantera Derecha,NO DISPONIBLE,SANTIAGO,35000.0,30000.0,,,
116I 2006,Vidrio Puerta,Trasera Izquierda,DISPONIBLE,SANTIAGO,35000.0,30000.0,,,
116I 2006,Vidrio Puerta,Trasera Derecha,NO DISPONIBLE,SANTIAGO,35000.0,30000.0,,,
116I 2006,Volante,,DISPONIBLE,SANTIAGO,35000.0,30000.0,,,
116I 2006,Volante Bimasa,,DISPONIBLE,SANTIAGO,75000.0,70000.0,,,
116I 2006,Prensa De Embrague,,VENDIDO,SANTIAGO,,,,,
116I 2006,,,DISPONIBLE,,,,,,Nombre vacío; Sin ubicación
116I 2006,,,DISPONIBLE,,,,,,Nombre vacío; Sin ubicación
116I 2006,,,DISPONIBLE,,,,,,Nombre vacío; Sin ubicación
116I 2006,,,DISPONIBLE,,,,,,Nombre vacío; Sin ubicación
116I 2006,,,DISPONIBLE,,,,,,Nombre vacío; Sin ubicación
116I 2006,,,DISPONIBLE,,,,,,Nombre vacío; Sin ubicación
116I 2006,,,DISPONIBLE,,,,,,Nombre vacío; Sin ubicación
116I 2006,,,DISPONIBLE,,,,,,Nombre vacío; Sin ubicación
116I 2006,,,DISPONIBLE,,,,,,Nombre vacío; Sin ubicación
116I 2006,,,DISPONIBLE,,,,,,Nombre vacío; Sin ubicación
116I 2006,,,DISPONIBLE,,,,,,Nombre vacío; Sin ubicación
116I 2006,,,DISPONIBLE,,,,,,Nombre vacío; Sin ubicación
116I 2006,,,DISPONIBLE,,,,,,Nombre vacío; Sin ubicación
116I 2006,,,DISPONIBLE,,,,,,Nombre vacío; Sin ubicación
116I 2006,,,DISPONIBLE,,,,,,Nombre vacío; Sin ubicación
116I 2006,,,DISPONIBLE,,,,,,Nombre vacío; Sin ubicación
116I 2006,,,DISPONIBLE,,,,,,Nombre vacío; Sin ubicación
116I 2006,,,DISPONIBLE,,,,,,Nombre vacío; Sin ubicación
116I 2006,,,DISPONIBLE,,,,,,Nombre vacío; Sin ubicación
116I 2006,,,DISPONIBLE,,,,,,Nombre vacío; Sin ubicación
116I 2006,,,DISPONIBLE,,,,,,Nombre vacío; Sin ubicación
116I 2006,,,DISPONIBLE,,,,,,Nombre vacío; Sin ubicación
116I 2006,,,DISPONIBLE,,,,,,Nombre vacío; Sin ubicación
116I 2006,,,DISPONIBLE,,,,,,Nombre vacío; Sin ubicación
116I 2006,,,DISPONIBLE,,,,,,Nombre vacío; Sin ubicación
116I 2006,,,DISPONIBLE,,,,,,Nombre vacío; Sin ubicación
116I 2006,,,DISPONIBLE,,,,,,Nombre vacío; Sin ubicación
116I 2006,,,DISPONIBLE,,,,,,Nombre vacío; Sin ubicación
116I 2006,,,DISPONIBLE,,,,,,Nombre vacío; Sin ubicación
116I 2006,,,DISPONIBLE,,,,,,Nombre vacío; Sin ubicación
116I 2006,,,DISPONIBLE,,,,,,Nombre vacío; Sin ubicación
116I 2006,,,DISPONIBLE,,,,,,Nombre vacío; Sin ubicación
116I 2006,,,DISPONIBLE,,,,,,Nombre vacío; Sin ubicación
116I 2006,,,DISPONIBLE,,,,,,Nombre vacío; Sin ubicación
116I 2006,,,DISPONIBLE,,,,,,Nombre vacío; Sin ubicación
116I 2006,,,DISPONIBLE,,,,,,Nombre vacío; Sin ubicación
116I 2006,,,DISPONIBLE,,,,,,Nombre vacío; Sin ubicación
116I 2006,,,DISPONIBLE,,,,,,Nombre vacío; Sin ubicación
116I 2006,,,DISPONIBLE,,,,,,Nombre vacío; Sin ubicación
116I 2006,,,DISPONIBLE,,,,,,Nombre vacío; Sin ubicación
116I 2006,,,DISPONIBLE,,,,,,Nombre vacío; Sin ubicación
116I 2006,,,DISPONIBLE,,,,,,Nombre vacío; Sin ubicación
116I 2006,,,DISPONIBLE,,,,,,Nombre vacío; Sin ubicación
2008 2015,Aislapool,,VENDIDO,,25000.0,15000.0,,,Sin ubicación
2008 2015,Alerón Completo Con Luz,,DISPONIBLE,,85000.0,80000.0,,,"Termino especial ""completo""; Sin ubicación"
2008 2015,Alfombra Cubre Rueda De Repuesto,,VENDIDO,SANTIAGO,35000.0,30000.0,,,
2008 2015,Amortiguador,Delantera Izquierda,DISPONIBLE,SANTIAGO,60000.0,50000.0,,,
2008 2015,Apolla Brasos,,DISPONIBLE,,60000.0,50000.0,,,Sin ubicación
2008 2015,Apoya Brazo,,DISPONIBLE,SANTIAGO,55000.0,50000.0,,,
2008 2015,Asientos Juego Completo,,DISPONIBLE,,280000.0,270000.0,,,"Termino especial ""juego""; Sin ubicación"
2008 2015,Auxiliar Usb,,DISPONIBLE,SANTIAGO,25000.0,20000.0,,,
2008 2015,Bandeja,Delantera Izquierda,DISPONIBLE,SANTIAGO,25000.0,20000.0,,,
2008 2015,Barra Techo,Izquierda,VENDIDO,,45000.0,40000.0,,,Sin ubicación
2008 2015,Barra Techo,Derecha,DISPONIBLE,SANTIAGO,45000.0,40000.0,,,
2008 2015,Base De Termostato,,DISPONIBLE,SANTIAGO,20000.0,15000.0,,,
2008 2015,Bisel Radio Y Control De Aire,,DISPONIBLE,SANTIAGO,35000.0,30000.0,,ESCRITO ASÍ EN INVENTARIO Y CON DETALLE,Posible múltiple repuesto
2008 2015,Bomba De Petroleo,,DISPONIBLE,SANTIAGO,120000.0,100000.0,,,
2008 2015,Botón Eco,,DISPONIBLE,SANTIAGO,15000.0,10000.0,,,
2008 2015,Brazo Limpiaparabrisas,Izquierda,DISPONIBLE,SANTIAGO,15000.0,10000.0,,,
2008 2015,Brazo Limpiaparabrisas,Derecha,DISPONIBLE,SANTIAGO,15000.0,10000.0,,,
2008 2015,Caliper,Delantera Izquierda,DISPONIBLE,SANTIAGO,50000.0,40000.0,,,
2008 2015,Caliper,Delantera Derecha,DISPONIBLE,SANTIAGO,50000.0,40000.0,,,
2008 2015,Catalítico,,DISPONIBLE,SANTIAGO,,,,VENDIDO,
2008 2015,Chapa Capot,,DISPONIBLE,SANTIAGO,25000.0,20000.0,,,
2008 2015,Chapa De Contacto,,,,,,,,Sin estado de stock; Sin ubicación
2008 2015,Chapa Puerta,,DISPONIBLE,,45000.0,40000.0,,,Sin ubicación
2008 2015,Columna De Dirección,,DISPONIBLE,SANTIAGO,,,,,
2008 2015,Control Espejos,,DISPONIBLE,SANTIAGO,15000.0,10000.0,,,
2008 2015,Cremallera De Alzavidrio,Delantera Derecha,DISPONIBLE,SANTIAGO,60000.0,55000.0,,,
2008 2015,Cremallera De Alzavidrio,Trasera Izquierda,DISPONIBLE,SANTIAGO,60000.0,55000.0,,,
2008 2015,Cremallera De Alzavidrio,Trasera Derecha,DISPONIBLE,SANTIAGO,60000.0,55000.0,,,
2008 2015,Cubre Equipaje,,NO DISPONIBLE,SANTIAGO,,,,,
2008 2015,Cuerpo De Aceleración,,DISPONIBLE,SANTIAGO,75000.0,70000.0,,,
2008 2015,Cuerpo De Radio,,VENDIDO,SANTIAGO,35000.0,30000.0,,,
2008 2015,Depósito De Agua O Líquido Refrigerante,,DISPONIBLE,SANTIAGO,20000.0,15000.0,,,
2008 2015,Depósito De Limpiaparabrisas (Solo Tubo),,DISPONIBLE,SANTIAGO,6000.0,5000.0,,,
2008 2015,Disco De Freno,Delantera Izquierda,DISPONIBLE,SANTIAGO,15000.0,10000.0,,,
2008 2015,Disco De Freno,Delantera Derecha,DISPONIBLE,SANTIAGO,15000.0,10000.0,,,
2008 2015,Disco De Freno,Trasera Izquierda,DISPONIBLE,SANTIAGO,15000.0,10000.0,,,
2008 2015,Disco De Freno,Trasera Derecha,DISPONIBLE,SANTIAGO,15000.0,10000.0,,,
2008 2015,Ecu,,DISPONIBLE,SANTIAGO,140000.0,130000.0,,,
2008 2015,Eje Palier,Izquierda,DISPONIBLE,SANTIAGO,71400.0,60000.0,,,
2008 2015,Electroventilador,,DISPONIBLE,SANTIAGO,90000.0,85000.0,,,
2008 2015,Encendedor De Cigarros,,DISPONIBLE,SANTIAGO,15000.0,10000.0,,,
2008 2015,Espejo,Central,DISPONIBLE,SANTIAGO,15000.0,10000.0,,,
2008 2015,Foco Luz Techo,Interior Central,DISPONIBLE,SANTIAGO,20000.0,15000.0,,,
2008 2015,Foco Luz Techo,Delantera Interior,DISPONIBLE,SANTIAGO,20000.0,15000.0,,,
2008 2015,Funda De Parachoque,Trasera,VENDIDO,SANTIAGO,75000.0,70000.0,,con detalle,
2008 2015,Gomas Puertas,,DISPONIBLE,,25000.0,20000.0,,,Sin ubicación
2008 2015,Luz Maleta,Interior,DISPONIBLE,SANTIAGO,15000.0,10000.0,,,
2008 2015,Luz Patente,Izquierda,DISPONIBLE,SANTIAGO,7000.0,5000.0,,,
2008 2015,Luz Patente,Derecha,DISPONIBLE,SANTIAGO,7000.0,5000.0,,,
2008 2015,Manguera,,VENDIDO,,25000.0,25000.0,,"SE VENDIÓ EN 20,000",Sin ubicación
2008 2015,Manilla,Delantera Derecha Exterior,DISPONIBLE,SANTIAGO,35000.0,30000.0,,,
2008 2015,Manilla Puerta,Delantera Derecha Interior,DISPONIBLE,SANTIAGO,20000.0,15000.0,,,
2008 2015,Manilla Puerta,Trasera Izquierda Interior,DISPONIBLE,SANTIAGO,20000.0,15000.0,,,
2008 2015,Manilla,Trasera Izquierda Exterior,DISPONIBLE,SANTIAGO,35000.0,30000.0,,,
2008 2015,Ménsula,Delantera Derecha,DISPONIBLE,SANTIAGO,20000.0,15000.0,,,
2008 2015,Ménsula De Parachoque,Trasera Izquierda Central,DISPONIBLE,SANTIAGO,15000.0,10000.0,,,
2008 2015,Ménsula De Parachoque,Trasera Derecha Central,DISPONIBLE,SANTIAGO,15000.0,10000.0,,,
2008 2015,Módulo Abs,,DISPONIBLE,,150000.0,140000.0,,,Sin ubicación
2008 2015,Motor De Cremallera,,DISPONIBLE,SANTIAGO,90000.0,80000.0,,,
2008 2015,Motor De Partida,,DISPONIBLE,SANTIAGO,60000.0,55000.0,,,
2008 2015,Neblinero,Trasera Derecha,VENDIDO,SANTIAGO,15000.0,15000.0,,,
2008 2015,Palanca De Cambios,,DISPONIBLE,SANTIAGO,,,,REVISAR ESTADO,
2008 2015,Parachoque Con Detalle,Trasera,DISPONIBLE,,90000.0,80000.0,,,Sin ubicación
2008 2015,Parasol,Izquierda,DISPONIBLE,SANTIAGO,25000.0,20000.0,,,
2008 2015,Parasol,Derecha,DISPONIBLE,SANTIAGO,25000.0,20000.0,,,
2008 2015,Porta Filtro,,DISPONIBLE,SANTIAGO,50000.0,40000.0,,,
2008 2015,Portalón,Portalon,VENDIDO,SANTIAGO,130000.0,110000.0,,,
2008 2015,Puerta,Trasera Derecha,DISPONIBLE,SANTIAGO,80000.0,70000.0,,,
2008 2015,Refuerzo De Parachoque,Trasera,DISPONIBLE,SANTIAGO,50000.0,40000.0,,,
2008 2015,Rodamiento Tensor De Correa De Accesorios,,DISPONIBLE,SANTIAGO,15000.0,10000.0,,,
2008 2015,Rueda De Repuesto,,VENDIDO,SANTIAGO,45000.0,40000.0,,,
2008 2015,Sensor Abs,,DISPONIBLE,SANTIAGO,20000.0,15000.0,,,
2008 2015,Sensores De Estacionamiento,Trasera,DISPONIBLE,,85000.0,75000.0,,,Sin ubicación
2008 2015,Sinóptico,,DISPONIBLE,,90000.0,80000.0,,,Sin ubicación
2008 2015,Tapa De Bencina,Exterior,DISPONIBLE,SANTIAGO,20000.0,15000.0,,,
2008 2015,Tapa De Bencina,Interior,DISPONIBLE,SANTIAGO,15000.0,10000.0,,,
2008 2015,Tapiz,Portalon,DISPONIBLE,,20000.0,20000.0,,,Sin ubicación
2008 2015,Telecomando,,DISPONIBLE,SANTIAGO,,,,,
2008 2015,Turbo,,VENDIDO,SANTIAGO,85000.0,80000.0,,,
2008 2015,Vidrio Puerta,Trasera Izquierda,VENDIDO,SANTIAGO,45000.0,40000.0,,,
2008 2015,Vidrio Puerta,Trasera Derecha,VENDIDO,SANTIAGO,45000.0,40000.0,,,
2008 2015,Vidrio Luneta,Trasera Izquierda,DISPONIBLE,SANTIAGO,30000.0,25000.0,,,
2008 2015,Vidrio Luneta,Trasera Derecha,DISPONIBLE,SANTIAGO,30000.0,25000.0,,,
2008 2015,Volante (Manubrio),,DISPONIBLE,SANTIAGO,50000.0,45000.0,,,
2008 2015,,,,,,,,,Nombre vacío; Sin estado de stock; Sin ubicación
2008 2015,,,,,,,,,Nombre vacío; Sin estado de stock; Sin ubicación
2008 2015,,,,,,,,,Nombre vacío; Sin estado de stock; Sin ubicación
2008 2015,,,,,,,,,Nombre vacío; Sin estado de stock; Sin ubicación
2008 2015,,,,,,,,,Nombre vacío; Sin estado de stock; Sin ubicación
2008 2015,,,,,,,,,Nombre vacío; Sin estado de stock; Sin ubicación
2008 2015,,,,,,,,,Nombre vacío; Sin estado de stock; Sin ubicación
2008 2015,,,,,,,,,Nombre vacío; Sin estado de stock; Sin ubicación
2008 2015,,,,,,,,,Nombre vacío; Sin estado de stock; Sin ubicación
2008 2015,,,,,,,,,Nombre vacío; Sin estado de stock; Sin ubicación
2008 2015,,,,,,,,,Nombre vacío; Sin estado de stock; Sin ubicación
2008 2015,,,,,,,,,Nombre vacío; Sin estado de stock; Sin ubicación
2008 2015,,,,,,,,,Nombre vacío; Sin estado de stock; Sin ubicación
2008 2015,,,,,,,,,Nombre vacío; Sin estado de stock; Sin ubicación
2008 2015,,,,,,,,,Nombre vacío; Sin estado de stock; Sin ubicación
2008 2015,,,,,,,,,Nombre vacío; Sin estado de stock; Sin ubicación
2008 2015,,,,,,,,,Nombre vacío; Sin estado de stock; Sin ubicación
2008 2015,,,,,,,,,Nombre vacío; Sin estado de stock; Sin ubicación
2008 2015,,,,,,,,,Nombre vacío; Sin estado de stock; Sin ubicación
2008 2015,,,,,,,,,Nombre vacío; Sin estado de stock; Sin ubicación
2008 2015,,,,,,,,,Nombre vacío; Sin estado de stock; Sin ubicación
2008 2015,,,,,,,,,Nombre vacío; Sin estado de stock; Sin ubicación
2008 2015,,,,,,,,,Nombre vacío; Sin estado de stock; Sin ubicación
2008 2015,,,,,,,,,Nombre vacío; Sin estado de stock; Sin ubicación
2008 2015,,,,,,,,,Nombre vacío; Sin estado de stock; Sin ubicación
2008 2015,,,,,,,,,Nombre vacío; Sin estado de stock; Sin ubicación
2008 2015,,,,,,,,,Nombre vacío; Sin estado de stock; Sin ubicación
2008 2015,,,,,,,,,Nombre vacío; Sin estado de stock; Sin ubicación
2008 2015,,,,,,,,,Nombre vacío; Sin estado de stock; Sin ubicación
2008 2015,,,,,,,,,Nombre vacío; Sin estado de stock; Sin ubicación
2008 2015,,,,,,,,,Nombre vacío; Sin estado de stock; Sin ubicación
2008 2015,,,,,,,,,Nombre vacío; Sin estado de stock; Sin ubicación
2008 2015,,,,,,,,,Nombre vacío; Sin estado de stock; Sin ubicación
2008 2015,,,,,,,,,Nombre vacío; Sin estado de stock; Sin ubicación
2008 2015,,,,,,,,,Nombre vacío; Sin estado de stock; Sin ubicación
2008 2015,,,,,,,,,Nombre vacío; Sin estado de stock; Sin ubicación
2008 2015,,,,,,,,,Nombre vacío; Sin estado de stock; Sin ubicación
2008 2015,,,,,,,,,Nombre vacío; Sin estado de stock; Sin ubicación
207 2010,Absorbedor De Impacto Parachoque,Trasera,DISPONIBLE,,,,,,Sin ubicación
207 2010,Alternador,,VENDIDO,,,,,,Sin ubicación
207 2010,Amortiguador De,Izquierda Portalon,DISPONIBLE,,15000.0,10000.0,,20 EL PAR,Sin ubicación
207 2010,Amortiguador De,Derecha Portalon,DISPONIBLE,,15000.0,10000.0,,,Sin ubicación
207 2010,Amortiguador,Delantera Izquierda,DISPONIBLE,,50000.0,45000.0,,,Sin ubicación
207 2010,Amortiguador,Delantera Derecha,DISPONIBLE,,50000.0,45000.0,,,Sin ubicación
207 2010,Amortiguador,Trasera Izquierda,DISPONIBLE,,35000.0,30000.0,,,Sin ubicación
207 2010,Amortiguador,Trasera Derecha,DISPONIBLE,,35000.0,30000.0,,,Sin ubicación
207 2010,Asiento,Delantera Izquierda,VENDIDO,,,,,75 EL PAR,Sin ubicación
207 2010,Asiento,Delantera Derecha,VENDIDO,,,,,,Sin ubicación
207 2010,Bandeja Con Detalle En Rótula,Delantera Izquierda,DISPONIBLE,,,,,,Sin ubicación
207 2010,Bandeja,Delantera Derecha,DISPONIBLE,,,,,,Sin ubicación
207 2010,Base De Termostato,,DISPONIBLE,,15000.0,10000.0,,,Sin ubicación
207 2010,Base Plástica Batería,,DISPONIBLE,,,,,,Sin ubicación
207 2010,Base Plástica Bcm,,DISPONIBLE,,,,,,Sin ubicación
207 2010,Bcm,,VENDIDO,,,,,,Sin ubicación
207 2010,Bieleta,Izquierda,DISPONIBLE,,,,,,Sin ubicación
207 2010,Bieleta,Derecha,DISPONIBLE,,,,,,Sin ubicación
207 2010,Bisagra De Capot,Izquierda,DISPONIBLE,,,,,,Sin ubicación
207 2010,Bisagra De Capot,Derecha,DISPONIBLE,,,,,,Sin ubicación
207 2010,Bisagras Peurta,Trasera Derecha,DISPONIBLE,,,,,,Sin ubicación
207 2010,Bisagras Puerta,Delantera Izquierda,DISPONIBLE,,,,,,Sin ubicación
207 2010,Bisagras Puerta,Trasera Izquierda,DISPONIBLE,,,,,,Sin ubicación
207 2010,Bisel Radio,,VENDIDO,,25000.0,20000.0,,,Sin ubicación
207 2010,Bobinas (Juego),,DISPONIBLE,,,,,,"Termino especial ""juego""; Sin ubicación"
207 2010,Bocina,,VENDIDO,,,,,,Sin ubicación
207 2010,Bomba De Freno,,DISPONIBLE,,,,,,Sin ubicación
207 2010,Bomba De Pedal De Emgrague,,DISPONIBLE,,,,,,Sin ubicación
207 2010,Bot,,DISPONIBLE,,,,,,Sin ubicación
207 2010,Botonera De Alzavidrios,Delantera Izquierda,VENDIDO,,,,,revisar,Sin ubicación
207 2010,Botonera,Delantera Izquierda,VENDIDO,,,,,,Sin ubicación
207 2010,Brazo Limpiaparabrisas,Izquierda,DISPONIBLE,,15000.0,10000.0,,,Sin ubicación
207 2010,Brazo Limpiaparabrisas,Derecha,DISPONIBLE,,15000.0,10000.0,,,Sin ubicación
207 2010,Brazo Limpiaparabrisas,Trasera Portalon,DISPONIBLE,,15000.0,10000.0,,,Sin ubicación
207 2010,Brazo Limpiaparabrisas,Trasera Portalon,VENDIDO,,,,,,Sin ubicación
207 2010,Brazo Lipiaparabrisas,Izquierda,DISPONIBLE,,,,,,Sin ubicación
207 2010,Brazo Lipiaparabrisas,Derecha,DISPONIBLE,,,,,,Sin ubicación
207 2010,Caja,,DISPONIBLE,,280000.0,270000.0,,,Sin ubicación
207 2010,Caja De Fusibles Completa,Exterior,VENDIDO,,25000.0,20000.0,,,Sin ubicación
207 2010,Cajetín Airbag Activado,,DISPONIBLE,,,,,,Sin ubicación
207 2010,Caliper,Delantera Izquierda,DISPONIBLE,,,,,,Sin ubicación
207 2010,Caliper,Delantera Derecha,DISPONIBLE,,,,,,Sin ubicación
207 2010,Caliper,Delantera,DISPONIBLE,,25000.0,20000.0,,PREGUNTAR A CUBITA COMO SEGURIDAD DE QUE SEA DELANTERO,Sin ubicación
207 2010,Cañerías De Aire Acondicionado,,DISPONIBLE,,45000.0,40000.0,,,Sin ubicación
207 2010,Cañerías De Aire Acondicionado,,DISPONIBLE,,45000.0,40000.0,,,Sin ubicación
207 2010,Capot,,VENDIDO,,70000.0,65000.0,,,Sin ubicación
207 2010,Chapa Capot,,DISPONIBLE,,20000.0,15000.0,,,Sin ubicación
207 2010,Chapa De Encendido,,VENDIDO,,,,,,Sin ubicación
207 2010,Chapa,Portalon,DISPONIBLE,,,,,,Sin ubicación
207 2010,Chapa Puerta,Delantera Izquierda,DISPONIBLE,,,,,,Sin ubicación
207 2010,Chapa Puerta,Delantera Derecha,DISPONIBLE,,,,,,Sin ubicación
207 2010,Chapa Puerta,Trasera Izquierda,DISPONIBLE,,,,,,Sin ubicación
207 2010,Chapa Puerta,Trasera Derecha,DISPONIBLE,,,,,,Sin ubicación
207 2010,Cinturón,Delantera Izquierda,DISPONIBLE,,,,,,Sin ubicación
207 2010,Cinturón,Delantera Derecha,DISPONIBLE,,,,,,Sin ubicación
207 2010,Cinturón,Trasera Izquierda,DISPONIBLE,,,,,,Sin ubicación
207 2010,Cinturón,Trasera Derecha,DISPONIBLE,,,,,,Sin ubicación
207 2010,Cofia,,DISPONIBLE,,,,,,Sin ubicación
207 2010,Columa De Dirección,,DISPONIBLE,,,,,,Sin ubicación
207 2010,Compresor De Aire,,DISPONIBLE,,140000.0,130000.0,,,Sin ubicación
207 2010,Consola,Central,DISPONIBLE,,,,,,Sin ubicación
207 2010,Control Aire Acondicionado,,DISPONIBLE,,85000.0,80000.0,,,Sin ubicación
207 2010,Cremallera De Alzavidrios Eléctrica,Delantera Izquierda,DISPONIBLE,,35000.0,30000.0,,,Sin ubicación
207 2010,Cremallera De Alzavidrios Eléctrica,Delantera Derecha,DISPONIBLE,,35000.0,30000.0,,,Sin ubicación
207 2010,Cremallera De Alzavidrios Manual,Trasera Izquierda,DISPONIBLE,,15000.0,15000.0,,,Sin ubicación
207 2010,Cremallera De Alzavidrios Manual,Trasera Derecha,DISPONIBLE,,15000.0,15000.0,,,Sin ubicación
207 2010,Cremallera De Dirección,,VENDIDO,,60000.0,50000.0,,,Sin ubicación
207 2010,Cremallera De Dirección Electrónica,,VENDIDO,,160000.0,150000.0,,,Sin ubicación
207 2010,Cubre Rueda De Repuesto (Sucia),,DISPONIBLE,,,,,,Sin ubicación
207 2010,Cubre Torpedo,Exterior,DISPONIBLE,,,,,,Sin ubicación
207 2010,Cuerpo De Aceleración,,DISPONIBLE,,,50000.0,,,Sin ubicación
207 2010,Cuerpo De Radio,,,,30000.0,35000.0,,,Sin estado de stock; Sin ubicación
207 2010,Cuna,,DISPONIBLE,,60000.0,55000.0,,,Sin ubicación
207 2010,Depósito De Agua O Líquido Refrigerante,,DISPONIBLE,,15000.0,10000.0,,,Sin ubicación
207 2010,Depósito Limpiaparabrisas,,VENDIDO,,,,,,Sin ubicación
207 2010,Disco De Freno,Delantera Izquierda,DISPONIBLE,,,,,,Sin ubicación
207 2010,Disco De Freno,Delantera Derecha,DISPONIBLE,,,,,,Sin ubicación
207 2010,Ecu,,VENDIDO,,,,,,Sin ubicación
207 2010,Eje O Tren,Trasera,DISPONIBLE,,71400.0,60000.0,,,Sin ubicación
207 2010,Eje Palier,Izquierda,DISPONIBLE,,50000.0,40000.0,,,Sin ubicación
207 2010,Eje Palier,Izquierda,DISPONIBLE,,,,,,Sin ubicación
207 2010,Eje Palier,Derecha,DISPONIBLE,,,,,,Sin ubicación
207 2010,Electroventilador,,DISPONIBLE,,25000.0,20000.0,,,Sin ubicación
207 2010,Electroventilador,,VENDIDO,,,,,,Sin ubicación
207 2010,Espejo,Central,DISPONIBLE,,15000.0,10000.0,,,Sin ubicación
207 2010,Espejo Con Detalle,Central,DISPONIBLE,,,,,PEDIR FOTOS,Sin ubicación
207 2010,Espejo,Izquierda,VENDIDO,,,,,,Sin ubicación
207 2010,Espejo,Derecha,VENDIDO,,,,,,Sin ubicación
207 2010,Espiral,Trasera Izquierda,DISPONIBLE,,,,,,Sin ubicación
207 2010,Espiral,Trasera Derecha,DISPONIBLE,,,,,,Sin ubicación
207 2010,Foco Luz Techo,Interior,DISPONIBLE,,15000.0,10000.0,,,Sin ubicación
207 2010,Foco (Roto),Trasera Izquierda,DISPONIBLE,,,,,,Sin ubicación
207 2010,Foco (Con Trizadura),Trasera Derecha,VENDIDO,,40000.0,40000.0,,,Sin ubicación
207 2010,Con Detalle,Delantera,VENDIDO,,35000.0,30000.0,,,Sin ubicación
207 2010,Funda De Parachoque Completo,Delantera,VENDIDO,,,,,,"Termino especial ""completo""; Sin ubicación"
207 2010,Funda De Parachoque,Trasera,DISPONIBLE,,,,,,Sin ubicación
207 2010,Goma,Portalon,DISPONIBLE,,,,,,Sin ubicación
207 2010,Guantera,,VENDIDO,,,,,,Sin ubicación
207 2010,Guardafango,Delantera Izquierda,VENDIDO,,10000.0,10000.0,,DETALLES ,Sin ubicación
207 2010,Guardafango,Delantera Derecha,NO DISPONIBLE,,,,,,Sin ubicación
207 2010,Guardafango,Trasera,DISPONIBLE,,6000.0,5000.0,,LADO SIN IDENTIFICAR ,Sin ubicación
207 2010,Guardafango,Trasera Izquierda,DISPONIBLE,,,,,,Sin ubicación
207 2010,Guardafango,Trasera Derecha,DISPONIBLE,,,,,,Sin ubicación
207 2010,Kit De Encendido,,VENDIDO,,300000.0,280000.0,,,Sin ubicación
207 2010,Llanta,,DISPONIBLE,,35000.0,35000.0,,,Sin ubicación
207 2010,Llanta,,DISPONIBLE,,35000.0,35000.0,,,Sin ubicación
207 2010,Llanta,,DISPONIBLE,,35000.0,35000.0,,,Sin ubicación
207 2010,Llanta,,DISPONIBLE,,35000.0,35000.0,,,Sin ubicación
207 2010,Llave,,VENDIDO,,,,,,Sin ubicación
207 2010,Luz,Interior Central,DISPONIBLE,,,,,,Sin ubicación
207 2010,Luz Patente,Izquierda,DISPONIBLE,,6000.0,5000.0,,,Sin ubicación
207 2010,Luz Patente,Derecha,DISPONIBLE,,6000.0,5000.0,,,Sin ubicación
207 2010,Manguera De Calefacción,,DISPONIBLE,,,,,,Sin ubicación
207 2010,Mangueras Radiador,Interior,DISPONIBLE,,,,,,Sin ubicación
207 2010,Mangueras Radiador,Superior,DISPONIBLE,,,,,,Sin ubicación
207 2010,Manilla Con Piola De Capot,,DISPONIBLE,,,,,,Sin ubicación
207 2010,Manilla,Delantera Izquierda Exterior,DISPONIBLE,,20000.0,20000.0,,,Sin ubicación
207 2010,Manilla,Delantera Derecha Exterior,DISPONIBLE,,20000.0,20000.0,,,Sin ubicación
207 2010,Manilla,Trasera Izquierda Exterior,DISPONIBLE,,20000.0,20000.0,,,Sin ubicación
207 2010,Manilla,Trasera Derecha Exterior,DISPONIBLE,,20000.0,20000.0,,,Sin ubicación
207 2010,Manilla,Delantera Izquierda Interior,DISPONIBLE,,,,,,Sin ubicación
207 2010,Manilla,Delantera Derecha Interior,DISPONIBLE,,,,,,Sin ubicación
207 2010,Manilla Puerta,Delantera Izquierda Interior,DISPONIBLE,,6000.0,5000.0,,,Sin ubicación
207 2010,Manilla Puerta,Delantera Derecha Interior,DISPONIBLE,,6000.0,5000.0,,,Sin ubicación
207 2010,Manilla,Trasera Izquierda Interior,DISPONIBLE,,,,,,Sin ubicación
207 2010,Manilla,Trasera Derecha Interior,DISPONIBLE,,,,,,Sin ubicación
207 2010,Ménsula O Soporte De Parachoque,Trasera,DISPONIBLE,,15000.0,10000.0,,,Sin ubicación
207 2010,Ménsula,Trasera Izquierda,DISPONIBLE,,,,,,Sin ubicación
207 2010,Ménsula,Trasera Derecha,NO DISPONIBLE,,,,,,Sin ubicación
207 2010,Módulo Abs,,VENDIDO,,50000.0,45000.0,,,Sin ubicación
207 2010,Módulo Abs,,DISPONIBLE,,,,,,Sin ubicación
207 2010,Moldura De Puerta,Delantera Izquierda,DISPONIBLE,,,,,,Sin ubicación
207 2010,Moldura De Puerta,Delantera Izquierda,VENDIDO,,,,,,Sin ubicación
207 2010,Moldura De Puerta,Delantera Derecha,VENDIDO,,,,,,Sin ubicación
207 2010,Moldura De Puerta,Trasera Izquierda,VENDIDO,,,,,,Sin ubicación
207 2010,Moldura De Puerta,Trasera Derecha,VENDIDO,,,,,,Sin ubicación
207 2010,Moldura De Techo,Izquierda,DISPONIBLE,,,,,,Sin ubicación
207 2010,Moldura De Techo,Derecha,DISPONIBLE,,,,,,Sin ubicación
207 2010,Motor De Limpiaparabrisas Con Varillaje,,DISPONIBLE,,,,,,Sin ubicación
207 2010,Motor De Partida,,DISPONIBLE,,55000.0,50000.0,,,Sin ubicación
207 2010,Motor De Partida,,DISPONIBLE,,,,,,Sin ubicación
207 2010,Motor Facturable,,VENDIDO,,590000.0,550000.0,,PRECIO ACTUALIZADO 29-05-2025,Sin ubicación
207 2010,Motor Limpiaparabrisas,Trasera,DISPONIBLE,,,,,,Sin ubicación
207 2010,Múltiple De Admisión Con Inyectores,,DISPONIBLE,,,,,,Sin ubicación
207 2010,Múltiple De Escape Con Catalítico Y Sensor De Oxígeno,,DISPONIBLE,,,,,SENSOR NO SALE,Posible múltiple repuesto; Sin ubicación
207 2010,Muñón Con Maza,,DISPONIBLE,,45000.0,40000.0,,,Sin ubicación
207 2010,Muñón (Con Maza),Delantera Izquierda,DISPONIBLE,,,,,,Sin ubicación
207 2010,Muñón (Con Maza),Delantera Derecha,VENDIDO,,,,,,Sin ubicación
207 2010,Óptico,Delantera Izquierda,VENDIDO,,,,,,Sin ubicación
207 2010,Óptico,Delantera Derecha,VENDIDO,,,,,,Sin ubicación
207 2010,Palanca De Cambios,,DISPONIBLE,,,,,,Sin ubicación
207 2010,Palanca Freno De Manos,,DISPONIBLE,,,,,,Sin ubicación
207 2010,Pantalla,,DISPONIBLE,,25000.0,20000.0,,,Sin ubicación
207 2010,Parabrisas,,VENDIDO,,,,,,Sin ubicación
207 2010,Parasol,Izquierda,DISPONIBLE,,,,,,Sin ubicación
207 2010,Parasol,Derecha,VENDIDO,,15000.0,10000.0,,,Sin ubicación
207 2010,Parasol,Derecha,DISPONIBLE,,,,,,Sin ubicación
207 2010,Pedal De Embrague,,DISPONIBLE,,,,,,Sin ubicación
207 2010,Pedal De Freno,,DISPONIBLE,,,,,,Sin ubicación
207 2010,Pedalera Completa,,VENDIDO,,,,,,Sin ubicación
207 2010,Piñón Admisión,,VENDIDO,,30000.0,25000.0,,,Sin ubicación
207 2010,Piñón Otro,,DISPONIBLE,,,,,,Sin ubicación
207 2010,"Piolas Freno De Mano, Y",Izquierda Derecha,DISPONIBLE,,,,,,Posible múltiple repuesto; Sin ubicación
207 2010,Piolas Palanca De Cambios,,VENDIDO,,40000.0,40000.0,,,Sin ubicación
207 2010,Porta Filtro,,VENDIDO,,25000.0,20000.0,,,Sin ubicación
207 2010,Porta Filtro De Aire,,VENDIDO,,,,,,Sin ubicación
207 2010,Solo Lata Mas Vidrio,Portalon,VENDIDO,,95000.0,90000.0,,,Sin ubicación
207 2010,Protector Plástico Ecu,,DISPONIBLE,,,,,,Sin ubicación
207 2010,Puerta,Delantera Izquierda,VENDIDO,,,,,,Sin ubicación
207 2010,Puerta,Delantera Derecha,VENDIDO,,,,,,Sin ubicación
207 2010,Puerta,Trasera Izquierda,DISPONIBLE,,60000.0,55000.0,,,Sin ubicación
207 2010,Puerta,Trasera Derecha,DISPONIBLE,,60000.0,55000.0,,,Sin ubicación
207 2010,Radiador Aire,,VENDIDO,,,,,,Sin ubicación
207 2010,Radiador Aire,,VENDIDO,,55000.0,50000.0,,,Sin ubicación
207 2010,Radiador De Agua,,VENDIDO,,,,,,Sin ubicación
207 2010,Radiador De Calefacción,,DISPONIBLE,,15000.0,10000.0,,,Sin ubicación
207 2010,Ramal,Exterior,VENDIDO,,,,,,Sin ubicación
207 2010,Ramal,Interior,DISPONIBLE,,,,,,Sin ubicación
207 2010,Refuerzo De Parachoque,Delantera,DISPONIBLE,,,,,,Sin ubicación
207 2010,Refuerzo De Parachoque,Delantera,DISPONIBLE,,15000.0,10000.0,,,Sin ubicación
207 2010,Refuerzo De Parachoque,Trasera,DISPONIBLE,,,,,,Sin ubicación
207 2010,Refuerzo De Parachoque,Trasera,DISPONIBLE,,15000.0,10000.0,,,Sin ubicación
207 2010,Refuerzo De Parachoque,Delantera Inferior,VENDIDO,,,,,,Sin ubicación
207 2010,Refuerzo Parachoque,Delantera Interior,VENDIDO,,,,,,Sin ubicación
207 2010,Rejilla De Ventilación Con Pantalla Y Botón Hazard,Central,DISPONIBLE,,,,,,Posible múltiple repuesto; Sin ubicación
207 2010,Resistencia Electroventilador,,DISPONIBLE,,,,,,Sin ubicación
207 2010,Resonador,,VENDIDO,,25000.0,20000.0,,,Sin ubicación
207 2010,Resonador De Aire,,VENDIDO,,,,,,Sin ubicación
207 2010,Rueda De Repuesto,,DISPONIBLE,,,,,,Sin ubicación
207 2010,Sensor De Oxígeno,,VENDIDO,,15000.0,10000.0,,,Sin ubicación
207 2010,Sensor De Oxígeno,,DISPONIBLE,,15000.0,10000.0,,,Sin ubicación
207 2010,,,DISPONIBLE,,,,,,Nombre vacío; Sin ubicación
207 2010,,,DISPONIBLE,,,,,,Nombre vacío; Sin ubicación
207 2010,,,DISPONIBLE,,,,,,Nombre vacío; Sin ubicación
207 2010,Servo Freno,,DISPONIBLE,,,,,,Sin ubicación
207 2010,Sinóptico,,VENDIDO,,,,,,Sin ubicación
207 2010,Soporte De Caja,Inferior Central,NO DISPONIBLE,,,,,,Sin ubicación
207 2010,Soporte De Caja,Izquierda,DISPONIBLE,,,,,,Sin ubicación
207 2010,Soporte De Motor,Derecha,DISPONIBLE,,35000.0,30000.0,,,Sin ubicación
207 2010,Tapa De Bencina,Exterior,DISPONIBLE,,15000.0,15000.0,,,Sin ubicación
207 2010,Tapa De Bencina,Exterior,DISPONIBLE,,,,,,Sin ubicación
207 2010,Tapa De Bencina,Interior,DISPONIBLE,,15000.0,10000.0,,,Sin ubicación
207 2010,Tapa Cubre Panel,Trasera Interior,DISPONIBLE,,,,,,Sin ubicación
207 2010,Tapa Cubre Motor,Superior,DISPONIBLE,,,,,,Sin ubicación
207 2010,Tapabarro,Izquierda,DISPONIBLE,,35000.0,30000.0,,,Sin ubicación
207 2010,Tapabarro,Derecha,VENDIDO,,35000.0,30000.0,,,Sin ubicación
207 2010,Tapiz,Portalon,DISPONIBLE,,,,,,Sin ubicación
207 2010,Telecomando,,VENDIDO,,,,,,Sin ubicación
207 2010,Tubería Corta De Aire Acondicionado,,DISPONIBLE,,,,,,Sin ubicación
207 2010,Tubo Portafiltro Al Resonador,,DISPONIBLE,,,,,,Sin ubicación
207 2010,Varilla De Capot,,DISPONIBLE,,15000.0,10000.0,,,Sin ubicación
207 2010,Varilla De Capot,,DISPONIBLE,,,,,,Sin ubicación
207 2010,Vidrio Luneta (Chica),Delantera Derecha,VENDIDO,,,,,,Sin ubicación
207 2010,Volante,,DISPONIBLE,,,,,,Sin ubicación
207 2010,,,,,,,,,Nombre vacío; Sin estado de stock; Sin ubicación
207 2010,,,,,,,,,Nombre vacío; Sin estado de stock; Sin ubicación
207 2010,,,,,,,,,Nombre vacío; Sin estado de stock; Sin ubicación
207 2010,,,,,,,,,Nombre vacío; Sin estado de stock; Sin ubicación
207 2010,,,,,,,,,Nombre vacío; Sin estado de stock; Sin ubicación
207 2010,,,,,,,,,Nombre vacío; Sin estado de stock; Sin ubicación
207 2010,,,,,,,,,Nombre vacío; Sin estado de stock; Sin ubicación
207 2010,,,,,,,,,Nombre vacío; Sin estado de stock; Sin ubicación
207 2010,,,,,,,,,Nombre vacío; Sin estado de stock; Sin ubicación
207 2010,,,,,,,,,Nombre vacío; Sin estado de stock; Sin ubicación
207 2010,,,,,,,,,Nombre vacío; Sin estado de stock; Sin ubicación
207 2010,,,,,,,,,Nombre vacío; Sin estado de stock; Sin ubicación
207 2010,,,,,,,,,Nombre vacío; Sin estado de stock; Sin ubicación
207 2010,,,,,,,,,Nombre vacío; Sin estado de stock; Sin ubicación
207 2010,,,,,,,,,Nombre vacío; Sin estado de stock; Sin ubicación
207 2010,,,,,,,,,Nombre vacío; Sin estado de stock; Sin ubicación
207 2010,,,,,,,,,Nombre vacío; Sin estado de stock; Sin ubicación
207 2010,,,,,,,,,Nombre vacío; Sin estado de stock; Sin ubicación
207 2010,,,,,,,,,Nombre vacío; Sin estado de stock; Sin ubicación
207 2010,,,,,,,,,Nombre vacío; Sin estado de stock; Sin ubicación
207 2010,,,,,,,,,Nombre vacío; Sin estado de stock; Sin ubicación
207 2010,,,,,,,,,Nombre vacío; Sin estado de stock; Sin ubicación
207 2010,,,,,,,,,Nombre vacío; Sin estado de stock; Sin ubicación
207 2010,,,,,,,,,Nombre vacío; Sin estado de stock; Sin ubicación
207 2010,,,,,,,,,Nombre vacío; Sin estado de stock; Sin ubicación
207 2010,,,,,,,,,Nombre vacío; Sin estado de stock; Sin ubicación
207 2010,,,,,,,,,Nombre vacío; Sin estado de stock; Sin ubicación
207 2010,,,,,,,,,Nombre vacío; Sin estado de stock; Sin ubicación
207 2010,,,,,,,,,Nombre vacío; Sin estado de stock; Sin ubicación
207 2010,,,,,,,,,Nombre vacío; Sin estado de stock; Sin ubicación
207 2010,,,,,,,,,Nombre vacío; Sin estado de stock; Sin ubicación
207 2010,,,,,,,,,Nombre vacío; Sin estado de stock; Sin ubicación
207 2010,,,,,,,,,Nombre vacío; Sin estado de stock; Sin ubicación
207 2010,,,,,,,,,Nombre vacío; Sin estado de stock; Sin ubicación
207 2010,,,,,,,,,Nombre vacío; Sin estado de stock; Sin ubicación
207 2010,,,,,,,,,Nombre vacío; Sin estado de stock; Sin ubicación
207 2010,,,,,,,,,Nombre vacío; Sin estado de stock; Sin ubicación
207 2010,,,,,,,,,Nombre vacío; Sin estado de stock; Sin ubicación
207 2010,,,,,,,,,Nombre vacío; Sin estado de stock; Sin ubicación
207 2010,,,,,,,,,Nombre vacío; Sin estado de stock; Sin ubicación
207 2010,,,,,,,,,Nombre vacío; Sin estado de stock; Sin ubicación
207 2010,,,,,,,,,Nombre vacío; Sin estado de stock; Sin ubicación
207 2010,,,,,,,,,Nombre vacío; Sin estado de stock; Sin ubicación
207 2010,,,,,,,,,Nombre vacío; Sin estado de stock; Sin ubicación
207 2010,,,,,,,,,Nombre vacío; Sin estado de stock; Sin ubicación
207 2010,,,,,,,,,Nombre vacío; Sin estado de stock; Sin ubicación
207 2010,,,,,,,,,Nombre vacío; Sin estado de stock; Sin ubicación
207 2010,,,,,,,,,Nombre vacío; Sin estado de stock; Sin ubicación
207 2010,,,,,,,,,Nombre vacío; Sin estado de stock; Sin ubicación
207 2010,,,,,,,,,Nombre vacío; Sin estado de stock; Sin ubicación
207 2010,,,,,,,,,Nombre vacío; Sin estado de stock; Sin ubicación
307 2003,Airbag Volante,,DISPONIBLE,,80000.0,70000.0,,,Sin ubicación
307 2003,Alternador,,VENDIDO,SANTIAGO,50000.0,45000.0,,,
307 2003,Amortiguador,Delantera Izquierda,DISPONIBLE,SANTIAGO,25000.0,20000.0,,,
307 2003,Amortiguador,Delantera Derecha,DISPONIBLE,SANTIAGO,45000.0,40000.0,,,
307 2003,Bandeja,,DISPONIBLE,SANTIAGO,15000.0,10000.0,,SIN IDENTIFICAR LADO,
307 2003,Base De Batería,,DISPONIBLE,SANTIAGO,15000.0,10000.0,,,
307 2003,Bocina,,DISPONIBLE,SANTIAGO,7000.0,5000.0,,,
307 2003,Bomba De Bencina,,DISPONIBLE,SANTIAGO,35000.0,30000.0,,,
307 2003,Bomba Hidráulica,,DISPONIBLE,SANTIAGO,50000.0,45000.0,,,
307 2003,Brazo Limpiaparabrisas,Izquierda,DISPONIBLE,SANTIAGO,15000.0,10000.0,,,
307 2003,Brazo Limpiaparabrisas,Derecha,DISPONIBLE,SANTIAGO,15000.0,10000.0,,,
307 2003,Caliper,Delantera Derecha,DISPONIBLE,,25000.0,20000.0,,,Sin ubicación
307 2003,Caliper,Delantera Izquierda,DISPONIBLE,,25000.0,20000.0,,,Sin ubicación
307 2003,Cañería Hidráulica,,DISPONIBLE,SANTIAGO,,,,,
307 2003,Cañerías De Aire Acondicionado,,DISPONIBLE,SANTIAGO,45000.0,40000.0,,,
307 2003,Cinta De Airbag,,DISPONIBLE,SANTIAGO,25000.0,20000.0,,,
307 2003,Cinturón,Delantera Izquierda,DISPONIBLE,SANTIAGO,15000.0,10000.0,,,
307 2003,Cinturón,Delantera Derecha,DISPONIBLE,SANTIAGO,15000.0,10000.0,,,
307 2003,Cinturón,Trasera Izquierda,DISPONIBLE,SANTIAGO,15000.0,10000.0,,,
307 2003,Cinturón,Trasera Derecha,DISPONIBLE,SANTIAGO,15000.0,10000.0,,,
307 2003,Columna De Dirección,,DISPONIBLE,SANTIAGO,25000.0,20000.0,,,
307 2003,Compresor Aire Acondicionado,,VENDIDO,,80000.0,75000.0,,CON DETALLE,Sin ubicación
307 2003,Control De Calefacción,,DISPONIBLE,SANTIAGO,25000.0,20000.0,,,
307 2003,Cuerpo De Aceleración,,VENDIDO,SANTIAGO,40000.0,40000.0,,,
307 2003,Cuna,,DISPONIBLE,SANTIAGO,40000.0,40000.0,,,
307 2003,Depósito De Agua O Líquido Refrigerante,,DISPONIBLE,SANTIAGO,10000.0,10000.0,,,
307 2003,Espejo,Derecha,DISPONIBLE,SANTIAGO,10000.0,10000.0,,DETALLE EN EL PLÁSTICO ,
307 2003,Manilla Puerta,Trasera Izquierda Exterior,VENDIDO,,10000.0,10000.0,,,Sin ubicación
307 2003,Manilla Puerta,Trasera Izquierda Interior,DISPONIBLE,SANTIAGO,5000.0,5000.0,,,
307 2003,Ménsula,Delantera Izquierda,DISPONIBLE,SANTIAGO,15000.0,10000.0,,,
307 2003,Ménsula,Delantera Derecha,DISPONIBLE,SANTIAGO,15000.0,10000.0,,,
307 2003,Ménsula,Trasera Izquierda,DISPONIBLE,SANTIAGO,15000.0,10000.0,,,
307 2003,Moldura Puerta,Delantera Derecha,DISPONIBLE,SANTIAGO,15000.0,10000.0,,,
307 2003,Motor De Partida,,DISPONIBLE,SANTIAGO,55000.0,50000.0,,,
307 2003,Muñon Con Maza,Delantera Izquierda,DISPONIBLE,SANTIAGO,20000.0,15000.0,,,
307 2003,Muñon Con Maza,Delantera Derecha,DISPONIBLE,SANTIAGO,20000.0,15000.0,,,
307 2003,Parabrisas,,DISPONIBLE,,60000.0,50000.0,,,Sin ubicación
307 2003,Porta Filtro,,DISPONIBLE,SANTIAGO,25000.0,20000.0,,,
307 2003,Solo Lata,Portalon,VENDIDO,SANTIAGO,75000.0,70000.0,,,
307 2003,Puerta Solo Lata,Delantera Derecha,DISPONIBLE,SANTIAGO,45000.0,40000.0,,,
307 2003,Puerta Solo Lata,Trasera Izquierda,DISPONIBLE,SANTIAGO,45000.0,40000.0,,,
307 2003,Radiador De Calefacción,,DISPONIBLE,SANTIAGO,20000.0,15000.0,,,
307 2003,Refuerzo De Parachoque,Delantera,DISPONIBLE,SANTIAGO,15000.0,10000.0,,CON DETALLE,
307 2003,Refuerzo De Parachoque,Trasera,DISPONIBLE,SANTIAGO,25000.0,22000.0,,,
307 2003,Sensor Abs,,DISPONIBLE,SANTIAGO,15000.0,10000.0,,,
307 2003,Sensor Abs,,DISPONIBLE,SANTIAGO,15000.0,10000.0,,,
307 2003,Sensor De Oxígeno,,DISPONIBLE,SANTIAGO,15000.0,10000.0,,,
307 2003,Sensor De Oxígeno,,DISPONIBLE,SANTIAGO,15000.0,10000.0,,,
307 2003,Sensor De Oxígeno Banco,,DISPONIBLE,SANTIAGO,,,,,
307 2003,Tapabarro,Izquierda,DISPONIBLE,SANTIAGO,30000.0,25000.0,,,
307 2003,Tapabarro,Izquierda,VENDIDO,SANTIAGO,30000.0,25000.0,,,
307 2003,Tapabarro,Derecha,DISPONIBLE,SANTIAGO,30000.0,25000.0,,,
307 2003,Telecomando,,DISPONIBLE,SANTIAGO,,0.0,,DETALLE LADO INTERMITENTE,
307 2003,Varilla Capot,,DISPONIBLE,SANTIAGO,1500.0,10000.0,,"INVENTARIO DICE QUE HAY 2, REVISAR",
307 2003,Vidrio Puerta,Trasera Izquierda,DISPONIBLE,SANTIAGO,2000.0,20000.0,,,
307 2003,Volante,,DISPONIBLE,SANTIAGO,35000.0,30000.0,,,
307 2003,,,DISPONIBLE,SANTIAGO,,,,,Nombre vacío
307 2003,,,DISPONIBLE,SANTIAGO,,,,,Nombre vacío
307 2003,,,DISPONIBLE,SANTIAGO,,,,,Nombre vacío
307 2003,,,DISPONIBLE,SANTIAGO,,,,,Nombre vacío
307 2003,,,DISPONIBLE,SANTIAGO,,,,,Nombre vacío
307 2003,,,DISPONIBLE,SANTIAGO,,,,,Nombre vacío
307 2003,,,DISPONIBLE,SANTIAGO,,,,,Nombre vacío
307 2003,,,DISPONIBLE,SANTIAGO,,,,,Nombre vacío
307 2003,,,DISPONIBLE,SANTIAGO,,,,,Nombre vacío
307 2003,,,DISPONIBLE,SANTIAGO,,,,,Nombre vacío
307 2003,,,DISPONIBLE,SANTIAGO,,,,,Nombre vacío
307 2003,,,DISPONIBLE,SANTIAGO,,,,,Nombre vacío
307 2003,,,DISPONIBLE,SANTIAGO,,,,,Nombre vacío
307 2003,,,DISPONIBLE,SANTIAGO,,,,,Nombre vacío
307 2003,,,DISPONIBLE,SANTIAGO,,,,,Nombre vacío
307 2003,,,DISPONIBLE,SANTIAGO,,,,,Nombre vacío
307 2003,,,DISPONIBLE,SANTIAGO,,,,,Nombre vacío
307 2003,,,DISPONIBLE,SANTIAGO,,,,,Nombre vacío
307 2003,,,DISPONIBLE,SANTIAGO,,,,,Nombre vacío
307 2003,,,DISPONIBLE,SANTIAGO,,,,,Nombre vacío
307 2003,,,DISPONIBLE,SANTIAGO,,,,,Nombre vacío
307 2003,,,DISPONIBLE,SANTIAGO,,,,,Nombre vacío
307 2003,,,DISPONIBLE,SANTIAGO,,,,,Nombre vacío
307 2003,,,DISPONIBLE,SANTIAGO,,,,,Nombre vacío
307 2003,,,DISPONIBLE,SANTIAGO,,,,,Nombre vacío
307 2003,,,DISPONIBLE,SANTIAGO,,,,,Nombre vacío
307 2003,,,DISPONIBLE,SANTIAGO,,,,,Nombre vacío
307 2003,,,DISPONIBLE,SANTIAGO,,,,,Nombre vacío
307 2003,,,DISPONIBLE,SANTIAGO,,,,,Nombre vacío
307 2003,,,DISPONIBLE,SANTIAGO,,,,,Nombre vacío
307 2003,,,DISPONIBLE,SANTIAGO,,,,,Nombre vacío
307 2003,,,DISPONIBLE,SANTIAGO,,,,,Nombre vacío
307 2003,,,DISPONIBLE,SANTIAGO,,,,,Nombre vacío
307 2003,,,DISPONIBLE,SANTIAGO,,,,,Nombre vacío
307 2003,,,DISPONIBLE,SANTIAGO,,,,,Nombre vacío
307 2003,,,DISPONIBLE,SANTIAGO,,,,,Nombre vacío
307 2003,,,DISPONIBLE,SANTIAGO,,,,,Nombre vacío
307 2003,,,DISPONIBLE,SANTIAGO,,,,,Nombre vacío
307 2003,,,DISPONIBLE,SANTIAGO,,,,,Nombre vacío
307 2003,,,DISPONIBLE,SANTIAGO,,,,,Nombre vacío
307 2003,,,DISPONIBLE,SANTIAGO,,,,,Nombre vacío
307 2003,,,DISPONIBLE,SANTIAGO,,,,,Nombre vacío
307 2003,,,DISPONIBLE,SANTIAGO,,,,,Nombre vacío
307 2003,,,DISPONIBLE,SANTIAGO,,,,,Nombre vacío
307 2003,,,DISPONIBLE,SANTIAGO,,,,,Nombre vacío
307 2003,,,DISPONIBLE,SANTIAGO,,,,,Nombre vacío
307 2003,,,DISPONIBLE,SANTIAGO,,,,,Nombre vacío
307 2003,,,DISPONIBLE,SANTIAGO,,,,,Nombre vacío
307 2003,,,DISPONIBLE,SANTIAGO,,,,,Nombre vacío
307 2003,,,DISPONIBLE,SANTIAGO,,,,,Nombre vacío
307 2003,,,DISPONIBLE,SANTIAGO,,,,,Nombre vacío
307 2003,,,DISPONIBLE,SANTIAGO,,,,,Nombre vacío
307 2003,,,DISPONIBLE,SANTIAGO,,,,,Nombre vacío
307 2003,,,DISPONIBLE,SANTIAGO,,,,,Nombre vacío
307 2003,,,DISPONIBLE,SANTIAGO,,,,,Nombre vacío
307 2003,,,DISPONIBLE,SANTIAGO,,,,,Nombre vacío
307 2003,,,DISPONIBLE,SANTIAGO,,,,,Nombre vacío
307 2003,,,DISPONIBLE,SANTIAGO,,,,,Nombre vacío
307 2003,,,DISPONIBLE,SANTIAGO,,,,,Nombre vacío
307 2003,,,DISPONIBLE,SANTIAGO,,,,,Nombre vacío
307 2003,,,DISPONIBLE,SANTIAGO,,,,,Nombre vacío
307 2003,,,DISPONIBLE,SANTIAGO,,,,,Nombre vacío
307 2003,,,DISPONIBLE,SANTIAGO,,,,,Nombre vacío
307 2003,,,DISPONIBLE,SANTIAGO,,,,,Nombre vacío
307 2003,,,DISPONIBLE,SANTIAGO,,,,,Nombre vacío
307 2003,,,DISPONIBLE,SANTIAGO,,,,,Nombre vacío
307 2003,,,DISPONIBLE,SANTIAGO,,,,,Nombre vacío
307 2003,,,DISPONIBLE,SANTIAGO,,,,,Nombre vacío
307 2003,,,,,,,,,Nombre vacío; Sin estado de stock; Sin ubicación
307 2003,,,,,,,,,Nombre vacío; Sin estado de stock; Sin ubicación
307 2003,,,,,,,,,Nombre vacío; Sin estado de stock; Sin ubicación
307 2003,,,,,,,,,Nombre vacío; Sin estado de stock; Sin ubicación
307 2003,,,,,,,,,Nombre vacío; Sin estado de stock; Sin ubicación
307 2003,,,,,,,,,Nombre vacío; Sin estado de stock; Sin ubicación
307 2003,,,,,,,,,Nombre vacío; Sin estado de stock; Sin ubicación
307 2003,,,,,,,,,Nombre vacío; Sin estado de stock; Sin ubicación
307 2003,,,,,,,,,Nombre vacío; Sin estado de stock; Sin ubicación
307 2003,,,,,,,,,Nombre vacío; Sin estado de stock; Sin ubicación
307 2003,,,,,,,,,Nombre vacío; Sin estado de stock; Sin ubicación
307 2003,,,,,,,,,Nombre vacío; Sin estado de stock; Sin ubicación
307 2003,,,,,,,,,Nombre vacío; Sin estado de stock; Sin ubicación
307 2003,,,,,,,,,Nombre vacío; Sin estado de stock; Sin ubicación
307 2003,,,,,,,,,Nombre vacío; Sin estado de stock; Sin ubicación
307 2003,,,,,,,,,Nombre vacío; Sin estado de stock; Sin ubicación
307 2003,,,,,,,,,Nombre vacío; Sin estado de stock; Sin ubicación
307 2003,,,,,,,,,Nombre vacío; Sin estado de stock; Sin ubicación
307 2003,,,,,,,,,Nombre vacío; Sin estado de stock; Sin ubicación
307 2003,,,,,,,,,Nombre vacío; Sin estado de stock; Sin ubicación
307 2003,,,,,,,,,Nombre vacío; Sin estado de stock; Sin ubicación
320 2014,Alternador,,DISPONIBLE,SANTIAGO,80000.0,70000.0,,,
320 2014,Amortiguador,Delantera Izquierda,VENDIDO,SANTIAGO,55000.0,50000.0,,,
320 2014,Amortiguador,Delantera Derecha,VENDIDO,SANTIAGO,55000.0,50000.0,,,
320 2014,Amortiguador,Trasera Izquierda,DISPONIBLE,SANTIAGO,20000.0,15000.0,,,
320 2014,Amortiguador,Trasera Derecha,DISPONIBLE,SANTIAGO,20000.0,15000.0,,,
320 2014,Amortiguadores El Par,Portalon,DISPONIBLE,SANTIAGO,20000.0,15000.0,,,
320 2014,Amortiguadores El Par,Portalon,DISPONIBLE,SANTIAGO,20000.0,15000.0,,,
320 2014,Asiento,Delantera Derecha,VENDIDO,SANTIAGO,50000.0,45000.0,,,
320 2014,Asiento,Delantera Izquierda,VENDIDO,SANTIAGO,50000.0,45000.0,,,
320 2014,Asientos,Trasera,DISPONIBLE,SANTIAGO,35000.0,30000.0,,,
320 2014,Bandeja,Delantera Izquierda,VENDIDO,SANTIAGO,15000.0,15000.0,,,
320 2014,Bandeja,Delantera Derecha,VENDIDO,SANTIAGO,15000.0,15000.0,,,
320 2014,Bandeja,Trasera Izquierda,DISPONIBLE,SANTIAGO,,,,SON 3 REVISAR NOMBRE Y PRECIO,
320 2014,Bandeja,Trasera Derecha,DISPONIBLE,SANTIAGO,,,,SON 3 REVISAR NOMBRE Y PRECIO,
320 2014,Barra Estabilizadora,,NO DISPONIBLE,N/A,,,,,
320 2014,Base Bomba Hidráulica,,DISPONIBLE,SANTIAGO,20000.0,15000.0,,,
320 2014,Base De Alternador,,DISPONIBLE,SANTIAGO,20000.0,15000.0,,,
320 2014,Base De Termostato,,DISPONIBLE,SANTIAGO,25000.0,20000.0,,,
320 2014,Bisagra Puerta,Delantera Inferior Izquierda,DISPONIBLE,SANTIAGO,,,,,
320 2014,Bisagra Puerta,Delantera Superior Izquierda,DISPONIBLE,SANTIAGO,,,,,
320 2014,Bisagra Puerta,Delantera Inferior Derecha,DISPONIBLE,SANTIAGO,,,,,
320 2014,Bisagra Puerta,Delantera Superior Derecha,DISPONIBLE,SANTIAGO,,,,,
320 2014,Bisagra Puerta,Trasera Inferior Izquierda,DISPONIBLE,SANTIAGO,,,,,
320 2014,Bisagra Puerta,Trasera Superior Izquierda,DISPONIBLE,SANTIAGO,,,,,
320 2014,Bisagra Puerta,Trasera Inferior Derecha,DISPONIBLE,SANTIAGO,,,,,
320 2014,Bisagra Puerta,Trasera Superior Derecha,DISPONIBLE,SANTIAGO,,,,,
320 2014,Bisel De Con Logo,Portalon,VENDIDO,SANTIAGO,35000.0,30000.0,,,
320 2014,Bobina,,DISPONIBLE,SANTIAGO,15000.0,15000.0,,,
320 2014,Bomba De Bencina,,VENDIDO,SANTIAGO,55000.0,50000.0,,,
320 2014,Bomba De Embrague (Revisar),,DISPONIBLE,SANTIAGO,,,,REVISAR PORQUE YA HABÍA LLEGADO,
320 2014,Bomba De Embrague De Caja,,DISPONIBLE,SANTIAGO,,,,,
320 2014,Bomba De Freno,,DISPONIBLE,SANTIAGO,60000.0,55000.0,,,
320 2014,Bomba Hidraulica,,VENDIDO,SANTIAGO,55000.0,50000.0,,,
320 2014,Bomba Pedal Embrague,,DISPONIBLE,SANTIAGO,20000.0,15000.0,,,
320 2014,Borner Positivo,,DISPONIBLE,SANTIAGO,,,,,
320 2014,Botón Alzavidrios,Delantera Derecha,DISPONIBLE,SANTIAGO,15000.0,10000.0,,,
320 2014,Botón Alzavidrios,Trasera Izquierda,DISPONIBLE,SANTIAGO,15000.0,10000.0,,,
320 2014,Botón Alzavidrios,Trasera Derecha,DISPONIBLE,SANTIAGO,15000.0,10000.0,,,
320 2014,Botón Hazard,,DISPONIBLE,SANTIAGO,15000.0,10000.0,,,
320 2014,Botonera Alzavidrios,Delantera Izquierda,VENDIDO,SANTIAGO,35000.0,30000.0,,,
320 2014,Brazo Limpiaparabrisas,Trasera,VENDIDO,SANTIAGO,15000.0,12000.0,,,
320 2014,Brazo Suspensión,Delantera Izquierda,DISPONIBLE,SANTIAGO,15000.0,15000.0,,,
320 2014,Brazo Suspensión,Delantera Derecha,DISPONIBLE,SANTIAGO,15000.0,15000.0,,,
320 2014,Brazo Y Plumilla,Izquierda,DISPONIBLE,SANTIAGO,15000.0,10000.0,,,Posible múltiple repuesto
320 2014,Brazo Y Plumilla,Derecha,DISPONIBLE,SANTIAGO,15000.0,10000.0,,,Posible múltiple repuesto
320 2014,Bulbo De Retroceso,,DISPONIBLE,,25000.0,20000.0,,,Sin ubicación
320 2014,Caja De Cambios,,VENDIDO,SANTIAGO,450000.0,400000.0,,,
320 2014,Cajetín,,DISPONIBLE,SANTIAGO,60000.0,50000.0,,,
320 2014,Caliper Delanetro,Derecha,POR CONFIRMAR,SANTIAGO,35000.0,30000.0,,,Estado inusual: POR CONFIRMAR
320 2014,Caliper,Delantera Izquierda,DISPONIBLE,SANTIAGO,35000.0,30000.0,,,
320 2014,Canister,,DISPONIBLE,SANTIAGO,35000.0,30000.0,,,
320 2014,Cañería Aire Acondicionado,,DISPONIBLE,,60000.0,55000.0,,,Sin ubicación
320 2014,Cañería Aire Acondicionado,,DISPONIBLE,,60000.0,55000.0,,,Sin ubicación
320 2014,Cañería Aire Acondicionado Corta,,DISPONIBLE,,40000.0,35000.0,,,Sin ubicación
320 2014,Cañería Desde Bomba De Agua Hasta Culata,,DISPONIBLE,SANTIAGO,35000.0,30000.0,,,
320 2014,Cañeria Hidráulica,,DISPONIBLE,SANTIAGO,25000.0,20000.0,,,
320 2014,Catalitico,,VENDIDO,,50000.0,45000.0,,,Sin ubicación
320 2014,Chapa Capot,,DISPONIBLE,SANTIAGO,15000.0,10000.0,,,
320 2014,Chapa De Contacto,,DISPONIBLE,SANTIAGO,60000.0,50000.0,,,
320 2014,Chapa,Portalon,DISPONIBLE,SANTIAGO,35000.0,30000.0,,,
320 2014,Chapa Puerta,Delantera Izquierda,DISPONIBLE,,40000.0,35000.0,,,Sin ubicación
320 2014,Chapa Puerta,Delantera Derecha,DISPONIBLE,,35000.0,30000.0,,,Sin ubicación
320 2014,Chapa Puerta,Trasera Izquierda,DISPONIBLE,,35000.0,30000.0,,,Sin ubicación
320 2014,Chapa Puerta,Trasera Derecha,DISPONIBLE,,35000.0,30000.0,,,Sin ubicación
320 2014,Cilindro De Chapa,Delantera Izquierda,DISPONIBLE,,40000.0,35000.0,,CON MANILLA EXTERIOR,Sin ubicación
320 2014,Cinta De Airbag,,DISPONIBLE,SANTIAGO,40000.0,35000.0,,,
320 2014,Cinturón,Delantera Izquierda,DISPONIBLE,SANTIAGO,,,,REVISAR SI ESTÁ BLOQUEADO,
320 2014,Cinturón,Delantera Derecha,DISPONIBLE,SANTIAGO,,,,REVISAR SI ESTÁ BLOQUEADO,
320 2014,Cinturón,Trasera Izquierda,DISPONIBLE,SANTIAGO,15000.0,10000.0,,,
320 2014,Cinturón,Trasera Derecha,DISPONIBLE,SANTIAGO,15000.0,10000.0,,,
320 2014,Cofia,,DISPONIBLE,SANTIAGO,15000.0,10000.0,,,
320 2014,Compresor De Aire,,VENDIDO,SANTIAGO,80000.0,75000.0,,SE REVISARÁ EL ESTADO CUANDO LO SAQUEN,
320 2014,Control De Calefacción Y Aire,,DISPONIBLE,,60000.0,55000.0,,,Posible múltiple repuesto; Sin ubicación
320 2014,Control De Espejos,,DISPONIBLE,SANTIAGO,15000.0,10000.0,,,
320 2014,Controlador De Alzavidrios (Modulo),,DISPONIBLE,,35000.0,30000.0,,,Sin ubicación
320 2014,Cremallera De Alzavidio,Delantera Izquierda,DISPONIBLE,SANTIAGO,40000.0,35000.0,,,
320 2014,Cremallera De Alzavidio,Delantera Derecha,DISPONIBLE,SANTIAGO,40000.0,35000.0,,,
320 2014,Cremallera De Alzavidio,Trasera Izquierda,DISPONIBLE,SANTIAGO,40000.0,35000.0,,,
320 2014,Cremallera De Alzavidio,Trasera Derecha,DISPONIBLE,SANTIAGO,40000.0,35000.0,,,
320 2014,Cremallera De Dirección,,DISPONIBLE,SANTIAGO,70000.0,60000.0,,,
320 2014,Cubre Equipaje,,VENDIDO,SANTIAGO,30000.0,25000.0,,,
320 2014,Cubre Torpedo,,DISPONIBLE,SANTIAGO,35000.0,30000.0,,,
320 2014,Cuerpo De Aceleración,,DISPONIBLE,SANTIAGO,60000.0,50000.0,,,
320 2014,Depósito De Agua O Líquido Refrigerante,,DISPONIBLE,SANTIAGO,20000.0,15000.0,,,
320 2014,Depósito De Limpiaparabrisas,,DISPONIBLE,SANTIAGO,20000.0,15000.0,,,
320 2014,Depósito Líquido Hidráulico,,VENDIDO,SANTIAGO,25000.0,20000.0,,SOLO,
320 2014,Disco De Freno,Delantera,DISPONIBLE,SANTIAGO,20000.0,15000.0,,,
320 2014,Disco,Delantera Derecha,DISPONIBLE,SANTIAGO,,,,,
320 2014,Ecu,,VENDIDO,SANTIAGO,120000.0,110000.0,,,
320 2014,Eje Leva,,NO DISPONIBLE,N/A,,,,SE VENDE CON EL MOTOR,
320 2014,Eje Palier,Izquierda,VENDIDO,SANTIAGO,45000.0,40000.0,,,
320 2014,Eje Palier,Derecha,DISPONIBLE,SANTIAGO,55000.0,50000.0,,,
320 2014,Electroventilador,,DISPONIBLE,SANTIAGO,70000.0,60000.0,,,
320 2014,Embellecedor,Portalon,DISPONIBLE,,40000.0,35000.0,,,Sin ubicación
320 2014,Espejo,Central,DISPONIBLE,SANTIAGO,55000.0,50000.0,,,
320 2014,Espejo,Izquierda,VENDIDO,SANTIAGO,30000.0,25000.0,,TIENE SUELTA LA LUNETA,
320 2014,Espejo,Derecha,VENDIDO,SANTIAGO,30000.0,25000.0,,TIENE SUELTA LA LUNETA,
320 2014,Foco Tapabarro,Izquierda,VENDIDO,SANTIAGO,10000.0,10000.0,,,
320 2014,Foco Tapabarro,Derecha,POR CONFIRMAR,,10000.0,10000.0,,,Estado inusual: POR CONFIRMAR; Sin ubicación
320 2014,Foco,Trasera Izquierda,VENDIDO,SANTIAGO,35000.0,30000.0,,PRECIO ACTUALIZADO,
320 2014,Foco,Trasera Derecha,DISPONIBLE,SANTIAGO,35000.0,30000.0,,,
320 2014,Funda De Parachoque,Trasera,VENDIDO,SANTIAGO,45000.0,35000.0,,,
320 2014,Fusible De Borne Positivo,,DISPONIBLE,SANTIAGO,25000.0,20000.0,,,
320 2014,Fusilera Con Ramal,Interior,VENDIDO,SANTIAGO,70000.0,60000.0,,,
320 2014,Gata Original,,DISPONIBLE,SANTIAGO,25000.0,20000.0,,,
320 2014,Goma Contorno De Techo,Izquierda,DISPONIBLE,SANTIAGO,15000.0,10000.0,,,
320 2014,Goma Contorno De Techo,Derecha,DISPONIBLE,SANTIAGO,15000.0,10000.0,,,
320 2014,Guantera,,DISPONIBLE,SANTIAGO,30000.0,25000.0,,,
320 2014,Guardafango,Delantera Izquierda,NO DISPONIBLE,REQUINOA,,,,,
320 2014,Guardafango,Delantera Derecha,NO DISPONIBLE,REQUINOA,,,,,
320 2014,Kit De Embrague,,DISPONIBLE,SANTIAGO,55000.0,50000.0,,DISCO Y PRENSA,
320 2014,Kit De Encendido,,DISPONIBLE,,290000.0,280000.0,,,Sin ubicación
320 2014,Letras,,DISPONIBLE,,12000.0,10000.0,,,Sin ubicación
320 2014,Linea De Escape Completa,,DISPONIBLE,,90000.0,85000.0,,CON EL CATALÍTICO ,Sin ubicación
320 2014,Llanta Con Neumático,,VENDIDO,SANTIAGO,90000.0,80000.0,,,
320 2014,Llanta Con Neumático,,DISPONIBLE,SANTIAGO,60000.0,50000.0,,,
320 2014,Llanta Con Neumático,,DISPONIBLE,SANTIAGO,60000.0,50000.0,,,
320 2014,Llanta Con Neumático,,DISPONIBLE,SANTIAGO,50000.0,40000.0,,LLANTA DE FIERRO (LA COMÚN),
320 2014,Llave,,DISPONIBLE,SANTIAGO,25000.0,20000.0,,,
320 2014,Luneta,Trasera,DISPONIBLE,,90000.0,80000.0,,,Sin ubicación
320 2014,Luz Patente,Izquierda,VENDIDO,,10000.0,10000.0,,,Sin ubicación
320 2014,Luz Patente,Derecha,DISPONIBLE,,15000.0,10000.0,,,Sin ubicación
320 2014,Manguera De Agua,,DISPONIBLE,SANTIAGO,,,,,
320 2014,Manguera De Agua,,DISPONIBLE,SANTIAGO,,,,,
320 2014,Manguera Filtro De Aire,,VENDIDO,SANTIAGO,25000.0,20000.0,,,
320 2014,Manilla Abre Capot,,NO DISPONIBLE,REQUINOA,15000.0,10000.0,,,
320 2014,Manilla De Techo,Delantera Derecha,DISPONIBLE,SANTIAGO,7000.0,5000.0,,,
320 2014,Manilla De Techo,Trasera Izquierda,VENDIDO,SANTIAGO,7000.0,5000.0,,,
320 2014,Manilla De Techo,Trasera Derecha,DISPONIBLE,SANTIAGO,7000.0,5000.0,,,
320 2014,Manilla Experior,Trasera Izquierda,DISPONIBLE,SANTIAGO,7000.0,20000.0,,,
320 2014,Manilla Experior,Trasera Derecha,DISPONIBLE,SANTIAGO,25000.0,20000.0,,,
320 2014,Manilla,Delantera Izquierda Exterior,VENDIDO,SANTIAGO,25000.0,20000.0,,,
320 2014,Manilla,Delantera Derecha Exterior,DISPONIBLE,SANTIAGO,25000.0,20000.0,,,
320 2014,Manilla,Delantera Izquierda Interior,VENDIDO,,15000.0,10000.0,,,Sin ubicación
320 2014,Manilla,Delantera Derecha Interior,DISPONIBLE,SANTIAGO,15000.0,10000.0,,,
320 2014,Manilla,Trasera Izquierda Interior,VENDIDO,SANTIAGO,15000.0,10000.0,,,
320 2014,Manilla,Trasera Derecha Interior,VENDIDO,,15000.0,10000.0,,,Sin ubicación
320 2014,Máscara,,NO DISPONIBLE,,,,,,Sin ubicación
320 2014,Maza Con Tambor,Trasera,DISPONIBLE,,70000.0,65000.0,,,Sin ubicación
320 2014,Maza Con Tambor,Trasera,DISPONIBLE,,70000.0,65000.0,,,Sin ubicación
320 2014,Media Luna Barra Estabilizadora,Delantera,VENDIDO,SANTIAGO,,,,,
320 2014,Ménsula,Trasera Izquierda,DISPONIBLE,SANTIAGO,15000.0,10000.0,,,
320 2014,Ménsula,Trasera Derecha,DISPONIBLE,SANTIAGO,15000.0,10000.0,,,
320 2014,Módulo Abs,,DISPONIBLE,SANTIAGO,60000.0,50000.0,,,
320 2014,Módulo De Confort,,DISPONIBLE,SANTIAGO,100000.0,90000.0,,,
320 2014,Motor De Partida,,VENDIDO,SANTIAGO,55000.0,50000.0,,,
320 2014,Motor De Ventilacion,,DISPONIBLE,,50000.0,40000.0,,,Sin ubicación
320 2014,Motor Facturable,,DISPONIBLE,,490000.0,470000.0,,PRECIO ACTUALIZADO,Sin ubicación
320 2014,Motor Limpiaparabrisas Con Varillaje,,VENDIDO,SANTIAGO,35000.0,30000.0,,SIN BRAZOS LIMPIAPARABRISAS,
320 2014,Múltiple De Admisión,,DISPONIBLE,SANTIAGO,60000.0,50000.0,,,
320 2014,Múltiple De Escape Con Catalítico,,DISPONIBLE,SANTIAGO,,,,,
320 2014,Muñón Con Maza,Delantera Izquierda,VENDIDO,SANTIAGO,60000.0,50000.0,,,
320 2014,Muñón Con Maza,Delantera Derecha,VENDIDO,SANTIAGO,60000.0,50000.0,,,
320 2014,Neblinero,Delantera Izquierda,NO DISPONIBLE,,,,,,Sin ubicación
320 2014,Neblinero,Delantera Derecha,NO DISPONIBLE,,,,,,Sin ubicación
320 2014,Neblinero,Trasera Izquierda,VENDIDO,SANTIAGO,10000.0,10000.0,,,
320 2014,Neblinero,Trasera Derecha,DISPONIBLE,SANTIAGO,20000.0,15000.0,,,
320 2014,Óptico,Izquierda,NO DISPONIBLE,,,,,,Sin ubicación
320 2014,Óptico,Derecha,NO DISPONIBLE,,,,,,Sin ubicación
320 2014,Palanca De Cambios,,DISPONIBLE,SANTIAGO,50000.0,40000.0,,,
320 2014,Palanca Freno De Mano,,DISPONIBLE,SANTIAGO,25000.0,20000.0,,,
320 2014,Parabrisas,,NO DISPONIBLE,REQUINOA,75000.0,70000.0,,,
320 2014,Parasol,Izquierda,VENDIDO,SANTIAGO,25000.0,20000.0,,,
320 2014,Parasol,Derecha,VENDIDO,SANTIAGO,25000.0,20000.0,,,
320 2014,Parlante,Trasera Izquierda,DISPONIBLE,,15000.0,12000.0,,,Sin ubicación
320 2014,Parlante,Trasera Izquierda,DISPONIBLE,,15000.0,10000.0,,DE MALETA,Sin ubicación
320 2014,Parlante,Trasera Derecha,DISPONIBLE,,15000.0,10000.0,,DE MALETA,Sin ubicación
320 2014,Patlante,Trasera Derecha,DISPONIBLE,,15000.0,12000.0,,,Sin ubicación
320 2014,Pedal De Embrague,,DISPONIBLE,SANTIAGO,25000.0,20000.0,,,
320 2014,Pedal De Freno,,DISPONIBLE,SANTIAGO,25000.0,20000.0,,,
320 2014,Piola Capot,,DISPONIBLE,SANTIAGO,15000.0,10000.0,,,
320 2014,Piola De Palanca De Cambios,,DISPONIBLE,SANTIAGO,20000.0,15000.0,,,
320 2014,Piolas Selectoras De Cambios,,DISPONIBLE,,30000.0,25000.0,,,Sin ubicación
320 2014,Plástico Pilar Tablero,Izquierda,DISPONIBLE,,15000.0,10000.0,,,Sin ubicación
320 2014,Plástico Pilar Tablero,Derecha,DISPONIBLE,,15000.0,10000.0,,,Sin ubicación
320 2014,Porta Filtro,,DISPONIBLE,SANTIAGO,20000.0,15000.0,,,
320 2014,Solo Lata Con Vidrio,Portalon,DISPONIBLE,SANTIAGO,90000.0,80000.0,,PRECIO ACTUALIZADO ,
320 2014,Puerta Solo Lata,Delantera Izquierda,VENDIDO,SANTIAGO,80000.0,70000.0,,,
320 2014,Puerta Solo Lata,Delantera Derecha,VENDIDO,SANTIAGO,55000.0,70000.0,,,
320 2014,Puerta Solo Lata,Trasera Izquierda,DISPONIBLE,SANTIAGO,55000.0,70000.0,,,
320 2014,Puerta Solo Lata,Trasera Derecha,DISPONIBLE,SANTIAGO,55000.0,70000.0,,,
320 2014,Radiador Calefacción,,VENDIDO,,25000.0,20000.0,,,Sin ubicación
320 2014,Radio,,VENDIDO,,65000.0,60000.0,,,Sin ubicación
320 2014,Ramal De Inyección,,DISPONIBLE,SANTIAGO,25000.0,20000.0,,,
320 2014,Ramal Con Fusilera,Exterior,VENDIDO,SANTIAGO,60000.0,50000.0,,,
320 2014,Ramal Con Fusilera,Interior,VENDIDO,SANTIAGO,,,,,
320 2014,Refuerzo De Parachoque,,DISPONIBLE,,40000.0,35000.0,,DELANTERO O TRASERO?,Sin ubicación
320 2014,Riel Inyectores Con Inyectores,,DISPONIBLE,SANTIAGO,110000.0,100000.0,,,
320 2014,Rueda De Repuesto,,DISPONIBLE,SANTIAGO,,,,,
320 2014,Salida De Aire,Interior,VENDIDO,SANTIAGO,20000.0,15000.0,,,
320 2014,Salida De Aire,Interior,VENDIDO,SANTIAGO,20000.0,15000.0,,,
320 2014,Salida De Aire,Interior,VENDIDO,SANTIAGO,20000.0,15000.0,,,
320 2014,Salida De Aire,Interior,VENDIDO,SANTIAGO,20000.0,15000.0,,,
320 2014,Sendor Ckp,,DISPONIBLE,SANTIAGO,20000.0,20000.0,,,
320 2014,Sensor Abs,Delantera Izquierda,DISPONIBLE,SANTIAGO,15000.0,10000.0,,,
320 2014,Sensor Abs,Delantera Derecha,DISPONIBLE,SANTIAGO,15000.0,10000.0,,,
320 2014,Sensor Abs,Trasera Izquierda,DISPONIBLE,SANTIAGO,15000.0,10000.0,,,
320 2014,Sensor Abs,Trasera Derecha,DISPONIBLE,SANTIAGO,15000.0,10000.0,,,
320 2014,Sensor De Velocidad,,VENDIDO,SANTIAGO,60000.0,50000.0,,,
320 2014,,,DISPONIBLE,SANTIAGO,,,,,Nombre vacío
320 2014,Servo Freno Solo,,VENDIDO,SANTIAGO,45000.0,40000.0,,,
320 2014,Sinóptico,,DISPONIBLE,,70000.0,65000.0,,,Sin ubicación
320 2014,Soporte De Motor O Caja,Izquierda,DISPONIBLE,SANTIAGO,25000.0,20000.0,,,
320 2014,Soporte De Motor,Derecha,DISPONIBLE,SANTIAGO,25000.0,20000.0,,,
320 2014,Soporte De Motor,Trasera Central,VENDIDO,SANTIAGO,15000.0,10000.0,,,
320 2014,Tambor Con Maza Y Todo El Sistema De Freno,Izquierda,DISPONIBLE,SANTIAGO,60000.0,50000.0,,,Posible múltiple repuesto
320 2014,Tambor Con Maza Y Todo El Sistema De Freno,Derecha,DISPONIBLE,SANTIAGO,60000.0,50000.0,,,Posible múltiple repuesto
320 2014,Tapa De Bencina,Exterior,VENDIDO,SANTIAGO,20000.0,15000.0,,,
320 2014,Tapa De Bencina,Interior,DISPONIBLE,,15000.0,10000.0,,,Sin ubicación
320 2014,Tapa De Distribución,,DISPONIBLE,,40000.0,35000.0,,,Sin ubicación
320 2014,Tapa De Parlante,Izquierda,VENDIDO,SANTIAGO,15000.0,10000.0,,,
320 2014,Tapa De Parlante,Derecha,VENDIDO,SANTIAGO,15000.0,10000.0,,,
320 2014,Tapabarro,Izquierda,NO DISPONIBLE,N/A,,,,,
320 2014,Tapabarro,Derecha,DISPONIBLE,SANTIAGO,35000.0,30000.0,,,
320 2014,Tapiz Puerta,Delantera Izquierda,DISPONIBLE,,25000.0,20000.0,,,Sin ubicación
320 2014,Tapiz Puerta,Delantera Derecha,DISPONIBLE,,25000.0,20000.0,,,Sin ubicación
320 2014,Tapiz Puerta,Trasera Izquierda,DISPONIBLE,SANTIAGO,25000.0,20000.0,,,
320 2014,Tapiz Puerta,Trasera Derecha,DISPONIBLE,SANTIAGO,25000.0,20000.0,,,
320 2014,Tapiz Techo,,DISPONIBLE,,45000.0,40000.0,,,Sin ubicación
320 2014,Techo Solo Lata,,DISPONIBLE,,85000.0,80000.0,,,Sin ubicación
320 2014,Telecomando,,DISPONIBLE,SANTIAGO,55000.0,50000.0,,,
320 2014,Telecomando Luces,,DISPONIBLE,SANTIAGO,35000.0,30000.0,,,
320 2014,Tensor De Accesorios,,DISPONIBLE,SANTIAGO,20000.0,15000.0,,,
320 2014,Tensor De Alternador,,DISPONIBLE,SANTIAGO,15000.0,10000.0,,,
320 2014,Tubo De Escape Completo,,DISPONIBLE,,45000.0,40000.0,,SIN CATALÍTICO,"Termino especial ""completo""; Sin ubicación"
320 2014,Vidrio Luneta Puerta,Trasera Izquierda,DISPONIBLE,,35000.0,30000.0,,,Sin ubicación
320 2014,Vidrio Luneta Puerta,Trasera Derecha,DISPONIBLE,,35000.0,30000.0,,,Sin ubicación
320 2014,Vidrio Puerta,Delantera Izquierda,NO DISPONIBLE,N/A,0.0,0.0,,ROTO,
320 2014,Vidrio Puerta,Delantera Derecha,DISPONIBLE,SANTIAGO,45000.0,40000.0,,,
320 2014,Vidrio Puerta,Trasera Izquierda,VENDIDO,SANTIAGO,45000.0,40000.0,,,
320 2014,Vidrio Puerta,Trasera Derecha,DISPONIBLE,SANTIAGO,45000.0,40000.0,,,
320 2014,Volante,,DISPONIBLE,,35000.0,30000.0,,,Sin ubicación
320 2014,Volante De Inercia,,DISPONIBLE,SANTIAGO,70000.0,60000.0,,,
320 2014,,,DISPONIBLE,,,,,,Nombre vacío; Sin ubicación
320 2014,,,DISPONIBLE,,,,,,Nombre vacío; Sin ubicación
320 2014,,,DISPONIBLE,,,,,,Nombre vacío; Sin ubicación
320 2014,,,DISPONIBLE,,,,,,Nombre vacío; Sin ubicación
320 2014,,,DISPONIBLE,,,,,,Nombre vacío; Sin ubicación
320 2014,,,DISPONIBLE,,,,,,Nombre vacío; Sin ubicación
320 2014,,,DISPONIBLE,,,,,,Nombre vacío; Sin ubicación
320 2014,,,DISPONIBLE,,,,,,Nombre vacío; Sin ubicación
320 2014,,,DISPONIBLE,,,,,,Nombre vacío; Sin ubicación
320 2014,,,DISPONIBLE,,,,,,Nombre vacío; Sin ubicación
320 2014,,,DISPONIBLE,,,,,,Nombre vacío; Sin ubicación
320 2014,,,DISPONIBLE,,,,,,Nombre vacío; Sin ubicación
320 2014,,,DISPONIBLE,,,,,,Nombre vacío; Sin ubicación
320 2014,,,DISPONIBLE,,,,,,Nombre vacío; Sin ubicación
320 2014,,,DISPONIBLE,,,,,,Nombre vacío; Sin ubicación
320 2014,,,DISPONIBLE,,,,,,Nombre vacío; Sin ubicación
320 2014,,,DISPONIBLE,,,,,,Nombre vacío; Sin ubicación
320 2014,,,DISPONIBLE,,,,,,Nombre vacío; Sin ubicación
320 2014,,,DISPONIBLE,,,,,,Nombre vacío; Sin ubicación
320 2014,,,DISPONIBLE,,,,,,Nombre vacío; Sin ubicación
320 2014,,,DISPONIBLE,,,,,,Nombre vacío; Sin ubicación
320 2014,,,DISPONIBLE,,,,,,Nombre vacío; Sin ubicación
320 2014,,,DISPONIBLE,,,,,,Nombre vacío; Sin ubicación
320 2014,,,DISPONIBLE,,,,,,Nombre vacío; Sin ubicación
320 2014,,,DISPONIBLE,,,,,,Nombre vacío; Sin ubicación
320 2014,,,DISPONIBLE,,,,,,Nombre vacío; Sin ubicación
320 2014,,,DISPONIBLE,,,,,,Nombre vacío; Sin ubicación
320 2014,,,DISPONIBLE,,,,,,Nombre vacío; Sin ubicación
320 2014,,,DISPONIBLE,,,,,,Nombre vacío; Sin ubicación
320 2014,,,DISPONIBLE,,,,,,Nombre vacío; Sin ubicación
320 2014,,,DISPONIBLE,,,,,,Nombre vacío; Sin ubicación
320 2014,,,DISPONIBLE,,,,,,Nombre vacío; Sin ubicación
320 2014,,,DISPONIBLE,,,,,,Nombre vacío; Sin ubicación
320 2014,,,DISPONIBLE,,,,,,Nombre vacío; Sin ubicación
320 2014,,,DISPONIBLE,,,,,,Nombre vacío; Sin ubicación
320 2014,,,DISPONIBLE,,,,,,Nombre vacío; Sin ubicación
320 2014,,,DISPONIBLE,,,,,,Nombre vacío; Sin ubicación
320 2014,,,DISPONIBLE,,,,,,Nombre vacío; Sin ubicación
320 2014,,,DISPONIBLE,,,,,,Nombre vacío; Sin ubicación
320 2014,,,DISPONIBLE,,,,,,Nombre vacío; Sin ubicación
320 2014,,,DISPONIBLE,,,,,,Nombre vacío; Sin ubicación
320 2014,,,DISPONIBLE,,,,,,Nombre vacío; Sin ubicación
320 2014,,,DISPONIBLE,,,,,,Nombre vacío; Sin ubicación
320 2014,,,DISPONIBLE,,,,,,Nombre vacío; Sin ubicación
320 2014,,,DISPONIBLE,,,,,,Nombre vacío; Sin ubicación
320 2014,,,DISPONIBLE,,,,,,Nombre vacío; Sin ubicación
320 2014,,,DISPONIBLE,,,,,,Nombre vacío; Sin ubicación
320 2014,,,DISPONIBLE,,,,,,Nombre vacío; Sin ubicación
320 2014,,,DISPONIBLE,,,,,,Nombre vacío; Sin ubicación
320 2014,,,DISPONIBLE,,,,,,Nombre vacío; Sin ubicación
320 2014,,,DISPONIBLE,,,,,,Nombre vacío; Sin ubicación
320 2014,,,DISPONIBLE,,,,,,Nombre vacío; Sin ubicación
320 2014,,,DISPONIBLE,,,,,,Nombre vacío; Sin ubicación
320 2014,,,DISPONIBLE,,,,,,Nombre vacío; Sin ubicación
320 2014,,,DISPONIBLE,,,,,,Nombre vacío; Sin ubicación
320 2014,,,DISPONIBLE,,,,,,Nombre vacío; Sin ubicación
320 2014,,,DISPONIBLE,,,,,,Nombre vacío; Sin ubicación
320 2014,,,DISPONIBLE,,,,,,Nombre vacío; Sin ubicación
320 2014,,,DISPONIBLE,,,,,,Nombre vacío; Sin ubicación
320 2014,,,DISPONIBLE,,,,,,Nombre vacío; Sin ubicación
320 2014,,,DISPONIBLE,,,,,,Nombre vacío; Sin ubicación
320 2014,,,DISPONIBLE,,,,,,Nombre vacío; Sin ubicación
320 2014,,,DISPONIBLE,,,,,,Nombre vacío; Sin ubicación
320 2014,,,DISPONIBLE,,,,,,Nombre vacío; Sin ubicación
320 2014,,,DISPONIBLE,,,,,,Nombre vacío; Sin ubicación
320 2014,,,DISPONIBLE,,,,,,Nombre vacío; Sin ubicación
320 2014,,,DISPONIBLE,,,,,,Nombre vacío; Sin ubicación
320 2014,,,DISPONIBLE,,,,,,Nombre vacío; Sin ubicación
320 2014,,,DISPONIBLE,,,,,,Nombre vacío; Sin ubicación
320 2014,,,DISPONIBLE,,,,,,Nombre vacío; Sin ubicación
320 2014,,,DISPONIBLE,,,,,,Nombre vacío; Sin ubicación
320 2014,,,DISPONIBLE,,,,,,Nombre vacío; Sin ubicación
320 2014,,,DISPONIBLE,,,,,,Nombre vacío; Sin ubicación
320 2014,,,DISPONIBLE,,,,,,Nombre vacío; Sin ubicación
320 2014,,,DISPONIBLE,,,,,,Nombre vacío; Sin ubicación
320 2014,,,DISPONIBLE,,,,,,Nombre vacío; Sin ubicación
320 2014,,,DISPONIBLE,,,,,,Nombre vacío; Sin ubicación
320 2014,,,DISPONIBLE,,,,,,Nombre vacío; Sin ubicación
320 2014,,,,,,,,,Nombre vacío; Sin estado de stock; Sin ubicación
320 2014,,,,,,,,,Nombre vacío; Sin estado de stock; Sin ubicación
320 2014,,,,,,,,,Nombre vacío; Sin estado de stock; Sin ubicación
320 2014,,,,,,,,,Nombre vacío; Sin estado de stock; Sin ubicación
320 2014,,,,,,,,,Nombre vacío; Sin estado de stock; Sin ubicación
320 2014,,,,,,,,,Nombre vacío; Sin estado de stock; Sin ubicación
320 2014,,,,,,,,,Nombre vacío; Sin estado de stock; Sin ubicación
320 2014,,,,,,,,,Nombre vacío; Sin estado de stock; Sin ubicación
320 2014,,,,,,,,,Nombre vacío; Sin estado de stock; Sin ubicación
320 2014,,,,,,,,,Nombre vacío; Sin estado de stock; Sin ubicación
320 2014,,,,,,,,,Nombre vacío; Sin estado de stock; Sin ubicación
320 2014,,,,,,,,,Nombre vacío; Sin estado de stock; Sin ubicación
320 2014,,,,,,,,,Nombre vacío; Sin estado de stock; Sin ubicación
320 2014,,,,,,,,,Nombre vacío; Sin estado de stock; Sin ubicación
320 2014,,,,,,,,,Nombre vacío; Sin estado de stock; Sin ubicación
320 2014,,,,,,,,,Nombre vacío; Sin estado de stock; Sin ubicación
320 2014,,,,,,,,,Nombre vacío; Sin estado de stock; Sin ubicación
320 2014,,,,,,,,,Nombre vacío; Sin estado de stock; Sin ubicación
320 2014,,,,,,,,,Nombre vacío; Sin estado de stock; Sin ubicación
320 2014,,,,,,,,,Nombre vacío; Sin estado de stock; Sin ubicación
320 2014,,,,,,,,,Nombre vacío; Sin estado de stock; Sin ubicación
320 2014,,,,,,,,,Nombre vacío; Sin estado de stock; Sin ubicación
320 2014,,,,,,,,,Nombre vacío; Sin estado de stock; Sin ubicación
320 2014,,,,,,,,,Nombre vacío; Sin estado de stock; Sin ubicación
320 2014,,,,,,,,,Nombre vacío; Sin estado de stock; Sin ubicación
A3 2017,Alerón Maleta,,VENDIDO,SANTIAGO,45000.0,40000.0,,,
A3 2017,Alternador,,DISPONIBLE,SANTIAGO,110000.0,100000.0,,,
A3 2017,Amortiguador,Delantera Izquierda,NO DISPONIBLE,SANTIAGO,,,,,
A3 2017,Amortiguador,Delantera Derecha,DISPONIBLE,SANTIAGO,,,,,
A3 2017,Bandeja,Delantera Derecha,DISPONIBLE,SANTIAGO,,,,,
A3 2017,Base De Plimavit Rueda De Repuesto,,DISPONIBLE,SANTIAGO,,,,,
A3 2017,Base De Tela Redonda Rueda De Repuesto,,DISPONIBLE,SANTIAGO,,,,,
A3 2017,Bisagra De Maleta,Izquierda,DISPONIBLE,SANTIAGO,,,,,
A3 2017,Bisagra De Maleta,Derecha,DISPONIBLE,SANTIAGO,,,,,
A3 2017,Bocina,,DISPONIBLE,SANTIAGO,,,,,
A3 2017,Bomba De Alta Presión De Combustible,,DISPONIBLE,SANTIAGO,,,,,
A3 2017,Bomba Electrónica De Agua,,DISPONIBLE,SANTIAGO,,,,,
A3 2017,Botón De Maleta Con Luz De Patente,,DISPONIBLE,SANTIAGO,,,,,
A3 2017,Brazo Limpiaparabrisas (Sin Plumilla),Izquierda,DISPONIBLE,SANTIAGO,,,,,
A3 2017,Caja Carcasa Rota,,VENDIDO,SANTIAGO,280000.0,280000.0,,,
A3 2017,Caliper,Delantera Izquierda,NO DISPONIBLE,SANTIAGO,,,,,
A3 2017,Caliper,Delantera Derecha,DISPONIBLE,SANTIAGO,,,,,
A3 2017,Chapa Maleta,,DISPONIBLE,SANTIAGO,,,,,
A3 2017,Chapa Puerta,Izquierda,DISPONIBLE,SANTIAGO,,,,,
A3 2017,Compresor De Aire Acondicionado,,VENDIDO,SANTIAGO,160000.0,160000.0,,,
A3 2017,Control De Luces,,DISPONIBLE,SANTIAGO,,,,,
A3 2017,Cubre Carter Metálico,,DISPONIBLE,SANTIAGO,,,,,
A3 2017,Cuerpo De Aceleración,,NO DISPONIBLE,SANTIAGO,,,,,
A3 2017,Difusor,Trasera,VENDIDO,SANTIAGO,85000.0,85000.0,,,
A3 2017,Disco De Freno,Delantera Derecha,DISPONIBLE,SANTIAGO,,,,,
A3 2017,Eje Palier,Delantera Izquierda,NO DISPONIBLE,SANTIAGO,,,,,
A3 2017,Eje Palier Solo La Punta Que Va Al Muñón Está Buena,Derecha,DISPONIBLE,SANTIAGO,,,,,
A3 2017,Espejo,Derecha,VENDIDO,SANTIAGO,160000.0,150000.0,,,
A3 2017,Foco Maleta,Izquierda,DISPONIBLE,SANTIAGO,110000.0,100000.0,,,
A3 2017,Foco Maleta,Derecha,DISPONIBLE,SANTIAGO,110000.0,100000.0,,,
A3 2017,Foco,Trasera Izquierda Exterior,VENDIDO,SANTIAGO,130000.0,120000.0,,,
A3 2017,Foco,Trasera Derecha Exterior,NO DISPONIBLE,SANTIAGO,,,,,
A3 2017,Funda De Parachoque,Delantera,NO DISPONIBLE,SANTIAGO,,,,,
A3 2017,Lector De Cd,,DISPONIBLE,SANTIAGO,,,,,
A3 2017,Letras A3,,DISPONIBLE,SANTIAGO,,,,,Nombre contiene números
A3 2017,Llanta (Solo Una),,VENDIDO,SANTIAGO,100000.0,90000.0,,,
A3 2017,Llanta Con Detalle Por Reparar,,VENDIDO,SANTIAGO,50000.0,50000.0,,,
A3 2017,Logo Maleta (Circulos),,POR CONFIRMAR,SANTIAGO,,,,,Estado inusual: POR CONFIRMAR
A3 2017,Maleta (Solo Lata),,DISPONIBLE,SANTIAGO,,,,,
A3 2017,Mangueras De Agua,,DISPONIBLE,SANTIAGO,,,,,
A3 2017,Manilla,Izquierda Exterior,DISPONIBLE,SANTIAGO,,,,,
A3 2017,Módulo Electrónico De Puerta,Izquierda,DISPONIBLE,SANTIAGO,,,,,"Termino especial ""nico"""
A3 2017,Motor De Alzavidrio,Izquierda,DISPONIBLE,SANTIAGO,,,,,
A3 2017,Motor De Partida,,DISPONIBLE,SANTIAGO,,,,,
A3 2017,Motor Facturable,,VENDIDO,SANTIAGO,790000.0,750000.0,,,
A3 2017,Muñón Y Maza,Delantera Izquierda,NO DISPONIBLE,SANTIAGO,,,,,Posible múltiple repuesto
A3 2017,Muñón Y Maza,Delantera Derecha,DISPONIBLE,SANTIAGO,,,,,Posible múltiple repuesto
A3 2017,Palanca De Cambios Con Piola,,DISPONIBLE,SANTIAGO,110000.0,100000.0,,,
A3 2017,Pisos Alfombras,Delantera,NO DISPONIBLE,SANTIAGO,,,,,
A3 2017,Pisos Alfombras,Trasera,VENDIDO,SANTIAGO,,,,,
A3 2017,Riel De Inyección,,DISPONIBLE,SANTIAGO,,,,,
A3 2017,Rueda De Repuesto,,VENDIDO,SANTIAGO,,,,,
A3 2017,Sensor Map,,DISPONIBLE,SANTIAGO,,,,,
A3 2017,Sensores Imán Cierre Capota Con Mini Ramal,,VENDIDO,SANTIAGO,30000.0,30000.0,,,
A3 2017,Tapa Centro Llanta,,DISPONIBLE,SANTIAGO,10000.0,10000.0,,,
A3 2017,Tapabarro,Delantera Derecha,VENDIDO,SANTIAGO,,,,CON DETALLE,
A3 2017,Tapiz Maleta,,DISPONIBLE,SANTIAGO,,,,,
A3 2017,Tapiz Puerta,Derecha,DISPONIBLE,SANTIAGO,35000.0,30000.0,,,
A3 2017,Tensor Correa De Accesorios,,DISPONIBLE,SANTIAGO,,,,,
A3 2017,Tercera Luz De Freno,,DISPONIBLE,SANTIAGO,,,,,
A3 2017,Tubos Plásticos De Aire,,DISPONIBLE,SANTIAGO,,,,,
A3 2017,Turbo,,DISPONIBLE,SANTIAGO,140000.0,130000.0,,,
A3 2017,,,,SANTIAGO,,,,,Nombre vacío; Sin estado de stock
A3 2017,,,,SANTIAGO,,,,,Nombre vacío; Sin estado de stock
A3 2017,,,,SANTIAGO,,,,,Nombre vacío; Sin estado de stock
A3 2017,,,,SANTIAGO,,,,,Nombre vacío; Sin estado de stock
A3 2017,,,,SANTIAGO,,,,,Nombre vacío; Sin estado de stock
A3 2017,,,,SANTIAGO,,,,,Nombre vacío; Sin estado de stock
A3 2017,,,,SANTIAGO,,,,,Nombre vacío; Sin estado de stock
A3 2017,,,,SANTIAGO,,,,,Nombre vacío; Sin estado de stock
A3 2017,,,,SANTIAGO,,,,,Nombre vacío; Sin estado de stock
A3 2017,,,,SANTIAGO,,,,,Nombre vacío; Sin estado de stock
A3 2017,,,,SANTIAGO,,,,,Nombre vacío; Sin estado de stock
A3 2017,,,,SANTIAGO,,,,,Nombre vacío; Sin estado de stock
A3 2017,,,,SANTIAGO,,,,,Nombre vacío; Sin estado de stock
A3 2017,,,,SANTIAGO,,,,,Nombre vacío; Sin estado de stock
A3 2017,,,,SANTIAGO,,,,,Nombre vacío; Sin estado de stock
A3 2017,,,,SANTIAGO,,,,,Nombre vacío; Sin estado de stock
A3 2017,,,,SANTIAGO,,,,,Nombre vacío; Sin estado de stock
A3 2017,,,,SANTIAGO,,,,,Nombre vacío; Sin estado de stock
A3 2017,,,,SANTIAGO,,,,,Nombre vacío; Sin estado de stock
A3 2017,,,,SANTIAGO,,,,,Nombre vacío; Sin estado de stock
A3 2017,,,,SANTIAGO,,,,,Nombre vacío; Sin estado de stock
A3 2017,,,,SANTIAGO,,,,,Nombre vacío; Sin estado de stock
A3 2017,,,,SANTIAGO,,,,,Nombre vacío; Sin estado de stock
A3 2017,,,,SANTIAGO,,,,,Nombre vacío; Sin estado de stock
A3 2017,,,,SANTIAGO,,,,,Nombre vacío; Sin estado de stock
A3 2017,,,,SANTIAGO,,,,,Nombre vacío; Sin estado de stock
A3 2017,,,,SANTIAGO,,,,,Nombre vacío; Sin estado de stock
A3 2017,,,,SANTIAGO,,,,,Nombre vacío; Sin estado de stock
A3 2017,,,,SANTIAGO,,,,,Nombre vacío; Sin estado de stock
A3 2017,,,,SANTIAGO,,,,,Nombre vacío; Sin estado de stock
A3 2017,,,,SANTIAGO,,,,,Nombre vacío; Sin estado de stock
A3 2017,,,,SANTIAGO,,,,,Nombre vacío; Sin estado de stock
A3 2017,,,,SANTIAGO,,,,,Nombre vacío; Sin estado de stock
A3 2017,,,,SANTIAGO,,,,,Nombre vacío; Sin estado de stock
A3 2017,,,,SANTIAGO,,,,,Nombre vacío; Sin estado de stock
A3 2017,,,,SANTIAGO,,,,,Nombre vacío; Sin estado de stock
A3 2017,,,,SANTIAGO,,,,,Nombre vacío; Sin estado de stock
A3 2017,,,,SANTIAGO,,,,,Nombre vacío; Sin estado de stock
A3 2017,,,,SANTIAGO,,,,,Nombre vacío; Sin estado de stock
A3 2017,,,,SANTIAGO,,,,,Nombre vacío; Sin estado de stock
A3 2017,,,,SANTIAGO,,,,,Nombre vacío; Sin estado de stock
A3 2017,,,,SANTIAGO,,,,,Nombre vacío; Sin estado de stock
A3 2017,,,,SANTIAGO,,,,,Nombre vacío; Sin estado de stock
A3 2017,,,,SANTIAGO,,,,,Nombre vacío; Sin estado de stock
A3 2017,,,,SANTIAGO,,,,,Nombre vacío; Sin estado de stock
A3 2017,,,,SANTIAGO,,,,,Nombre vacío; Sin estado de stock
A3 2017,,,,SANTIAGO,,,,,Nombre vacío; Sin estado de stock
A3 2017,,,,SANTIAGO,,,,,Nombre vacío; Sin estado de stock
A3 2017,,,,SANTIAGO,,,,,Nombre vacío; Sin estado de stock
A3 2017,,,,SANTIAGO,,,,,Nombre vacío; Sin estado de stock
A3 2017,,,,SANTIAGO,,,,,Nombre vacío; Sin estado de stock
A3 2017,,,,SANTIAGO,,,,,Nombre vacío; Sin estado de stock
A3 2017,,,,SANTIAGO,,,,,Nombre vacío; Sin estado de stock
A3 2017,,,,SANTIAGO,,,,,Nombre vacío; Sin estado de stock
A3 2017,,,,SANTIAGO,,,,,Nombre vacío; Sin estado de stock
A3 2017,,,,SANTIAGO,,,,,Nombre vacío; Sin estado de stock
A3 2017,,,,SANTIAGO,,,,,Nombre vacío; Sin estado de stock
A3 2017,,,,SANTIAGO,,,,,Nombre vacío; Sin estado de stock
A3 2017,,,,SANTIAGO,,,,,Nombre vacío; Sin estado de stock
A3 2017,,,,SANTIAGO,,,,,Nombre vacío; Sin estado de stock
A3 2017,,,,SANTIAGO,,,,,Nombre vacío; Sin estado de stock
A3 2017,,,,SANTIAGO,,,,,Nombre vacío; Sin estado de stock
A3 2017,,,,SANTIAGO,,,,,Nombre vacío; Sin estado de stock
A3 2017,,,,SANTIAGO,,,,,Nombre vacío; Sin estado de stock
A3 2017,,,,SANTIAGO,,,,,Nombre vacío; Sin estado de stock
A3 2017,,,,SANTIAGO,,,,,Nombre vacío; Sin estado de stock
A3 2017,,,,SANTIAGO,,,,,Nombre vacío; Sin estado de stock
A3 2017,,,,SANTIAGO,,,,,Nombre vacío; Sin estado de stock
A3 2017,,,,SANTIAGO,,,,,Nombre vacío; Sin estado de stock
A3 2017,,,,SANTIAGO,,,,,Nombre vacío; Sin estado de stock
A3 2017,,,,SANTIAGO,,,,,Nombre vacío; Sin estado de stock
A3 2017,,,,SANTIAGO,,,,,Nombre vacío; Sin estado de stock
A3 2017,,,,SANTIAGO,,,,,Nombre vacío; Sin estado de stock
A3 2017,,,,SANTIAGO,,,,,Nombre vacío; Sin estado de stock
A3 2017,,,,SANTIAGO,,,,,Nombre vacío; Sin estado de stock
A3 2017,,,,SANTIAGO,,,,,Nombre vacío; Sin estado de stock
A3 2017,,,,SANTIAGO,,,,,Nombre vacío; Sin estado de stock
A3 2017,,,,SANTIAGO,,,,,Nombre vacío; Sin estado de stock
A3 2017,,,,SANTIAGO,,,,,Nombre vacío; Sin estado de stock
A3 2017,,,,SANTIAGO,,,,,Nombre vacío; Sin estado de stock
A3 2017,,,,SANTIAGO,,,,,Nombre vacío; Sin estado de stock
A3 2017,,,,SANTIAGO,,,,,Nombre vacío; Sin estado de stock
A3 2017,,,,SANTIAGO,,,,,Nombre vacío; Sin estado de stock
A3 2017,,,,SANTIAGO,,,,,Nombre vacío; Sin estado de stock
A3 2017,,,,SANTIAGO,,,,,Nombre vacío; Sin estado de stock
A3 2017,,,,SANTIAGO,,,,,Nombre vacío; Sin estado de stock
A3 2017,,,,SANTIAGO,,,,,Nombre vacío; Sin estado de stock
A3 2017,,,,SANTIAGO,,,,,Nombre vacío; Sin estado de stock
A3 2017,,,,SANTIAGO,,,,,Nombre vacío; Sin estado de stock
A3 2017,,,,SANTIAGO,,,,,Nombre vacío; Sin estado de stock
A3 2017,,,,SANTIAGO,,,,,Nombre vacío; Sin estado de stock
A3 2017,,,,SANTIAGO,,,,,Nombre vacío; Sin estado de stock
A3 2017,,,,SANTIAGO,,,,,Nombre vacío; Sin estado de stock
A3 2017,,,,SANTIAGO,,,,,Nombre vacío; Sin estado de stock
ALTIMA 2014,Alternador,,VENDIDO,SANTIAGO,110000.0,100000.0,,,
ALTIMA 2014,Amortiguador,Delantera Izquierda,VENDIDO,SANTIAGO,90000.0,80000.0,,,
ALTIMA 2014,Amortiguador,Delantera Derecha,VENDIDO,SANTIAGO,90000.0,80000.0,,,
ALTIMA 2014,Amortiguador,Trasera Izquierda,NO DISPONIBLE,SANTIAGO,,,,,
ALTIMA 2014,Amortiguador,Trasera Derecha,VENDIDO,SANTIAGO,,,,,
ALTIMA 2014,Bandeja,Trasera Izquierda,VENDIDO,SANTIAGO,70000.0,65000.0,,,
ALTIMA 2014,Base Plástica De Distribución De Agua,,,,,,,,Sin estado de stock; Sin ubicación
ALTIMA 2014,Base Soporte Alternador,,,SANTIAGO,,,,,Sin estado de stock
ALTIMA 2014,Base Soporte De Motor,Derecha,,SANTIAGO,,,,,Sin estado de stock
ALTIMA 2014,Base Soporte Círculo Al Medio,Izquierda,,,,,,,Sin estado de stock; Sin ubicación
ALTIMA 2014,Base Soporte Triangular,Izquierda,,,,,,,Sin estado de stock; Sin ubicación
ALTIMA 2014,Base Soporte,Derecha,,,,,,,Sin estado de stock; Sin ubicación
ALTIMA 2014,Base Termostato Plástico,,VENDIDO,SANTIAGO,60000.0,60000.0,,,
ALTIMA 2014,Bcm O Módulo De Control,,VENDIDO,SANTIAGO,,,,,
ALTIMA 2014,Bisagra Capot,Izquierda,,,,,,,Sin estado de stock; Sin ubicación
ALTIMA 2014,Bisagra Capot,Derecha,,,,,,,Sin estado de stock; Sin ubicación
ALTIMA 2014,Bisagra De Maletero,,,SANTIAGO,,,,,Sin estado de stock
ALTIMA 2014,Bisagras Puerta,Delantera Izquierda,,SANTIAGO,,,,,Sin estado de stock
ALTIMA 2014,Bisagras Puerta,Delantera Derecha,VENDIDO,SANTIAGO,25000.0,20000.0,,,
ALTIMA 2014,Bisagras Puerta,Trasera Izquierda,,SANTIAGO,,,,,Sin estado de stock
ALTIMA 2014,Bisagras Puerta,Trasera Derecha,,SANTIAGO,,,,,Sin estado de stock
ALTIMA 2014,Bobina,,,SANTIAGO,,,,,Sin estado de stock
ALTIMA 2014,Bobina,,,SANTIAGO,,,,,Sin estado de stock
ALTIMA 2014,Bobina,,,SANTIAGO,,,,,Sin estado de stock
ALTIMA 2014,Bobina,,,SANTIAGO,,,,,Sin estado de stock
ALTIMA 2014,Bocina,,,SANTIAGO,,,,,Sin estado de stock
ALTIMA 2014,Bomba De Agua,,,,,,,,Sin estado de stock; Sin ubicación
ALTIMA 2014,Bomba Hidráulica Electrónica,,,,,,,,Sin estado de stock; Sin ubicación
ALTIMA 2014,Borner Negativo,,VENDIDO,SANTIAGO,,,,,
ALTIMA 2014,Botón De Alzavidrios Puerta,Delantera Derecha,,,,,,,Sin estado de stock; Sin ubicación
ALTIMA 2014,Botón De Alzavidrios Puerta,Trasera Izquierda,,,,,,,Sin estado de stock; Sin ubicación
ALTIMA 2014,Botón De Alzavidrios Puerta,Trasera Derecha,,,,,,,Sin estado de stock; Sin ubicación
ALTIMA 2014,Botón De Encendido,,VENDIDO,,,,,,Sin ubicación
ALTIMA 2014,Botón Hazard (Gatos),,,SANTIAGO,,,,,Sin estado de stock
ALTIMA 2014,Botonera De Alzavidrios Puerta,Delantera Izquierda,,,,,,,Sin estado de stock; Sin ubicación
ALTIMA 2014,Bsi,,VENDIDO,SANTIAGO,,,,,
ALTIMA 2014,Cajetín,,,,,,,,Sin estado de stock; Sin ubicación
ALTIMA 2014,Caliper,Delantera Derecha,,SANTIAGO,,,,,Sin estado de stock
ALTIMA 2014,Caliper,Trasera Izquierda,,SANTIAGO,,,,,Sin estado de stock
ALTIMA 2014,Caliper,Trasera Derecha,,SANTIAGO,,,,,Sin estado de stock
ALTIMA 2014,Canister,,,SANTIAGO,,,,,Sin estado de stock
ALTIMA 2014,Cañería Bomba De Freno,,,SANTIAGO,,,,,Sin estado de stock
ALTIMA 2014,Cañerías Aire Acondicionado,,DISPONIBLE,SANTIAGO,130000.0,120000.0,,,
ALTIMA 2014,Catalítico,,VENDIDO,SANTIAGO,,,,,
ALTIMA 2014,Chapa Capot,,,SANTIAGO,,,,,Sin estado de stock
ALTIMA 2014,Chapa Maleta,,,,,,,,Sin estado de stock; Sin ubicación
ALTIMA 2014,Chapa Puerta,Delantera Izquierda,,,,,,,Sin estado de stock; Sin ubicación
ALTIMA 2014,Chapa Puerta,Delantera Derecha,,,,,,,Sin estado de stock; Sin ubicación
ALTIMA 2014,Chapa Puerta,Trasera Izquierda,,,,,,,Sin estado de stock; Sin ubicación
ALTIMA 2014,Chapa Puerta,Trasera Derecha,,,,,,,Sin estado de stock; Sin ubicación
ALTIMA 2014,Cinta De Airbag,,,SANTIAGO,,,,,Sin estado de stock
ALTIMA 2014,Cinturón,Trasera Central,,SANTIAGO,,,,,Sin estado de stock
ALTIMA 2014,Cinturón,Trasera Izquierda,,SANTIAGO,,,,,Sin estado de stock
ALTIMA 2014,Cinturón,Trasera Derecha,,SANTIAGO,,,,,Sin estado de stock
ALTIMA 2014,Columna De Dirección,,,,,,,,Sin estado de stock; Sin ubicación
ALTIMA 2014,Compresor De Aire Acondicionado,,,,,,,,Sin estado de stock; Sin ubicación
ALTIMA 2014,Computador Caja,,,,,,,,Sin estado de stock; Sin ubicación
ALTIMA 2014,Conector Cinta De Airbag,,VENDIDO,SANTIAGO,25000.0,25000.0,,,
ALTIMA 2014,Control De Calefacción,,,,,,,,Sin estado de stock; Sin ubicación
ALTIMA 2014,Cremallera De Alzavidrios,Delantera Izquierda,VENDIDO,,80000.0,75000.0,,,Sin ubicación
ALTIMA 2014,Cremallera De Alzavidrios,Delantera Derecha,,,,,,,Sin estado de stock; Sin ubicación
ALTIMA 2014,Cremallera De Alzavidrios,Trasera Izquierda,,,,,,,Sin estado de stock; Sin ubicación
ALTIMA 2014,Cremallera De Alzavidrios,Trasera Derecha,,,,,,,Sin estado de stock; Sin ubicación
ALTIMA 2014,Cremallera De Dirección,,VENDIDO,SANTIAGO,100000.0,100000.0,,,
ALTIMA 2014,Cubre Zócalo,Izquierda,,,,,,,Sin estado de stock; Sin ubicación
ALTIMA 2014,Cubre Zócalo,Derecha,,,,,,,Sin estado de stock; Sin ubicación
ALTIMA 2014,Cuerpo De Aceleración,,,,,,,,Sin estado de stock; Sin ubicación
ALTIMA 2014,Cuna,,NO DISPONIBLE,SANTIAGO,,,,,
ALTIMA 2014,Depósito De Agua Con Tapa,,VENDIDO,SANTIAGO,,,,,
ALTIMA 2014,Disco De Freno,Trasera Izquierda,VENDIDO,SANTIAGO,,,,,
ALTIMA 2014,Disco De Freno Traserp,Derecha,VENDIDO,SANTIAGO,,,,,
ALTIMA 2014,Ecu Motor,,VENDIDO,SANTIAGO,150000.0,140000.0,,,
ALTIMA 2014,Embellecedor Sinóptico,,,SANTIAGO,,,,,Sin estado de stock
ALTIMA 2014,Enfriador De Aceite,,,SANTIAGO,,,,,Sin estado de stock
ALTIMA 2014,Enfriador De Aceite De Caja,,,,,,,,Sin estado de stock; Sin ubicación
ALTIMA 2014,Escape,Izquierda,VENDIDO,SANTIAGO,,,,,
ALTIMA 2014,Escape,Derecha,VENDIDO,SANTIAGO,45000.0,40000.0,,,
ALTIMA 2014,Espejo,Izquierda,VENDIDO,,,,,,Sin ubicación
ALTIMA 2014,Espejo,Derecha,VENDIDO,,95000.0,90000.0,,,Sin ubicación
ALTIMA 2014,Foco,Trasera Izquierda,,,,,,,Sin estado de stock; Sin ubicación
ALTIMA 2014,Foco,Trasera Derecha,VENDIDO,,,,,,Sin ubicación
ALTIMA 2014,Funda De Parachoque,Delantera,NO DISPONIBLE,SANTIAGO,,,,,
ALTIMA 2014,Funda De Parachoque,Trasera,VENDIDO,,,,,,Sin ubicación
ALTIMA 2014,Fusilera,Interior,,SANTIAGO,,,,,Sin estado de stock
ALTIMA 2014,Goma,Portalon,,SANTIAGO,,,,,Sin estado de stock
ALTIMA 2014,Goma Puerta,Delantera Izquierda,,SANTIAGO,,,,,Sin estado de stock
ALTIMA 2014,Goma Puerta,Delantera Derecha,,SANTIAGO,,,,,Sin estado de stock
ALTIMA 2014,Goma Puerta,Trasera Izquierda,,SANTIAGO,,,,,Sin estado de stock
ALTIMA 2014,Goma Puerta,Trasera Derecha,,SANTIAGO,,,,,Sin estado de stock
ALTIMA 2014,Goma Radiador,,,SANTIAGO,,,,,Sin estado de stock
ALTIMA 2014,Guantera,,,,,,,,Sin estado de stock; Sin ubicación
ALTIMA 2014,Guardafango,Trasera Izquierda,,SANTIAGO,,,,,Sin estado de stock
ALTIMA 2014,Guardafango,Trasera Derecha,,SANTIAGO,,,,,Sin estado de stock
ALTIMA 2014,Kit De Encendido,,VENDIDO,SANTIAGO,,,,,
ALTIMA 2014,Llanta,,VENDIDO,SANTIAGO,,,,,
ALTIMA 2014,Llanta,,VENDIDO,SANTIAGO,,,,,
ALTIMA 2014,Llanta,,VENDIDO,SANTIAGO,,,,,
ALTIMA 2014,Llanta,,VENDIDO,SANTIAGO,80000.0,75000.0,,,
ALTIMA 2014,Llave,,VENDIDO,SANTIAGO,,,,,
ALTIMA 2014,Luz Intermitente (Van En La Parte Del Neblinero),Izquierda,VENDIDO,SANTIAGO,30000.0,40000.0,,,
ALTIMA 2014,Luz Intermitente (Van En La Parte Del Neblinero),Derecha,VENDIDO,SANTIAGO,30000.0,25000.0,,,
ALTIMA 2014,Maleta,,DISPONIBLE,SANTIAGO,120000.0,115000.0,,,
ALTIMA 2014,Manguera Codo Corto,,,,,,,,Sin estado de stock; Sin ubicación
ALTIMA 2014,Manguera Con Termostatode Enfriador De Caja De Cambio,,VENDIDO,SANTIAGO,40000.0,40000.0,,,
ALTIMA 2014,Manguera Larga De Agua,,,,,,,,Sin estado de stock; Sin ubicación
ALTIMA 2014,Manilla Puerta,Delantera Izquierda Exterior,VENDIDO,SANTIAGO,,,,,
ALTIMA 2014,Manilla Puerta,Delantera Derecha Exterior,,,,,,,Sin estado de stock; Sin ubicación
ALTIMA 2014,Manilla Puerta,Trasera Izquierda Exterior,,,,,,,Sin estado de stock; Sin ubicación
ALTIMA 2014,Manilla Puerta,Trasera Derecha Exterior,,,,,,,Sin estado de stock; Sin ubicación
ALTIMA 2014,Manilla Puerta,Delantera Izquierda Interior,VENDIDO,SANTIAGO,,,,,
ALTIMA 2014,Manilla Puerta,Delantera Izquierda Interior,,,,,,,Sin estado de stock; Sin ubicación
ALTIMA 2014,Manilla Puerta,Trasera Izquierda Interior,,,,,,,Sin estado de stock; Sin ubicación
ALTIMA 2014,Manilla Puerta,Trasera Derecha Interior,VENDIDO,SANTIAGO,,,,,
ALTIMA 2014,Ménsula,Trasera Izquierda,,SANTIAGO,,,,,Sin estado de stock
ALTIMA 2014,Ménsula,Trasera Derecha,,SANTIAGO,,,,,Sin estado de stock
ALTIMA 2014,Motor De Calefacción,,VENDIDO,SANTIAGO,50000.0,50000.0,,,
ALTIMA 2014,Motor De Limpiaparabrisas,,,SANTIAGO,,,,,Sin estado de stock
ALTIMA 2014,Motor De Partida,,,,,,,,Sin estado de stock; Sin ubicación
ALTIMA 2014,Múltiple De Escape Con Catalítico,,VENDIDO,,80000.0,80000.0,,,Sin ubicación
ALTIMA 2014,Muñón Con Maza,Delantera Izquierda,DISPONIBLE,SANTIAGO,,,,,
ALTIMA 2014,Muñón Con Maza,Delantera Derecha,DISPONIBLE,SANTIAGO,,,,RODAMIENTO MALO,
ALTIMA 2014,Muñón Con Maza,Trasera Izquierda,DISPONIBLE,SANTIAGO,,,,,
ALTIMA 2014,Muñón Con Maza,Trasera Derecha,DISPONIBLE,SANTIAGO,,,,,
ALTIMA 2014,Neblinero,Delantera Izquierda,,,,,,,Sin estado de stock; Sin ubicación
ALTIMA 2014,Neblinero,Delantera Derecha,VENDIDO,,30000.0,30000.0,,,Sin ubicación
ALTIMA 2014,Palanca De Cambios,,VENDIDO,SANTIAGO,55000.0,55000.0,,,
ALTIMA 2014,Parasol,Izquierda,VENDIDO,SANTIAGO,20000.0,20000.0,,,
ALTIMA 2014,Parasol,Derecha,DISPONIBLE,SANTIAGO,25000.0,25000.0,,,
ALTIMA 2014,Parlante,Delantera Izquierda,,,,,,,Sin estado de stock; Sin ubicación
ALTIMA 2014,Parlante,Delantera Derecha,,,,,,,Sin estado de stock; Sin ubicación
ALTIMA 2014,Parlante Grande,Izquierda,,,,,,,Sin estado de stock; Sin ubicación
ALTIMA 2014,Parlante Grande,Derecha,,SANTIAGO,,,,,Sin estado de stock
ALTIMA 2014,Perno O Tornillo Maleta Rueda De Repuesto,,,SANTIAGO,,,,,Sin estado de stock
ALTIMA 2014,Piola Asientos Abatible,,,SANTIAGO,,,,,Sin estado de stock
ALTIMA 2014,Piola Caja De Cambio,,,SANTIAGO,,,,,Sin estado de stock
ALTIMA 2014,Piola Freno De Manos,,,SANTIAGO,,,,,Sin estado de stock
ALTIMA 2014,Piola Tapa De Bencina,,,SANTIAGO,,,,,Sin estado de stock
ALTIMA 2014,Plásticos De Pisadera,,,SANTIAGO,,,,,Sin estado de stock
ALTIMA 2014,Plumavit Rueda De Repuesto Partes),,,SANTIAGO,,,,,Sin estado de stock
ALTIMA 2014,Porta Filtro De Aire,,VENDIDO,,30000.0,25000.0,,,Sin ubicación
ALTIMA 2014,Posavaso Consola,Central,,SANTIAGO,,,,,Sin estado de stock
ALTIMA 2014,Puente,Trasera,,SANTIAGO,,,,,Sin estado de stock
ALTIMA 2014,Puerta Solo Lata,Delantera Izquierda,,,,,,,Sin estado de stock; Sin ubicación
ALTIMA 2014,Puerta Solo Lata,Delantera Derecha,VENDIDO,,160000.0,160000.0,,,Sin ubicación
ALTIMA 2014,Puerta Solo Lata,Trasera Izquierda,,SANTIAGO,,,,,Sin estado de stock
ALTIMA 2014,Puerta Solo Lata,Trasera Derecha,,SANTIAGO,,,,,Sin estado de stock
ALTIMA 2014,Radio,,,,,,,,Sin estado de stock; Sin ubicación
ALTIMA 2014,Ramal,Interior,,SANTIAGO,,,,,Sin estado de stock
ALTIMA 2014,Ramal Motor,,,SANTIAGO,,,,,Sin estado de stock
ALTIMA 2014,Refuerzo De Parachoque,Trasera,,,,,,,Sin estado de stock; Sin ubicación
ALTIMA 2014,Sensor Abs,Trasera Izquierda,,SANTIAGO,,,,,Sin estado de stock
ALTIMA 2014,Sensor Abs,Trasera Derecha,,SANTIAGO,,,,,Sin estado de stock
ALTIMA 2014,Sensor De Oxígeno,,,,,,,,Sin estado de stock; Sin ubicación
ALTIMA 2014,Sensor De Oxígeno,,VENDIDO,SANTIAGO,30000.0,30000.0,,,
ALTIMA 2014,Sensor Maf,,,,,,,,Sin estado de stock; Sin ubicación
ALTIMA 2014,Sensor Puertas,,,SANTIAGO,,,,,Sin estado de stock
ALTIMA 2014,Sensores De Estacionamiento Con Ramal,,,SANTIAGO,,,,,Sin estado de stock
ALTIMA 2014,Silenciador,Izquierda,,SANTIAGO,,,,,Sin estado de stock
ALTIMA 2014,Sinóptico,,,,,,,,Sin estado de stock; Sin ubicación
ALTIMA 2014,Slenciador,Derecha,,SANTIAGO,,,,,Sin estado de stock
ALTIMA 2014,Soporte Ecu,,,,,,,,Sin estado de stock; Sin ubicación
ALTIMA 2014,Soporte Escape,,,SANTIAGO,,,,,Sin estado de stock
ALTIMA 2014,Soporte Lado Motor,Inferior Central,,SANTIAGO,,,,,Sin estado de stock
ALTIMA 2014,Tapa De Bencina,Exterior,,SANTIAGO,,,,,Sin estado de stock
ALTIMA 2014,Tapa De Bencina,Interior,,SANTIAGO,,,,,Sin estado de stock
ALTIMA 2014,Tapa De Neblinero,Izquierda,,,,,,,Sin estado de stock; Sin ubicación
ALTIMA 2014,Tapa De Neblinero,Derecha,,,,,,,Sin estado de stock; Sin ubicación
ALTIMA 2014,Tapa Odómetro,,,SANTIAGO,,,,,Sin estado de stock
ALTIMA 2014,Tapa Odómetro Sinóptico,,,SANTIAGO,,,,,Sin estado de stock
ALTIMA 2014,Tapa Parlante Pequeño,Izquierda,,SANTIAGO,,,,,Sin estado de stock
ALTIMA 2014,Tapa Parlante Pequeño,Derecha,,SANTIAGO,,,,,Sin estado de stock
ALTIMA 2014,Tapa Plástica Panel,Trasera,,,,,,,Sin estado de stock; Sin ubicación
ALTIMA 2014,Tapa Plástica Termostato,,,,,,,,Sin estado de stock; Sin ubicación
ALTIMA 2014,Tapabarro,Izquierda,,,70000.0,60000.0,,,Sin estado de stock; Sin ubicación
ALTIMA 2014,Tapabarro (Con Detalle),Derecha,VENDIDO,,70000.0,60000.0,,,Sin ubicación
ALTIMA 2014,Tapiz Maleta,,,,,,,,Sin estado de stock; Sin ubicación
ALTIMA 2014,Tapiz Puerta,Delantera Izquierda,,,,,,,Sin estado de stock; Sin ubicación
ALTIMA 2014,Tapiz Puerta,Delantera Derecha,,,,,,,Sin estado de stock; Sin ubicación
ALTIMA 2014,Tapiz Puerta,Trasera Izquierda,,,,,,,Sin estado de stock; Sin ubicación
ALTIMA 2014,Tapiz Puerta,Trasera Derecha,,,,,,,Sin estado de stock; Sin ubicación
ALTIMA 2014,Telecomandos,,,,,,,,Sin estado de stock; Sin ubicación
ALTIMA 2014,Tercera Luz De Freno,,,SANTIAGO,,,,,Sin estado de stock
ALTIMA 2014,Tubo Aceite De Caja,,,,,,,,Sin estado de stock; Sin ubicación
ALTIMA 2014,Tubo Flexible De Filtro De Aire,,,SANTIAGO,,,,,Sin estado de stock
ALTIMA 2014,Válvula Aire Acondicionado,,VENDIDO,SANTIAGO,25000.0,25000.0,,,
ALTIMA 2014,Válvula Evap,,,SANTIAGO,,,,,Sin estado de stock
ALTIMA 2014,Vidrio Luneta Lateral Con Detalle En La Goma,Trasera Izquierda,,SANTIAGO,,,,CON PATENTE,Sin estado de stock
ALTIMA 2014,Vidrio Luneta Lateral Con Detalle En La Goma,Trasera Derecha,,SANTIAGO,,,,CON PATENTE,Sin estado de stock
ALTIMA 2014,Vidrio Luneta (Falta Un Enganche),Trasera,,SANTIAGO,,,,,Sin estado de stock
ALTIMA 2014,Vidrio Puerta,Delantera Izquierda,VENDIDO,SANTIAGO,60000.0,55000.0,,,
ALTIMA 2014,Vidrio Puerta,Delantera Derecha,,,,,,,Sin estado de stock; Sin ubicación
ALTIMA 2014,Vidrio Puerta,Trasera Izquierda,,,,,,,Sin estado de stock; Sin ubicación
ALTIMA 2014,Vidrio Puerta,Trasera Derecha,,,,,,,Sin estado de stock; Sin ubicación
ALTIMA 2014,Volante Airbag Activado Volante,,VENDIDO,SANTIAGO,50000.0,50000.0,,,Posible múltiple repuesto
ALTIMA 2014,,,,SANTIAGO,,,,,Nombre vacío; Sin estado de stock
ALTIMA 2014,,,,SANTIAGO,,,,,Nombre vacío; Sin estado de stock
ALTIMA 2014,,,,SANTIAGO,,,,,Nombre vacío; Sin estado de stock
ALTIMA 2014,,,,SANTIAGO,,,,,Nombre vacío; Sin estado de stock
ALTIMA 2014,,,,SANTIAGO,,,,,Nombre vacío; Sin estado de stock
ALTIMA 2014,,,,SANTIAGO,,,,,Nombre vacío; Sin estado de stock
ALTIMA 2014,,,,SANTIAGO,,,,,Nombre vacío; Sin estado de stock
ALTIMA 2014,,,,SANTIAGO,,,,,Nombre vacío; Sin estado de stock
ALTIMA 2014,,,,SANTIAGO,,,,,Nombre vacío; Sin estado de stock
ALTIMA 2014,,,,SANTIAGO,,,,,Nombre vacío; Sin estado de stock
ALTIMA 2014,,,,SANTIAGO,,,,,Nombre vacío; Sin estado de stock
ALTIMA 2014,,,,SANTIAGO,,,,,Nombre vacío; Sin estado de stock
ALTIMA 2014,,,,SANTIAGO,,,,,Nombre vacío; Sin estado de stock
ALTIMA 2014,,,,SANTIAGO,,,,,Nombre vacío; Sin estado de stock
ALTIMA 2014,,,,SANTIAGO,,,,,Nombre vacío; Sin estado de stock
ALTIMA 2014,,,,SANTIAGO,,,,,Nombre vacío; Sin estado de stock
ALTIMA 2014,,,,SANTIAGO,,,,,Nombre vacío; Sin estado de stock
ALTIMA 2014,,,,SANTIAGO,,,,,Nombre vacío; Sin estado de stock
ALTIMA 2014,,,,SANTIAGO,,,,,Nombre vacío; Sin estado de stock
ALTIMA 2014,,,,SANTIAGO,,,,,Nombre vacío; Sin estado de stock
ALTIMA 2014,,,,SANTIAGO,,,,,Nombre vacío; Sin estado de stock
ALTIMA 2014,,,,,,,,,Nombre vacío; Sin estado de stock; Sin ubicación
ALTIMA 2014,,,,,,,,,Nombre vacío; Sin estado de stock; Sin ubicación
ALTIMA 2014,,,,,,,,,Nombre vacío; Sin estado de stock; Sin ubicación
ALTIMA 2014,,,,,,,,,Nombre vacío; Sin estado de stock; Sin ubicación
ALTIMA 2014,,,,,,,,,Nombre vacío; Sin estado de stock; Sin ubicación
ALTIMA 2014,,,,,,,,,Nombre vacío; Sin estado de stock; Sin ubicación
ALTIMA 2014,,,,,,,,,Nombre vacío; Sin estado de stock; Sin ubicación
ALTIMA 2014,,,,,,,,,Nombre vacío; Sin estado de stock; Sin ubicación
ALTIMA 2014,,,,,,,,,Nombre vacío; Sin estado de stock; Sin ubicación
ALTIMA 2014,,,,,,,,,Nombre vacío; Sin estado de stock; Sin ubicación
ALTIMA 2014,,,,,,,,,Nombre vacío; Sin estado de stock; Sin ubicación
ALTIMA 2014,,,,,,,,,Nombre vacío; Sin estado de stock; Sin ubicación
ALTIMA 2014,,,,,,,,,Nombre vacío; Sin estado de stock; Sin ubicación
ALTIMA 2014,,,,,,,,,Nombre vacío; Sin estado de stock; Sin ubicación
ALTIMA 2014,,,,,,,,,Nombre vacío; Sin estado de stock; Sin ubicación
ALTIMA 2014,,,,,,,,,Nombre vacío; Sin estado de stock; Sin ubicación
ALTIMA 2014,,,,,,,,,Nombre vacío; Sin estado de stock; Sin ubicación
ALTIMA 2014,,,,,,,,,Nombre vacío; Sin estado de stock; Sin ubicación
ALTIMA 2014,,,,,,,,,Nombre vacío; Sin estado de stock; Sin ubicación
ALTIMA 2014,,,,,,,,,Nombre vacío; Sin estado de stock; Sin ubicación
ALTIMA 2014,,,,,,,,,Nombre vacío; Sin estado de stock; Sin ubicación
ARRIZO 3 2020,Alternador,,VENDIDO,,100000.0,90000.0,,PRECIO ACTUALIZADO ,Sin ubicación
ARRIZO 3 2020,Amortiguador,Delantera Izquierda,DISPONIBLE,,65000.0,60000.0,,,Sin ubicación
ARRIZO 3 2020,Amortiguador,Delantera Derecha,NO DISPONIBLE,,,,,,Sin ubicación
ARRIZO 3 2020,Bobina,,DISPONIBLE,,25000.0,20000.0,,,Sin ubicación
ARRIZO 3 2020,Bomba De Bencina,,DISPONIBLE,,50000.0,45000.0,,,Sin ubicación
ARRIZO 3 2020,Botón Puerta,Delantera Derecha,DISPONIBLE,,15000.0,10000.0,,,Sin ubicación
ARRIZO 3 2020,Botón Puerta,Trasera Izquierda,DISPONIBLE,,15000.0,10000.0,,,Sin ubicación
ARRIZO 3 2020,Botón Puerta,Trasera Derecha,DISPONIBLE,,15000.0,10000.0,,,Sin ubicación
ARRIZO 3 2020,Botonera Puerta,Delantera Izquierda,DISPONIBLE,,40000.0,30000.0,,,Sin ubicación
ARRIZO 3 2020,Brazo Limpiaparabrisas,Izquierda,DISPONIBLE,,15000.0,10000.0,,,Sin ubicación
ARRIZO 3 2020,Brazo Limpiaparabrisas,Derecha,DISPONIBLE,,15000.0,10000.0,,,Sin ubicación
ARRIZO 3 2020,Caja Cambios,,VENDIDO,,,,,,Sin ubicación
ARRIZO 3 2020,Cañerías De Aire Acondicionado,,DISPONIBLE,,60000.0,55000.0,,,Sin ubicación
ARRIZO 3 2020,Carter,,DISPONIBLE,,60000.0,55000.0,,,Sin ubicación
ARRIZO 3 2020,Chapa Capot,,DISPONIBLE,,25000.0,20000.0,,,Sin ubicación
ARRIZO 3 2020,Chapa Maleta,,DISPONIBLE,,20000.0,15000.0,,,Sin ubicación
ARRIZO 3 2020,Cigüeñal,,DISPONIBLE,,90000.0,80000.0,,,Sin ubicación
ARRIZO 3 2020,Columna De Dirección,,DISPONIBLE,,35000.0,30000.0,,,Sin ubicación
ARRIZO 3 2020,Control De Calefacción,,DISPONIBLE,,35700.0,30000.0,,,Sin ubicación
ARRIZO 3 2020,Cremallera De Alzavidrio,Delantera Izquierda,DISPONIBLE,,35700.0,30000.0,,,Sin ubicación
ARRIZO 3 2020,Cremallera De Alzavidrio,Delantera Derecha,DISPONIBLE,,35700.0,30000.0,,,Sin ubicación
ARRIZO 3 2020,Cremallera De Alzavidrio,Trasera Izquierda,DISPONIBLE,,35700.0,30000.0,,,Sin ubicación
ARRIZO 3 2020,Cremallera De Alzavidrio,Trasera Derecha,DISPONIBLE,,35700.0,30000.0,,,Sin ubicación
ARRIZO 3 2020,Cromado Máscara,,DISPONIBLE,,25000.0,20000.0,,,Sin ubicación
ARRIZO 3 2020,Cubre Chapa,Trasera,DISPONIBLE,,20000.0,20000.0,,,Sin ubicación
ARRIZO 3 2020,Cuerpo De Aceleración,,VENDIDO,,95000.0,50000.0,,,Sin ubicación
ARRIZO 3 2020,Culata,,DISPONIBLE,,320000.0,310000.0,,,Sin ubicación
ARRIZO 3 2020,Cuna,,DISPONIBLE,,6000.0,5000.0,,,Sin ubicación
ARRIZO 3 2020,Depósito De Limpiaparabrisas (Solo Tubo),,DISPONIBLE,,142800.0,120000.0,,,Sin ubicación
ARRIZO 3 2020,Ecu,,DISPONIBLE,,155000.0,145000.0,,,Sin ubicación
ARRIZO 3 2020,Eje Palier Con Detalle,Derecha,DISPONIBLE,,25000.0,20000.0,,,Sin ubicación
ARRIZO 3 2020,Eje Palier,Izquierda,DISPONIBLE,,65000.0,60000.0,,,Sin ubicación
ARRIZO 3 2020,Electroventilador,,DISPONIBLE,,60000.0,60000.0,,,Sin ubicación
ARRIZO 3 2020,Espejo,Central,DISPONIBLE,,15000.0,10000.0,,,Sin ubicación
ARRIZO 3 2020,Espejos Laterales,,NO DISPONIBLE,,,,,,Sin ubicación
ARRIZO 3 2020,Estanque Bencina,,VENDIDO,,30000.0,30000.0,,,Sin ubicación
ARRIZO 3 2020,Foco Luz Techo,Interior,DISPONIBLE,,12000.0,10000.0,,,Sin ubicación
ARRIZO 3 2020,Frontal Superior ,Delantera Superior,DISPONIBLE,,60000.0,50000.0,,,Sin ubicación
ARRIZO 3 2020,Guantera,,DISPONIBLE,,40000.0,30000.0,,,Sin ubicación
ARRIZO 3 2020,Llanta,,NO DISPONIBLE,,,,,,Sin ubicación
ARRIZO 3 2020,Llanta,,NO DISPONIBLE,,,,,,Sin ubicación
ARRIZO 3 2020,Llanta,,NO DISPONIBLE,,,,,,Sin ubicación
ARRIZO 3 2020,Llanta,,NO DISPONIBLE,,,,,,Sin ubicación
ARRIZO 3 2020,Luz Tapabarro,,DISPONIBLE,,,,,,Sin ubicación
ARRIZO 3 2020,Manilla Exte. Del,Derecha,VENDIDO,,25000.0,20000.0,,,Sin ubicación
ARRIZO 3 2020,Manilla,Trasera Izquierda Exterior,DISPONIBLE,,25000.0,25000.0,,,Sin ubicación
ARRIZO 3 2020,Manilla Para Abrir Tapa De Bencina,,DISPONIBLE,,10000.0,10000.0,,,Sin ubicación
ARRIZO 3 2020,Ménsula,Delantera Izquierda,DISPONIBLE,,15000.0,10000.0,,,Sin ubicación
ARRIZO 3 2020,Ménsula,Trasera Izquierda,DISPONIBLE,,15000.0,10000.0,,,Sin ubicación
ARRIZO 3 2020,Motor Completo,,VENDIDO,,590000.0,550000.0,,NO FACTURABLE,"Termino especial ""completo""; Sin ubicación"
ARRIZO 3 2020,Motor De Partida,,DISPONIBLE,,55000.0,50000.0,,,Sin ubicación
ARRIZO 3 2020,Neblinero,Delantera Derecha,DISPONIBLE,,15000.0,10000.0,,,Sin ubicación
ARRIZO 3 2020,Palanca De Cambios,,DISPONIBLE,,45000.0,40000.0,,,Sin ubicación
ARRIZO 3 2020,Parabrisas,,DISPONIBLE,,85000.0,80000.0,,,Sin ubicación
ARRIZO 3 2020,Parasol,Izquierda,DISPONIBLE,,20000.0,15000.0,,,Sin ubicación
ARRIZO 3 2020,Plásticos Marco Puerta,Trasera Inferior Izquierda,VENDIDO,,10000.0,10000.0,,,Sin ubicación
ARRIZO 3 2020,Plásticos Marco Puerta,Trasera Inferior Derecha,VENDIDO,,10000.0,10000.0,,,Sin ubicación
ARRIZO 3 2020,Porta Filtro,,VENDIDO,,25000.0,20000.0,,,Sin ubicación
ARRIZO 3 2020,Radiador De Aire Acondicionado,,NO DISPONIBLE,,,,,,Sin ubicación
ARRIZO 3 2020,Radiador De Calefacción,,DISPONIBLE,,25000.0,20000.0,,,Sin ubicación
ARRIZO 3 2020,Rodamiento Tensor De Accesorios,,DISPONIBLE,,15000.0,10000.0,,,Sin ubicación
ARRIZO 3 2020,Sensor Abs,,DISPONIBLE,,15000.0,10000.0,,,Sin ubicación
ARRIZO 3 2020,Sensor De Oxígeno,,DISPONIBLE,,30000.0,25000.0,,,Sin ubicación
ARRIZO 3 2020,Tapabarro Con Detalle,Izquierda,VENDIDO,,25000.0,20000.0,,,Sin ubicación
ARRIZO 3 2020,Telecomando Limpia Parabrisas,,DISPONIBLE,,25000.0,20000.0,,,Sin ubicación
ARRIZO 3 2020,Tirante De Puerta,,DISPONIBLE,,10000.0,10000.0,,SIN ESPECIFICAR LADO,Sin ubicación
ARRIZO 3 2020,Vidrio Luneta,Trasera Izquierda,DISPONIBLE,,40000.0,35000.0,,,Sin ubicación
ARRIZO 3 2020,Vidrio Luneta,Trasera Derecha,DISPONIBLE,,40000.0,35000.0,,,Sin ubicación
ARRIZO 3 2020,Vidrio Puerta,Delantera Izquierda,DISPONIBLE,,50000.0,45000.0,,,Sin ubicación
ARRIZO 3 2020,Vidrio Puerta,Delantera Derecha,DISPONIBLE,,50000.0,45000.0,,,Sin ubicación
ARRIZO 3 2020,Vidrio Puerta,Trasera Izquierda,VENDIDO,,50000.0,45000.0,,,Sin ubicación
ARRIZO 3 2020,Vidrio Puerta,Trasera Derecha,NO DISPONIBLE,,,,,,Sin ubicación
ARRIZO 3 2020,Volante De Inercia,,DISPONIBLE,,80000.0,70000.0,,,Sin ubicación
ARRIZO 3 2020,,,DISPONIBLE,,,,,,Nombre vacío; Sin ubicación
ARRIZO 3 2020,,,DISPONIBLE,,,,,,Nombre vacío; Sin ubicación
ARRIZO 3 2020,,,DISPONIBLE,,,,,,Nombre vacío; Sin ubicación
ARRIZO 3 2020,,,DISPONIBLE,,,,,,Nombre vacío; Sin ubicación
ARRIZO 3 2020,,,DISPONIBLE,,,,,,Nombre vacío; Sin ubicación
ARRIZO 3 2020,,,DISPONIBLE,,,,,,Nombre vacío; Sin ubicación
ARRIZO 3 2020,,,DISPONIBLE,,,,,,Nombre vacío; Sin ubicación
ARRIZO 3 2020,,,DISPONIBLE,,,,,,Nombre vacío; Sin ubicación
ARRIZO 3 2020,,,DISPONIBLE,,,,,,Nombre vacío; Sin ubicación
ARRIZO 3 2020,,,DISPONIBLE,,,,,,Nombre vacío; Sin ubicación
ARRIZO 3 2020,,,DISPONIBLE,,,,,,Nombre vacío; Sin ubicación
ARRIZO 3 2020,,,DISPONIBLE,,,,,,Nombre vacío; Sin ubicación
ARRIZO 3 2020,,,DISPONIBLE,,,,,,Nombre vacío; Sin ubicación
ARRIZO 3 2020,,,DISPONIBLE,,,,,,Nombre vacío; Sin ubicación
ARRIZO 3 2020,,,DISPONIBLE,,,,,,Nombre vacío; Sin ubicación
ARRIZO 3 2020,,,DISPONIBLE,,,,,,Nombre vacío; Sin ubicación
ARRIZO 3 2020,,,DISPONIBLE,,,,,,Nombre vacío; Sin ubicación
ARRIZO 3 2020,,,DISPONIBLE,,,,,,Nombre vacío; Sin ubicación
ARRIZO 3 2020,,,DISPONIBLE,,,,,,Nombre vacío; Sin ubicación
ARRIZO 3 2020,,,DISPONIBLE,,,,,,Nombre vacío; Sin ubicación
ARRIZO 3 2020,,,DISPONIBLE,,,,,,Nombre vacío; Sin ubicación
ARRIZO 3 2020,,,DISPONIBLE,,,,,,Nombre vacío; Sin ubicación
ARRIZO 3 2020,,,DISPONIBLE,,,,,,Nombre vacío; Sin ubicación
ARRIZO 3 2020,,,DISPONIBLE,,,,,,Nombre vacío; Sin ubicación
ARRIZO 3 2020,,,DISPONIBLE,,,,,,Nombre vacío; Sin ubicación
ARRIZO 3 2020,,,DISPONIBLE,,,,,,Nombre vacío; Sin ubicación
ARRIZO 3 2020,,,DISPONIBLE,,,,,,Nombre vacío; Sin ubicación
ARRIZO 3 2020,,,DISPONIBLE,,,,,,Nombre vacío; Sin ubicación
ARRIZO 3 2020,,,DISPONIBLE,,,,,,Nombre vacío; Sin ubicación
ARRIZO 3 2020,,,DISPONIBLE,,,,,,Nombre vacío; Sin ubicación
ARRIZO 3 2020,,,DISPONIBLE,,,,,,Nombre vacío; Sin ubicación
ARRIZO 3 2020,,,DISPONIBLE,,,,,,Nombre vacío; Sin ubicación
ARRIZO 3 2020,,,DISPONIBLE,,,,,,Nombre vacío; Sin ubicación
ARRIZO 3 2020,,,DISPONIBLE,,,,,,Nombre vacío; Sin ubicación
ARRIZO 3 2020,,,DISPONIBLE,,,,,,Nombre vacío; Sin ubicación
ARRIZO 3 2020,,,DISPONIBLE,,,,,,Nombre vacío; Sin ubicación
ARRIZO 3 2020,,,DISPONIBLE,,,,,,Nombre vacío; Sin ubicación
ARRIZO 3 2020,,,DISPONIBLE,,,,,,Nombre vacío; Sin ubicación
ARRIZO 3 2020,,,DISPONIBLE,,,,,,Nombre vacío; Sin ubicación
ARRIZO 3 2020,,,DISPONIBLE,,,,,,Nombre vacío; Sin ubicación
ARRIZO 3 2020,,,DISPONIBLE,,,,,,Nombre vacío; Sin ubicación
ARRIZO 3 2020,,,DISPONIBLE,,,,,,Nombre vacío; Sin ubicación
ARRIZO 3 2020,,,DISPONIBLE,,,,,,Nombre vacío; Sin ubicación
ARRIZO 3 2020,,,DISPONIBLE,,,,,,Nombre vacío; Sin ubicación
ARRIZO 3 2020,,,DISPONIBLE,,,,,,Nombre vacío; Sin ubicación
ARRIZO 3 2020,,,DISPONIBLE,,,,,,Nombre vacío; Sin ubicación
ARRIZO 3 2020,,,DISPONIBLE,,,,,,Nombre vacío; Sin ubicación
ARRIZO 3 2020,,,DISPONIBLE,,,,,,Nombre vacío; Sin ubicación
ARRIZO 3 2020,,,DISPONIBLE,,,,,,Nombre vacío; Sin ubicación
ARRIZO 3 2020,,,DISPONIBLE,,,,,,Nombre vacío; Sin ubicación
ARRIZO 3 2020,,,DISPONIBLE,,,,,,Nombre vacío; Sin ubicación
ARRIZO 3 2020,,,DISPONIBLE,,,,,,Nombre vacío; Sin ubicación
ARRIZO 3 2020,,,DISPONIBLE,,,,,,Nombre vacío; Sin ubicación
ARRIZO 3 2020,,,DISPONIBLE,,,,,,Nombre vacío; Sin ubicación
ARRIZO 3 2020,,,DISPONIBLE,,,,,,Nombre vacío; Sin ubicación
ARRIZO 3 2020,,,DISPONIBLE,,,,,,Nombre vacío; Sin ubicación
ARRIZO 3 2020,,,DISPONIBLE,,,,,,Nombre vacío; Sin ubicación
ARRIZO 3 2020,,,DISPONIBLE,,,,,,Nombre vacío; Sin ubicación
ARRIZO 3 2020,,,DISPONIBLE,,,,,,Nombre vacío; Sin ubicación
ARRIZO 3 2020,,,DISPONIBLE,,,,,,Nombre vacío; Sin ubicación
ARRIZO 3 2020,,,DISPONIBLE,,,,,,Nombre vacío; Sin ubicación
ARRIZO 3 2020,,,DISPONIBLE,,,,,,Nombre vacío; Sin ubicación
ARRIZO 3 2020,,,DISPONIBLE,,,,,,Nombre vacío; Sin ubicación
ARRIZO 3 2020,,,DISPONIBLE,,,,,,Nombre vacío; Sin ubicación
ARRIZO 3 2020,,,DISPONIBLE,,,,,,Nombre vacío; Sin ubicación
ARRIZO 3 2020,,,DISPONIBLE,,,,,,Nombre vacío; Sin ubicación
ARRIZO 3 2020,,,DISPONIBLE,,,,,,Nombre vacío; Sin ubicación
ARRIZO 3 2020,,,DISPONIBLE,,,,,,Nombre vacío; Sin ubicación
ARRIZO 3 2020,,,DISPONIBLE,,,,,,Nombre vacío; Sin ubicación
ARRIZO 3 2020,,,DISPONIBLE,,,,,,Nombre vacío; Sin ubicación
ARRIZO 3 2020,,,DISPONIBLE,,,,,,Nombre vacío; Sin ubicación
ARRIZO 3 2020,,,DISPONIBLE,,,,,,Nombre vacío; Sin ubicación
ARRIZO 3 2020,,,DISPONIBLE,,,,,,Nombre vacío; Sin ubicación
ARRIZO 3 2020,,,DISPONIBLE,,,,,,Nombre vacío; Sin ubicación
ARRIZO 3 2020,,,DISPONIBLE,,,,,,Nombre vacío; Sin ubicación
ARRIZO 3 2020,,,DISPONIBLE,,,,,,Nombre vacío; Sin ubicación
ARRIZO 3 2020,,,DISPONIBLE,,,,,,Nombre vacío; Sin ubicación
ARRIZO 3 2020,,,DISPONIBLE,,,,,,Nombre vacío; Sin ubicación
ARRIZO 3 2020,,,DISPONIBLE,,,,,,Nombre vacío; Sin ubicación
ARRIZO 3 2020,,,DISPONIBLE,,,,,,Nombre vacío; Sin ubicación
ARRIZO 3 2020,,,DISPONIBLE,,,,,,Nombre vacío; Sin ubicación
ARRIZO 3 2020,,,DISPONIBLE,,,,,,Nombre vacío; Sin ubicación
ARRIZO 3 2020,,,DISPONIBLE,,,,,,Nombre vacío; Sin ubicación
ARRIZO 3 2020,,,DISPONIBLE,,,,,,Nombre vacío; Sin ubicación
ARRIZO 3 2020,,,DISPONIBLE,,,,,,Nombre vacío; Sin ubicación
ARRIZO 3 2020,,,DISPONIBLE,,,,,,Nombre vacío; Sin ubicación
ARRIZO 3 2020,,,DISPONIBLE,,,,,,Nombre vacío; Sin ubicación
ARRIZO 3 2020,,,DISPONIBLE,,,,,,Nombre vacío; Sin ubicación
ARRIZO 3 2020,,,DISPONIBLE,,,,,,Nombre vacío; Sin ubicación
ARRIZO 3 2020,,,DISPONIBLE,,,,,,Nombre vacío; Sin ubicación
ARRIZO 3 2020,,,DISPONIBLE,,,,,,Nombre vacío; Sin ubicación
ARRIZO 3 2020,,,DISPONIBLE,,,,,,Nombre vacío; Sin ubicación
ARRIZO 3 2020,,,DISPONIBLE,,,,,,Nombre vacío; Sin ubicación
ARRIZO 3 2020,,,DISPONIBLE,,,,,,Nombre vacío; Sin ubicación
ARRIZO 3 2020,,,DISPONIBLE,,,,,,Nombre vacío; Sin ubicación
ARRIZO 3 2020,,,DISPONIBLE,,,,,,Nombre vacío; Sin ubicación
ARRIZO 3 2020,,,DISPONIBLE,,,,,,Nombre vacío; Sin ubicación
ARRIZO 3 2020,,,DISPONIBLE,,,,,,Nombre vacío; Sin ubicación
ARRIZO 3 2020,,,DISPONIBLE,,,,,,Nombre vacío; Sin ubicación
ARRIZO 3 2020,,,DISPONIBLE,,,,,,Nombre vacío; Sin ubicación
ARRIZO 3 2020,,,DISPONIBLE,,,,,,Nombre vacío; Sin ubicación
ARRIZO 3 2020,,,DISPONIBLE,,,,,,Nombre vacío; Sin ubicación
ARRIZO 3 2020,,,DISPONIBLE,,,,,,Nombre vacío; Sin ubicación
ARRIZO 3 2020,,,DISPONIBLE,,,,,,Nombre vacío; Sin ubicación
ARRIZO 3 2020,,,DISPONIBLE,,,,,,Nombre vacío; Sin ubicación
ARRIZO 3 2020,,,DISPONIBLE,,,,,,Nombre vacío; Sin ubicación
ARRIZO 3 2020,,,DISPONIBLE,,,,,,Nombre vacío; Sin ubicación
ARRIZO 3 2020,,,DISPONIBLE,,,,,,Nombre vacío; Sin ubicación
ARRIZO 3 2020,,,DISPONIBLE,,,,,,Nombre vacío; Sin ubicación
ARRIZO 3 2020,,,DISPONIBLE,,,,,,Nombre vacío; Sin ubicación
ARRIZO 3 2020,,,DISPONIBLE,,,,,,Nombre vacío; Sin ubicación
ARRIZO 3 2020,,,DISPONIBLE,,,,,,Nombre vacío; Sin ubicación
ARRIZO 3 2020,,,DISPONIBLE,,,,,,Nombre vacío; Sin ubicación
ARRIZO 3 2020,,,DISPONIBLE,,,,,,Nombre vacío; Sin ubicación
ARRIZO 3 2020,,,DISPONIBLE,,,,,,Nombre vacío; Sin ubicación
ARRIZO 3 2020,,,DISPONIBLE,,,,,,Nombre vacío; Sin ubicación
ARRIZO 3 2020,,,DISPONIBLE,,,,,,Nombre vacío; Sin ubicación
ARRIZO 3 2020,,,DISPONIBLE,,,,,,Nombre vacío; Sin ubicación
ARRIZO 3 2020,,,DISPONIBLE,,,,,,Nombre vacío; Sin ubicación
ARRIZO 3 2020,,,DISPONIBLE,,,,,,Nombre vacío; Sin ubicación
ARRIZO 3 2020,,,DISPONIBLE,,,,,,Nombre vacío; Sin ubicación
ARRIZO 3 2020,,,DISPONIBLE,,,,,,Nombre vacío; Sin ubicación
ARRIZO 3 2020,,,DISPONIBLE,,,,,,Nombre vacío; Sin ubicación
ARRIZO 3 2020,,,DISPONIBLE,,,,,,Nombre vacío; Sin ubicación
ARRIZO 3 2020,,,DISPONIBLE,,,,,,Nombre vacío; Sin ubicación
ARRIZO 3 2020,,,DISPONIBLE,,,,,,Nombre vacío; Sin ubicación
ARRIZO 3 2020,,,DISPONIBLE,,,,,,Nombre vacío; Sin ubicación
BORA 2012,Alternador,,DISPONIBLE,SANTIAGO,35000.0,30000.0,,tapa trasera rota,
BORA 2012,Amortiguador De Capot,,DISPONIBLE,,15000.0,15000.0,,,Sin ubicación
BORA 2012,Amortiguador,Delantera Izquierda,VENDIDO,SANTIAGO,60000.0,50000.0,,,
BORA 2012,Amortiguador,Delantera Derecha,VENDIDO,SANTIAGO,60000.0,50000.0,,,
BORA 2012,Amortiguador Maleta,,DISPONIBLE,SANTIAGO,20000.0,15000.0,,,
BORA 2012,Amortiguador Maleta (Par,Izquierda,DISPONIBLE,,25000.0,20000.0,,,Posible múltiple repuesto; Sin ubicación
BORA 2012,Amortiguador Maleta,Derecha,DISPONIBLE,,25000.0,20000.0,,,Sin ubicación
BORA 2012,Amortiguador,Trasera Izquierda,DISPONIBLE,SANTIAGO,25000.0,20000.0,,,
BORA 2012,Amortiguador,Trasera Derecha,DISPONIBLE,SANTIAGO,25000.0,20000.0,,,
BORA 2012,Apoya Brazo,,VENDIDO,SANTIAGO,20000.0,20000.0,,,
BORA 2012,Aseinto,Trasera,DISPONIBLE,,70000.0,65000.0,,,Sin ubicación
BORA 2012,Asiento Chofer,,VENDIDO,SANTIAGO,80000.0,75000.0,,,
BORA 2012,Asiento Copiloto,,VENDIDO,SANTIAGO,70000.0,65000.0,,,
BORA 2012,Bandeja,Delantera Izquierda,NO DISPONIBLE,SANTIAGO,,,,MALA,
BORA 2012,Bandeja,Delantera Derecha,NO DISPONIBLE,SANTIAGO,,,,MALA,
BORA 2012,Bandeja,Trasera Izquierda,DISPONIBLE,,,,,,Sin ubicación
BORA 2012,Bandeja,Trasera Derecha,DISPONIBLE,,,,,,Sin ubicación
BORA 2012,Barra Estabilizadora,Delantera,DISPONIBLE,SANTIAGO,25000.0,20000.0,,,
BORA 2012,Bcm,,VENDIDO,SANTIAGO,160000.0,155000.0,,,
BORA 2012,Bisagra Maleta,Izquierda,DISPONIBLE,SANTIAGO,15000.0,10000.0,,,
BORA 2012,Bisagra Maleta,Derecha,DISPONIBLE,SANTIAGO,15000.0,10000.0,,,
BORA 2012,Bobina,,NO DISPONIBLE,,,,,,Sin ubicación
BORA 2012,Bocina,,VENDIDO,SANTIAGO,15000.0,10000.0,,,
BORA 2012,Bomba De Bencina,,DISPONIBLE,SANTIAGO,55000.0,50000.0,,,
BORA 2012,Bomba De Freno Con Depósito,,DISPONIBLE,SANTIAGO,35000.0,30000.0,,,
BORA 2012,Bomba De Pedal De Embrague,,DISPONIBLE,SANTIAGO,35000.0,30000.0,,,
BORA 2012,Botón Hazard O Intermitente,,DISPONIBLE,SANTIAGO,15000.0,10000.0,,,
BORA 2012,Botonera Puerta,Delantera Izquierda,VENDIDO,SANTIAGO,45000.0,40000.0,,,
BORA 2012,Botonera Puerta,Delantera Derecha,DISPONIBLE,,20000.0,15000.0,,,Sin ubicación
BORA 2012,Botonera Puerta,Trasera Izquierda,DISPONIBLE,,20000.0,15000.0,,,Sin ubicación
BORA 2012,Botonera Puerta,Trasera Derecha,DISPONIBLE,,20000.0,15000.0,,,Sin ubicación
BORA 2012,Brazo Limpiaparabrisas Con Plumilla,Izquierda,VENDIDO,SANTIAGO,15000.0,10000.0,,,
BORA 2012,Brazo Limpiaparabrisas Con Plumilla,Derecha,DISPONIBLE,SANTIAGO,15000.0,10000.0,,,
BORA 2012,Caja De Cambios,,VENDIDO,SANTIAGO,400000.0,350000.0,,,
BORA 2012,Cajetin,,DISPONIBLE,,70000.0,60000.0,,,Sin ubicación
BORA 2012,Caliper,Delantera Izquierda,DISPONIBLE,SANTIAGO,48000.0,40000.0,,,
BORA 2012,Caliper,Delantera Derecha,DISPONIBLE,SANTIAGO,48000.0,40000.0,,,
BORA 2012,Caliper,Trasera Izquierda,DISPONIBLE,SANTIAGO,35000.0,30000.0,,,
BORA 2012,Caliper,Trasera Derecha,VENDIDO,SANTIAGO,35000.0,30000.0,,,
BORA 2012,Canister,,DISPONIBLE,REQUINOA,35000.0,30000.0,,,
BORA 2012,Capot,,NO DISPONIBLE,N/A,,,,,
BORA 2012,Catalítico,,VENDIDO,SANTIAGO,90000.0,80000.0,,,
BORA 2012,Chapa Capot,,DISPONIBLE,,20000.0,20000.0,,,Sin ubicación
BORA 2012,Chapa De Contacto,,DISPONIBLE,SANTIAGO,60000.0,50000.0,,,
BORA 2012,Chapa Maletero Con Logo,,VENDIDO,SANTIAGO,35000.0,30000.0,,,
BORA 2012,Chapa Puerta,Delantera Izquierda,VENDIDO,SANTIAGO,40000.0,35000.0,,,
BORA 2012,Chapa Puerta,Delantera Derecha,DISPONIBLE,,40000.0,35000.0,,,Sin ubicación
BORA 2012,Chapa Puerta,Trasera Izquierda,DISPONIBLE,,40000.0,35000.0,,,Sin ubicación
BORA 2012,Chapa Puerta,Trasera Derecha,DISPONIBLE,,40000.0,35000.0,,,Sin ubicación
BORA 2012,Cilindro De Embrague Bora,,DISPONIBLE,REQUINOA,25000.0,20000.0,,,
BORA 2012,Cinta De Airbag (Revisar Estado),,DISPONIBLE,SANTIAGO,35700.0,30000.0,,,
BORA 2012,Cinturón (Enganche),Trasera Central,DISPONIBLE,SANTIAGO,,,,,
BORA 2012,Cinturón,Trasera Izquierda,DISPONIBLE,SANTIAGO,,,,,
BORA 2012,Cinturón,Trasera Derecha,DISPONIBLE,SANTIAGO,,,,,
BORA 2012,Cofia,,DISPONIBLE,SANTIAGO,15000.0,10000.0,,DETALLES,
BORA 2012,Control Climatizador,,VENDIDO,,55000.0,50000.0,,,Sin ubicación
BORA 2012,Compresor Aire Acondicionado,,VENDIDO,SANTIAGO,35000.0,30000.0,,,
BORA 2012,Control De Luces,,DISPONIBLE,SANTIAGO,20000.0,20000.0,,,
BORA 2012,Corte Cuarto Pollo,Trasera Derecha,VENDIDO,SANTIAGO,80000.0,80000.0,,,
BORA 2012,Cremallera De Alzavidrio,Delantera Izquierda,DISPONIBLE,SANTIAGO,40000.0,35000.0,,,
BORA 2012,Cremallera De Alzavidrio,Delantera Derecha,VENDIDO,SANTIAGO,40000.0,35000.0,,,
BORA 2012,Cremallera De Alzavidrio,Trasera Izquierda,DISPONIBLE,SANTIAGO,40000.0,35000.0,,,
BORA 2012,Cremallera De Alzavidrio,Trasera Derecha,DISPONIBLE,SANTIAGO,40000.0,35000.0,,,
BORA 2012,Cremallera De Dirección,,VENDIDO,SANTIAGO,95000.0,90000.0,,,
BORA 2012,Cubre Carter,,NO DISPONIBLE,N/A,,,,,
BORA 2012,Cuerpo De Aceleracion,,VENDIDO,SANTIAGO,80000.0,70000.0,,,
BORA 2012,Cuna,,DISPONIBLE,SANTIAGO,80000.0,70000.0,,,
BORA 2012,Deposito De Agua O Líquido Refrigerante,,DISPONIBLE,SANTIAGO,25000.0,20000.0,,,
BORA 2012,Deposito De Limpiaparabrisas,,DISPONIBLE,SANTIAGO,25000.0,20000.0,,,
BORA 2012,Disco De Freno,Delantera Izquierda,VENDIDO,SANTIAGO,20000.0,15000.0,,,
BORA 2012,Disco De Freno,Delantera Derecha,VENDIDO,SANTIAGO,20000.0,15000.0,,,
BORA 2012,Disco De Freno,Trasera Izquierda,VENDIDO,SANTIAGO,15000.0,10000.0,,,
BORA 2012,Disco De Freno,Trasera Derecha,VENDIDO,SANTIAGO,15000.0,10000.0,,,
BORA 2012,Ecu,,DISPONIBLE,SANTIAGO,150000.0,140000.0,,PRECIO ACTUALIZADO ,
BORA 2012,Eje Palier,Izquierda,VENDIDO,SANTIAGO,75000.0,70000.0,,,
BORA 2012,Eje Palier,Derecha,DISPONIBLE,SANTIAGO,85000.0,80000.0,,,
BORA 2012,Eje,Trasera,DISPONIBLE,REQUINOA,83300.0,70000.0,,SOLO,
BORA 2012,Electroventilador,,NO DISPONIBLE,N/A,,,,,
BORA 2012,Embrague,,DISPONIBLE,SANTIAGO,45000.0,40000.0,,,
BORA 2012,Espejo,Central,DISPONIBLE,SANTIAGO,15000.0,10000.0,,,
BORA 2012,Espejo,Izquierda,VENDIDO,SANTIAGO,40000.0,35000.0,,,
BORA 2012,Espejo,Derecha,VENDIDO,SANTIAGO,40000.0,35000.0,,ALTERNATIVO,
BORA 2012,Foco Luz Techo,Interior,DISPONIBLE,SANTIAGO,20000.0,15000.0,,,
BORA 2012,Foco Intermitente,Derecha,VENDIDO,SANTIAGO,15000.0,10000.0,,,
BORA 2012,Foco,Trasera Derecha Exterior,VENDIDO,SANTIAGO,40000.0,35000.0,,,
BORA 2012,Foco,Trasera Izquierda Exterior,VENDIDO,SANTIAGO,35000.0,30000.0,,CON PIQUETITO,
BORA 2012,Foco,Trasera Izquierda Interior,VENDIDO,SANTIAGO,35000.0,30000.0,,,
BORA 2012,Foco,Trasera Derecha Interior,VENDIDO,SANTIAGO,35000.0,30000.0,,,
BORA 2012,Funda De Parachoque,Trasera,DISPONIBLE,SANTIAGO,60000.0,50000.0,,,
BORA 2012,Goma Contorno De Techo,Izquierda,DISPONIBLE,SANTIAGO,15000.0,10000.0,,,
BORA 2012,Guantera,,VENDIDO,SANTIAGO,45000.0,40000.0,,,
BORA 2012,Guardafango,Delantera Izquierda,NO DISPONIBLE,N/A,,,,,
BORA 2012,Guardafango,Delantera Derecha,NO DISPONIBLE,N/A,,,,,
BORA 2012,Guardafango,Trasera Izquierda,DISPONIBLE,SANTIAGO,15000.0,10000.0,,,
BORA 2012,Guardafango,Trasera Derecha,DISPONIBLE,SANTIAGO,15000.0,10000.0,,,
BORA 2012,Intermitente Tapabarro,Izquierda,DISPONIBLE,,15000.0,10000.0,,,Sin ubicación
BORA 2012,Intermitente Tapabarro,Derecha,DISPONIBLE,,15000.0,10000.0,,,Sin ubicación
BORA 2012,Inyector Volksvagen Bora,,DISPONIBLE,,15000.0,10000.0,,CADA UNO,Sin ubicación
BORA 2012,Llanta,,VENDIDO,SANTIAGO,80000.0,70000.0,,,
BORA 2012,Llanta,,VENDIDO,SANTIAGO,70000.0,65000.0,,,
BORA 2012,Llanta Sin Tapa Centro,,VENDIDO,SANTIAGO,60000.0,55000.0,,,
BORA 2012,Llanta Sin Tapa Centro,,VENDIDO,SANTIAGO,60000.0,55000.0,,,
BORA 2012,Llave,,VENDIDO,SANTIAGO,60000.0,55000.0,,,
BORA 2012,Luneta,Trasera,VENDIDO,SANTIAGO,55000.0,50000.0,,PARABRISAS TASERO,
BORA 2012,Luz Maleta,Izquierda,DISPONIBLE,SANTIAGO,6000.0,5000.0,,,
BORA 2012,Luz Maleta,Derecha,DISPONIBLE,SANTIAGO,6000.0,5000.0,,,
BORA 2012,Luz Patente,Izquierda,DISPONIBLE,SANTIAGO,6000.0,5000.0,,,
BORA 2012,Luz Patente,Derecha,DISPONIBLE,SANTIAGO,6000.0,5000.0,,,
BORA 2012,Luz Techo,,VENDIDO,,,,,,Sin ubicación
BORA 2012,Maleta,,VENDIDO,SANTIAGO,100000.0,95000.0,,,
BORA 2012,Mando De Bencina,,DISPONIBLE,,15000.0,10000.0,,,Sin ubicación
BORA 2012,Manilla,Delantera Izquierda Exterior,DISPONIBLE,SANTIAGO,15000.0,15000.0,,,
BORA 2012,Manilla,Delantera Derecha Exterior,DISPONIBLE,SANTIAGO,15000.0,15000.0,,,
BORA 2012,Manilla,Trasera Izquierda Exterior,DISPONIBLE,SANTIAGO,15000.0,15000.0,,,
BORA 2012,Manilla,Trasera Derecha Exterior,DISPONIBLE,SANTIAGO,15000.0,10000.0,,,
BORA 2012,Manilla De Capot Más Piola,Interior,DISPONIBLE,SANTIAGO,,,,,
BORA 2012,Manilla,Delantera Izquierda Interior,DISPONIBLE,SANTIAGO,15000.0,10000.0,,,
BORA 2012,Manilla,Delantera Derecha Interior,DISPONIBLE,SANTIAGO,15000.0,10000.0,,,
BORA 2012,Manilla,Trasera Izquierda Interior,DISPONIBLE,SANTIAGO,15000.0,10000.0,,,
BORA 2012,Manilla,Trasera Derecha Interior,DISPONIBLE,SANTIAGO,15000.0,15000.0,,,
BORA 2012,Ménsula,Trasera Izquierda,DISPONIBLE,SANTIAGO,15000.0,10000.0,,,
BORA 2012,Ménsula,Trasera Derecha,DISPONIBLE,SANTIAGO,15000.0,10000.0,,,
BORA 2012,Mésula De Parachoque De Foco,Trasera Izquierda,DISPONIBLE,SANTIAGO,15000.0,10000.0,,,
BORA 2012,Mésula De Parachoque De Foco,Trasera Derecha,DISPONIBLE,SANTIAGO,15000.0,10000.0,,,
BORA 2012,Módulo Abs,,DISPONIBLE,SANTIAGO,70000.0,60000.0,,,
BORA 2012,Moldura Puerta,Delantera Izquierda,DISPONIBLE,SANTIAGO,15000.0,10000.0,,,
BORA 2012,Moldura Puerta,Trasera Izquierda,DISPONIBLE,SANTIAGO,15000.0,10000.0,,,
BORA 2012,Moldura Puerta,Trasera Derecha,DISPONIBLE,SANTIAGO,15000.0,10000.0,,,
BORA 2012,Motor Calefacción,,DISPONIBLE,SANTIAGO,83300.0,70000.0,,,
BORA 2012,Motor De Partida,,NO DISPONIBLE,N/A,,,,MALO,
BORA 2012,Motor Facturable (Más Iva),,VENDIDO,SANTIAGO,650000.0,590000.0,,,
BORA 2012,Motor Limpiaparabrisas Con Varillaje,,DISPONIBLE,SANTIAGO,40000.0,35000.0,,,
BORA 2012,Multiple De Admisión,,DISPONIBLE,,75000.0,65000.0,,,Sin ubicación
BORA 2012,Múltiple De Escape,,DISPONIBLE,SANTIAGO,25000.0,20000.0,,,
BORA 2012,Muñon,Delantera Izquierda,DISPONIBLE,SANTIAGO,50000.0,45000.0,,,
BORA 2012,Muñon,Delantera Derecha,VENDIDO,,50000.0,45000.0,,,Sin ubicación
BORA 2012,Palanca De Cambios,,DISPONIBLE,SANTIAGO,60000.0,55000.0,,,
BORA 2012,Palanca Freno De Manos,,VENDIDO,SANTIAGO,40000.0,40000.0,,,
BORA 2012,Parabrisas,,VENDIDO,SANTIAGO,,,,,
BORA 2012,Parasol,Izquierda,DISPONIBLE,SANTIAGO,20000.0,15000.0,,,
BORA 2012,Parasol,Derecha,DISPONIBLE,SANTIAGO,20000.0,15000.0,,,
BORA 2012,Pedal De Aceleración,,DISPONIBLE,SANTIAGO,55000.0,50000.0,,,
BORA 2012,Pedal De Embrague,,DISPONIBLE,SANTIAGO,35000.0,30000.0,,,
BORA 2012,Pedal De Freno,,DISPONIBLE,SANTIAGO,25000.0,20000.0,,,
BORA 2012,Piola Capot,,DISPONIBLE,,15000.0,10000.0,,,Sin ubicación
BORA 2012,Piolas Palanca De Cambios,,DISPONIBLE,SANTIAGO,70000.0,65000.0,,PUESTAS EN LA PALANCA,
BORA 2012,Porta Filtro De Aire,,DISPONIBLE,SANTIAGO,45000.0,40000.0,,,
BORA 2012,Puerta Solo Lata,Delantera Izquierda,DISPONIBLE,SANTIAGO,75000.0,65000.0,,,
BORA 2012,Puerta Solo Lata,Delantera Derecha,VENDIDO,SANTIAGO,75000.0,65000.0,,,
BORA 2012,Puerta Solo Lata,Trasera Izquierda,DISPONIBLE,SANTIAGO,75000.0,65000.0,,,
BORA 2012,Puerta Solo Lata,Trasera Derecha,DISPONIBLE,SANTIAGO,75000.0,65000.0,,,
BORA 2012,Radiador De Agua,,NO DISPONIBLE,N/A,,,,,
BORA 2012,Radiador De Aire Acondicinado,,NO DISPONIBLE,N/A,,,,,
BORA 2012,Radio,,VENDIDO,SANTIAGO,55000.0,50000.0,,,
BORA 2012,Refuerzo De Parachoque,Trasera,DISPONIBLE,SANTIAGO,45000.0,40000.0,,,
BORA 2012,Resistencia De Calefacción,Interior,DISPONIBLE,SANTIAGO,15000.0,15000.0,,,
BORA 2012,Riel De Inyeccion Sin Inyectores,,DISPONIBLE,,30000.0,25000.0,,,Sin ubicación
BORA 2012,Rodamiento Tensor De Accesorios,,VENDIDO,SANTIAGO,25000.0,20000.0,,,
BORA 2012,Sensor Abs,Trasera Izquierda,DISPONIBLE,SANTIAGO,,10000.0,,,
BORA 2012,Sensor Cigûeñal,,DISPONIBLE,,25000.0,20000.0,,,Sin ubicación
BORA 2012,Sensor De Oxígeno Banco,,VENDIDO,SANTIAGO,30000.0,25000.0,,,
BORA 2012,Sensor De Oxigeno Banco,,DISPONIBLE,SANTIAGO,30000.0,25000.0,,,
BORA 2012,Sensor De Velocidad,,DISPONIBLE,SANTIAGO,25000.0,20000.0,,,
BORA 2012,Sensor Pedal De Freno,,DISPONIBLE,SANTIAGO,,10000.0,,,
BORA 2012,Servo Freno,,DISPONIBLE,SANTIAGO,35700.0,30000.0,,,
BORA 2012,Sinóptico,,DISPONIBLE,SANTIAGO,55000.0,50000.0,,,
BORA 2012,Soporte (Hueso),Central,NO DISPONIBLE,N/A,,,,,
BORA 2012,Soporte De Caja,Izquierda,NO DISPONIBLE,N/A,,,,,
BORA 2012,Soporte De Motor,,NO DISPONIBLE,N/A,,,,,
BORA 2012,Sunroof,,VENDIDO,SANTIAGO,90000.0,80000.0,,,
BORA 2012,Tapa De Bencina,Exterior,DISPONIBLE,SANTIAGO,20000.0,15000.0,,,
BORA 2012,Tapa De Bencina,Interior,DISPONIBLE,SANTIAGO,15000.0,10000.0,,,
BORA 2012,Tapa De Neblinero,Izquierda,NO DISPONIBLE,N/A,,,,,
BORA 2012,Tapa De Neblinero,Derecha,NO DISPONIBLE,N/A,,,,,
BORA 2012,Tapabarro Con Detalle,Izquierda,DISPONIBLE,SANTIAGO,35000.0,30000.0,,,
BORA 2012,Tapabarro Con Detalle,Derecha,VENDIDO,SANTIAGO,40000.0,35000.0,,,
BORA 2012,Tapiz Puerta,Delantera Izquierda,VENDIDO,SANTIAGO,30000.0,25000.0,,,
BORA 2012,Tapiz Puerta,Delantera Derecha,DISPONIBLE,,30000.0,25000.0,,,Sin ubicación
BORA 2012,Tapiz Puerta,Trasera Izquierda,DISPONIBLE,,30000.0,25000.0,,,Sin ubicación
BORA 2012,Tapiz Puerta,Trasera Derecha,DISPONIBLE,,30000.0,25000.0,,,Sin ubicación
BORA 2012,Tapiz Sunroof,,VENDIDO,SANTIAGO,50000.0,45000.0,,SOLO,
BORA 2012,Tapiz Techo,,VENDIDO,SANTIAGO,90000.0,85000.0,,COMPLETO CON SUNROOF,
BORA 2012,Techo Solo Lata,,DISPONIBLE,,85000.0,75000.0,,SE ABONA EL 50% PARA SACAR,Sin ubicación
BORA 2012,Telecomando Intermitente De Luces,,NO DISPONIBLE,N/A,,,,ROTO LADO LUCES,
BORA 2012,Telecomando Limpiaparabrisas,,DISPONIBLE,SANTIAGO,25000.0,20000.0,,,
BORA 2012,Toma De Aire,,DISPONIBLE,,20000.0,15000.0,,,Sin ubicación
BORA 2012,Tubería De Aire,,VENDIDO,SANTIAGO,25000.0,20000.0,,,
BORA 2012,Válvula Expansión Aire,,DISPONIBLE,REQUINOA,25000.0,20000.0,,IVÁN,
BORA 2012,Varilla De Aceite,,DISPONIBLE,SANTIAGO,20000.0,15000.0,,,
BORA 2012,Vidrio Luneta Puerta,Trasera Izquierda,DISPONIBLE,,35000.0,30000.0,,,Sin ubicación
BORA 2012,Vidrio Luneta Puerta,Trasera Derecha,DISPONIBLE,,35000.0,30000.0,,,Sin ubicación
BORA 2012,Vidrio Puerta,Delantera Izquierda,VENDIDO,SANTIAGO,35000.0,30000.0,,,
BORA 2012,Vidrio Puerta,Delantera Derecha,DISPONIBLE,SANTIAGO,35000.0,30000.0,,,
BORA 2012,Vidrio Puerta,Trasera Izquierda,VENDIDO,SANTIAGO,35000.0,30000.0,,,
BORA 2012,Vidrio Puerta,Trasera Derecha,DISPONIBLE,SANTIAGO,35000.0,30000.0,,,
BORA 2012,Volante (Manubrio),,VENDIDO,SANTIAGO,35000.0,30000.0,,,
BORA 2012,Volante Motor,,DISPONIBLE,SANTIAGO,55000.0,50000.0,,,
BORA 2012,,,DISPONIBLE,,,,,,Nombre vacío; Sin ubicación
BORA 2012,,,DISPONIBLE,,,,,,Nombre vacío; Sin ubicación
BORA 2012,,,DISPONIBLE,,,,,,Nombre vacío; Sin ubicación
BORA 2012,,,DISPONIBLE,,,,,,Nombre vacío; Sin ubicación
BORA 2012,,,DISPONIBLE,,,,,,Nombre vacío; Sin ubicación
BORA 2012,,,DISPONIBLE,,,,,,Nombre vacío; Sin ubicación
BORA 2012,,,DISPONIBLE,,,,,,Nombre vacío; Sin ubicación
BORA 2012,,,DISPONIBLE,,,,,,Nombre vacío; Sin ubicación
BORA 2012,,,DISPONIBLE,,,,,,Nombre vacío; Sin ubicación
BORA 2012,,,DISPONIBLE,,,,,,Nombre vacío; Sin ubicación
BORA 2012,,,DISPONIBLE,,,,,,Nombre vacío; Sin ubicación
BORA 2012,,,DISPONIBLE,,,,,,Nombre vacío; Sin ubicación
BORA 2012,,,DISPONIBLE,,,,,,Nombre vacío; Sin ubicación
BORA 2012,,,DISPONIBLE,,,,,,Nombre vacío; Sin ubicación
BORA 2012,,,DISPONIBLE,,,,,,Nombre vacío; Sin ubicación
BORA 2012,,,DISPONIBLE,,,,,,Nombre vacío; Sin ubicación
BORA 2012,,,DISPONIBLE,,,,,,Nombre vacío; Sin ubicación
BORA 2012,,,DISPONIBLE,,,,,,Nombre vacío; Sin ubicación
BORA 2012,,,DISPONIBLE,,,,,,Nombre vacío; Sin ubicación
BORA 2012,,,DISPONIBLE,,,,,,Nombre vacío; Sin ubicación
BORA 2012,,,DISPONIBLE,,,,,,Nombre vacío; Sin ubicación
BORA 2012,,,DISPONIBLE,,,,,,Nombre vacío; Sin ubicación
BORA 2012,,,DISPONIBLE,,,,,,Nombre vacío; Sin ubicación
BORA 2012,,,DISPONIBLE,,,,,,Nombre vacío; Sin ubicación
BORA 2012,,,DISPONIBLE,,,,,,Nombre vacío; Sin ubicación
BORA 2012,,,DISPONIBLE,,,,,,Nombre vacío; Sin ubicación
BORA 2012,,,DISPONIBLE,,,,,,Nombre vacío; Sin ubicación
BORA 2012,,,DISPONIBLE,,,,,,Nombre vacío; Sin ubicación
BORA 2012,,,DISPONIBLE,,,,,,Nombre vacío; Sin ubicación
BORA 2012,,,DISPONIBLE,,,,,,Nombre vacío; Sin ubicación
BORA 2012,,,DISPONIBLE,,,,,,Nombre vacío; Sin ubicación
BORA 2012,,,DISPONIBLE,,,,,,Nombre vacío; Sin ubicación
BORA 2012,,,DISPONIBLE,,,,,,Nombre vacío; Sin ubicación
BORA 2012,,,DISPONIBLE,,,,,,Nombre vacío; Sin ubicación
BORA 2012,,,DISPONIBLE,,,,,,Nombre vacío; Sin ubicación
BORA 2012,,,DISPONIBLE,,,,,,Nombre vacío; Sin ubicación
BORA 2012,,,DISPONIBLE,,,,,,Nombre vacío; Sin ubicación
BORA 2012,,,DISPONIBLE,,,,,,Nombre vacío; Sin ubicación
BORA 2012,,,DISPONIBLE,,,,,,Nombre vacío; Sin ubicación
BORA 2012,,,DISPONIBLE,,,,,,Nombre vacío; Sin ubicación
BORA 2012,,,DISPONIBLE,,,,,,Nombre vacío; Sin ubicación
C200 2015,Alternador,,VENDIDO,SANTIAGO,110000.0,100000.0,,,
C200 2015,Amortiguador,Delantera Izquierda,DISPONIBLE,,110000.0,100000.0,,,Sin ubicación
C200 2015,Amortiguador,Trasera Izquierda,DISPONIBLE,SANTIAGO,47600.0,40000.0,,,
C200 2015,Amortiguador,Trasera Derecha,DISPONIBLE,SANTIAGO,47600.0,40000.0,,,
C200 2015,Axial,Izquierda,VENDIDO,SANTIAGO,40000.0,35000.0,,,
C200 2015,Axial,Derecha,DISPONIBLE,,40000.0,35000.0,,,Sin ubicación
C200 2015,Bandeja,Delantera Inferior Derecha,VENDIDO,SANTIAGO,,,,,
C200 2015,Bandeja,Delantera Superior Derecha,VENDIDO,SANTIAGO,,,,,
C200 2015,Bandeja Horquilla,Trasera Izquierda,DISPONIBLE,SANTIAGO,35000.0,30000.0,,,
C200 2015,Bandeja Horquilla,Trasera Derecha,DISPONIBLE,SANTIAGO,35000.0,30000.0,,,
C200 2015,Bandeja,Trasera Inferior Izquierda,DISPONIBLE,SANTIAGO,25000.0,20000.0,,,
C200 2015,Bandeja,Trasera Inferior Derecha,DISPONIBLE,SANTIAGO,25000.0,20000.0,,,
C200 2015,Bandeja Mediana,Trasera Izquierda,DISPONIBLE,SANTIAGO,25000.0,20000.0,,,
C200 2015,Bandeja Mediana,Trasera Derecha,DISPONIBLE,SANTIAGO,25000.0,20000.0,,,
C200 2015,Bandeja,Trasera Superior Izquierda,DISPONIBLE,SANTIAGO,25000.0,20000.0,,,
C200 2015,Bandeja,Trasera Superior Derecha,DISPONIBLE,SANTIAGO,25000.0,20000.0,,,
C200 2015,Bobina,,DISPONIBLE,SANTIAGO,50000.0,45000.0,,,
C200 2015,Bomba De Bencina (Lo Que Queda),,VENDIDO,SANTIAGO,80000.0,70000.0,,,
C200 2015,Bomba De Pedal De Embrague,,DISPONIBLE,SANTIAGO,,,,,
C200 2015,Bomba Hidráulica,,VENDIDO,SANTIAGO,150000.0,120000.0,,,
C200 2015,Botón Eco,,DISPONIBLE,SANTIAGO,15000.0,10000.0,,,
C200 2015,Botón Hazard,,DISPONIBLE,SANTIAGO,15000.0,10000.0,,,
C200 2015,Brazo Limpiaparabrisas,Trasera Portalon,DISPONIBLE,SANTIAGO,,,,NOTIEN LIMPIA PARABRISAS,
C200 2015,Caja Fusilera,,DISPONIBLE,,260000.0,250000.0,,,Sin ubicación
C200 2015,Caja Mecánica,,DISPONIBLE,,550000.0,500000.0,,,Sin ubicación
C200 2015,Caliper,Delantera Izquierda,DISPONIBLE,,95000.0,90000.0,,,Sin ubicación
C200 2015,Caliper,Delantera Derecha,DISPONIBLE,,95000.0,90000.0,,,Sin ubicación
C200 2015,Caliper,Trasera Izquierda,VENDIDO,SANTIAGO,,,,,
C200 2015,Cañerías De Aire Acondicionado,,DISPONIBLE,SANTIAGO,70000.0,60000.0,,,
C200 2015,Cardán,Trasera,DISPONIBLE,SANTIAGO,100000.0,80000.0,,,
C200 2015,Catalítico,,VENDIDO,SANTIAGO,0.0,0.0,,AL MONTÓN,
C200 2015,Catalítico (El Segundo),,DISPONIBLE,SANTIAGO,,,,,
C200 2015,Chapa Capot,,DISPONIBLE,SANTIAGO,35000.0,30000.0,,,
C200 2015,Chapa Maleta,,DISPONIBLE,SANTIAGO,50000.0,45000.0,,,
C200 2015,Columna De Dirección,,DISPONIBLE,SANTIAGO,65000.0,60000.0,,,
C200 2015,Compresor Aire Acondicionado,,DISPONIBLE,SANTIAGO,130000.0,120000.0,,,
C200 2015,Control De Luces,,DISPONIBLE,,50000.0,45000.0,,,Sin ubicación
C200 2015,Cremallera De Dirección,,VENDIDO,SANTIAGO,160000.0,150000.0,,,
C200 2015,Cubre Carter,,DISPONIBLE,SANTIAGO,45000.0,40000.0,,,
C200 2015,Cubre Rueda De Repuesto,,DISPONIBLE,SANTIAGO,25000.0,20000.0,,,
C200 2015,Cubre Zócalo,Derecha,VENDIDO,SANTIAGO,55000.0,50000.0,,,
C200 2015,Cuerpo De Aceleración,,DISPONIBLE,SANTIAGO,110000.0,110000.0,,,
C200 2015,Cuna,Delantera,VENDIDO,SANTIAGO,140000.0,130000.0,,,
C200 2015,Cuna,Trasera,DISPONIBLE,SANTIAGO,90000.0,80000.0,,,
C200 2015,Depósito De Agua O Líquido Refrigerante,,DISPONIBLE,SANTIAGO,45000.0,40000.0,,,
C200 2015,Diferencia,Trasera,DISPONIBLE,SANTIAGO,170000.0,150000.0,,,
C200 2015,Disco De Freno,Delantera Izquierda,DISPONIBLE,SANTIAGO,30000.0,25000.0,,,
C200 2015,Disco De Freno,Delantera Derecha,DISPONIBLE,SANTIAGO,30000.0,25000.0,,,
C200 2015,Disco De Freno,Trasera,DISPONIBLE,SANTIAGO,20000.0,15000.0,,,
C200 2015,Disco,Trasera,VENDIDO,SANTIAGO,,,,,
C200 2015,Ecu,,DISPONIBLE,SANTIAGO,260000.0,250000.0,,,
C200 2015,Eje Palier,Trasera Izquierda,DISPONIBLE,SANTIAGO,50000.0,40000.0,,,
C200 2015,Eje Palier,Trasera Derecha,DISPONIBLE,SANTIAGO,50000.0,40000.0,,,
C200 2015,Electroventilador,,VENDIDO,SANTIAGO,130000.0,120000.0,,,
C200 2015,Encendedor Cigarros,,DISPONIBLE,SANTIAGO,15000.0,10000.0,,,
C200 2015,Enfriador De Aceite,,DISPONIBLE,SANTIAGO,60000.0,50000.0,,,
C200 2015,Espejo,Central,DISPONIBLE,SANTIAGO,20000.0,15000.0,,,
C200 2015,Foco Luz Techo,Interior,DISPONIBLE,SANTIAGO,35000.0,30000.0,,,
C200 2015,Guardafango,Delantera Derecha,DISPONIBLE,SANTIAGO,15000.0,10000.0,,SOLO UNA PARTE,
C200 2015,Intercooler,,DISPONIBLE,SANTIAGO,60000.0,50000.0,,,
C200 2015,Kit De Airbag,,VENDIDO,SANTIAGO,390000.0,370000.0,,,
C200 2015,Llanta Con Neumático,,VENDIDO,SANTIAGO,70000.0,60000.0,,,
C200 2015,Llanta Con Neumático,,VENDIDO,SANTIAGO,110000.0,100000.0,,,
C200 2015,Llanta Con Neumático,,DISPONIBLE,SANTIAGO,110000.0,100000.0,,"BUEN ESTADO, SOLO RALLADA",
C200 2015,Llanta Con Neumático Malo,,VENDIDO,SANTIAGO,85000.0,80000.0,,,"Termino especial ""malo"""
C200 2015,Manguera Agua,,VENDIDO,SANTIAGO,55000.0,50000.0,,,
C200 2015,Manguera Toma De Aire,,VENDIDO,SANTIAGO,25000.0,20000.0,,,
C200 2015,Manguera Toma De Aire,,DISPONIBLE,,25000.0,20000.0,,,Sin ubicación
C200 2015,Manilla,Delantera Izquierda,DISPONIBLE,SANTIAGO,45000.0,40000.0,,,
C200 2015,Ménsula,Trasera Central,DISPONIBLE,SANTIAGO,20000.0,15000.0,,,
C200 2015,Ménsula Parachoque Foco,Trasera Izquierda,DISPONIBLE,SANTIAGO,15000.0,10000.0,,,
C200 2015,Ménsula Parachoque Foco,Trasera Derecha,DISPONIBLE,SANTIAGO,15000.0,10000.0,,,
C200 2015,Ménsula,Trasera Derecha,DISPONIBLE,SANTIAGO,15000.0,10000.0,,,
C200 2015,Módulo De Dirección,,VENDIDO,SANTIAGO,210000.0,200000.0,,,
C200 2015,Módulo Esl,,DISPONIBLE,,150000.0,150000.0,,,Sin ubicación
C200 2015,Motor De Alzavidrio,Delantera Izquierda,DISPONIBLE,SANTIAGO,60000.0,50000.0,,,
C200 2015,Motor De Alzavidrio,Delantera Derecha,DISPONIBLE,SANTIAGO,60000.0,50000.0,,,
C200 2015,Motor De Alzavidrio,Trasera Izquierda,DISPONIBLE,SANTIAGO,60000.0,50000.0,,,
C200 2015,Motor De Alzavidrio,Trasera Derecha,DISPONIBLE,SANTIAGO,60000.0,50000.0,,,
C200 2015,Motor De Partida,,DISPONIBLE,SANTIAGO,95000.0,90000.0,,,
C200 2015,Motor Limpiaparabrisas,,DISPONIBLE,,120000.0,110000.0,,,Sin ubicación
C200 2015,Muldura Techo (Negro),Izquierda,VENDIDO,SANTIAGO,35000.0,30000.0,,,
C200 2015,Muldura Techo (Plateada),Izquierda,DISPONIBLE,SANTIAGO,25000.0,20000.0,,,
C200 2015,Muldura Techo (Negro),Derecha,VENDIDO,SANTIAGO,25000.0,20000.0,,,
C200 2015,Muldura Techo (Plateada),Derecha,DISPONIBLE,SANTIAGO,25000.0,20000.0,,,
C200 2015,Múltiple De Admisión,,DISPONIBLE,SANTIAGO,75000.0,60000.0,,,
C200 2015,Muñón Y Maza,,DISPONIBLE,,115000.0,105000.0,,,Posible múltiple repuesto; Sin ubicación
C200 2015,Muñón Y Maza,Trasera Izquierda,DISPONIBLE,SANTIAGO,60000.0,50000.0,,,Posible múltiple repuesto
C200 2015,Muñón Y Maza,Trasera Derecha,DISPONIBLE,SANTIAGO,60000.0,50000.0,,,Posible múltiple repuesto
C200 2015,Óptico (Sin Lupa),Izquierda,VENDIDO,SANTIAGO,160000.0,150000.0,,,
C200 2015,Palanca De Cambios,,DISPONIBLE,SANTIAGO,50000.0,40000.0,,,
C200 2015,Panel De Alzavidrio,Delantera Izquierda,DISPONIBLE,SANTIAGO,45000.0,40000.0,,,
C200 2015,Panel De Alzavidrio,Delantera Derecha,DISPONIBLE,SANTIAGO,45000.0,40000.0,,,
C200 2015,Panel De Alzavidrio,Trasera Izquierda,DISPONIBLE,SANTIAGO,45000.0,40000.0,,,
C200 2015,Panel De Alzavidrio,Trasera Derecha,DISPONIBLE,SANTIAGO,45000.0,40000.0,,,
C200 2015,Radiador De Agua,,VENDIDO,SANTIAGO,95000.0,90000.0,,,
C200 2015,Rueda De Repuesto,,DISPONIBLE,SANTIAGO,40000.0,40000.0,,,
C200 2015,Sensor Abs S L,Delantera,DISPONIBLE,SANTIAGO,20000.0,15000.0,,,Posible múltiple repuesto
C200 2015,Sensor Abs,Trasera Izquierda,DISPONIBLE,SANTIAGO,20000.0,15000.0,,,
C200 2015,Sensor Abs,Trasera Derecha,DISPONIBLE,SANTIAGO,20000.0,15000.0,,,
C200 2015,Sensor De Oxígeno Banco,,DISPONIBLE,SANTIAGO,35000.0,30000.0,,,
C200 2015,Sensor De Oxígeno Banco,,DISPONIBLE,SANTIAGO,35000.0,30000.0,,,
C200 2015,Sinóptico,,VENDIDO,SANTIAGO,95000.0,90000.0,,,
C200 2015,Tapa De Bencina,Interior,DISPONIBLE,SANTIAGO,15000.0,10000.0,,,
C200 2015,Terminal De Dirección,Izquierda,DISPONIBLE,,40000.0,35000.0,,,Sin ubicación
C200 2015,Terminal De Dirección,Derecha,DISPONIBLE,,40000.0,35000.0,,,Sin ubicación
C200 2015,Turbo,,DISPONIBLE,SANTIAGO,110000.0,100000.0,,,
C200 2015,Vidrio,Delantera Izquierda,VENDIDO,SANTIAGO,150000.0,140000.0,,,
C200 2015,Vidrio,Delantera Derecha,DISPONIBLE,SANTIAGO,60000.0,50000.0,,,
C200 2015,Vidrio Puerta,Trasera Izquierda,DISPONIBLE,SANTIAGO,60000.0,50000.0,,,
C200 2015,,,DISPONIBLE,SANTIAGO,,,,,Nombre vacío
C200 2015,,,,,,,,,Nombre vacío; Sin estado de stock; Sin ubicación
C200 2015,,,,,,,,,Nombre vacío; Sin estado de stock; Sin ubicación
C200 2015,,,,,,,,,Nombre vacío; Sin estado de stock; Sin ubicación
C200 2015,,,,,,,,,Nombre vacío; Sin estado de stock; Sin ubicación
C200 2015,,,,,,,,,Nombre vacío; Sin estado de stock; Sin ubicación
C200 2015,,,,,,,,,Nombre vacío; Sin estado de stock; Sin ubicación
C200 2015,,,,,,,,,Nombre vacío; Sin estado de stock; Sin ubicación
C200 2015,,,,,,,,,Nombre vacío; Sin estado de stock; Sin ubicación
C200 2015,,,,,,,,,Nombre vacío; Sin estado de stock; Sin ubicación
C200 2015,,,,,,,,,Nombre vacío; Sin estado de stock; Sin ubicación
C200 2015,,,,,,,,,Nombre vacío; Sin estado de stock; Sin ubicación
C200 2015,,,,,,,,,Nombre vacío; Sin estado de stock; Sin ubicación
C200 2015,,,,,,,,,Nombre vacío; Sin estado de stock; Sin ubicación
C200 2015,,,,,,,,,Nombre vacío; Sin estado de stock; Sin ubicación
C200 2015,,,,,,,,,Nombre vacío; Sin estado de stock; Sin ubicación
C200 2015,,,,,,,,,Nombre vacío; Sin estado de stock; Sin ubicación
C200 2015,,,,,,,,,Nombre vacío; Sin estado de stock; Sin ubicación
C200 2015,,,,,,,,,Nombre vacío; Sin estado de stock; Sin ubicación
C200 2015,,,,,,,,,Nombre vacío; Sin estado de stock; Sin ubicación
C200 2015,,,,,,,,,Nombre vacío; Sin estado de stock; Sin ubicación
C200 2015,,,,,,,,,Nombre vacío; Sin estado de stock; Sin ubicación
C30 2008,Airbag De Cortina,Derecha,DISPONIBLE,SANTIAGO,,,,,
C30 2008,Alternador,,DISPONIBLE,SANTIAGO,80000.0,70000.0,,,
C30 2008,Amortiguador Capot,,DISPONIBLE,SANTIAGO,20000.0,15000.0,,,
C30 2008,Amortiguador,Delantera Izquierda,DISPONIBLE,SANTIAGO,60000.0,50000.0,,,
C30 2008,Amortiguador,Delantera Derecha,DISPONIBLE,SANTIAGO,60000.0,50000.0,,,
C30 2008,Amortiguador,Izquierda Portalon,DISPONIBLE,SANTIAGO,15000.0,10000.0,,,
C30 2008,Amortiguador,Derecha Portalon,DISPONIBLE,SANTIAGO,15000.0,10000.0,,,
C30 2008,Amortiguador,Trasera Izquierda,DISPONIBLE,SANTIAGO,35000.0,30000.0,,,
C30 2008,Amortiguador,Trasera Derecha,DISPONIBLE,SANTIAGO,35000.0,30000.0,,,
C30 2008,Amplificador,Trasera Derecha,DISPONIBLE,SANTIAGO,,,,,
C30 2008,Asiento,Delantera Izquierda,DISPONIBLE,SANTIAGO,25000.0,20000.0,,ROTO LADO  AIRBAG,
C30 2008,Asiento,Delantera Derecha,DISPONIBLE,SANTIAGO,45000.0,40000.0,,,
C30 2008,Bandeja,Delantera Izquierda,NO DISPONIBLE,SANTIAGO,30000.0,25000.0,,,
C30 2008,Bandeja,Delantera Derecha,NO DISPONIBLE,SANTIAGO,30000.0,25000.0,,,
C30 2008,Bandeja (Curva),Trasera Izquierda,DISPONIBLE,SANTIAGO,20000.0,15000.0,,,
C30 2008,Bandeja (Curva),Trasera Derecha,DISPONIBLE,SANTIAGO,20000.0,15000.0,,,
C30 2008,Barra De Bandeja,Trasera Izquierda,DISPONIBLE,SANTIAGO,,,,,
C30 2008,Barra De Bandeja,Trasera Derecha,DISPONIBLE,SANTIAGO,,,,,
C30 2008,Barra Estabilizadora,,DISPONIBLE,SANTIAGO,,,,,
C30 2008,Base Alternador,,DISPONIBLE,SANTIAGO,25000.0,20000.0,,,
C30 2008,Base Batería,,DISPONIBLE,SANTIAGO,35700.0,30000.0,,,
C30 2008,Base De Termostato,,DISPONIBLE,SANTIAGO,35700.0,30000.0,,,
C30 2008,Bisel Neblinero,Delantera Izquierda,DISPONIBLE,SANTIAGO,35700.0,30000.0,,,
C30 2008,Bisel Radio Y Control De Aire,,DISPONIBLE,SANTIAGO,,,,ESCRITO ASÍ EN INVENTARIO (REVISAR),Posible múltiple repuesto
C30 2008,Bobina,,VENDIDO,SANTIAGO,25000.0,20000.0,,,
C30 2008,Bobina,,VENDIDO,SANTIAGO,25000.0,20000.0,,,
C30 2008,Bobina,,VENDIDO,SANTIAGO,25000.0,20000.0,,,
C30 2008,Bobina,,VENDIDO,SANTIAGO,25000.0,20000.0,,,
C30 2008,Bobina,,VENDIDO,SANTIAGO,25000.0,20000.0,,,
C30 2008,Bomba De Alta,,DISPONIBLE,SANTIAGO,160000.0,150000.0,,,
C30 2008,Bomba De Bencina,,NO DISPONIBLE,,,,,,Sin ubicación
C30 2008,Bomba De Freno,,DISPONIBLE,SANTIAGO,,,,,
C30 2008,Bomba Hidráulica Electronica,,VENDIDO,SANTIAGO,150000.0,140000.0,,,
C30 2008,Bota Agua Puerta,Delantera Derecha,VENDIDO,SANTIAGO,10000.0,10000.0,,,
C30 2008,Botón De Sensor De Estacionamiento,,DISPONIBLE,SANTIAGO,,,,,
C30 2008,Botón Puerta,Derecha,DISPONIBLE,,15000.0,10000.0,,,Sin ubicación
C30 2008,Botonera Puerta,Izquierda,DISPONIBLE,SANTIAGO,35000.0,30000.0,,,
C30 2008,Brazo Limpiaparabrisas,Izquierda,DISPONIBLE,SANTIAGO,25000.0,20000.0,,CON  PLUMILLA,
C30 2008,Brazo Limpiaparabrisas,Derecha,DISPONIBLE,SANTIAGO,25000.0,20000.0,,CON  PLUMILLA,
C30 2008,Brazo Limpiaparabrisas,Trasera,VENDIDO,SANTIAGO,20000.0,15000.0,,,
C30 2008,Caja Automatica,,VENDIDO,SANTIAGO,750000.0,720000.0,,,
C30 2008,Caliper,Delantera Izquierda,DISPONIBLE,SANTIAGO,65000.0,60000.0,,,
C30 2008,Caliper,Delantera Derecha,DISPONIBLE,SANTIAGO,65000.0,60000.0,,,
C30 2008,Caliper,Trasera Izquierda,DISPONIBLE,SANTIAGO,40000.0,35000.0,,,
C30 2008,Caliper,Trasera Derecha,DISPONIBLE,SANTIAGO,40000.0,35000.0,,,
C30 2008,Canister,,DISPONIBLE,SANTIAGO,,,,,
C30 2008,Cañería Hidráulica,,DISPONIBLE,SANTIAGO,35700.0,30000.0,,,
C30 2008,Cañerías De Aire Acondicionado,,DISPONIBLE,SANTIAGO,60000.0,50000.0,,,
C30 2008,Cañerías De Aire Acondicionado,,DISPONIBLE,SANTIAGO,,,,,
C30 2008,Capot,,VENDIDO,SANTIAGO,110000.0,100000.0,,,
C30 2008,Carcasa Termostato,,DISPONIBLE,,50000.0,45000.0,,,Sin ubicación
C30 2008,Catalítico,,VENDIDO,SANTIAGO,,,,,
C30 2008,Chapa Capot,,DISPONIBLE,SANTIAGO,40000.0,35000.0,,,
C30 2008,Chapa Contacto,,DISPONIBLE,SANTIAGO,85000.0,80000.0,,,
C30 2008,Chapa De,Portalon,DISPONIBLE,SANTIAGO,55000.0,50000.0,,,
C30 2008,Chapa Puerta,Izquierda,DISPONIBLE,SANTIAGO,45000.0,40000.0,,DON MAURICIO,
C30 2008,Chapa Puerta,Derecha,VENDIDO,SANTIAGO,45000.0,40000.0,,,
C30 2008,Cigüeñal,,DISPONIBLE,SANTIAGO,65000.0,60000.0,,,
C30 2008,Cinta De Airbag,,DISPONIBLE,SANTIAGO,35000.0,30000.0,,,
C30 2008,Cinturón,Delantera Izquierda,DISPONIBLE,SANTIAGO,,,,,
C30 2008,Cinturón,Delantera Derecha,DISPONIBLE,SANTIAGO,,,,,
C30 2008,Cinturón,Trasera Izquierda,DISPONIBLE,SANTIAGO,,,,,
C30 2008,Cinturón,Trasera Derecha,DISPONIBLE,SANTIAGO,,,,,
C30 2008,Cofia,,DISPONIBLE,SANTIAGO,20000.0,20000.0,,,
C30 2008,Columna De Dirección,,DISPONIBLE,SANTIAGO,50000.0,40000.0,,,
C30 2008,Compresor Aire,,VENDIDO,SANTIAGO,130000.0,120000.0,,,
C30 2008,Control De Luces,,DISPONIBLE,SANTIAGO,35000.0,30000.0,,,
C30 2008,Corner Cubre Zócalo,Izquierda,VENDIDO,SANTIAGO,20000.0,15000.0,,,
C30 2008,Corner Cubre Zócalo,Derecha,VENDIDO,SANTIAGO,20000.0,15000.0,,,
C30 2008,Cremallera De Alzavidrio (Con Lata),Izquierda,DISPONIBLE,SANTIAGO,50000.0,45000.0,,,
C30 2008,Cremallera De Alzavidrio (Con Lata),Derecha,VENDIDO,SANTIAGO,50000.0,45000.0,,,
C30 2008,Cremallera De Direccion,,VENDIDO,SANTIAGO,130000.0,120000.0,,,
C30 2008,Cubre Equipaje,,VENDIDO,SANTIAGO,35000.0,30000.0,,CON DETALLE EN UN ENGANCHE,
C30 2008,Cubre Rueda De Repuesto,,DISPONIBLE,SANTIAGO,25000.0,20000.0,,,
C30 2008,Cubre Torpedo,Exterior,DISPONIBLE,SANTIAGO,55000.0,50000.0,,,
C30 2008,Cuerpo De Aceleración,,VENDIDO,SANTIAGO,95200.0,80000.0,,,
C30 2008,Cuna,,DISPONIBLE,SANTIAGO,95200.0,80000.0,,,
C30 2008,Depósito De Agua O Líquido Refrigerante,,DISPONIBLE,SANTIAGO,30000.0,25000.0,,DE LÍQUIDO REFRIGERANTE,
C30 2008,Depósito De Limpiaparabrisas,,DISPONIBLE,SANTIAGO,25000.0,20000.0,,,
C30 2008,Disco De Freno,Delantera Izquierda,DISPONIBLE,SANTIAGO,20000.0,15000.0,,,
C30 2008,Disco De Freno,Delantera Derecha,DISPONIBLE,SANTIAGO,20000.0,15000.0,,,
C30 2008,Disco De Freno,Trasera Izquierda,DISPONIBLE,SANTIAGO,25000.0,20000.0,,,
C30 2008,Disco De Freno,Trasera Derecha,DISPONIBLE,SANTIAGO,25000.0,20000.0,,,
C30 2008,Ecu,,DISPONIBLE,SANTIAGO,190000.0,180000.0,,,
C30 2008,Eje Palier,Izquierda,DISPONIBLE,SANTIAGO,90000.0,90000.0,,DETALLE,
C30 2008,Eje Palier,Derecha,DISPONIBLE,SANTIAGO,110000.0,100000.0,,,
C30 2008,Electroventilador,,VENDIDO,SANTIAGO,45000.0,45000.0,,,
C30 2008,Enfriador De Aceite Caja,,DISPONIBLE,SANTIAGO,95000.0,90000.0,,,
C30 2008,Espejo,Central,VENDIDO,SANTIAGO,20000.0,15000.0,,,
C30 2008,Espejo,Izquierda,VENDIDO,SANTIAGO,60000.0,50000.0,,DETALLE EN LA MICA,
C30 2008,Espejo,Derecha,VENDIDO,SANTIAGO,90000.0,80000.0,,,
C30 2008,Evaporizador,,DISPONIBLE,SANTIAGO,35000.0,30000.0,,DE CALEFACCIÓN?,
C30 2008,Fijador De Radiador,,DISPONIBLE,SANTIAGO,15000.0,10000.0,,,
C30 2008,Foco,Trasera Izquierda,VENDIDO,SANTIAGO,,,,,
C30 2008,Foco,Trasera Derecha,VENDIDO,SANTIAGO,,,,,
C30 2008,Frontal Inferior ,Delantera Inferior,DISPONIBLE,SANTIAGO,65000.0,60000.0,,,
C30 2008,Frontal Superior,Delantera Superior,DISPONIBLE,SANTIAGO,140000.0,135000.0,,,
C30 2008,Funda De Parachoque,Delantera,VENDIDO,SANTIAGO,55000.0,50000.0,,TIENE DETALLES,
C30 2008,Funda De Parachoque,Trasera,DISPONIBLE,SANTIAGO,110000.0,100000.0,,CON LA PARTE INFERIOR NEGRA,
C30 2008,Fusilera,Interior,DISPONIBLE,SANTIAGO,100000.0,90000.0,,,
C30 2008,Guantera,,DISPONIBLE,SANTIAGO,36000.0,30000.0,,,
C30 2008,Guardafango,Trasera Izquierda,DISPONIBLE,SANTIAGO,25000.0,20000.0,,,
C30 2008,Guardafango,Trasera Derecha,DISPONIBLE,SANTIAGO,25000.0,20000.0,,,
C30 2008,Inyectores,,DISPONIBLE,,20000.0,15000.0,,CADA UNO,Sin ubicación
C30 2008,Kit De Airbag,,VENDIDO,SANTIAGO,100000.0,90000.0,,SOLO TABLERO Y ?,
C30 2008,"Letras ""C30""",,DISPONIBLE,SANTIAGO,18000.0,15000.0,,,Nombre contiene números
C30 2008,Llanta Con Neumático,,VENDIDO,SANTIAGO,75000.0,70000.0,,,
C30 2008,Llanta Con Neumático,,VENDIDO,SANTIAGO,75000.0,70000.0,,,
C30 2008,Llanta Con Neumático,,VENDIDO,SANTIAGO,75000.0,70000.0,,,
C30 2008,Llanta Con Neumático,,VENDIDO,SANTIAGO,75000.0,70000.0,,,
C30 2008,Llave,,DISPONIBLE,SANTIAGO,,,,,
C30 2008,Luz Techo,,DISPONIBLE,SANTIAGO,25000.0,20000.0,,,
C30 2008,Manguera Compresor De Aire (Juego),,DISPONIBLE,SANTIAGO,83300.0,70000.0,,?,"Termino especial ""juego"""
C30 2008,Manguera De Agua,,DISPONIBLE,SANTIAGO,,,,,
C30 2008,Manguera De Agua,,DISPONIBLE,SANTIAGO,,,,INFERIOR,
C30 2008,Manilla,Izquierda Exterior,DISPONIBLE,SANTIAGO,30000.0,25000.0,,,
C30 2008,Manilla,Derecha Exterior,VENDIDO,SANTIAGO,30000.0,25000.0,,,
C30 2008,Manilla De Capot Más Piola,Interior,DISPONIBLE,SANTIAGO,,,,,
C30 2008,Manilla,Delantera Izquierda Interior,DISPONIBLE,SANTIAGO,,,,DON MAURICIO,
C30 2008,Manilla,Delantera Izquierda Interior,DISPONIBLE,SANTIAGO,,,,,
C30 2008,Manilla,Delantera Derecha Interior,DISPONIBLE,SANTIAGO,,,,,
C30 2008,Máscara,,VENDIDO,SANTIAGO,,,,,
C30 2008,Maza,Trasera Izquierda,DISPONIBLE,SANTIAGO,65000.0,60000.0,,,
C30 2008,Maza,Trasera Derecha,DISPONIBLE,SANTIAGO,65000.0,60000.0,,,
C30 2008,Ménsula,Trasera Central,DISPONIBLE,SANTIAGO,20000.0,15000.0,,,
C30 2008,Ménsula,Trasera Izquierda,DISPONIBLE,SANTIAGO,15000.0,10000.0,,,
C30 2008,Ménsula,Trasera Derecha,DISPONIBLE,SANTIAGO,15000.0,10000.0,,,
C30 2008,Módulo Abs,,DISPONIBLE,SANTIAGO,,,,,
C30 2008,Módulo Eléctrico Tapa De Bencina,,DISPONIBLE,SANTIAGO,,,,,
C30 2008,Moldura Tapabarro,Delantera Izquierda,VENDIDO,SANTIAGO,25000.0,25000.0,,,
C30 2008,Moldura Tapabarro,Delantera Derecha,VENDIDO,SANTIAGO,50000.0,45000.0,,,
C30 2008,Moldura Tapabarro,Trasera Izquierda,DISPONIBLE,SANTIAGO,25000.0,20000.0,,CON DETALLE,
C30 2008,Moldura Tapabarro,Trasera Derecha,NO DISPONIBLE,SANTIAGO,40000.0,35000.0,,,
C30 2008,Motor Alzavidrio,Izquierda,VENDIDO,SANTIAGO,35000.0,30000.0,,,
C30 2008,Motor Alzavidrio,Derecha,VENDIDO,SANTIAGO,35000.0,30000.0,,,
C30 2008,Motor De Calefacción,,DISPONIBLE,SANTIAGO,,,,,
C30 2008,Motor De Partida,,VENDIDO,SANTIAGO,65000.0,60000.0,,,
C30 2008,Motor Facturable,,VENDIDO,SANTIAGO,850000.0,800000.0,,PRECIO ACTUALIZADO ,
C30 2008,Motor Limpiaparabrisas Con Varillaje,,DISPONIBLE,SANTIAGO,55000.0,50000.0,,,
C30 2008,Múltiple De Admisión,,VENDIDO,SANTIAGO,80000.0,70000.0,,,
C30 2008,Múltiple De Escape,,DISPONIBLE,SANTIAGO,20000.0,20000.0,,,
C30 2008,Neblinero Con Detalle,Delantera Izquierda,DISPONIBLE,SANTIAGO,10000.0,10000.0,,"UNO VENDIDO, REVISAR CUAL SE VENDIÓ",
C30 2008,Neblinero Con Detalle,Delantera Derecha,DISPONIBLE,SANTIAGO,10000.0,10000.0,,,
C30 2008,Óptico,Izquierda,VENDIDO,SANTIAGO,,,,,
C30 2008,Óptico,Derecha,VENDIDO,SANTIAGO,,,,,
C30 2008,Palanca De Cambio,,VENDIDO,SANTIAGO,,,,,
C30 2008,Parabrisas Alternativo,,VENDIDO,SANTIAGO,55000.0,50000.0,,,
C30 2008,Parachoque,Trasera Inferior,DISPONIBLE,,80000.0,70000.0,,,Sin ubicación
C30 2008,Parasol,Izquierda,VENDIDO,SANTIAGO,,,,,
C30 2008,Parasol,Derecha,VENDIDO,SANTIAGO,,,,,
C30 2008,Parlante Delamtero,Derecha,VENDIDO,SANTIAGO,10000.0,10000.0,,,
C30 2008,Parlante,Delantera Izquierda,VENDIDO,SANTIAGO,10000.0,10000.0,,,
C30 2008,Parlante Twitter,Trasera Izquierda,DISPONIBLE,SANTIAGO,,,,,Posible múltiple repuesto
C30 2008,Parlante Twitter,Trasera Derecha,DISPONIBLE,SANTIAGO,,,,,Posible múltiple repuesto
C30 2008,Pedal De Aceleración,,DISPONIBLE,SANTIAGO,,,,,
C30 2008,Pedal De Freno Mas Sensor,,DISPONIBLE,SANTIAGO,,,,,
C30 2008,Piolas Freno De Mano,,NO DISPONIBLE,,,,,,Sin ubicación
C30 2008,Porta Filtro De Aire,,DISPONIBLE,SANTIAGO,45000.0,40000.0,,CON DETALLE,
C30 2008,Porta Maza,Trasera,DISPONIBLE,SANTIAGO,,,,,
C30 2008,(Es De Vidrio),Portalon,VENDIDO,SANTIAGO,180000.0,170000.0,,,
C30 2008,Puente,Trasera,DISPONIBLE,SANTIAGO,,,,,
C30 2008,Puerta Solo Lata,Izquierda,VENDIDO,SANTIAGO,120000.0,100000.0,,,
C30 2008,Puerta Solo Lata,Derecha,VENDIDO,SANTIAGO,90000.0,85000.0,,,
C30 2008,Radiador De Agua,,DISPONIBLE,SANTIAGO,80000.0,70000.0,,,
C30 2008,Radiador De Aire,,DISPONIBLE,SANTIAGO,90000.0,80000.0,,,
C30 2008,Radiador De Calefacción,,DISPONIBLE,SANTIAGO,,,,,
C30 2008,Radio Y Climatizador,,VENDIDO,SANTIAGO,85000.0,80000.0,,,Posible múltiple repuesto
C30 2008,Ramal De Motor,,VENDIDO,SANTIAGO,,,,,
C30 2008,Rariador Evaporador De Aire Acondicionado,,DISPONIBLE,SANTIAGO,,,,PEQUEÑO,
C30 2008,Reflectante,Trasera Izquierda,DISPONIBLE,SANTIAGO,25000.0,20000.0,,CON DETALLE REVISAR PRECIO,
C30 2008,Reflectante,Trasera Derecha,DISPONIBLE,SANTIAGO,25000.0,20000.0,,CON DETALLE REVISAR PRECIO,
C30 2008,Refuerzo De Parachoque,Delantera,DISPONIBLE,,75000.0,70000.0,,,Sin ubicación
C30 2008,Refuerzo De Parachoque,Trasera,DISPONIBLE,SANTIAGO,60000.0,50000.0,,,
C30 2008,Rejilla,Central,NO DISPONIBLE,SANTIAGO,,,,,
C30 2008,Riel De Inyección,,DISPONIBLE,SANTIAGO,45000.0,40000.0,,,
C30 2008,Rodamiento Tensor De Accesorios,,DISPONIBLE,SANTIAGO,35000.0,30000.0,,cada uno,
C30 2008,Rueda De Repuesto,,DISPONIBLE,SANTIAGO,60000.0,50000.0,,,
C30 2008,Sensor Abs,Trasera Izquierda,DISPONIBLE,SANTIAGO,,,,,
C30 2008,Sensor Abs,Trasera Derecha,DISPONIBLE,SANTIAGO,,,,,
C30 2008,Sensor De Oxígeno Banco,,DISPONIBLE,SANTIAGO,15000.0,15000.0,,,
C30 2008,Sensor De Oxígeno Banco,,DISPONIBLE,SANTIAGO,15000.0,15000.0,,,
C30 2008,Servo Freno Mas Electrónica,,DISPONIBLE,SANTIAGO,,,,,
C30 2008,Sinóptico,,DISPONIBLE,SANTIAGO,70000.0,60000.0,,,
C30 2008,Soporte De Bomba Hidráulica,,DISPONIBLE,SANTIAGO,25000.0,20000.0,,,
C30 2008,Soporte De Maza,Trasera Derecha,DISPONIBLE,SANTIAGO,,,,,
C30 2008,Soporte De Motor (Hueso),Central,VENDIDO,SANTIAGO,30000.0,25000.0,,,
C30 2008,Tapa De Bencina,Exterior,DISPONIBLE,SANTIAGO,,,,,
C30 2008,Tapa De Neblinero,Izquierda,VENDIDO,SANTIAGO,25000.0,20000.0,,,
C30 2008,Tapa De Neblinero,Derecha,NO DISPONIBLE,,,,,,Sin ubicación
C30 2008,Tapabarro,Izquierda,DISPONIBLE,SANTIAGO,90000.0,80000.0,,,
C30 2008,Tapabarro,Derecha,VENDIDO,SANTIAGO,90000.0,80000.0,,,
C30 2008,Tapiz De Puerta,Delantera Izquierda,DISPONIBLE,SANTIAGO,,,,,
C30 2008,Tapiz De Puerta,Delantera Derecha,DISPONIBLE,SANTIAGO,,,,,
C30 2008,Tapiz De Techo,,DISPONIBLE,REQUINOA,36000.0,30000.0,,,
C30 2008,Telecomando Ambos,,DISPONIBLE,SANTIAGO,55000.0,50000.0,,,
C30 2008,Tensores De Correa De Accesorios,,DISPONIBLE,SANTIAGO,50000.0,40000.0,,SON DOS VALOR C/U,
C30 2008,Tubería Porta Filtro De Aire,,DISPONIBLE,SANTIAGO,,,,,
C30 2008,Tuberías De Aire,,DISPONIBLE,SANTIAGO,,,,,
C30 2008,Ventilador De Calefacción,,DISPONIBLE,,55000.0,50000.0,,,Sin ubicación
C30 2008,Vidrio Lateral,Trasera Izquierda,DISPONIBLE,SANTIAGO,70000.0,60000.0,,,
C30 2008,Vidrio Lateral,Trasera Derecha,NO DISPONIBLE,REQUINOA,70000.0,60000.0,,,
C30 2008,Vidrio Puerta,Izquierda,DISPONIBLE,SANTIAGO,45000.0,40000.0,,DON MAURICIO,
C30 2008,Vidrio Puerta,Derecha,DISPONIBLE,SANTIAGO,45000.0,40000.0,,,
C30 2008,Volante,,DISPONIBLE,SANTIAGO,60000.0,55000.0,,SIN AIRBAG,
C30 2008,,,DISPONIBLE,,,,,,Nombre vacío; Sin ubicación
C30 2008,,,DISPONIBLE,,,,,,Nombre vacío; Sin ubicación
C30 2008,,,DISPONIBLE,,,,,,Nombre vacío; Sin ubicación
C30 2008,,,DISPONIBLE,,,,,,Nombre vacío; Sin ubicación
C30 2008,,,DISPONIBLE,,,,,,Nombre vacío; Sin ubicación
C30 2008,,,DISPONIBLE,,,,,,Nombre vacío; Sin ubicación
C30 2008,,,DISPONIBLE,,,,,,Nombre vacío; Sin ubicación
C30 2008,,,DISPONIBLE,,,,,,Nombre vacío; Sin ubicación
C30 2008,,,DISPONIBLE,,,,,,Nombre vacío; Sin ubicación
C30 2008,,,DISPONIBLE,,,,,,Nombre vacío; Sin ubicación
C30 2008,,,DISPONIBLE,,,,,,Nombre vacío; Sin ubicación
C30 2008,,,DISPONIBLE,,,,,,Nombre vacío; Sin ubicación
C30 2008,,,DISPONIBLE,,,,,,Nombre vacío; Sin ubicación
C30 2008,,,DISPONIBLE,,,,,,Nombre vacío; Sin ubicación
C30 2008,,,DISPONIBLE,,,,,,Nombre vacío; Sin ubicación
C30 2008,,,DISPONIBLE,,,,,,Nombre vacío; Sin ubicación
C30 2008,,,DISPONIBLE,,,,,,Nombre vacío; Sin ubicación
C30 2008,,,DISPONIBLE,,,,,,Nombre vacío; Sin ubicación
C30 2008,,,DISPONIBLE,,,,,,Nombre vacío; Sin ubicación
C30 2008,,,DISPONIBLE,,,,,,Nombre vacío; Sin ubicación
C30 2008,,,DISPONIBLE,,,,,,Nombre vacío; Sin ubicación
C30 2008,,,DISPONIBLE,,,,,,Nombre vacío; Sin ubicación
C30 2008,,,DISPONIBLE,,,,,,Nombre vacío; Sin ubicación
C30 2008,,,DISPONIBLE,,,,,,Nombre vacío; Sin ubicación
C30 2008,,,DISPONIBLE,,,,,,Nombre vacío; Sin ubicación
C30 2008,,,DISPONIBLE,,,,,,Nombre vacío; Sin ubicación
C30 2008,,,DISPONIBLE,,,,,,Nombre vacío; Sin ubicación
C30 2008,,,DISPONIBLE,,,,,,Nombre vacío; Sin ubicación
C30 2008,,,DISPONIBLE,,,,,,Nombre vacío; Sin ubicación
C30 2008,,,DISPONIBLE,,,,,,Nombre vacío; Sin ubicación
C30 2008,,,DISPONIBLE,,,,,,Nombre vacío; Sin ubicación
C30 2008,,,DISPONIBLE,,,,,,Nombre vacío; Sin ubicación
C30 2008,,,DISPONIBLE,,,,,,Nombre vacío; Sin ubicación
C30 2008,,,DISPONIBLE,,,,,,Nombre vacío; Sin ubicación
C30 2008,,,DISPONIBLE,,,,,,Nombre vacío; Sin ubicación
C30 2008,,,DISPONIBLE,,,,,,Nombre vacío; Sin ubicación
C30 2008,,,DISPONIBLE,,,,,,Nombre vacío; Sin ubicación
C30 2008,,,DISPONIBLE,,,,,,Nombre vacío; Sin ubicación
C30 2008,,,DISPONIBLE,,,,,,Nombre vacío; Sin ubicación
C30 2008,,,DISPONIBLE,,,,,,Nombre vacío; Sin ubicación
C30 2008,,,DISPONIBLE,,,,,,Nombre vacío; Sin ubicación
C30 2008,,,DISPONIBLE,,,,,,Nombre vacío; Sin ubicación
C30 2008,,,DISPONIBLE,,,,,,Nombre vacío; Sin ubicación
C30 2008,,,DISPONIBLE,,,,,,Nombre vacío; Sin ubicación
C30 2008,,,DISPONIBLE,,,,,,Nombre vacío; Sin ubicación
C30 2008,,,DISPONIBLE,,,,,,Nombre vacío; Sin ubicación
C30 2008,,,DISPONIBLE,,,,,,Nombre vacío; Sin ubicación
C30 2008,,,DISPONIBLE,,,,,,Nombre vacío; Sin ubicación
C30 2008,,,DISPONIBLE,,,,,,Nombre vacío; Sin ubicación
C30 2008,,,DISPONIBLE,,,,,,Nombre vacío; Sin ubicación
C30 2008,,,DISPONIBLE,,,,,,Nombre vacío; Sin ubicación
C30 2008,,,DISPONIBLE,,,,,,Nombre vacío; Sin ubicación
C30 2008,,,DISPONIBLE,,,,,,Nombre vacío; Sin ubicación
C30 2008,,,DISPONIBLE,,,,,,Nombre vacío; Sin ubicación
C30 2008,,,DISPONIBLE,,,,,,Nombre vacío; Sin ubicación
C30 2008,,,DISPONIBLE,,,,,,Nombre vacío; Sin ubicación
C30 2008,,,DISPONIBLE,,,,,,Nombre vacío; Sin ubicación
C30 2008,,,DISPONIBLE,,,,,,Nombre vacío; Sin ubicación
C30 2008,,,DISPONIBLE,,,,,,Nombre vacío; Sin ubicación
C30 2008,,,DISPONIBLE,,,,,,Nombre vacío; Sin ubicación
C30 2008,,,DISPONIBLE,,,,,,Nombre vacío; Sin ubicación
C30 2008,,,DISPONIBLE,,,,,,Nombre vacío; Sin ubicación
C30 2008,,,DISPONIBLE,,,,,,Nombre vacío; Sin ubicación
C30 2008,,,DISPONIBLE,,,,,,Nombre vacío; Sin ubicación
C30 2008,,,DISPONIBLE,,,,,,Nombre vacío; Sin ubicación
C30 2008,,,DISPONIBLE,,,,,,Nombre vacío; Sin ubicación
C30 2008,,,DISPONIBLE,,,,,,Nombre vacío; Sin ubicación
C30 2008,,,DISPONIBLE,,,,,,Nombre vacío; Sin ubicación
C30 2008,,,DISPONIBLE,,,,,,Nombre vacío; Sin ubicación
C30 2008,,,DISPONIBLE,,,,,,Nombre vacío; Sin ubicación
C30 2008,,,DISPONIBLE,,,,,,Nombre vacío; Sin ubicación
C30 2008,,,DISPONIBLE,,,,,,Nombre vacío; Sin ubicación
COMBO 2009,Alternador,,DISPONIBLE,REVISADO,,,,,
COMBO 2009,Amortiguador,Delantera Derecha,DISPONIBLE,REVISADO,,,,,
COMBO 2009,Amortiguador,Delantera Izquierda,DISPONIBLE,REVISADO,,,,,
COMBO 2009,Amortiguador,Trasera Izquierda,NO DISPONIBLE,REVISADO,,,,,
COMBO 2009,Amortiguador,Trasera Derecha,NO DISPONIBLE,REVISADO,,,,,
COMBO 2009,Asiento,Delantera Derecha,DISPONIBLE,REVISADO,,,,,
COMBO 2009,Asiento,Delantera Izquierda,NO DISPONIBLE,REVISADO,,,,,
COMBO 2009,Bandeja,Delantera Izquierda,VENDIDO,REVISADO,15000.0,15000.0,,NO ORIGINAL,
COMBO 2009,Bandeja,Delantera Derecha,DISPONIBLE,REVISADO,15000.0,15000.0,,NO ORIGINAL,
COMBO 2009,Bomba De Freno Con Servo,,DISPONIBLE,REVISADO,,,,,
COMBO 2009,Bomba De Inyección,,VENDIDO,REVISADO,95000.0,95000.0,,,
COMBO 2009,Bomba Elevadora De Presión,,DISPONIBLE,REVISADO,,,,,
COMBO 2009,Botón O Manilla Alzavidrio Puerta,Delantera Izquierda,VENDIDO,REVISADO,0.0,0.0,,,
COMBO 2009,Caliper,Delantera Derecha,DISPONIBLE,REVISADO,,,,,
COMBO 2009,Caliper,Delantera Izquierda,DISPONIBLE,REVISADO,,,,,
COMBO 2009,Chapa Puerta,Delantera Izquierda,VENDIDO,REVISADO,0.0,0.0,,,
COMBO 2009,Chapa Puerta,Trasera Derecha,VENDIDO,REVISADO,20000.0,20000.0,,,
COMBO 2009,Cigüeñal,,VENDIDO,REVISADO,55000.0,50000.0,,,
COMBO 2009,Cinta De Airbag,,DISPONIBLE,REVISADO,,,,,
COMBO 2009,Cinturón,Delantera Izquierda,DISPONIBLE,REVISADO,,,,,
COMBO 2009,Cinturón,Delantera Derecha,DISPONIBLE,REVISADO,,,,,
COMBO 2009,Cofia,,DISPONIBLE,REVISADO,,,,,
COMBO 2009,Columna De Dirección Electrónica,,VENDIDO,REVISADO,80000.0,80000.0,,,
COMBO 2009,Consola,Central,DISPONIBLE,REVISADO,,,,,
COMBO 2009,Control Climatizador,,DISPONIBLE,REVISADO,,,,,
COMBO 2009,Control De Luces,,DISPONIBLE,REVISADO,,,,,
COMBO 2009,Cremallera De Alzavidrios,Delantera Izquierda,VENDIDO,REVISADO,0.0,0.0,,,
COMBO 2009,Cremallera De Dirección,,DISPONIBLE,REVISADO,,,,,
COMBO 2009,Cuerpo De Aceleración,,VENDIDO,REVISADO,45000.0,45000.0,,,
COMBO 2009,Depósito De Agua,,DISPONIBLE,REVISADO,,,,,
COMBO 2009,Depósito De Agua Limpiaparabrisas,,DISPONIBLE,REVISADO,,,,,
COMBO 2009,Depresor,,DISPONIBLE,REVISADO,,,,,
COMBO 2009,Disco De Freno,Delantera Derecha,DISPONIBLE,REVISADO,,,,,
COMBO 2009,Disco De Freno,Delantera Izquierda,DISPONIBLE,REVISADO,,,,,
COMBO 2009,Ecu,,DISPONIBLE,REVISADO,,,,ROTA EN LA PARTE DEL CONECTOR,
COMBO 2009,Eje Palier,Delantera Izquierda,DISPONIBLE,REVISADO,,,,,
COMBO 2009,Eje Completo,Trasera,DISPONIBLE,REVISADO,,,,,"Termino especial ""completo"""
COMBO 2009,Ele Palier,Delantera Derecha,DISPONIBLE,REVISADO,,,,,
COMBO 2009,Embellecedor Sinóptico,,DISPONIBLE,REVISADO,,,,,
COMBO 2009,Espejo,Central,DISPONIBLE,REVISADO,,,,,
COMBO 2009,Espejo Con Detalle,Derecha,DISPONIBLE,REVISADO,,,,,
COMBO 2009,Espiral,Trasera Izquierda,DISPONIBLE,REVISADO,,,,,
COMBO 2009,Espiral,Trasera Derecha,DISPONIBLE,REVISADO,,,,,
COMBO 2009,Flujómetro,,DISPONIBLE,REVISADO,,,,,
COMBO 2009,Foco Con Detalle,Trasera Derecha,DISPONIBLE,REVISADO,,,,,
COMBO 2009,Foco,Trasera Izquierda,DISPONIBLE,REVISADO,,,,,
COMBO 2009,Freno De Mano,,DISPONIBLE,REVISADO,,,,,
COMBO 2009,Guantera,,DISPONIBLE,REVISADO,,,,,
COMBO 2009,Guardafango Con Detalle,Delantera Izquierda,DISPONIBLE,REVISADO,,,,,
COMBO 2009,Guardafango,Delantera Derecha,NO DISPONIBLE,REVISADO,,,,,
COMBO 2009,Guardafango,Trasera Izquierda,DISPONIBLE,REVISADO,,,,,
COMBO 2009,Guardafango,Trasera Derecha,DISPONIBLE,REVISADO,,,,,
COMBO 2009,Intercooler,,DISPONIBLE,REVISADO,,,,,
COMBO 2009,Intermitente Tapabarro,Izquierda,DISPONIBLE,REVISADO,,,,,
COMBO 2009,Inyectores,,VENDIDO,REVISADO,250000.0,250000.0,,,
COMBO 2009,Llanta,,DISPONIBLE,REVISADO,,,,NEGRA,
COMBO 2009,Llanta,,DISPONIBLE,REVISADO,,,,NEGRA,
COMBO 2009,Llanta,,DISPONIBLE,REVISADO,,,,NEGRA,
COMBO 2009,Llanta,,DISPONIBLE,REVISADO,,,,BLANCA,
COMBO 2009,Luz,Interior,DISPONIBLE,REVISADO,,,,,
COMBO 2009,Mangueras De Agua,,DISPONIBLE,REVISADO,,,,,
COMBO 2009,Manilla Puerta,Delantera Izquierda Exterior,VENDIDO,REVISADO,0.0,0.0,,,
COMBO 2009,Manilla Puerta,Delantera Izquierda Interior,VENDIDO,REVISADO,0.0,0.0,,,
COMBO 2009,Manilla Techo,Derecha,DISPONIBLE,REVISADO,,,,,
COMBO 2009,Moldura Tapabarro,Trasera Izquierda,DISPONIBLE,REVISADO,,,,,
COMBO 2009,Moldura Tapabarro,Trasera Derecha,DISPONIBLE,REVISADO,,,,,
COMBO 2009,Motor De Partida,,DISPONIBLE,REVISADO,45000.0,45000.0,,,
COMBO 2009,Motor Facturable,,NO DISPONIBLE,,,,,MALO,Sin ubicación
COMBO 2009,Motor Limpiaparabrisas Con Varillaje,,VENDIDO,REVISADO,,,,,
COMBO 2009,Muñón,Delantera Derecha,DISPONIBLE,REVISADO,,,,,
COMBO 2009,Muñón,Delantera Derecha,DISPONIBLE,REVISADO,,,,,
COMBO 2009,Múñon,Delantera Izquierda,DISPONIBLE,REVISADO,,,,,
COMBO 2009,Palanca De Cambio,,DISPONIBLE,REVISADO,,,,,
COMBO 2009,Parachoque,Trasera,DISPONIBLE,REVISADO,,,,,
COMBO 2009,Parasol,Derecha,DISPONIBLE,REVISADO,,,,,
COMBO 2009,Parasol,Izquierda,DISPONIBLE,REVISADO,,,,,
COMBO 2009,Pedal De Aceleración,,DISPONIBLE,REVISADO,,,,,
COMBO 2009,Pedal De Embrague,,DISPONIBLE,REVISADO,,,,,
COMBO 2009,Pedal De Freno,,DISPONIBLE,REVISADO,,,,,
COMBO 2009,Piola Capot,,VENDIDO,REVISADO,20000.0,20000.0,,,
COMBO 2009,Porta Filtro De Aire,,NO DISPONIBLE,REVISADO,,,,,
COMBO 2009,Porta Filtro De Petróleo,,VENDIDO,REVISADO,45000.0,45000.0,,,
COMBO 2009,Puerta Costado,Derecha,DISPONIBLE,REVISADO,60000.0,55000.0,,,
COMBO 2009,Puerta Completa,Delantera Izquierda,VENDIDO,REVISADO,60000.0,60000.0,,"45,000 solo lata",
COMBO 2009,Puerta,Delantera Derecha,DISPONIBLE,REVISADO,,,,están armadas pero se venden de cualquier forma,
COMBO 2009,Puerta,Trasera Izquierda,DISPONIBLE,REVISADO,,,,,
COMBO 2009,Puerta,Trasera Derecha,DISPONIBLE,REVISADO,,,,,
COMBO 2009,Refuerzo De Parachoque,Trasera,DISPONIBLE,REVISADO,,,,,
COMBO 2009,Riel De Inyección Con Sensores En Los Extremos,,VENDIDO,REVISADO,80000.0,80000.0,,,
COMBO 2009,Ruedas Puertas Correderas,,VENDIDO,REVISADO,40000.0,40000.0,,,
COMBO 2009,Selectora De Cambios,,DISPONIBLE,REVISADO,,,,,
COMBO 2009,Sinóptico,,DISPONIBLE,REVISADO,,,,,
COMBO 2009,Soporte De Motor,Izquierda,DISPONIBLE,REVISADO,,,,,
COMBO 2009,Soporte,Inferior Central,DISPONIBLE,REVISADO,,,,,
COMBO 2009,Tapa De Bencina,Exterior,DISPONIBLE,REVISADO,,,,,
COMBO 2009,Tapa Plástica De Espejo,Interior,DISPONIBLE,REVISADO,,,,,
COMBO 2009,Tapabarro,Izquierda,DISPONIBLE,REVISADO,,,,,
COMBO 2009,Tapiz Puerta,Delantera Derecha Interior,DISPONIBLE,REVISADO,,,,,
COMBO 2009,Tapiz Puerta,Delantera Izquierda,VENDIDO,REVISADO,0.0,0.0,,,
COMBO 2009,Telecomando Intermitente,,DISPONIBLE,REVISADO,,,,,
COMBO 2009,Telecomando Limpiaparabrisas,,DISPONIBLE,REVISADO,,,,,
COMBO 2009,Tubos Plásticos Intercooler,,DISPONIBLE,REVISADO,,,,,
COMBO 2009,Turbo,,DISPONIBLE,REVISADO,,,,,
COMBO 2009,Válvula Egr,,DISPONIBLE,REVISADO,,,,,
COMBO 2009,Válvula Pcv,,DISPONIBLE,REVISADO,,,,,
COMBO 2009,Varilla De Aceite,,NO DISPONIBLE,REVISADO,,,,,
COMBO 2009,Varilla De Capot,,DISPONIBLE,REVISADO,,,,,
COMBO 2009,Volante,,DISPONIBLE,REVISADO,,,,,
COMBO 2009,"Volante Embrague, Bimasa O Inercia",,VENDIDO,REVISADO,55000.0,55000.0,,,Posible múltiple repuesto
COMBO 2009,Piola Freno De Mano,,DISPONIBLE,REVISADO,,,,,
COMBO 2009,Soporte De Motor O Caja,Inferior Central,NO DISPONIBLE,REVISADO,,,,,
COMBO 2009,Servo Freno,,VENDIDO,REVISADO,,,,,
COMBO 2009,,,,,,,,,Nombre vacío; Sin estado de stock; Sin ubicación
COMBO 2009,,,,,,,,,Nombre vacío; Sin estado de stock; Sin ubicación
COMBO 2009,,,,,,,,,Nombre vacío; Sin estado de stock; Sin ubicación
COMBO 2009,,,,,,,,,Nombre vacío; Sin estado de stock; Sin ubicación
COMBO 2009,,,,,,,,,Nombre vacío; Sin estado de stock; Sin ubicación
COMBO 2009,,,,,,,,,Nombre vacío; Sin estado de stock; Sin ubicación
COMBO 2009,,,,,,,,,Nombre vacío; Sin estado de stock; Sin ubicación
COMBO 2009,,,,,,,,,Nombre vacío; Sin estado de stock; Sin ubicación
COMBO 2009,,,,,,,,,Nombre vacío; Sin estado de stock; Sin ubicación
COMBO 2009,,,,,,,,,Nombre vacío; Sin estado de stock; Sin ubicación
COMBO 2009,,,,,,,,,Nombre vacío; Sin estado de stock; Sin ubicación
COMBO 2009,,,,,,,,,Nombre vacío; Sin estado de stock; Sin ubicación
COMBO 2009,,,,,,,,,Nombre vacío; Sin estado de stock; Sin ubicación
COMBO 2009,,,,,,,,,Nombre vacío; Sin estado de stock; Sin ubicación
COMBO 2009,,,,,,,,,Nombre vacío; Sin estado de stock; Sin ubicación
COMBO 2009,,,,,,,,,Nombre vacío; Sin estado de stock; Sin ubicación
COMBO 2009,,,,,,,,,Nombre vacío; Sin estado de stock; Sin ubicación
COMBO 2009,,,,,,,,,Nombre vacío; Sin estado de stock; Sin ubicación
COMBO 2009,,,,,,,,,Nombre vacío; Sin estado de stock; Sin ubicación
COMBO 2009,,,,,,,,,Nombre vacío; Sin estado de stock; Sin ubicación
COMBO 2009,,,,,,,,,Nombre vacío; Sin estado de stock; Sin ubicación
COMBO 2009,,,,,,,,,Nombre vacío; Sin estado de stock; Sin ubicación
COMBO 2009,,,,,,,,,Nombre vacío; Sin estado de stock; Sin ubicación
COMBO 2009,,,,,,,,,Nombre vacío; Sin estado de stock; Sin ubicación
COMBO 2009,,,,,,,,,Nombre vacío; Sin estado de stock; Sin ubicación
COMBO 2009,,,,,,,,,Nombre vacío; Sin estado de stock; Sin ubicación
COMBO 2009,,,,,,,,,Nombre vacío; Sin estado de stock; Sin ubicación
COMBO 2009,,,,,,,,,Nombre vacío; Sin estado de stock; Sin ubicación
COMBO 2009,,,,,,,,,Nombre vacío; Sin estado de stock; Sin ubicación
COMBO 2009,,,,,,,,,Nombre vacío; Sin estado de stock; Sin ubicación
COMBO 2009,,,,,,,,,Nombre vacío; Sin estado de stock; Sin ubicación
COMBO 2009,,,,,,,,,Nombre vacío; Sin estado de stock; Sin ubicación
COMBO 2009,,,,,,,,,Nombre vacío; Sin estado de stock; Sin ubicación
COMBO 2009,,,,,,,,,Nombre vacío; Sin estado de stock; Sin ubicación
COMBO 2009,,,,,,,,,Nombre vacío; Sin estado de stock; Sin ubicación
COMBO 2009,,,,,,,,,Nombre vacío; Sin estado de stock; Sin ubicación
COMBO 2009,,,,,,,,,Nombre vacío; Sin estado de stock; Sin ubicación
COMBO 2009,,,,,,,,,Nombre vacío; Sin estado de stock; Sin ubicación
COMBO 2009,,,,,,,,,Nombre vacío; Sin estado de stock; Sin ubicación
COMBO 2009,,,,,,,,,Nombre vacío; Sin estado de stock; Sin ubicación
COMBO 2009,,,,,,,,,Nombre vacío; Sin estado de stock; Sin ubicación
COMBO 2009,,,,,,,,,Nombre vacío; Sin estado de stock; Sin ubicación
COMBO 2009,,,,,,,,,Nombre vacío; Sin estado de stock; Sin ubicación
COMBO 2009,,,,,,,,,Nombre vacío; Sin estado de stock; Sin ubicación
COMBO 2009,,,,,,,,,Nombre vacío; Sin estado de stock; Sin ubicación
COMBO 2009,,,,,,,,,Nombre vacío; Sin estado de stock; Sin ubicación
COMBO 2009,,,,,,,,,Nombre vacío; Sin estado de stock; Sin ubicación
COMBO 2009,,,,,,,,,Nombre vacío; Sin estado de stock; Sin ubicación
COMBO 2009,,,,,,,,,Nombre vacío; Sin estado de stock; Sin ubicación
COMBO 2009,,,,,,,,,Nombre vacío; Sin estado de stock; Sin ubicación
COMBO 2009,,,,,,,,,Nombre vacío; Sin estado de stock; Sin ubicación
COMBO 2009,,,,,,,,,Nombre vacío; Sin estado de stock; Sin ubicación
COMBO 2009,,,,,,,,,Nombre vacío; Sin estado de stock; Sin ubicación
COMBO 2009,,,,,,,,,Nombre vacío; Sin estado de stock; Sin ubicación
COMBO 2009,,,,,,,,,Nombre vacío; Sin estado de stock; Sin ubicación
COMBO 2009,,,,,,,,,Nombre vacío; Sin estado de stock; Sin ubicación
COMBO 2009,,,,,,,,,Nombre vacío; Sin estado de stock; Sin ubicación
COMBO 2009,,,,,,,,,Nombre vacío; Sin estado de stock; Sin ubicación
COMBO 2009,,,,,,,,,Nombre vacío; Sin estado de stock; Sin ubicación
COMBO 2009,,,,,,,,,Nombre vacío; Sin estado de stock; Sin ubicación
COMBO 2009,,,,,,,,,Nombre vacío; Sin estado de stock; Sin ubicación
COMBO 2009,,,,,,,,,Nombre vacío; Sin estado de stock; Sin ubicación
COMBO 2009,,,,,,,,,Nombre vacío; Sin estado de stock; Sin ubicación
COMBO 2009,,,,,,,,,Nombre vacío; Sin estado de stock; Sin ubicación
COMBO 2009,,,,,,,,,Nombre vacío; Sin estado de stock; Sin ubicación
COMBO 2009,,,,,,,,,Nombre vacío; Sin estado de stock; Sin ubicación
COMBO 2009,,,,,,,,,Nombre vacío; Sin estado de stock; Sin ubicación
COMBO 2009,,,,,,,,,Nombre vacío; Sin estado de stock; Sin ubicación
COMBO 2009,,,,,,,,,Nombre vacío; Sin estado de stock; Sin ubicación
COMBO 2009,,,,,,,,,Nombre vacío; Sin estado de stock; Sin ubicación
COMBO 2009,,,,,,,,,Nombre vacío; Sin estado de stock; Sin ubicación
COMBO 2009,,,,,,,,,Nombre vacío; Sin estado de stock; Sin ubicación
COMBO 2009,,,,,,,,,Nombre vacío; Sin estado de stock; Sin ubicación
COMBO 2009,,,,,,,,,Nombre vacío; Sin estado de stock; Sin ubicación
COMBO 2009,,,,,,,,,Nombre vacío; Sin estado de stock; Sin ubicación
COMBO 2009,,,,,,,,,Nombre vacío; Sin estado de stock; Sin ubicación
COMBO 2009,,,,,,,,,Nombre vacío; Sin estado de stock; Sin ubicación
COMBO 2009,,,,,,,,,Nombre vacío; Sin estado de stock; Sin ubicación
COMBO 2009,,,,,,,,,Nombre vacío; Sin estado de stock; Sin ubicación
COMBO 2009,,,,,,,,,Nombre vacío; Sin estado de stock; Sin ubicación
COMBO 2009,,,,,,,,,Nombre vacío; Sin estado de stock; Sin ubicación
COMBO 2009,,,,,,,,,Nombre vacío; Sin estado de stock; Sin ubicación
CX70 2020,Alerón Con Tercera Luz De Freno,,DISPONIBLE,SANTIAGO,54000.0,45000.0,,,
CX70 2020,Alternador,,DISPONIBLE,SANTIAGO,65000.0,60000.0,,,
CX70 2020,Amortiguador,Delantera Izquierda,DISPONIBLE,SANTIAGO,65000.0,60000.0,,,
CX70 2020,Amortiguador,Trasera Izquierda,DISPONIBLE,SANTIAGO,25000.0,20000.0,,,
CX70 2020,Amortiguador,Trasera Derecha,DISPONIBLE,SANTIAGO,25000.0,20000.0,,,
CX70 2020,Antena Completa,,DISPONIBLE,SANTIAGO,20000.0,15000.0,,,
CX70 2020,Asiento,Delantera Izquierda,VENDIDO,SANTIAGO,60000.0,55000.0,,,
CX70 2020,Asiento,Delantera Derecha,VENDIDO,SANTIAGO,,,,,
CX70 2020,Asientos Tercera Fila,,VENDIDO,SANTIAGO,70000.0,70000.0,,,
CX70 2020,Asientos (Segunda Fila),Trasera,VENDIDO,SANTIAGO,,,,,
CX70 2020,Auxiliar Usb,,DISPONIBLE,SANTIAGO,15000.0,10000.0,,,
CX70 2020,Bandeja Horquilla,Trasera Izquierda,DISPONIBLE,SANTIAGO,,,,,
CX70 2020,Bandeja Horquilla,Trasera Derecha,DISPONIBLE,SANTIAGO,,,,,
CX70 2020,Barra Techo,Izquierda,DISPONIBLE,SANTIAGO,40000.0,35000.0,,,
CX70 2020,Barra Techo,Derecha,DISPONIBLE,SANTIAGO,40000.0,35000.0,,,
CX70 2020,Base Batería,,DISPONIBLE,SANTIAGO,25000.0,22000.0,,,
CX70 2020,Bobina,,DISPONIBLE,SANTIAGO,30000.0,25000.0,,,
CX70 2020,Bobina,,DISPONIBLE,SANTIAGO,30000.0,25000.0,,,
CX70 2020,Brazo Limpiaparbrisas,Izquierda,DISPONIBLE,SANTIAGO,,,,,
CX70 2020,Brazo Limpiaparbrisas,Derecha,DISPONIBLE,SANTIAGO,,,,,
CX70 2020,Brazo Limpiaparbrisas,Trasera Portalon,DISPONIBLE,SANTIAGO,,,,,
CX70 2020,Caliper,Delantera Derecha,DISPONIBLE,SANTIAGO,65000.0,60000.0,,,
CX70 2020,Cañerías De Aire Acondicionado,,DISPONIBLE,SANTIAGO,70000.0,60000.0,,,
CX70 2020,Catalítico,,VENDIDO,REQUINOA,0.0,0.0,,AL MONTÓN,
CX70 2020,Chapa,Portalon,DISPONIBLE,SANTIAGO,25000.0,20000.0,,,
CX70 2020,Cinta De Airbag,,DISPONIBLE,SANTIAGO,45000.0,40000.0,,REVISAR (NO SE PORQUÉ),
CX70 2020,Columna De Dirección Electronica,,DISPONIBLE,SANTIAGO,200000.0,170000.0,,,
CX70 2020,Compresor Aire Acondicionado,,VENDIDO,SANTIAGO,100000.0,90000.0,,,
CX70 2020,Corte Techo,,VENDIDO,SANTIAGO,85000.0,70000.0,,,
CX70 2020,Corte Pollo),Trasera Izquierda,DISPONIBLE,REQUINOA,100000.0,90000.0,,CON RESERVA,Posible múltiple repuesto
CX70 2020,Cubre Zócalo,Izquierda,DISPONIBLE,SANTIAGO,35700.0,30000.0,,,
CX70 2020,Cubre Zócalo,Derecha,DISPONIBLE,SANTIAGO,35700.0,30000.0,,,
CX70 2020,Cuerpo De Aceleración,,DISPONIBLE,SANTIAGO,65000.0,60000.0,,,
CX70 2020,Cuna,,VENDIDO,SANTIAGO,95000.0,90000.0,,,
CX70 2020,Depósito De Agua,,VENDIDO,SANTIAGO,30000.0,25000.0,,,
CX70 2020,Depósito Limpiaparabrisas,,VENDIDO,SANTIAGO,25000.0,25000.0,,,
CX70 2020,Encendedor De Cigarros,,DISPONIBLE,SANTIAGO,15000.0,10000.0,,,
CX70 2020,Foco Luz Techo,Interior,DISPONIBLE,SANTIAGO,15000.0,10000.0,,,
CX70 2020,Frontal Inferior ,Delantera Inferior,DISPONIBLE,SANTIAGO,47600.0,40000.0,,,
CX70 2020,Frontal Superior ,Delantera Superior,DISPONIBLE,SANTIAGO,47600.0,40000.0,,,
CX70 2020,Luz Maleta,Interior,DISPONIBLE,SANTIAGO,6000.0,5000.0,,,
CX70 2020,Luz Patente,Izquierda,DISPONIBLE,SANTIAGO,10000.0,8000.0,,,
CX70 2020,Luz Patente,Derecha,DISPONIBLE,SANTIAGO,10000.0,8000.0,,,
CX70 2020,Manilla,Delantera Derecha Exterior,DISPONIBLE,SANTIAGO,25000.0,20000.0,,,
CX70 2020,Ménsula,Delantera Derecha,DISPONIBLE,SANTIAGO,,,,,
CX70 2020,Ménsula,Trasera Izquierda,DISPONIBLE,SANTIAGO,,,,,
CX70 2020,Moldura Puerta,Delantera Derecha,DISPONIBLE,SANTIAGO,,,,,
CX70 2020,Motor De Partida,,DISPONIBLE,SANTIAGO,135000.0,130000.0,,,
CX70 2020,Motor No Facturable,,VENDIDO,,750000.0,700000.0,,,Sin ubicación
CX70 2020,Múltiple De Escape,,DISPONIBLE,SANTIAGO,,,,,
CX70 2020,Muñón Y Maza,Delantera Izquierda,DISPONIBLE,,65000.0,60000.0,,,Posible múltiple repuesto; Sin ubicación
CX70 2020,Muñón Y Maza,Delantera Derecha,VENDIDO,SANTIAGO,,,,,Posible múltiple repuesto
CX70 2020,Palanca De Cambios,,DISPONIBLE,SANTIAGO,,,,,
CX70 2020,Parasol,Izquierda,VENDIDO,SANTIAGO,,,,,
CX70 2020,Parasol,Derecha,VENDIDO,SANTIAGO,,,,,
CX70 2020,Perno Rueda Repuesto,,VENDIDO,,10000.0,10000.0,,,Sin ubicación
CX70 2020,Solo Lata,Portalon,VENDIDO,SANTIAGO,160000.0,150000.0,,,
CX70 2020,Sensor Abs,,DISPONIBLE,SANTIAGO,,,,,
CX70 2020,Sensor Abs,,DISPONIBLE,SANTIAGO,,,,,
CX70 2020,Sensor Abs,,DISPONIBLE,SANTIAGO,,,,,
CX70 2020,Sensor De Oxígeno,,DISPONIBLE,SANTIAGO,25000.0,20000.0,,,
CX70 2020,Sensor De Oxígeno,,DISPONIBLE,SANTIAGO,25000.0,20000.0,,,
CX70 2020,Soporte Alternador Y Compresor De Aire,,VENDIDO,SANTIAGO,,,,,Posible múltiple repuesto
CX70 2020,Tapa De Bencina,Interior,DISPONIBLE,SANTIAGO,5000.0,5000.0,,,
CX70 2020,Tapa,Portalon,VENDIDO,,5000.0,5000.0,,,Sin ubicación
CX70 2020,Telecomando Intermitente,,DISPONIBLE,SANTIAGO,25000.0,20000.0,,,
CX70 2020,Telecomando Limpiaparabrisas,,DISPONIBLE,SANTIAGO,25000.0,20000.0,,,
CX70 2020,Varilla Capot,,VENDIDO,SANTIAGO,20000.0,15000.0,,,
CX70 2020,Vidrio,Delantera Derecha,DISPONIBLE,SANTIAGO,50000.0,45000.0,,,
CX70 2020,Vidrio O Luneta Lateral,Izquierda,VENDIDO,SANTIAGO,40000.0,35000.0,,,
CX70 2020,Vidrio O Luneta Lateral,Derecha,DISPONIBLE,SANTIAGO,40000.0,35000.0,,,
CX70 2020,Vidrio Puerta Luneta,Trasera Izquierda,DISPONIBLE,,35000.0,30000.0,,,Sin ubicación
CX70 2020,Vidrio Puerta Luneta,Trasera Derecha,DISPONIBLE,,35000.0,30000.0,,,Sin ubicación
CX70 2020,Volante,,DISPONIBLE,SANTIAGO,65000.0,60000.0,,,
CX70 2020,Bomba De Pedal De Embrague,,DISPONIBLE,SANTIAGO,,,,,
CX70 2020,,,DISPONIBLE,,,,,,Nombre vacío; Sin ubicación
CX70 2020,,,DISPONIBLE,,,,,,Nombre vacío; Sin ubicación
CX70 2020,,,DISPONIBLE,,,,,,Nombre vacío; Sin ubicación
CX70 2020,,,DISPONIBLE,,,,,,Nombre vacío; Sin ubicación
CX70 2020,,,DISPONIBLE,,,,,,Nombre vacío; Sin ubicación
CX70 2020,,,DISPONIBLE,,,,,,Nombre vacío; Sin ubicación
CX70 2020,,,DISPONIBLE,,,,,,Nombre vacío; Sin ubicación
CX70 2020,,,DISPONIBLE,,,,,,Nombre vacío; Sin ubicación
CX70 2020,,,DISPONIBLE,,,,,,Nombre vacío; Sin ubicación
CX70 2020,,,DISPONIBLE,,,,,,Nombre vacío; Sin ubicación
CX70 2020,,,DISPONIBLE,,,,,,Nombre vacío; Sin ubicación
CX70 2020,,,DISPONIBLE,,,,,,Nombre vacío; Sin ubicación
CX70 2020,,,DISPONIBLE,,,,,,Nombre vacío; Sin ubicación
CX70 2020,,,DISPONIBLE,,,,,,Nombre vacío; Sin ubicación
CX70 2020,,,DISPONIBLE,,,,,,Nombre vacío; Sin ubicación
CX70 2020,,,DISPONIBLE,,,,,,Nombre vacío; Sin ubicación
CX70 2020,,,DISPONIBLE,,,,,,Nombre vacío; Sin ubicación
CX70 2020,,,DISPONIBLE,,,,,,Nombre vacío; Sin ubicación
CX70 2020,,,DISPONIBLE,,,,,,Nombre vacío; Sin ubicación
CX70 2020,,,DISPONIBLE,,,,,,Nombre vacío; Sin ubicación
CX70 2020,,,DISPONIBLE,,,,,,Nombre vacío; Sin ubicación
CX70 2020,,,DISPONIBLE,,,,,,Nombre vacío; Sin ubicación
CX70 2020,,,DISPONIBLE,,,,,,Nombre vacío; Sin ubicación
CX70 2020,,,DISPONIBLE,,,,,,Nombre vacío; Sin ubicación
CX70 2020,,,DISPONIBLE,,,,,,Nombre vacío; Sin ubicación
CX70 2020,,,DISPONIBLE,,,,,,Nombre vacío; Sin ubicación
CX70 2020,,,DISPONIBLE,,,,,,Nombre vacío; Sin ubicación
CX70 2020,,,,,,,,,Nombre vacío; Sin estado de stock; Sin ubicación
CX70 2020,,,,,,,,,Nombre vacío; Sin estado de stock; Sin ubicación
CX70 2020,,,,,,,,,Nombre vacío; Sin estado de stock; Sin ubicación
CX70 2020,,,,,,,,,Nombre vacío; Sin estado de stock; Sin ubicación
CX70 2020,,,,,,,,,Nombre vacío; Sin estado de stock; Sin ubicación
CX70 2020,,,,,,,,,Nombre vacío; Sin estado de stock; Sin ubicación
CX70 2020,,,,,,,,,Nombre vacío; Sin estado de stock; Sin ubicación
CX70 2020,,,,,,,,,Nombre vacío; Sin estado de stock; Sin ubicación
CX70 2020,,,,,,,,,Nombre vacío; Sin estado de stock; Sin ubicación
CX70 2020,,,,,,,,,Nombre vacío; Sin estado de stock; Sin ubicación
CX70 2020,,,,,,,,,Nombre vacío; Sin estado de stock; Sin ubicación
CX70 2020,,,,,,,,,Nombre vacío; Sin estado de stock; Sin ubicación
CX70 2020,,,,,,,,,Nombre vacío; Sin estado de stock; Sin ubicación
CX70 2020,,,,,,,,,Nombre vacío; Sin estado de stock; Sin ubicación
CX70 2020,,,,,,,,,Nombre vacío; Sin estado de stock; Sin ubicación
CX70 2020,,,,,,,,,Nombre vacío; Sin estado de stock; Sin ubicación
CX70 2020,,,,,,,,,Nombre vacío; Sin estado de stock; Sin ubicación
CX70 2020,,,,,,,,,Nombre vacío; Sin estado de stock; Sin ubicación
CX70 2020,,,,,,,,,Nombre vacío; Sin estado de stock; Sin ubicación
CX70 2020,,,,,,,,,Nombre vacío; Sin estado de stock; Sin ubicación
CX70 2020,,,,,,,,,Nombre vacío; Sin estado de stock; Sin ubicación
DOKKER 2021,Amortiguador,Trasera Izquierda,DISPONIBLE,SANTIAGO,35000.0,30000.0,,,
DOKKER 2021,Amortiguador,Trasera Derecha,DISPONIBLE,SANTIAGO,35000.0,30000.0,,,
DOKKER 2021,Asiento,Delantera Derecha,DISPONIBLE,,60000.0,50000.0,,,Sin ubicación
DOKKER 2021,Bandeja,Delantera Izquierda,DISPONIBLE,SANTIAGO,20000.0,15000.0,,,
DOKKER 2021,Bandeja,Delantera Derecha,DISPONIBLE,SANTIAGO,20000.0,15000.0,,,
DOKKER 2021,Bisagra Capot,Izquierda,DISPONIBLE,,35000.0,30000.0,,,Sin ubicación
DOKKER 2021,Bisagra Capot,Derecha,DISPONIBLE,,35000.0,30000.0,,,Sin ubicación
DOKKER 2021,Bisel Radio Y Control De Aire,,DISPONIBLE,SANTIAGO,,,,ESCRITO ASÍ EN INVENTARIO (REVISAR),Posible múltiple repuesto
DOKKER 2021,Bomba De Diésel,,DISPONIBLE,SANTIAGO,85000.0,80000.0,,,
DOKKER 2021,Bomba Electrohidráulica,,VENDIDO,SANTIAGO,170000.0,160000.0,,,
DOKKER 2021,Brazo Limpiaparabrisas,Izquierda,DISPONIBLE,SANTIAGO,15000.0,10000.0,,,
DOKKER 2021,Brazo Limpiaparabrisas,Derecha,DISPONIBLE,SANTIAGO,15000.0,10000.0,,,
DOKKER 2021,Caja,,VENDIDO,,630000.0,600000.0,,,Sin ubicación
DOKKER 2021,Caliper,Delantera Izquierda,DISPONIBLE,SANTIAGO,35000.0,30000.0,,,
DOKKER 2021,Caliper,Delantera Derecha,DISPONIBLE,SANTIAGO,35000.0,30000.0,,,
DOKKER 2021,Cañería Aire,,VENDIDO,,50000.0,45000.0,,,Sin ubicación
DOKKER 2021,Cañería De Aire,,DISPONIBLE,SANTIAGO,,,,,
DOKKER 2021,Cañería De Aire,,DISPONIBLE,SANTIAGO,,,,,
DOKKER 2021,Cañería Hidráulica,,DISPONIBLE,SANTIAGO,,,,,
DOKKER 2021,Chapa Capot,,DISPONIBLE,SANTIAGO,3000.0,25000.0,,,
DOKKER 2021,Chapa Puerta,Trasera Portalon,DISPONIBLE,SANTIAGO,50000.0,45000.0,,,
DOKKER 2021,Cinta De Airbag,,DISPONIBLE,SANTIAGO,30000.0,25000.0,,,
DOKKER 2021,Cremallera De Alzavidrio,Delantera Izquierda,DISPONIBLE,SANTIAGO,35000.0,30000.0,,,
DOKKER 2021,Cremallera De Dirección,,DISPONIBLE,SANTIAGO,140000.0,150000.0,,,
DOKKER 2021,Cubre Carter,,DISPONIBLE,SANTIAGO,25000.0,20000.0,,,
DOKKER 2021,Cuna,,DISPONIBLE,SANTIAGO,130000.0,120000.0,,,
DOKKER 2021,Depósito De Agua O Líquido Refrigerante,,DISPONIBLE,SANTIAGO,20000.0,15000.0,,,
DOKKER 2021,Depósito De Limpiaparabrisas,,DISPONIBLE,SANTIAGO,25000.0,20000.0,,,
DOKKER 2021,Disco De Freno,Delantera Izquierda,DISPONIBLE,SANTIAGO,20000.0,15000.0,,,
DOKKER 2021,Disco De Freno,Delantera Derecha,DISPONIBLE,,25000.0,20000.0,,,Sin ubicación
DOKKER 2021,Ecu,,VENDIDO,SANTIAGO,170000.0,160000.0,,,
DOKKER 2021,Eje Palier,Izquierda,DISPONIBLE,SANTIAGO,90000.0,80000.0,,,
DOKKER 2021,Eje,Trasera,DISPONIBLE,SANTIAGO,110000.0,100000.0,,,
DOKKER 2021,Espiral,Trasera Izquierda,DISPONIBLE,,25000.0,20000.0,,,Sin ubicación
DOKKER 2021,Espiral,Trasera Derecha,DISPONIBLE,,25000.0,20000.0,,,Sin ubicación
DOKKER 2021,Intercooler,,VENDIDO,SANTIAGO,77000.0,65000.0,,,
DOKKER 2021,Llanta Con Neumático,,VENDIDO,SANTIAGO,66000.0,55000.0,,,
DOKKER 2021,Luz,Interior,DISPONIBLE,SANTIAGO,15000.0,10000.0,,TECHO?,
DOKKER 2021,Manilla Con Cilindro,Trasera Exterior,VENDIDO,SANTIAGO,20000.0,15000.0,,,
DOKKER 2021,Manilla Puerta,Delantera Izquierda Interior,DISPONIBLE,SANTIAGO,,,,,
DOKKER 2021,Maza Con Muñón,Izquierda,DISPONIBLE,,65000.0,60000.0,,,Sin ubicación
DOKKER 2021,Ménsula,Delantera Izquierda,DISPONIBLE,SANTIAGO,30000.0,25000.0,,,
DOKKER 2021,Motor De Partida,,DISPONIBLE,SANTIAGO,55000.0,50000.0,,,
DOKKER 2021,Optico,Derecha,VENDIDO,SANTIAGO,35000.0,30000.0,,,
DOKKER 2021,Palanca De Cambios,,DISPONIBLE,SANTIAGO,50000.0,40000.0,,,
DOKKER 2021,Parasol,Derecha,DISPONIBLE,SANTIAGO,20000.0,15000.0,,,
DOKKER 2021,Piolas Palanca De Cambios,,DISPONIBLE,SANTIAGO,50000.0,45000.0,,,
DOKKER 2021,Porta Filtro,,VENDIDO,SANTIAGO,30000.0,30000.0,,,
DOKKER 2021,Radiador Agua,,VENDIDO,SANTIAGO,60000.0,60000.0,,,
DOKKER 2021,Radiador Aire,,VENDIDO,SANTIAGO,30000.0,30000.0,,DETALLE,
DOKKER 2021,Radiador Aire Acondicionado,,DISPONIBLE,,90000.0,85000.0,,SIN MARCAR LADO,Sin ubicación
DOKKER 2021,Rodamiento Tensor De Accesorios,,DISPONIBLE,SANTIAGO,25000.0,20000.0,,,
DOKKER 2021,Sensor Abs,Delantera Izquierda,DISPONIBLE,SANTIAGO,25000.0,20000.0,,,
DOKKER 2021,Sensor Abs,Delantera Derecha,DISPONIBLE,SANTIAGO,25000.0,20000.0,,,
DOKKER 2021,Sensor Abs S L,Trasera,DISPONIBLE,SANTIAGO,25000.0,20000.0,,,Posible múltiple repuesto
DOKKER 2021,Sensor De Ángulo De Giro,,VENDIDO,SANTIAGO,,,,,
DOKKER 2021,Telecomando Limpia Parabrisas,,DISPONIBLE,SANTIAGO,25000.0,20000.0,,,
DOKKER 2021,Tirante De Puerta,,DISPONIBLE,SANTIAGO,15000.0,10000.0,,,
DOKKER 2021,Vidrio,Delantera Izquierda,VENDIDO,SANTIAGO,45000.0,40000.0,,,
DOKKER 2021,Volante,,DISPONIBLE,SANTIAGO,55000.0,50000.0,,,
DOKKER 2021,Espejo,Izquierda,VENDIDO,SANTIAGO,,,,,
DOKKER 2021,,,DISPONIBLE,,,,,,Nombre vacío; Sin ubicación
DOKKER 2021,,,DISPONIBLE,,,,,,Nombre vacío; Sin ubicación
DOKKER 2021,,,DISPONIBLE,,,,,,Nombre vacío; Sin ubicación
DOKKER 2021,,,DISPONIBLE,,,,,,Nombre vacío; Sin ubicación
DOKKER 2021,,,DISPONIBLE,,,,,,Nombre vacío; Sin ubicación
DOKKER 2021,,,DISPONIBLE,,,,,,Nombre vacío; Sin ubicación
DOKKER 2021,,,DISPONIBLE,,,,,,Nombre vacío; Sin ubicación
DOKKER 2021,,,DISPONIBLE,,,,,,Nombre vacío; Sin ubicación
DOKKER 2021,,,DISPONIBLE,,,,,,Nombre vacío; Sin ubicación
DOKKER 2021,,,DISPONIBLE,,,,,,Nombre vacío; Sin ubicación
DOKKER 2021,,,DISPONIBLE,,,,,,Nombre vacío; Sin ubicación
DOKKER 2021,,,DISPONIBLE,,,,,,Nombre vacío; Sin ubicación
DOKKER 2021,,,DISPONIBLE,,,,,,Nombre vacío; Sin ubicación
DOKKER 2021,,,DISPONIBLE,,,,,,Nombre vacío; Sin ubicación
DOKKER 2021,,,DISPONIBLE,,,,,,Nombre vacío; Sin ubicación
DOKKER 2021,,,DISPONIBLE,,,,,,Nombre vacío; Sin ubicación
DOKKER 2021,,,DISPONIBLE,,,,,,Nombre vacío; Sin ubicación
DOKKER 2021,,,DISPONIBLE,,,,,,Nombre vacío; Sin ubicación
DOKKER 2021,,,DISPONIBLE,,,,,,Nombre vacío; Sin ubicación
DOKKER 2021,,,DISPONIBLE,,,,,,Nombre vacío; Sin ubicación
DOKKER 2021,,,DISPONIBLE,,,,,,Nombre vacío; Sin ubicación
DOKKER 2021,,,DISPONIBLE,,,,,,Nombre vacío; Sin ubicación
DOKKER 2021,,,DISPONIBLE,,,,,,Nombre vacío; Sin ubicación
DOKKER 2021,,,DISPONIBLE,,,,,,Nombre vacío; Sin ubicación
DOKKER 2021,,,DISPONIBLE,,,,,,Nombre vacío; Sin ubicación
DOKKER 2021,,,DISPONIBLE,,,,,,Nombre vacío; Sin ubicación
DOKKER 2021,,,DISPONIBLE,,,,,,Nombre vacío; Sin ubicación
DOKKER 2021,,,DISPONIBLE,,,,,,Nombre vacío; Sin ubicación
DOKKER 2021,,,DISPONIBLE,,,,,,Nombre vacío; Sin ubicación
DOKKER 2021,,,DISPONIBLE,,,,,,Nombre vacío; Sin ubicación
DOKKER 2021,,,DISPONIBLE,,,,,,Nombre vacío; Sin ubicación
DOKKER 2021,,,DISPONIBLE,,,,,,Nombre vacío; Sin ubicación
DOKKER 2021,,,DISPONIBLE,,,,,,Nombre vacío; Sin ubicación
DOKKER 2021,,,DISPONIBLE,,,,,,Nombre vacío; Sin ubicación
DOKKER 2021,,,DISPONIBLE,,,,,,Nombre vacío; Sin ubicación
DOKKER 2021,,,DISPONIBLE,,,,,,Nombre vacío; Sin ubicación
DOKKER 2021,,,DISPONIBLE,,,,,,Nombre vacío; Sin ubicación
DOKKER 2021,,,DISPONIBLE,,,,,,Nombre vacío; Sin ubicación
DOKKER 2021,,,DISPONIBLE,,,,,,Nombre vacío; Sin ubicación
DOKKER 2021,,,DISPONIBLE,,,,,,Nombre vacío; Sin ubicación
DOKKER 2021,,,DISPONIBLE,,,,,,Nombre vacío; Sin ubicación
DOKKER 2021,,,DISPONIBLE,,,,,,Nombre vacío; Sin ubicación
DOKKER 2021,,,DISPONIBLE,,,,,,Nombre vacío; Sin ubicación
DOKKER 2021,,,DISPONIBLE,,,,,,Nombre vacío; Sin ubicación
DOKKER 2021,,,DISPONIBLE,,,,,,Nombre vacío; Sin ubicación
DOKKER 2021,,,DISPONIBLE,,,,,,Nombre vacío; Sin ubicación
DOKKER 2021,,,DISPONIBLE,,,,,,Nombre vacío; Sin ubicación
DOKKER 2021,,,DISPONIBLE,,,,,,Nombre vacío; Sin ubicación
DOKKER 2021,,,DISPONIBLE,,,,,,Nombre vacío; Sin ubicación
DOKKER 2021,,,DISPONIBLE,,,,,,Nombre vacío; Sin ubicación
DOKKER 2021,,,DISPONIBLE,,,,,,Nombre vacío; Sin ubicación
DOKKER 2021,,,DISPONIBLE,,,,,,Nombre vacío; Sin ubicación
DOKKER 2021,,,DISPONIBLE,,,,,,Nombre vacío; Sin ubicación
DOKKER 2021,,,DISPONIBLE,,,,,,Nombre vacío; Sin ubicación
DOKKER 2021,,,DISPONIBLE,,,,,,Nombre vacío; Sin ubicación
DOKKER 2021,,,DISPONIBLE,,,,,,Nombre vacío; Sin ubicación
DOKKER 2021,,,DISPONIBLE,,,,,,Nombre vacío; Sin ubicación
DOKKER 2021,,,DISPONIBLE,,,,,,Nombre vacío; Sin ubicación
DOKKER 2021,,,DISPONIBLE,,,,,,Nombre vacío; Sin ubicación
DOKKER 2021,,,DISPONIBLE,,,,,,Nombre vacío; Sin ubicación
DOKKER 2021,,,DISPONIBLE,,,,,,Nombre vacío; Sin ubicación
DOKKER 2021,,,DISPONIBLE,,,,,,Nombre vacío; Sin ubicación
DOKKER 2021,,,DISPONIBLE,,,,,,Nombre vacío; Sin ubicación
DOKKER 2021,,,DISPONIBLE,,,,,,Nombre vacío; Sin ubicación
DOKKER 2021,,,DISPONIBLE,,,,,,Nombre vacío; Sin ubicación
DOKKER 2021,,,DISPONIBLE,,,,,,Nombre vacío; Sin ubicación
DOKKER 2021,,,DISPONIBLE,,,,,,Nombre vacío; Sin ubicación
DOKKER 2021,,,DISPONIBLE,,,,,,Nombre vacío; Sin ubicación
DOKKER 2021,,,DISPONIBLE,,,,,,Nombre vacío; Sin ubicación
DOKKER 2021,,,DISPONIBLE,,,,,,Nombre vacío; Sin ubicación
DOKKER 2021,,,DISPONIBLE,,,,,,Nombre vacío; Sin ubicación
DOKKER 2021,,,DISPONIBLE,,,,,,Nombre vacío; Sin ubicación
DOKKER 2021,,,DISPONIBLE,,,,,,Nombre vacío; Sin ubicación
DOKKER 2021,,,DISPONIBLE,,,,,,Nombre vacío; Sin ubicación
DOKKER 2021,,,DISPONIBLE,,,,,,Nombre vacío; Sin ubicación
DOKKER 2021,,,DISPONIBLE,,,,,,Nombre vacío; Sin ubicación
DOKKER 2021,,,DISPONIBLE,,,,,,Nombre vacío; Sin ubicación
DOKKER 2021,,,DISPONIBLE,,,,,,Nombre vacío; Sin ubicación
DOKKER 2021,,,DISPONIBLE,,,,,,Nombre vacío; Sin ubicación
DOKKER 2021,,,DISPONIBLE,,,,,,Nombre vacío; Sin ubicación
DOKKER 2021,,,DISPONIBLE,,,,,,Nombre vacío; Sin ubicación
DOKKER 2021,,,DISPONIBLE,,,,,,Nombre vacío; Sin ubicación
DOKKER 2021,,,DISPONIBLE,,,,,,Nombre vacío; Sin ubicación
DOKKER 2021,,,DISPONIBLE,,,,,,Nombre vacío; Sin ubicación
DOKKER 2021,,,DISPONIBLE,,,,,,Nombre vacío; Sin ubicación
DOKKER 2021,,,DISPONIBLE,,,,,,Nombre vacío; Sin ubicación
DOKKER 2021,,,DISPONIBLE,,,,,,Nombre vacío; Sin ubicación
DOKKER 2021,,,DISPONIBLE,,,,,,Nombre vacío; Sin ubicación
DOKKER 2021,,,DISPONIBLE,,,,,,Nombre vacío; Sin ubicación
DOKKER 2021,,,DISPONIBLE,,,,,,Nombre vacío; Sin ubicación
DOKKER 2021,,,DISPONIBLE,,,,,,Nombre vacío; Sin ubicación
DOKKER 2021,,,DISPONIBLE,,,,,,Nombre vacío; Sin ubicación
DOKKER 2021,,,DISPONIBLE,,,,,,Nombre vacío; Sin ubicación
DOKKER 2021,,,DISPONIBLE,,,,,,Nombre vacío; Sin ubicación
DOKKER 2021,,,DISPONIBLE,,,,,,Nombre vacío; Sin ubicación
DOKKER 2021,,,DISPONIBLE,,,,,,Nombre vacío; Sin ubicación
ECOSPORT 2019,Amortiguador,Delantera Izquierda,VENDIDO,SANTIAGO,60000.0,50000.0,,,
ECOSPORT 2019,Amortiguador,Izquierda,POR CONFIRMAR,,55000.0,50000.0,,,Estado inusual: POR CONFIRMAR; Sin ubicación
ECOSPORT 2019,Amortiguador,Portalon,DISPONIBLE,,20000.0,15000.0,,,Sin ubicación
ECOSPORT 2019,Apoyabrazo Más Consola,Central,DISPONIBLE,,30000.0,25000.0,,,Sin ubicación
ECOSPORT 2019,Asiento,Delantera Izquierda,VENDIDO,SANTIAGO,60000.0,50000.0,,,
ECOSPORT 2019,Asiento,Delantera Derecha,VENDIDO,SANTIAGO,,,,,
ECOSPORT 2019,Bandeja,Izquierda,VENDIDO,,25000.0,20000.0,,,Sin ubicación
ECOSPORT 2019,Barra Estabilizadora,,DISPONIBLE,,45000.0,40000.0,,,Sin ubicación
ECOSPORT 2019,Base Batería,,DISPONIBLE,,25000.0,20000.0,,,Sin ubicación
ECOSPORT 2019,Base De Termostato,,DISPONIBLE,SANTIAGO,35000.0,30000.0,,,
ECOSPORT 2019,Base Palanca De Cambio,,DISPONIBLE,,30000.0,25000.0,,,Sin ubicación
ECOSPORT 2019,Bieleta,,DISPONIBLE,,10000.0,10000.0,,,Sin ubicación
ECOSPORT 2019,Bisel Radio Y Control De Aire,,DISPONIBLE,SANTIAGO,25000.0,20000.0,,ESCRITO ASÍ EN INVENTARIO,Posible múltiple repuesto
ECOSPORT 2019,Bomba De Bencina,,VENDIDO,SANTIAGO,55000.0,50000.0,,,
ECOSPORT 2019,Butaca,Derecha,DISPONIBLE,,50000.0,50000.0,,,Sin ubicación
ECOSPORT 2019,Butaca,Izquierda,DISPONIBLE,,50000.0,50000.0,,,Sin ubicación
ECOSPORT 2019,Caliper,Delantera Izquierda,DISPONIBLE,SANTIAGO,45000.0,40000.0,,,
ECOSPORT 2019,Caliper,Delantera Derecha,DISPONIBLE,SANTIAGO,45000.0,40000.0,,,
ECOSPORT 2019,Chapa Capot,,DISPONIBLE,,25000.0,20000.0,,,Sin ubicación
ECOSPORT 2019,Climatizador,,DISPONIBLE,,50000.0,45000.0,,,Sin ubicación
ECOSPORT 2019,Codo De Aire,,DISPONIBLE,,25000.0,20000.0,,,Sin ubicación
ECOSPORT 2019,Cofia,,DISPONIBLE,,35000.0,30000.0,,,Sin ubicación
ECOSPORT 2019,Columna De Dirección Electrónico,,DISPONIBLE,,95000.0,90000.0,,,"Termino especial ""nico""; Sin ubicación"
ECOSPORT 2019,Corner Cubre Zócalo,Inferior Derecha,DISPONIBLE,,15000.0,15000.0,,,Sin ubicación
ECOSPORT 2019,Corner Cubre Zócalo,Inferior Izquierda,DISPONIBLE,,15000.0,15000.0,,,Sin ubicación
ECOSPORT 2019,Cremallera De Alzavidrio,Delantera Izquierda,DISPONIBLE,SANTIAGO,50000.0,40000.0,,,
ECOSPORT 2019,Cremallera De Alzavidrio,Delantera Derecha,DISPONIBLE,SANTIAGO,50000.0,40000.0,,,
ECOSPORT 2019,Cremallera De Alzavidrio,Trasera Izquierda,DISPONIBLE,SANTIAGO,50000.0,40000.0,,,
ECOSPORT 2019,Cremallera De Alzavidrio,Trasera Derecha,DISPONIBLE,SANTIAGO,50000.0,40000.0,,,
ECOSPORT 2019,Cubre Zócalo,Izquierda,DISPONIBLE,SANTIAGO,50000.0,45000.0,,,
ECOSPORT 2019,Cuerpo De Aceleración,,VENDIDO,SANTIAGO,65000.0,60000.0,,,
ECOSPORT 2019,Depósito Agua,,VENDIDO,,25000.0,20000.0,,,Sin ubicación
ECOSPORT 2019,Depósito De Líquido De Freno Más Bomba,,DISPONIBLE,SANTIAGO,50000.0,45000.0,,,
ECOSPORT 2019,Depósito Limpiaparabrisas,,DISPONIBLE,SANTIAGO,30000.0,25000.0,,,
ECOSPORT 2019,Disco De Freno,,DISPONIBLE,SANTIAGO,25000.0,20000.0,,,
ECOSPORT 2019,Embellecedor Sinóptico,,DISPONIBLE,,10000.0,10000.0,,,Sin ubicación
ECOSPORT 2019,Embellecedor Triángulo Puerta Tresera,Izquierda,DISPONIBLE,,5000.0,5000.0,,,Sin ubicación
ECOSPORT 2019,Espejo,Izquierda,VENDIDO,SANTIAGO,25000.0,20000.0,,,
ECOSPORT 2019,Espejo,Derecha,VENDIDO,SANTIAGO,25000.0,20000.0,,,
ECOSPORT 2019,Espirales C U,,DISPONIBLE,,10000.0,10000.0,,,Posible múltiple repuesto; Sin ubicación
ECOSPORT 2019,Foco Luz Techo,Interior Central,DISPONIBLE,SANTIAGO,15000.0,10000.0,,,
ECOSPORT 2019,Foco Luz Techo,Delantera Interior,DISPONIBLE,SANTIAGO,25000.0,20000.0,,,
ECOSPORT 2019,Gancho Para Tirar,,DISPONIBLE,,10000.0,10000.0,,,Sin ubicación
ECOSPORT 2019,Guardafango,Trasera Derecha,DISPONIBLE,,20000.0,15000.0,,,Sin ubicación
ECOSPORT 2019,Guardafango,Trasera Izquierda,DISPONIBLE,,20000.0,15000.0,,,Sin ubicación
ECOSPORT 2019,Llanta,,VENDIDO,SANTIAGO,80000.0,75000.0,,,
ECOSPORT 2019,Llanta,,VENDIDO,SANTIAGO,80000.0,75000.0,,,
ECOSPORT 2019,Llanta,,VENDIDO,SANTIAGO,80000.0,75000.0,,,
ECOSPORT 2019,Llanta,,VENDIDO,SANTIAGO,80000.0,75000.0,,,
ECOSPORT 2019,Llanta Y Rueda De Repuesto,,DISPONIBLE,SANTIAGO,35000.0,30000.0,,,Posible múltiple repuesto
ECOSPORT 2019,Luz,Interior,DISPONIBLE,SANTIAGO,20000.0,15000.0,,,
ECOSPORT 2019,Manguera Radiador De Agua X3 C U,,DISPONIBLE,,15000.0,15000.0,,,Posible múltiple repuesto; Sin ubicación; Nombre contiene números
ECOSPORT 2019,Manilla,Trasera Derecha Exterior,VENDIDO,SANTIAGO,20000.0,20000.0,,,
ECOSPORT 2019,Manilla Puerta,Delantera Izquierda Interior,DISPONIBLE,SANTIAGO,15000.0,10000.0,,,
ECOSPORT 2019,Manilla Puerta,Trasera Izquierda Interior,DISPONIBLE,SANTIAGO,15000.0,10000.0,,,
ECOSPORT 2019,Manilla Puerta,Trasera Derecha Interior,DISPONIBLE,SANTIAGO,15000.0,10000.0,,,
ECOSPORT 2019,Ménsula,Trasera Derecha,DISPONIBLE,SANTIAGO,15000.0,10000.0,,,
ECOSPORT 2019,Módulo Abs,,VENDIDO,,45000.0,40000.0,,,Sin ubicación
ECOSPORT 2019,Moldura Puerta,Delantera Izquierda,DISPONIBLE,SANTIAGO,20000.0,20000.0,,,
ECOSPORT 2019,Moldura Puerta,Trasera Izquierda,POR CONFIRMAR,,20000.0,20000.0,,,Estado inusual: POR CONFIRMAR; Sin ubicación
ECOSPORT 2019,Muñón,Izquierda,DISPONIBLE,,55000.0,50000.0,,,Sin ubicación
ECOSPORT 2019,Palanca De Freno,,DISPONIBLE,,35000.0,30000.0,,,Sin ubicación
ECOSPORT 2019,Parasol,Derecha,DISPONIBLE,SANTIAGO,20000.0,15000.0,,,
ECOSPORT 2019,Pedal De Aceleración,,DISPONIBLE,,50000.0,45000.0,,,Sin ubicación
ECOSPORT 2019,Pedal Embrague,,DISPONIBLE,,55000.0,50000.0,,,Sin ubicación
ECOSPORT 2019,Piola Freno De Mano,,DISPONIBLE,,15000.0,10000.0,,,Sin ubicación
ECOSPORT 2019,Pomo Y Funda Palanca De Cambio,,DISPONIBLE,SANTIAGO,20000.0,15000.0,,,Posible múltiple repuesto
ECOSPORT 2019,Riel De Inyectores,,VENDIDO,,60000.0,55000.0,,,Sin ubicación
ECOSPORT 2019,Sensor Abs,,DISPONIBLE,SANTIAGO,20000.0,15000.0,,,
ECOSPORT 2019,Sensor De Golpe Motor,,DISPONIBLE,,15000.0,10000.0,,,Sin ubicación
ECOSPORT 2019,Sensor Eje Leva,,DISPONIBLE,,20000.0,15000.0,,,Sin ubicación
ECOSPORT 2019,Tapa De Bencina,Exterior,VENDIDO,SANTIAGO,15000.0,15000.0,,,
ECOSPORT 2019,Tapa Distribución,,VENDIDO,SANTIAGO,50000.0,45000.0,,,
ECOSPORT 2019,Tapa Guantera,,DISPONIBLE,,30000.0,25000.0,,,Sin ubicación
ECOSPORT 2019,Tapas De Disco,,DISPONIBLE,,15000.0,10000.0,,,Sin ubicación
ECOSPORT 2019,Tejadillo,,DISPONIBLE,,35000.0,30000.0,,,Sin ubicación
ECOSPORT 2019,Telecomando Completo,,DISPONIBLE,SANTIAGO,80000.0,45000 C/U,,,"Termino especial ""completo"""
ECOSPORT 2019,Tirante De Puerta,Trasera Derecha,DISPONIBLE,SANTIAGO,15000.0,10000.0,,,
ECOSPORT 2019,Titamte De Puerta,Delantera Derecha,DISPONIBLE,SANTIAGO,15000.0,10000.0,,,
ECOSPORT 2019,Valvula Vvt,,DISPONIBLE,,30000.0,25000.0,,,Sin ubicación
ECOSPORT 2019,Varilla Aceite,,POR CONFIRMAR,,10000.0,10000.0,,no disponible ,Estado inusual: POR CONFIRMAR; Sin ubicación
ECOSPORT 2019,Varilla Capot,,DISPONIBLE,SANTIAGO,15000.0,10000.0,,,
ECOSPORT 2019,Vidrio Puerta,Delantera Izquierda,DISPONIBLE,SANTIAGO,45000.0,40000.0,,,
ECOSPORT 2019,Vidrio Puerta,Delantera Derecha,POR CONFIRMAR,,45000.0,40000.0,,,Estado inusual: POR CONFIRMAR; Sin ubicación
ECOSPORT 2019,Vidrio Puerta,Trasera Izquierda,DISPONIBLE,SANTIAGO,40000.0,35000.0,,,
ECOSPORT 2019,Vidrio Puerta,Trasera Derecha,VENDIDO,SANTIAGO,40000.0,35000.0,,,
ECOSPORT 2019,Volante,,DISPONIBLE,SANTIAGO,60000.0,55000.0,,,
ECOSPORT 2019,,,DISPONIBLE,,,,,,Nombre vacío; Sin ubicación
ECOSPORT 2019,,,DISPONIBLE,,,,,,Nombre vacío; Sin ubicación
ECOSPORT 2019,,,DISPONIBLE,,,,,,Nombre vacío; Sin ubicación
ECOSPORT 2019,,,DISPONIBLE,,,,,,Nombre vacío; Sin ubicación
ECOSPORT 2019,,,DISPONIBLE,,,,,,Nombre vacío; Sin ubicación
ECOSPORT 2019,,,DISPONIBLE,,,,,,Nombre vacío; Sin ubicación
ECOSPORT 2019,,,DISPONIBLE,,,,,,Nombre vacío; Sin ubicación
ECOSPORT 2019,,,DISPONIBLE,,,,,,Nombre vacío; Sin ubicación
ECOSPORT 2019,,,DISPONIBLE,,,,,,Nombre vacío; Sin ubicación
ECOSPORT 2019,,,DISPONIBLE,,,,,,Nombre vacío; Sin ubicación
ECOSPORT 2019,,,DISPONIBLE,,,,,,Nombre vacío; Sin ubicación
ECOSPORT 2019,,,DISPONIBLE,,,,,,Nombre vacío; Sin ubicación
ECOSPORT 2019,,,DISPONIBLE,,,,,,Nombre vacío; Sin ubicación
ECOSPORT 2019,,,DISPONIBLE,,,,,,Nombre vacío; Sin ubicación
ECOSPORT 2019,,,DISPONIBLE,,,,,,Nombre vacío; Sin ubicación
ECOSPORT 2019,,,DISPONIBLE,,,,,,Nombre vacío; Sin ubicación
ECOSPORT 2019,,,DISPONIBLE,,,,,,Nombre vacío; Sin ubicación
ECOSPORT 2019,,,DISPONIBLE,,,,,,Nombre vacío; Sin ubicación
ECOSPORT 2019,,,DISPONIBLE,,,,,,Nombre vacío; Sin ubicación
ECOSPORT 2019,,,DISPONIBLE,,,,,,Nombre vacío; Sin ubicación
ECOSPORT 2019,,,DISPONIBLE,,,,,,Nombre vacío; Sin ubicación
ECOSPORT 2019,,,DISPONIBLE,,,,,,Nombre vacío; Sin ubicación
ECOSPORT 2019,,,DISPONIBLE,,,,,,Nombre vacío; Sin ubicación
ECOSPORT 2019,,,DISPONIBLE,,,,,,Nombre vacío; Sin ubicación
ECOSPORT 2019,,,DISPONIBLE,,,,,,Nombre vacío; Sin ubicación
ECOSPORT 2019,,,DISPONIBLE,,,,,,Nombre vacío; Sin ubicación
ECOSPORT 2019,,,DISPONIBLE,,,,,,Nombre vacío; Sin ubicación
ECOSPORT 2019,,,DISPONIBLE,,,,,,Nombre vacío; Sin ubicación
ECOSPORT 2019,,,DISPONIBLE,,,,,,Nombre vacío; Sin ubicación
ECOSPORT 2019,,,DISPONIBLE,,,,,,Nombre vacío; Sin ubicación
ECOSPORT 2019,,,DISPONIBLE,,,,,,Nombre vacío; Sin ubicación
ECOSPORT 2019,,,DISPONIBLE,,,,,,Nombre vacío; Sin ubicación
ECOSPORT 2019,,,DISPONIBLE,,,,,,Nombre vacío; Sin ubicación
ECOSPORT 2019,,,DISPONIBLE,,,,,,Nombre vacío; Sin ubicación
ECOSPORT 2019,,,DISPONIBLE,,,,,,Nombre vacío; Sin ubicación
ECOSPORT 2019,,,DISPONIBLE,,,,,,Nombre vacío; Sin ubicación
ECOSPORT 2019,,,DISPONIBLE,,,,,,Nombre vacío; Sin ubicación
ECOSPORT 2019,,,DISPONIBLE,,,,,,Nombre vacío; Sin ubicación
ECOSPORT 2019,,,DISPONIBLE,,,,,,Nombre vacío; Sin ubicación
ECOSPORT 2019,,,DISPONIBLE,,,,,,Nombre vacío; Sin ubicación
ECOSPORT 2019,,,DISPONIBLE,,,,,,Nombre vacío; Sin ubicación
ECOSPORT 2019,,,DISPONIBLE,,,,,,Nombre vacío; Sin ubicación
ECOSPORT 2019,,,DISPONIBLE,,,,,,Nombre vacío; Sin ubicación
ECOSPORT 2019,,,DISPONIBLE,,,,,,Nombre vacío; Sin ubicación
ECOSPORT 2019,,,DISPONIBLE,,,,,,Nombre vacío; Sin ubicación
ECOSPORT 2019,,,DISPONIBLE,,,,,,Nombre vacío; Sin ubicación
ECOSPORT 2019,,,DISPONIBLE,,,,,,Nombre vacío; Sin ubicación
ECOSPORT 2019,,,DISPONIBLE,,,,,,Nombre vacío; Sin ubicación
ECOSPORT 2019,,,DISPONIBLE,,,,,,Nombre vacío; Sin ubicación
ECOSPORT 2019,,,DISPONIBLE,,,,,,Nombre vacío; Sin ubicación
ECOSPORT 2019,,,DISPONIBLE,,,,,,Nombre vacío; Sin ubicación
ECOSPORT 2019,,,DISPONIBLE,,,,,,Nombre vacío; Sin ubicación
ECOSPORT 2019,,,DISPONIBLE,,,,,,Nombre vacío; Sin ubicación
ECOSPORT 2019,,,DISPONIBLE,,,,,,Nombre vacío; Sin ubicación
ECOSPORT 2019,,,DISPONIBLE,,,,,,Nombre vacío; Sin ubicación
ECOSPORT 2019,,,DISPONIBLE,,,,,,Nombre vacío; Sin ubicación
ECOSPORT 2019,,,DISPONIBLE,,,,,,Nombre vacío; Sin ubicación
ECOSPORT 2019,,,DISPONIBLE,,,,,,Nombre vacío; Sin ubicación
ECOSPORT 2019,,,DISPONIBLE,,,,,,Nombre vacío; Sin ubicación
ECOSPORT 2019,,,DISPONIBLE,,,,,,Nombre vacío; Sin ubicación
ECOSPORT 2019,,,DISPONIBLE,,,,,,Nombre vacío; Sin ubicación
ECOSPORT 2019,,,DISPONIBLE,,,,,,Nombre vacío; Sin ubicación
ECOSPORT 2019,,,DISPONIBLE,,,,,,Nombre vacío; Sin ubicación
ECOSPORT 2019,,,DISPONIBLE,,,,,,Nombre vacío; Sin ubicación
ECOSPORT 2019,,,DISPONIBLE,,,,,,Nombre vacío; Sin ubicación
ECOSPORT 2019,,,DISPONIBLE,,,,,,Nombre vacío; Sin ubicación
ECOSPORT 2019,,,DISPONIBLE,,,,,,Nombre vacío; Sin ubicación
ECOSPORT 2019,,,DISPONIBLE,,,,,,Nombre vacío; Sin ubicación
ECOSPORT 2019,,,DISPONIBLE,,,,,,Nombre vacío; Sin ubicación
ECOSPORT 2019,,,DISPONIBLE,,,,,,Nombre vacío; Sin ubicación
ECOSPORT 2019,,,DISPONIBLE,,,,,,Nombre vacío; Sin ubicación
ECOSPORT 2019,,,DISPONIBLE,,,,,,Nombre vacío; Sin ubicación
ECOSPORT 2019,,,DISPONIBLE,,,,,,Nombre vacío; Sin ubicación
ECOSPORT 2019,,,DISPONIBLE,,,,,,Nombre vacío; Sin ubicación
ECOSPORT 2019,,,DISPONIBLE,,,,,,Nombre vacío; Sin ubicación
ECOSPORT 2019,,,DISPONIBLE,,,,,,Nombre vacío; Sin ubicación
ECOSPORT 2019,,,DISPONIBLE,,,,,,Nombre vacío; Sin ubicación
ECOSPORT 2019,,,DISPONIBLE,,,,,,Nombre vacío; Sin ubicación
ELANTRA 2006,Alternador,,DISPONIBLE,SANTIAGO,,,,,
ELANTRA 2006,Amortiguador,Delantera Derecha,DISPONIBLE,SANTIAGO,,,,,
ELANTRA 2006,Amortiguador,Delantera Izquierda,DISPONIBLE,SANTIAGO,,,,,
ELANTRA 2006,Bandeja,Delantera Derecha,DISPONIBLE,SANTIAGO,,,,,
ELANTRA 2006,Bandeja,Delantera Izquierda,DISPONIBLE,SANTIAGO,,,,,
ELANTRA 2006,Base O Soporte De Depósito Líquido Hidráulico,,NO DISPONIBLE,SANTIAGO,,,,,
ELANTRA 2006,Base Termostato,,DISPONIBLE,SANTIAGO,,,,,
ELANTRA 2006,Bobina,,DISPONIBLE,SANTIAGO,,,,,
ELANTRA 2006,Bomba De Freno,,DISPONIBLE,SANTIAGO,,,,,
ELANTRA 2006,Bomba Hidráulica,,DISPONIBLE,SANTIAGO,,,,,
ELANTRA 2006,Botón De Alzavidrio,Trasera Derecha,DISPONIBLE,SANTIAGO,,,,,
ELANTRA 2006,Botón De Alzavidrio,Trasera Izquierda,DISPONIBLE,SANTIAGO,,,,,
ELANTRA 2006,Caja De Cambios Mecánica,,DISPONIBLE,SANTIAGO,,,,,
ELANTRA 2006,Caliper,Delantera Derecha,DISPONIBLE,SANTIAGO,,,,,
ELANTRA 2006,Caliper,Delantera Izquierda,DISPONIBLE,SANTIAGO,,,,,
ELANTRA 2006,Cañerías De Aire Acondicionado,,DISPONIBLE,SANTIAGO,,,,,
ELANTRA 2006,Cañerías De Líquido Hidráulico,,DISPONIBLE,SANTIAGO,,,,,
ELANTRA 2006,Chapa Puerta,Delantera Derecha,DISPONIBLE,SANTIAGO,,,,,
ELANTRA 2006,Chapa Puerta,Delantera Izquierda,DISPONIBLE,SANTIAGO,,,,,
ELANTRA 2006,Chapa Puerta,Trasera Derecha,DISPONIBLE,SANTIAGO,,,,,
ELANTRA 2006,Chapa Puerta,Trasera Izquierda,DISPONIBLE,SANTIAGO,,,,,
ELANTRA 2006,Compresor De Aire Acondicionado,,DISPONIBLE,SANTIAGO,,,,,
ELANTRA 2006,Cremallera De Alzavidrio Con Panel Puerta,Trasera Derecha,DISPONIBLE,SANTIAGO,,,,,
ELANTRA 2006,Cremallera De Alzavidrio Con Panel,Delantera Derecha,DISPONIBLE,SANTIAGO,,,,,
ELANTRA 2006,Cremallera De Alzavidrio Con Panel,Delantera Izquierda,DISPONIBLE,SANTIAGO,,,,,
ELANTRA 2006,Cremallera De Alzavidrio Con Panel Puerta,Trasera Izquierda,DISPONIBLE,SANTIAGO,,,,,
ELANTRA 2006,Cremallera De Dirección,,DISPONIBLE,SANTIAGO,,,,,
ELANTRA 2006,Cuerpo De Aceleración,,VENDIDO,SANTIAGO,45000.0,45000.0,,,
ELANTRA 2006,Cuna,,DISPONIBLE,SANTIAGO,,,,,
ELANTRA 2006,Cuna Con Barra Estabilizadora,,DISPONIBLE,SANTIAGO,,,,,
ELANTRA 2006,Depósito De Agua,,DISPONIBLE,SANTIAGO,,,,,
ELANTRA 2006,Disco De Freno,Delantera Derecha,DISPONIBLE,SANTIAGO,,,,,
ELANTRA 2006,Disco De Freno,Delantera Izquierda,DISPONIBLE,SANTIAGO,,,,,
ELANTRA 2006,Eje Palier,Derecha,VENDIDO,SANTIAGO,60000.0,60000.0,,,
ELANTRA 2006,Eje Palier,Izquierda,DISPONIBLE,SANTIAGO,,,,,
ELANTRA 2006,Electroventilador,,DISPONIBLE,SANTIAGO,,,,EL AUTO LLEVA 2 ELECTROS,
ELANTRA 2006,Electroventilador,,DISPONIBLE,SANTIAGO,,,,EL AUTO LLEVA 2 ELECTROS,
ELANTRA 2006,Espejo,Derecha,DISPONIBLE,SANTIAGO,,,,,
ELANTRA 2006,Espejo,Izquierda,DISPONIBLE,SANTIAGO,,,,,
ELANTRA 2006,Kit De Embraue,,DISPONIBLE,SANTIAGO,,,,,
ELANTRA 2006,Manguera De Agua,,DISPONIBLE,SANTIAGO,,,,,
ELANTRA 2006,Manilla Puerta,Delantera Derecha Exterior,DISPONIBLE,SANTIAGO,,,,,
ELANTRA 2006,Manilla Puerta,Delantera Izquierda Exterior,DISPONIBLE,SANTIAGO,,,,,
ELANTRA 2006,Manilla Puerta,Trasera Derecha Exterior,DISPONIBLE,SANTIAGO,,,,,
ELANTRA 2006,Manilla Puerta,Trasera Izquierda Exterior,DISPONIBLE,SANTIAGO,,,,,
ELANTRA 2006,Manilla Puerta,Delantera Derecha Interior,DISPONIBLE,SANTIAGO,,,,,
ELANTRA 2006,Manilla Puerta,Delantera Izquierda Interior,DISPONIBLE,SANTIAGO,,,,,
ELANTRA 2006,Manilla Puerta,Trasera Derecha Interior,DISPONIBLE,SANTIAGO,,,,,
ELANTRA 2006,Manilla Puerta,Trasera Izquierda Interior,DISPONIBLE,SANTIAGO,,,,,
ELANTRA 2006,Motor De Partida,,DISPONIBLE,SANTIAGO,,,,,
ELANTRA 2006,Motor Facturable,,DISPONIBLE,SANTIAGO,,,,,
ELANTRA 2006,Múltiple De Admisión,,DISPONIBLE,SANTIAGO,,,,,
ELANTRA 2006,Múltiple De Escape Con Catalítico,,DISPONIBLE,SANTIAGO,,,,,
ELANTRA 2006,Muñón Con Maza,Delantera Derecha,DISPONIBLE,SANTIAGO,,,,,
ELANTRA 2006,Muñón Con Maza,Delantera Izquierda,DISPONIBLE,SANTIAGO,,,,,
ELANTRA 2006,Óptico,Izquierda,NO DISPONIBLE,SANTIAGO,,,,,
ELANTRA 2006,Óptico,Derecha,NO DISPONIBLE,SANTIAGO,,,,,
ELANTRA 2006,Porta Filtro De Aire Con Tubo Corrugado,,DISPONIBLE,SANTIAGO,,,,,
ELANTRA 2006,Protector Aluminio Múltiple De Escape,,DISPONIBLE,SANTIAGO,,,,,
ELANTRA 2006,Radiador De Agua,,DISPONIBLE,SANTIAGO,,,,,
ELANTRA 2006,Radiador De Aire Acondicionado,,DISPONIBLE,SANTIAGO,,,,,
ELANTRA 2006,Refuerzo Parachoque,Delantera,DISPONIBLE,SANTIAGO,,,,,
ELANTRA 2006,Riel De Inyectores,,DISPONIBLE,SANTIAGO,,,,,
ELANTRA 2006,Soporte De Motor,Central,DISPONIBLE,SANTIAGO,,,,,
ELANTRA 2006,Soporte De Motor,Derecha,DISPONIBLE,SANTIAGO,,,,,
ELANTRA 2006,Soporte De Motor,Izquierda,DISPONIBLE,SANTIAGO,,,,,
ELANTRA 2006,Tapabarro,Derecha,DISPONIBLE,SANTIAGO,,,,,
ELANTRA 2006,Válvula Evap,,DISPONIBLE,SANTIAGO,,,,,
ELANTRA 2006,Varilla Capot,,DISPONIBLE,SANTIAGO,,,,,
ELANTRA 2006,Vidrio Luneta Puerta,Trasera Derecha,DISPONIBLE,SANTIAGO,,,,,
ELANTRA 2006,Vidrio Luneta Puerta,Trasera Izquierda,DISPONIBLE,SANTIAGO,,,,,
ELANTRA 2006,Vidrio Puerta,Delantera Derecha,DISPONIBLE,SANTIAGO,,,,,
ELANTRA 2006,Vidrio Puerta,Delantera Izquierda,DISPONIBLE,SANTIAGO,,,,,
ELANTRA 2006,Vidrio Puerta,Trasera Derecha,DISPONIBLE,SANTIAGO,,,,,
ELANTRA 2006,Vidrio Puerta,Trasera Izquierda,DISPONIBLE,SANTIAGO,,,,,
ELANTRA 2006,Volante Bimasa,,DISPONIBLE,SANTIAGO,,,,,
ELANTRA 2006,,,,,,,,,Nombre vacío; Sin estado de stock; Sin ubicación
ELANTRA 2006,,,,,,,,,Nombre vacío; Sin estado de stock; Sin ubicación
ELANTRA 2006,,,,,,,,,Nombre vacío; Sin estado de stock; Sin ubicación
ELANTRA 2006,,,,,,,,,Nombre vacío; Sin estado de stock; Sin ubicación
ELANTRA 2006,,,,,,,,,Nombre vacío; Sin estado de stock; Sin ubicación
ELANTRA 2006,,,,,,,,,Nombre vacío; Sin estado de stock; Sin ubicación
ELANTRA 2006,,,,,,,,,Nombre vacío; Sin estado de stock; Sin ubicación
ELANTRA 2006,,,,,,,,,Nombre vacío; Sin estado de stock; Sin ubicación
ELANTRA 2006,,,,,,,,,Nombre vacío; Sin estado de stock; Sin ubicación
ELANTRA 2006,,,,,,,,,Nombre vacío; Sin estado de stock; Sin ubicación
ELANTRA 2006,,,,,,,,,Nombre vacío; Sin estado de stock; Sin ubicación
ELANTRA 2006,,,,,,,,,Nombre vacío; Sin estado de stock; Sin ubicación
ELANTRA 2006,,,,,,,,,Nombre vacío; Sin estado de stock; Sin ubicación
ELANTRA 2006,,,,,,,,,Nombre vacío; Sin estado de stock; Sin ubicación
ELANTRA 2006,,,,,,,,,Nombre vacío; Sin estado de stock; Sin ubicación
ELANTRA 2006,,,,,,,,,Nombre vacío; Sin estado de stock; Sin ubicación
ELANTRA 2006,,,,,,,,,Nombre vacío; Sin estado de stock; Sin ubicación
ELANTRA 2006,,,,,,,,,Nombre vacío; Sin estado de stock; Sin ubicación
ELANTRA 2006,,,,,,,,,Nombre vacío; Sin estado de stock; Sin ubicación
ELANTRA 2006,,,,,,,,,Nombre vacío; Sin estado de stock; Sin ubicación
ELANTRA 2006,,,,,,,,,Nombre vacío; Sin estado de stock; Sin ubicación
ELANTRA 2006,,,,,,,,,Nombre vacío; Sin estado de stock; Sin ubicación
ELANTRA 2006,,,,,,,,,Nombre vacío; Sin estado de stock; Sin ubicación
ELANTRA 2006,,,,,,,,,Nombre vacío; Sin estado de stock; Sin ubicación
ELANTRA 2006,,,,,,,,,Nombre vacío; Sin estado de stock; Sin ubicación
ELANTRA 2006,,,,,,,,,Nombre vacío; Sin estado de stock; Sin ubicación
ELANTRA 2006,,,,,,,,,Nombre vacío; Sin estado de stock; Sin ubicación
ELANTRA 2006,,,,,,,,,Nombre vacío; Sin estado de stock; Sin ubicación
ELANTRA 2006,,,,,,,,,Nombre vacío; Sin estado de stock; Sin ubicación
ELANTRA 2006,,,,,,,,,Nombre vacío; Sin estado de stock; Sin ubicación
ELANTRA 2006,,,,,,,,,Nombre vacío; Sin estado de stock; Sin ubicación
ELANTRA 2006,,,,,,,,,Nombre vacío; Sin estado de stock; Sin ubicación
ELANTRA 2006,,,,,,,,,Nombre vacío; Sin estado de stock; Sin ubicación
ELANTRA 2006,,,,,,,,,Nombre vacío; Sin estado de stock; Sin ubicación
ELANTRA 2006,,,,,,,,,Nombre vacío; Sin estado de stock; Sin ubicación
ELANTRA 2006,,,,,,,,,Nombre vacío; Sin estado de stock; Sin ubicación
ELANTRA 2006,,,,,,,,,Nombre vacío; Sin estado de stock; Sin ubicación
ELANTRA 2006,,,,,,,,,Nombre vacío; Sin estado de stock; Sin ubicación
ELANTRA 2006,,,,,,,,,Nombre vacío; Sin estado de stock; Sin ubicación
ELANTRA 2006,,,,,,,,,Nombre vacío; Sin estado de stock; Sin ubicación
ELANTRA 2006,,,,,,,,,Nombre vacío; Sin estado de stock; Sin ubicación
ELANTRA 2006,,,,,,,,,Nombre vacío; Sin estado de stock; Sin ubicación
ELANTRA 2006,,,,,,,,,Nombre vacío; Sin estado de stock; Sin ubicación
ELANTRA 2006,,,,,,,,,Nombre vacío; Sin estado de stock; Sin ubicación
ELANTRA 2006,,,,,,,,,Nombre vacío; Sin estado de stock; Sin ubicación
ELANTRA 2006,,,,,,,,,Nombre vacío; Sin estado de stock; Sin ubicación
ELANTRA 2006,,,,,,,,,Nombre vacío; Sin estado de stock; Sin ubicación
ELANTRA 2006,,,,,,,,,Nombre vacío; Sin estado de stock; Sin ubicación
ELANTRA 2006,,,,,,,,,Nombre vacío; Sin estado de stock; Sin ubicación
ELANTRA 2006,,,,,,,,,Nombre vacío; Sin estado de stock; Sin ubicación
ELANTRA 2006,,,,,,,,,Nombre vacío; Sin estado de stock; Sin ubicación
ELANTRA 2006,,,,,,,,,Nombre vacío; Sin estado de stock; Sin ubicación
ELANTRA 2006,,,,,,,,,Nombre vacío; Sin estado de stock; Sin ubicación
ELANTRA 2006,,,,,,,,,Nombre vacío; Sin estado de stock; Sin ubicación
ELANTRA 2006,,,,,,,,,Nombre vacío; Sin estado de stock; Sin ubicación
ELANTRA 2006,,,,,,,,,Nombre vacío; Sin estado de stock; Sin ubicación
ELANTRA 2006,,,,,,,,,Nombre vacío; Sin estado de stock; Sin ubicación
ELANTRA 2006,,,,,,,,,Nombre vacío; Sin estado de stock; Sin ubicación
ELANTRA 2006,,,,,,,,,Nombre vacío; Sin estado de stock; Sin ubicación
ELANTRA 2006,,,,,,,,,Nombre vacío; Sin estado de stock; Sin ubicación
ELANTRA 2006,,,,,,,,,Nombre vacío; Sin estado de stock; Sin ubicación
ELANTRA 2006,,,,,,,,,Nombre vacío; Sin estado de stock; Sin ubicación
ELANTRA 2006,,,,,,,,,Nombre vacío; Sin estado de stock; Sin ubicación
ELANTRA 2006,,,,,,,,,Nombre vacío; Sin estado de stock; Sin ubicación
ELANTRA 2006,,,,,,,,,Nombre vacío; Sin estado de stock; Sin ubicación
ELANTRA 2006,,,,,,,,,Nombre vacío; Sin estado de stock; Sin ubicación
ELANTRA 2006,,,,,,,,,Nombre vacío; Sin estado de stock; Sin ubicación
ELANTRA 2006,,,,,,,,,Nombre vacío; Sin estado de stock; Sin ubicación
ELANTRA 2006,,,,,,,,,Nombre vacío; Sin estado de stock; Sin ubicación
ELANTRA 2006,,,,,,,,,Nombre vacío; Sin estado de stock; Sin ubicación
ELANTRA 2006,,,,,,,,,Nombre vacío; Sin estado de stock; Sin ubicación
ELANTRA 2006,,,,,,,,,Nombre vacío; Sin estado de stock; Sin ubicación
ELANTRA 2006,,,,,,,,,Nombre vacío; Sin estado de stock; Sin ubicación
ELANTRA 2006,,,,,,,,,Nombre vacío; Sin estado de stock; Sin ubicación
ELANTRA 2006,,,,,,,,,Nombre vacío; Sin estado de stock; Sin ubicación
ELANTRA 2006,,,,,,,,,Nombre vacío; Sin estado de stock; Sin ubicación
ELANTRA 2006,,,,,,,,,Nombre vacío; Sin estado de stock; Sin ubicación
ELANTRA 2006,,,,,,,,,Nombre vacío; Sin estado de stock; Sin ubicación
ELANTRA 2006,,,,,,,,,Nombre vacío; Sin estado de stock; Sin ubicación
ELANTRA 2006,,,,,,,,,Nombre vacío; Sin estado de stock; Sin ubicación
ELANTRA 2006,,,,,,,,,Nombre vacío; Sin estado de stock; Sin ubicación
ELANTRA 2006,,,,,,,,,Nombre vacío; Sin estado de stock; Sin ubicación
ELANTRA 2006,,,,,,,,,Nombre vacío; Sin estado de stock; Sin ubicación
ELANTRA 2006,,,,,,,,,Nombre vacío; Sin estado de stock; Sin ubicación
ELANTRA 2006,,,,,,,,,Nombre vacío; Sin estado de stock; Sin ubicación
ELANTRA 2006,,,,,,,,,Nombre vacío; Sin estado de stock; Sin ubicación
ELANTRA 2006,,,,,,,,,Nombre vacío; Sin estado de stock; Sin ubicación
ELANTRA 2006,,,,,,,,,Nombre vacío; Sin estado de stock; Sin ubicación
ELANTRA 2006,,,,,,,,,Nombre vacío; Sin estado de stock; Sin ubicación
ELANTRA 2006,,,,,,,,,Nombre vacío; Sin estado de stock; Sin ubicación
ELANTRA 2006,,,,,,,,,Nombre vacío; Sin estado de stock; Sin ubicación
ELANTRA 2006,,,,,,,,,Nombre vacío; Sin estado de stock; Sin ubicación
FABIA 2021,Absorbedor De Impacto,Delantera,VENDIDO,,25000.0,20000.0,,,Sin ubicación
FABIA 2021,Absorbedor De Impacto,Trasera,VENDIDO,,25000.0,20000.0,,,Sin ubicación
FABIA 2021,Airbag De Cortina,Derecha,DISPONIBLE,,,,,,Sin ubicación
FABIA 2021,Alfombra O Piso,Delantera Izquierda,VENDIDO,,20000.0,15000.0,,,Sin ubicación
FABIA 2021,Alfombra O Piso,Delantera Derecha,VENDIDO,,20000.0,15000.0,,,Sin ubicación
FABIA 2021,Alfombra O Piso,Trasera Izquierda,VENDIDO,,15000.0,10000.0,,,Sin ubicación
FABIA 2021,Alfombra O Piso,Trasera Derecha,VENDIDO,,20000.0,15000.0,,,Sin ubicación
FABIA 2021,Alternador,,VENDIDO,,130000.0,120000.0,,,Sin ubicación
FABIA 2021,Amortiguador,Delantera Izquierda,DISPONIBLE,,110000.0,100000.0,,,Sin ubicación
FABIA 2021,Amortiguador,Delantera Derecha,VENDIDO,,110000.0,100000.0,,,Sin ubicación
FABIA 2021,Amortiguador,Portalon,DISPONIBLE,,25000.0,20000.0,,,Sin ubicación
FABIA 2021,Amortiguador,Trasera Derecha,DISPONIBLE,,110000.0,100000.0,,,Sin ubicación
FABIA 2021,Amortiguador,Trasera Derecha,DISPONIBLE,,110000.0,100000.0,,,Sin ubicación
FABIA 2021,Antena,,DISPONIBLE,,15000.0,10000.0,,,Sin ubicación
FABIA 2021,Apoya Brazo,Central,DISPONIBLE,,55000.0,50000.0,,,Sin ubicación
FABIA 2021,Asiento,Delantera Izquierda,VENDIDO,,90000.0,85000.0,,,Sin ubicación
FABIA 2021,Asiento,Delantera Derecha,DISPONIBLE,,90000.0,85000.0,,,Sin ubicación
FABIA 2021,Asiento Trassero,,DISPONIBLE,,70000.0,60000.0,,,Sin ubicación
FABIA 2021,Auxiliar Usb,,DISPONIBLE,,20000.0,15000.0,,,Sin ubicación
FABIA 2021,Auxiliar Usb,,DISPONIBLE,,20000.0,15000.0,,,Sin ubicación
FABIA 2021,Bandeja,Derecha,DISPONIBLE,,80000.0,75000.0,,,Sin ubicación
FABIA 2021,Bandeja,Izquierda,VENDIDO,,80000.0,75000.0,,,Sin ubicación
FABIA 2021,Base Bateria,,VENDIDO,,35000.0,30000.0,,,Sin ubicación
FABIA 2021,Bcm,,DISPONIBLE,,190400.0,160000.0,,,Sin ubicación
FABIA 2021,Bisagra Capot,Izquierda,VENDIDO,,45000.0,40000.0,,,Sin ubicación
FABIA 2021,Bisagra Capot,Derecha,VENDIDO,,45000.0,40000.0,,,Sin ubicación
FABIA 2021,Bisagras Puerta,Delantera Derecha,VENDIDO,,25000.0,20000.0,,,Sin ubicación
FABIA 2021,Bisagras Puerta,Trasera Izquierda,DISPONIBLE,,25000.0,20000.0,,,Sin ubicación
FABIA 2021,Bisagras Puerta,Trasera Derecha,DISPONIBLE,,25000.0,20000.0,,,Sin ubicación
FABIA 2021,Bobina,,DISPONIBLE,,35700.0,30000.0,,,Sin ubicación
FABIA 2021,Bobina,,DISPONIBLE,,35700.0,30000.0,,,Sin ubicación
FABIA 2021,Bobina,,DISPONIBLE,,35700.0,30000.0,,,Sin ubicación
FABIA 2021,Bomba De Agua,,DISPONIBLE,,130000.0,120000.0,,,Sin ubicación
FABIA 2021,Bomba De Alta,,DISPONIBLE,,,,,,Sin ubicación
FABIA 2021,Bomba De Alta,,DISPONIBLE,,,,,,Sin ubicación
FABIA 2021,Bomba De Bencina,,DISPONIBLE,,95200.0,80000.0,,,Sin ubicación
FABIA 2021,Bomba De Combustible De Alta,,DISPONIBLE,,178500.0,150000.0,,,Sin ubicación
FABIA 2021,Boton De Encendido,,DISPONIBLE,,30000.0,25000.0,,,Sin ubicación
FABIA 2021,Botonera Hazar Y Calefacción Asientos,,DISPONIBLE,,70000.0,65000.0,,,Posible múltiple repuesto; Sin ubicación
FABIA 2021,Botonera Puerta,Delantera Izquierda,NO DISPONIBLE,,,,,,Sin ubicación
FABIA 2021,Botonera Puerta,Delantera Derecha,POR CONFIRMAR,,35000.0,25000.0,,,Estado inusual: POR CONFIRMAR; Sin ubicación
FABIA 2021,Botonera Puerta,Trasera,VENDIDO,,35000.0,25000.0,,,Sin ubicación
FABIA 2021,Botonera Puerta,Trasera,DISPONIBLE,,35000.0,25000.0,,,Sin ubicación
FABIA 2021,Brazo Limpiaparabrisas O,Trasera Portalon,DISPONIBLE,,,,,,Sin ubicación
FABIA 2021,Brazos Limpiaparabrisas,Izquierda,DISPONIBLE,,35000.0,30000.0,,,Sin ubicación
FABIA 2021,Brazos Limpiaparabrisas,Derecha,DISPONIBLE,,35000.0,30000.0,,,Sin ubicación
FABIA 2021,Caja,,VENDIDO,,970000.0,900000.0,,ESTE PRECIO SE MANTIENE,Sin ubicación
FABIA 2021,Caliper,Delantera Izquierda,DISPONIBLE,,60000.0,50000.0,,,Sin ubicación
FABIA 2021,Caliper,Delantera Derecha,DISPONIBLE,,60000.0,50000.0,,,Sin ubicación
FABIA 2021,Caliper,Trasera Izquierda,DISPONIBLE,,60000.0,50000.0,,,Sin ubicación
FABIA 2021,Caliper,Trasera Derecha,DISPONIBLE,,60000.0,50000.0,,,Sin ubicación
FABIA 2021,Cañerías Aire Acondicionado Completo,,DISPONIBLE,,90000.0,80000.0,,,"Termino especial ""completo""; Sin ubicación"
FABIA 2021,Cañerias Plásticas De Gases,,DISPONIBLE,,,,,,Sin ubicación
FABIA 2021,Capot,,VENDIDO,,310000.0,300000.0,,,Sin ubicación
FABIA 2021,Carcasa De Calefacción,,DISPONIBLE,,,,,,Sin ubicación
FABIA 2021,Catalítico,,VENDIDO,,,,,,Sin ubicación
FABIA 2021,Chapa Capot,,DISPONIBLE,,47600.0,40000.0,,,Sin ubicación
FABIA 2021,Chapa,Portalon,NO DISPONIBLE,,,,,SE VENDIÓ PORTALÓN COMPLETO,Sin ubicación
FABIA 2021,Chapa Puerta,Delantera Izquierda,NO DISPONIBLE,,,,,,Sin ubicación
FABIA 2021,Chapa Puerta,Delantera Derecha,DISPONIBLE,,47600.0,40000.0,,,Sin ubicación
FABIA 2021,Chapa Puerta,Trasera Izquierda,VENDIDO,,47600.0,40000.0,,,Sin ubicación
FABIA 2021,Chapa Puerta,Trasera Derecha,DISPONIBLE,,47600.0,40000.0,,,Sin ubicación
FABIA 2021,Cinta Airbag,,DISPONIBLE,,60000.0,50000.0,,,Sin ubicación
FABIA 2021,Climatizador,,DISPONIBLE,,120000.0,110000.0,,,Sin ubicación
FABIA 2021,Cofia,,DISPONIBLE,,55000.0,50000.0,,,Sin ubicación
FABIA 2021,Columna De Direccion Electronica,,VENDIDO,,200000.0,190000.0,,,Sin ubicación
FABIA 2021,Compresor Aire Acondicionado,,DISPONIBLE,,100000.0,90000.0,,,Sin ubicación
FABIA 2021,Corte Cola,,VENDIDO,,220000.0,210000.0,,,Sin ubicación
FABIA 2021,Corte Techo,,DISPONIBLE,,120000.0,110000.0,,,Sin ubicación
FABIA 2021,Cremallera De Alzavidrio,Delantera Derecha,DISPONIBLE,,55000.0,50000.0,,,Sin ubicación
FABIA 2021,Cremallera De Alzavidrio,Trasera Izquierda,DISPONIBLE,,55000.0,50000.0,,,Sin ubicación
FABIA 2021,Cremallera De Alzavidrio,Trasera Derecha,DISPONIBLE,,55000.0,50000.0,,,Sin ubicación
FABIA 2021,Cremallera De Direccion,,DISPONIBLE,,140000.0,130000.0,,PRECIO ACTUALIZADO,Sin ubicación
FABIA 2021,Cubre Carter,,VENDIDO,,55000.0,50000.0,,,Sin ubicación
FABIA 2021,Cubre Chapa,,VENDIDO,,55000.0,45000.0,,,Sin ubicación
FABIA 2021,Cubre Rueda De Repuesto,,DISPONIBLE,,35700.0,30000.0,,,Sin ubicación
FABIA 2021,Cubre Torpedo,Exterior,DISPONIBLE,,75000.0,70000.0,,,Sin ubicación
FABIA 2021,Cuerpo De Aceleración,,VENDIDO,,140000.0,130000.0,,,Sin ubicación
FABIA 2021,Cuna,,DISPONIBLE,,150000.0,140000.0,,,Sin ubicación
FABIA 2021,Depósito De Agua O Líquido Refrigerante,,DISPONIBLE,,40000.0,35000.0,,,Sin ubicación
FABIA 2021,Depósito Limpiaparabrisas,,VENDIDO,,60000.0,50000.0,,,Sin ubicación
FABIA 2021,Depósito Y Bomba De Freno Ñ,,DISPONIBLE,,,,,,Posible múltiple repuesto; Sin ubicación
FABIA 2021,Disco,Delantera Izquierda,DISPONIBLE,,25000.0,20000.0,,,Sin ubicación
FABIA 2021,Disco,Delantera Derecha,DISPONIBLE,,25000.0,20000.0,,,Sin ubicación
FABIA 2021,Disco,Trasera Izquierda,DISPONIBLE,,25000.0,20000.0,,,Sin ubicación
FABIA 2021,Disco,Trasera Derecha,DISPONIBLE,,25000.0,20000.0,,,Sin ubicación
FABIA 2021,Dispensador Lentes,,DISPONIBLE,,35000.0,30000.0,,,Sin ubicación
FABIA 2021,Ecu,,DISPONIBLE,,230000.0,220000.0,,,Sin ubicación
FABIA 2021,Eje Palier,Izquierda,VENDIDO,,180000.0,170000.0,,,Sin ubicación
FABIA 2021,Eje Pelier,Derecha,DISPONIBLE,,200000.0,190000.0,,,Sin ubicación
FABIA 2021,Eje,Trasera,VENDIDO,,210000.0,200000.0,,,Sin ubicación
FABIA 2021,Electro Ventilador,,VENDIDO,,110000.0,100000.0,,,Sin ubicación
FABIA 2021,Encendedor De Cigarros,,DISPONIBLE,,15000.0,10000.0,,,Sin ubicación
FABIA 2021,Espejo,Central,VENDIDO,,35000.0,30000.0,,,Sin ubicación
FABIA 2021,Espejo,Derecha,VENDIDO,,110000.0,100000.0,,,Sin ubicación
FABIA 2021,Espejo,Izquierda,VENDIDO,,120000.0,110000.0,,,Sin ubicación
FABIA 2021,Espiral,Trasera Izquierda,VENDIDO,,20000.0,20000.0,,,Sin ubicación
FABIA 2021,Espiral,Trasera Derecha,VENDIDO,,20000.0,20000.0,,,Sin ubicación
FABIA 2021,Foco Luz Techo,Interior,DISPONIBLE,,35000.0,30000.0,,,Sin ubicación
FABIA 2021,Foco,Trasera Izquierda,VENDIDO,,100000.0,90000.0,,,Sin ubicación
FABIA 2021,Foco,Trasera Derecha,VENDIDO,,55000.0,50000.0,,,Sin ubicación
FABIA 2021,Frontal Superior ,Delantera Superior,VENDIDO,,90000.0,80000.0,,,Sin ubicación
FABIA 2021,Funda De Parachoque,Delantera,VENDIDO,,160000.0,150000.0,,,Sin ubicación
FABIA 2021,Funda De Parachoque Traasero,,VENDIDO,,160000.0,150000.0,,,Sin ubicación
FABIA 2021,Fusilera O Bcm,Delantera,VENDIDO,,220000.0,210000.0,,,Sin ubicación
FABIA 2021,Goma Marco Puerta,Delantera Izquierda,VENDIDO,,35000.0,30000.0,,,Sin ubicación
FABIA 2021,Goma Marco Puerta,Delantera Derecha,DISPONIBLE,,35000.0,30000.0,,,Sin ubicación
FABIA 2021,Goma Marco Puerta,Trasera Izquierda,DISPONIBLE,,35000.0,30000.0,,,Sin ubicación
FABIA 2021,Goma Marco Puerta,Trasera Derecha,DISPONIBLE,,35000.0,30000.0,,,Sin ubicación
FABIA 2021,Goma Torpedo,,DISPONIBLE,,45000.0,40000.0,,,Sin ubicación
FABIA 2021,Guantera,,DISPONIBLE,,35000.0,30000.0,,,Sin ubicación
FABIA 2021,Guardafango,Delantera Derecha,VENDIDO,,55000.0,50000.0,,,Sin ubicación
FABIA 2021,Guardafango,Delantera Izquierda,VENDIDO,,55000.0,50000.0,,,Sin ubicación
FABIA 2021,Guardafango,Trasera Izquierda,DISPONIBLE,,35000.0,30000.0,,,Sin ubicación
FABIA 2021,Guardafango,Trasera Derecha,DISPONIBLE,,35000.0,30000.0,,,Sin ubicación
FABIA 2021,Interculer,,VENDIDO,,190000.0,180000.0,,,Sin ubicación
FABIA 2021,Kit De Airbag,,VENDIDO,,650000.0,630000.0,,TRAER EJE PALIER,Sin ubicación
FABIA 2021,"Kit Encendido (Chapa, Llave,",,DISPONIBLE,,450000.0,400000.0,,,Posible múltiple repuesto; Sin ubicación
FABIA 2021,Letras Fabia,,DISPONIBLE,,25000.0,20000.0,,,Sin ubicación
FABIA 2021,Linea De Escape,,VENDIDO,,70000.0,60000.0,,,Sin ubicación
FABIA 2021,Llabe,,DISPONIBLE,,,,,,Sin ubicación
FABIA 2021,Llanta,,VENDIDO,,210000.0,200000.0,,,Sin ubicación
FABIA 2021,Llanta,,VENDIDO,,140000.0,120000.0,,EL PAR 200,Sin ubicación
FABIA 2021,Llanta,,VENDIDO,,140000.0,120000.0,,EL PAR 200,Sin ubicación
FABIA 2021,Llanta,,VENDIDO,,140000.0,120000.0,,EL PAR 200,Sin ubicación
FABIA 2021,Logo Capot,,VENDIDO,,30000.0,25000.0,,,Sin ubicación
FABIA 2021,Luz (Techo),Interior,DISPONIBLE,,45000.0,40000.0,,,Sin ubicación
FABIA 2021,Mangueras De Radiador,,DISPONIBLE,,45000.0,40000.0,,EL PAR,Sin ubicación
FABIA 2021,Manilla Puerta Del,Derecha Interior,VENDIDO,,35000.0,30000.0,,,Sin ubicación
FABIA 2021,Manilla Puerta,Trasera Derecha Interior,DISPONIBLE,,,,,,Sin ubicación
FABIA 2021,Manillas De Techo,,DISPONIBLE,,15000.0,10000.0,,,Sin ubicación
FABIA 2021,Máscara (Reparada),,VENDIDO,,130000.0,120000.0,,,Sin ubicación
FABIA 2021,Mensula,Delantera Izquierda,DISPONIBLE,,60000.0,50000.0,,,Sin ubicación
FABIA 2021,Mensula,Delantera Derecha,DISPONIBLE,,60000.0,50000.0,,,Sin ubicación
FABIA 2021,Mensula,Trasera Izquierda,DISPONIBLE,,40000.0,35000.0,,,Sin ubicación
FABIA 2021,Mensula,Trasera Derecha,DISPONIBLE,,40000.0,35000.0,,,Sin ubicación
FABIA 2021,Modulo Abs,,DISPONIBLE,,178500.0,150000.0,,,Sin ubicación
FABIA 2021,Módulo Control Calefacción,,VENDIDO,,80000.0,70000.0,,,Sin ubicación
FABIA 2021,Moldura De Pilar,Izquierda Exterior Central,DISPONIBLE,,25000.0,20000.0,,,Sin ubicación
FABIA 2021,Moldura De Pilar,Derecha Exterior Central,DISPONIBLE,,25000.0,20000.0,,,Sin ubicación
FABIA 2021,Motor Alzavidrio,Delantera Derecha,DISPONIBLE,,60000.0,50000.0,,,Sin ubicación
FABIA 2021,Motor Alzavidrio,Trasera Derecha,DISPONIBLE,,60000.0,50000.0,,,Sin ubicación
FABIA 2021,Motor De Partida,,DISPONIBLE,,95000.0,80000.0,,,Sin ubicación
FABIA 2021,Motor Facturable,,DISPONIBLE,,690000.0,650000.0,,,Sin ubicación
FABIA 2021,Motor Limpiaparabrisas Con Varillaje,,VENDIDO,,140000.0,130000.0,,,Sin ubicación
FABIA 2021,Múltiple De Admisión,,VENDIDO,,170000.0,160000.0,,,Sin ubicación
FABIA 2021,Muñón Y Maza,Delantera Izquierda,VENDIDO,,120000.0,110000.0,,,Posible múltiple repuesto; Sin ubicación
FABIA 2021,Muñón Y Maza,Delantera Derecha,VENDIDO,,120000.0,110000.0,,,Posible múltiple repuesto; Sin ubicación
FABIA 2021,Muñon Y Maza,Trasera Izquierda,DISPONIBLE,,80000.0,75000.0,,,Posible múltiple repuesto; Sin ubicación
FABIA 2021,Muñón Y Maza,Trasera Derecha,DISPONIBLE,,80000.0,75000.0,,,Posible múltiple repuesto; Sin ubicación
FABIA 2021,Neblinero,Delantera Derecha,VENDIDO,,55000.0,50000.0,,,Sin ubicación
FABIA 2021,Neblinero,Delantera Izquierda,VENDIDO,,55000.0,50000.0,,,Sin ubicación
FABIA 2021,Óptico,Derecha,VENDIDO,,355000.0,350000.0,,,Sin ubicación
FABIA 2021,Óptico,Izquierda,VENDIDO,,355000.0,350000.0,,,Sin ubicación
FABIA 2021,Palanca Ajuste Manubrio,,DISPONIBLE,,65000.0,55000.0,,,Sin ubicación
FABIA 2021,Palanca De Cambios,,DISPONIBLE,,85000.0,80000.0,,,Sin ubicación
FABIA 2021,Parabrisas,,VENDIDO,,110000.0,100000.0,,,Sin ubicación
FABIA 2021,Parasol,Izquierda,DISPONIBLE,,35000.0,30000.0,,COLOR NEGRO,Sin ubicación
FABIA 2021,Parasol,Derecha,VENDIDO,,35000.0,30000.0,,,Sin ubicación
FABIA 2021,Pedal De Aceleracion,,DISPONIBLE,,95200.0,80000.0,,,Sin ubicación
FABIA 2021,Pedal De Freno,,DISPONIBLE,,,,,,Sin ubicación
FABIA 2021,Perno Rueda De Repuesto,,NO DISPONIBLE,,,,,,Sin ubicación
FABIA 2021,Piola Capot,,DISPONIBLE,,25000.0,20000.0,,,Sin ubicación
FABIA 2021,Piola Palanca De Cambios,,DISPONIBLE,,,,,,Sin ubicación
FABIA 2021,Pisos De Tela,,DISPONIBLE,,70000.0,60000.0,,,Sin ubicación
FABIA 2021,Porta Filtro De Aire,,VENDIDO,,80000.0,70000.0,,,Sin ubicación
FABIA 2021,Completo,Portalon,VENDIDO,,500000.0,480000.0,,,"Termino especial ""completo""; Sin ubicación"
FABIA 2021,Protector Parachoque,Inferior,DISPONIBLE,,55000.0,50000.0,,,Sin ubicación
FABIA 2021,Puerta Completa,Izquierda,VENDIDO,,300000.0,300000.0,,,Sin ubicación
FABIA 2021,Puerta Solo Lata,Delantera Derecha,VENDIDO,,210000.0,200000.0,,,Sin ubicación
FABIA 2021,Puerta Solo Lata,Trasera Izquierda,VENDIDO,,190000.0,180000.0,,,Sin ubicación
FABIA 2021,Puerta Solo Lata,Trasera Derecha,VENDIDO,,160000.0,150000.0,,,Sin ubicación
FABIA 2021,Radiador Agua,,VENDIDO,,85000.0,80000.0,,,Sin ubicación
FABIA 2021,Radiador Aire,,VENDIDO,,95000.0,90000.0,,,Sin ubicación
FABIA 2021,Radiador De Calefacción,,DISPONIBLE,,95200.0,80000.0,,,Sin ubicación
FABIA 2021,Radio Cuerpo,,VENDIDO,,50000.0,45000.0,,,Sin ubicación
FABIA 2021,Radio Pantalla,,VENDIDO,,140000.0,135000.0,,,Sin ubicación
FABIA 2021,Refuerzo De Parachoque,Delantera,VENDIDO,,80000.0,75000.0,,,Sin ubicación
FABIA 2021,Regulador De Volante,,DISPONIBLE,,60000.0,55000.0,,,Sin ubicación
FABIA 2021,Rejilla De Ventilación,Central,DISPONIBLE,,30000.0,20000.0,,,Sin ubicación
FABIA 2021,Rejilla,Inferior Central,DISPONIBLE,,110000.0,100000.0,,,Sin ubicación
FABIA 2021,Rejilla Lateral,Inferior Izquierda,VENDIDO,,45000.0,40000.0,,,Sin ubicación
FABIA 2021,Rejilla Lateral,Inferior Derecha,VENDIDO,,45000.0,40000.0,,,Sin ubicación
FABIA 2021,Resistencia Calefacción,,DISPONIBLE,,40000.0,35000.0,,,Sin ubicación
FABIA 2021,Riel De Inyeccion,,DISPONIBLE,,35000.0,30000.0,,,Sin ubicación
FABIA 2021,Rodamiento Tensor De Accesorios,,DISPONIBLE,,71400.0,60000.0,,,Sin ubicación
FABIA 2021,Rueda De Repuesto Con Accesorios,,VENDIDO,,110000.0,100000.0,,,Sin ubicación
FABIA 2021,Sensor Abs,Delantera Izquierda,DISPONIBLE,,25000.0,20000.0,,,Sin ubicación
FABIA 2021,Sensor Abs,Delantera Derecha,DISPONIBLE,,25000.0,20000.0,,,Sin ubicación
FABIA 2021,Sensor De Oxígeno,,DISPONIBLE,,25000.0,20000.0,,,Sin ubicación
FABIA 2021,Sensor De Oxígeno,,DISPONIBLE,,25000.0,20000.0,,,Sin ubicación
FABIA 2021,Sensores De Estacionamiento,Delantera,VENDIDO,,110000.0,105000.0,,,Sin ubicación
FABIA 2021,Sensores De Estacionamiento,Trasera,NO DISPONIBLE,,110000.0,105000.0,,,Sin ubicación
FABIA 2021,Servo Freno,,DISPONIBLE,,,,,,Sin ubicación
FABIA 2021,Sinóptico (Devuelto),,DISPONIBLE,,110000.0,105000.0,,,Sin ubicación
FABIA 2021,Soporte De Motor,Derecha,VENDIDO,,80000.0,70000.0,,,Sin ubicación
FABIA 2021,Tapa De Bencina,Exterior,DISPONIBLE,,30000.0,25000.0,,,Sin ubicación
FABIA 2021,Tapa De Bencina,Interior,DISPONIBLE,,,,,,Sin ubicación
FABIA 2021,Tapa Fusibles Motor,,VENDIDO,,35000.0,30000.0,,,Sin ubicación
FABIA 2021,Tapabarro,Derecha,VENDIDO,,110000.0,100000.0,,,Sin ubicación
FABIA 2021,Tapabarro,Izquierda,VENDIDO,,110000.0,100000.0,,,Sin ubicación
FABIA 2021,Tapiz Puerta,Delantera Derecha,DISPONIBLE,,45000.0,40000.0,,,Sin ubicación
FABIA 2021,Tapiz Puerta,Trasera Izquierda,DISPONIBLE,,45000.0,40000.0,,,Sin ubicación
FABIA 2021,Tapiz Puerta,Trasera Derecha,DISPONIBLE,,45000.0,40000.0,,,Sin ubicación
FABIA 2021,Telecomando Cada Uno,,DISPONIBLE,,70000.0,60000.0,,,Sin ubicación
FABIA 2021,Telecomando Completo,,DISPONIBLE,,75000.0,60000.0,,,"Termino especial ""completo""; Sin ubicación"
FABIA 2021,Termostato,,VENDIDO,,,,,,Sin ubicación
FABIA 2021,Tirante De Puerta,Trasera Izquierda,DISPONIBLE,,15000.0,10000.0,,,Sin ubicación
FABIA 2021,Tubería De Agua,,DISPONIBLE,,,,,TUBERÍA?,Sin ubicación
FABIA 2021,Tuberia Liquido Refrigerante,,DISPONIBLE,,,,,,Sin ubicación
FABIA 2021,Tubo Plástico Con Sensor De Flujo,,VENDIDO,,,,,,Sin ubicación
FABIA 2021,Turbo,,VENDIDO,,190000.0,170000.0,,,Sin ubicación
FABIA 2021,Unidad Controladora De Combustible,,DISPONIBLE,,65000.0,60000.0,,,Sin ubicación
FABIA 2021,Varilla De Capot,,DISPONIBLE,,,,,,Sin ubicación
FABIA 2021,Vidrio Luneta Puerta,Trasera Izquierda,DISPONIBLE,,45000.0,40000.0,,,Sin ubicación
FABIA 2021,Vidrio Luneta Puerta,Trasera Derecha,NO DISPONIBLE,,45000.0,40000.0,,,Sin ubicación
FABIA 2021,Vidrio Puerta,Delantera Izquierda,NO DISPONIBLE,,,,,,Sin ubicación
FABIA 2021,Vidrio Puerta,Delantera Derecha,DISPONIBLE,,65000.0,60000.0,,,Sin ubicación
FABIA 2021,Vidrio Puerta,Trasera Izquierda,DISPONIBLE,,65000.0,60000.0,,,Sin ubicación
FABIA 2021,Vidrio Puerta,Trasera Derecha,NO DISPONIBLE,,65000.0,60000.0,,,Sin ubicación
FABIA 2021,Volante,,DISPONIBLE,,35000.0,30000.0,,,Sin ubicación
FABIA 2021,Yugo,Trasera,VENDIDO,,200000.0,180000.0,,,Sin ubicación
FABIA 2021,,,DISPONIBLE,,,,,,Nombre vacío; Sin ubicación
FABIA 2021,,,DISPONIBLE,,,,,,Nombre vacío; Sin ubicación
FABIA 2021,,,DISPONIBLE,,,,,,Nombre vacío; Sin ubicación
FABIA 2021,,,DISPONIBLE,,,,,,Nombre vacío; Sin ubicación
FABIA 2021,,,DISPONIBLE,,,,,,Nombre vacío; Sin ubicación
FABIA 2021,,,DISPONIBLE,,,,,,Nombre vacío; Sin ubicación
FABIA 2021,,,DISPONIBLE,,,,,,Nombre vacío; Sin ubicación
FABIA 2021,,,DISPONIBLE,,,,,,Nombre vacío; Sin ubicación
FABIA 2021,,,DISPONIBLE,,,,,,Nombre vacío; Sin ubicación
FABIA 2021,,,DISPONIBLE,,,,,,Nombre vacío; Sin ubicación
FABIA 2021,,,DISPONIBLE,,,,,,Nombre vacío; Sin ubicación
FABIA 2021,,,DISPONIBLE,,,,,,Nombre vacío; Sin ubicación
FABIA 2021,,,DISPONIBLE,,,,,,Nombre vacío; Sin ubicación
FABIA 2021,,,DISPONIBLE,,,,,,Nombre vacío; Sin ubicación
FABIA 2021,,,DISPONIBLE,,,,,,Nombre vacío; Sin ubicación
FABIA 2021,,,DISPONIBLE,,,,,,Nombre vacío; Sin ubicación
FABIA 2021,,,DISPONIBLE,,,,,,Nombre vacío; Sin ubicación
FABIA 2021,,,DISPONIBLE,,,,,,Nombre vacío; Sin ubicación
FABIA 2021,,,DISPONIBLE,,,,,,Nombre vacío; Sin ubicación
FABIA 2021,,,DISPONIBLE,,,,,,Nombre vacío; Sin ubicación
FABIA 2021,,,DISPONIBLE,,,,,,Nombre vacío; Sin ubicación
FABIA 2021,,,DISPONIBLE,,,,,,Nombre vacío; Sin ubicación
FABIA 2021,,,DISPONIBLE,,,,,,Nombre vacío; Sin ubicación
FABIA 2021,,,DISPONIBLE,,,,,,Nombre vacío; Sin ubicación
FABIA 2021,,,DISPONIBLE,,,,,,Nombre vacío; Sin ubicación
FABIA 2021,,,DISPONIBLE,,,,,,Nombre vacío; Sin ubicación
FABIA 2021,,,DISPONIBLE,,,,,,Nombre vacío; Sin ubicación
FABIA 2021,,,DISPONIBLE,,,,,,Nombre vacío; Sin ubicación
FABIA 2021,,,DISPONIBLE,,,,,,Nombre vacío; Sin ubicación
FABIA 2021,,,DISPONIBLE,,,,,,Nombre vacío; Sin ubicación
FABIA 2021,,,DISPONIBLE,,,,,,Nombre vacío; Sin ubicación
FABIA 2021,,,DISPONIBLE,,,,,,Nombre vacío; Sin ubicación
FABIA 2021,,,DISPONIBLE,,,,,,Nombre vacío; Sin ubicación
FABIA 2021,,,DISPONIBLE,,,,,,Nombre vacío; Sin ubicación
FABIA 2021,,,DISPONIBLE,,,,,,Nombre vacío; Sin ubicación
FABIA 2021,,,DISPONIBLE,,,,,,Nombre vacío; Sin ubicación
FABIA 2021,,,DISPONIBLE,,,,,,Nombre vacío; Sin ubicación
FABIA 2021,,,DISPONIBLE,,,,,,Nombre vacío; Sin ubicación
FABIA 2021,,,DISPONIBLE,,,,,,Nombre vacío; Sin ubicación
FABIA 2021,,,DISPONIBLE,,,,,,Nombre vacío; Sin ubicación
FABIA 2021,,,DISPONIBLE,,,,,,Nombre vacío; Sin ubicación
FABIA 2021,,,DISPONIBLE,,,,,,Nombre vacío; Sin ubicación
FABIA 2021,,,DISPONIBLE,,,,,,Nombre vacío; Sin ubicación
FABIA 2021,,,DISPONIBLE,,,,,,Nombre vacío; Sin ubicación
FABIA 2021,,,DISPONIBLE,,,,,,Nombre vacío; Sin ubicación
FABIA 2021,,,DISPONIBLE,,,,,,Nombre vacío; Sin ubicación
FABIA 2021,,,DISPONIBLE,,,,,,Nombre vacío; Sin ubicación
FABIA 2021,,,DISPONIBLE,,,,,,Nombre vacío; Sin ubicación
FABIA 2021,,,DISPONIBLE,,,,,,Nombre vacío; Sin ubicación
FABIA 2021,,,DISPONIBLE,,,,,,Nombre vacío; Sin ubicación
FABIA 2021,,,DISPONIBLE,,,,,,Nombre vacío; Sin ubicación
FABIA 2021,,,DISPONIBLE,,,,,,Nombre vacío; Sin ubicación
FABIA 2021,,,,,,,,,Nombre vacío; Sin estado de stock; Sin ubicación
FABIA 2021,,,,,,,,,Nombre vacío; Sin estado de stock; Sin ubicación
FABIA 2021,,,,,,,,,Nombre vacío; Sin estado de stock; Sin ubicación
FABIA 2021,,,,,,,,,Nombre vacío; Sin estado de stock; Sin ubicación
FABIA 2021,,,,,,,,,Nombre vacío; Sin estado de stock; Sin ubicación
FABIA 2021,,,,,,,,,Nombre vacío; Sin estado de stock; Sin ubicación
FABIA 2021,,,,,,,,,Nombre vacío; Sin estado de stock; Sin ubicación
FABIA 2021,,,,,,,,,Nombre vacío; Sin estado de stock; Sin ubicación
FABIA 2021,,,,,,,,,Nombre vacío; Sin estado de stock; Sin ubicación
FABIA 2021,,,,,,,,,Nombre vacío; Sin estado de stock; Sin ubicación
FABIA 2021,,,,,,,,,Nombre vacío; Sin estado de stock; Sin ubicación
FOCUS 2012,Alternador,,DISPONIBLE,SANTIAGO,90000.0,85000.0,,,
FOCUS 2012,Amortiguador,Delantera Izquierda,VENDIDO,SANTIAGO,60000.0,50000.0,,,
FOCUS 2012,Amortiguador,Delantera Derecha,NO DISPONIBLE,SANTIAGO,,,,,
FOCUS 2012,Amortiguador,Trasera Izquierda,DISPONIBLE,SANTIAGO,,,,,
FOCUS 2012,Amortiguador,Trasera Derecha,DISPONIBLE,SANTIAGO,,,,,
FOCUS 2012,Bandeja Porta Maza,Trasera Izquierda,DISPONIBLE,SANTIAGO,60000.0,50000.0,,,
FOCUS 2012,Bandeja Porta Maza,Trasera Derecha,DISPONIBLE,SANTIAGO,60000.0,50000.0,,,
FOCUS 2012,Bandeja Grande,Trasera Izquierda,DISPONIBLE,SANTIAGO,,,,,
FOCUS 2012,Bandeja Grande,Trasera Derecha,DISPONIBLE,SANTIAGO,,,,,
FOCUS 2012,Barra Estabilizadora,Trasera,DISPONIBLE,SANTIAGO,,,,,
FOCUS 2012,Barra Techo,Izquierda,DISPONIBLE,SANTIAGO,25000.0,20000.0,,,
FOCUS 2012,Barra Techo,Derecha,DISPONIBLE,SANTIAGO,25000.0,20000.0,,,
FOCUS 2012,Base De Termostato,,DISPONIBLE,SANTIAGO,,,,,
FOCUS 2012,Base Limpia Parabrisas,Izquierda,VENDIDO,SANTIAGO,0.0,0.0,,,
FOCUS 2012,Base Limpia Parabrisas,Derecha,NO DISPONIBLE,,0.0,0.0,,,Sin ubicación
FOCUS 2012,Bieleta,Izquierda,VENDIDO,SANTIAGO,15000.0,12000.0,,,
FOCUS 2012,Bieleta,Derecha,DISPONIBLE,,15000.0,12000.0,,,Sin ubicación
FOCUS 2012,Bobina,,DISPONIBLE,SANTIAGO,,,,,
FOCUS 2012,Bobina,,DISPONIBLE,SANTIAGO,,,,,
FOCUS 2012,Bobina,,DISPONIBLE,SANTIAGO,,,,,
FOCUS 2012,Bobina,,DISPONIBLE,SANTIAGO,,,,,
FOCUS 2012,Bomba De Alta,,VENDIDO,SANTIAGO,80000.0,75000.0,,,
FOCUS 2012,Bomba De Bencina,,DISPONIBLE,SANTIAGO,90000.0,85000.0,,,
FOCUS 2012,Botón De Alzavidrios,Trasera Derecha,DISPONIBLE,SANTIAGO,,,,,
FOCUS 2012,Brazo De Suspensión,Trasera Izquierda,DISPONIBLE,SANTIAGO,,,,,
FOCUS 2012,Brazo De Suspensión,Trasera Derecha,DISPONIBLE,SANTIAGO,,,,,
FOCUS 2012,Brazo Limpia Parabrisas,Trasera,VENDIDO,SANTIAGO,20000.0,15000.0,,,
FOCUS 2012,Brazo Limpiaparbrisas,Izquierda,DISPONIBLE,SANTIAGO,,,,,
FOCUS 2012,Brazo Limpiaparbrisas,Derecha,DISPONIBLE,SANTIAGO,,,,,
FOCUS 2012,Caja Mala,,VENDIDO,SANTIAGO,320000.0,300000.0,,,
FOCUS 2012,Caliper,Delantera Izquierda,DISPONIBLE,SANTIAGO,,,,,
FOCUS 2012,Caliper,Delantera Derecha,DISPONIBLE,SANTIAGO,,,,,
FOCUS 2012,Caliper,Trasera Izquierda,DISPONIBLE,SANTIAGO,,,,,
FOCUS 2012,Caliper,Trasera Derecha,DISPONIBLE,SANTIAGO,,,,,
FOCUS 2012,Cañerías De Aire Acondicionado,,DISPONIBLE,SANTIAGO,55000.0,50000.0,,,
FOCUS 2012,Capot,,VENDIDO,SANTIAGO,140000.0,130000.0,,REPARADO Y CON DETALLE,
FOCUS 2012,Catalítico,,VENDIDO,REQUINOA,,,,AL MONTÓN,
FOCUS 2012,Chapa Capot,,DISPONIBLE,SANTIAGO,,,,,
FOCUS 2012,Chapa,Portalon,DISPONIBLE,SANTIAGO,20000.0,15000.0,,,
FOCUS 2012,Chapa Puerta,Delantera Izquierda,VENDIDO,SANTIAGO,,,,,
FOCUS 2012,Chapa Puerta,Delantera Derecha,VENDIDO,SANTIAGO,45000.0,40000.0,,,
FOCUS 2012,Cinta De Airbag,,DISPONIBLE,SANTIAGO,,,,,
FOCUS 2012,Columna De Dirección,,DISPONIBLE,SANTIAGO,,,,,
FOCUS 2012,Compresor Aire Acondicionado,,VENDIDO,SANTIAGO,,,,,
FOCUS 2012,Cremallera De Alzavidrio,Delantera Izquierda,DISPONIBLE,SANTIAGO,,,,,
FOCUS 2012,Cremallera De Alzavidrio,Delantera Derecha,DISPONIBLE,SANTIAGO,,,,,
FOCUS 2012,Cremallera De Alzavidrio,Trasera Izquierda,DISPONIBLE,SANTIAGO,,,,,
FOCUS 2012,Cremallera De Alzavidrio,Trasera Derecha,DISPONIBLE,SANTIAGO,,,,,
FOCUS 2012,Cremallera De Dirección,,VENDIDO,SANTIAGO,260000.0,250000.0,,,
FOCUS 2012,Cubre Carter,,NO DISPONIBLE,,,,,,Sin ubicación
FOCUS 2012,Cubre Zócalo,Izquierda,DISPONIBLE,SANTIAGO,,,,,
FOCUS 2012,Cubre Zócalo,Derecha,DISPONIBLE,SANTIAGO,,,,,
FOCUS 2012,Cuerpo De Aceleración,,DISPONIBLE,SANTIAGO,,,,,
FOCUS 2012,Cuerpo De Radio,,VENDIDO,SANTIAGO,,,,,
FOCUS 2012,Cuna,Delantera,DISPONIBLE,SANTIAGO,80000.0,70000.0,,,
FOCUS 2012,Cuna,Trasera,DISPONIBLE,SANTIAGO,,,,,
FOCUS 2012,Deposito De Agua O Líquido Refrigerante,,NO DISPONIBLE,SANTIAGO,,,,PEGADO Y SIN TAPA,
FOCUS 2012,Depósito Limpia Parabrisas,,DISPONIBLE,,25000.0,20000.0,,SIN MOTOR Y SIN TAPA,Sin ubicación
FOCUS 2012,Disco De Freno,Delantera Izquierda,DISPONIBLE,SANTIAGO,,,,,
FOCUS 2012,Disco De Freno,Delantera Derecha,DISPONIBLE,SANTIAGO,,,,,
FOCUS 2012,Disco De Freno,Trasera Izquierda,DISPONIBLE,SANTIAGO,,,,,
FOCUS 2012,Disco De Freno,Trasera Derecha,DISPONIBLE,SANTIAGO,,,,,
FOCUS 2012,Ecu,,DISPONIBLE,SANTIAGO,180000.0,170000.0,,,
FOCUS 2012,Eje Palier,Derecha,DISPONIBLE,SANTIAGO,,,,,
FOCUS 2012,Electroventilador,,VENDIDO,SANTIAGO,130000.0,125000.0,,,
FOCUS 2012,Embellecedor Parachoque Triángulo,Delantera,VENDIDO,SANTIAGO,,,,,
FOCUS 2012,Encendedor De Cigarros,,DISPONIBLE,SANTIAGO,,,,,
FOCUS 2012,Espejo,Central,DISPONIBLE,SANTIAGO,,,,,
FOCUS 2012,Espejo,Izquierda,VENDIDO,SANTIAGO,80000.0,70000.0,,,
FOCUS 2012,Espejo (Con Detalle),Derecha,VENDIDO,SANTIAGO,50000.0,45000.0,,,
FOCUS 2012,Estanque De Bencina,,DISPONIBLE,,40000.0,35000.0,,,Sin ubicación
FOCUS 2012,Flujómetro,,DISPONIBLE,SANTIAGO,25000.0,20000.0,,,
FOCUS 2012,Foco Techo,Interior Central,DISPONIBLE,SANTIAGO,,,,,
FOCUS 2012,Foco Techo,Delantera Interior,DISPONIBLE,SANTIAGO,,,,,
FOCUS 2012,Foco,Trasera Derecha,VENDIDO,SANTIAGO,110000.0,100000.0,,,
FOCUS 2012,Foco,Trasera Izquierda,VENDIDO,SANTIAGO,0.0,0.0,,,
FOCUS 2012,Frontal Inferior,Delantera Inferior,VENDIDO,SANTIAGO,65000.0,60000.0,,,
FOCUS 2012,Frontal Superior,Delantera Superior,VENDIDO,SANTIAGO,35000.0,30000.0,,,
FOCUS 2012,Funda De Parachoque,Delantera,VENDIDO,SANTIAGO,90000.0,80000.0,,"SE VENDIÓ EN 30,000",
FOCUS 2012,Funda De Parachoque,Trasera,DISPONIBLE,SANTIAGO,,,,,
FOCUS 2012,Guardafango,Delantera Izquierda,VENDIDO,SANTIAGO,25000.0,20000.0,,,
FOCUS 2012,Guardafango,Delantera Derecha,VENDIDO,SANTIAGO,25000.0,20000.0,,,
FOCUS 2012,Kit Airbag,,DISPONIBLE,SANTIAGO,500000.0,450000.0,,,
FOCUS 2012,Kit De Encedndido,,DISPONIBLE,SANTIAGO,290000.0,270000.0,,,
FOCUS 2012,Llanta Con Neumático,,DISPONIBLE,SANTIAGO,80000.0,75000.0,,,
FOCUS 2012,Llanta Con Neumático,,DISPONIBLE,SANTIAGO,,,,,
FOCUS 2012,Llanta Con Neumático,,DISPONIBLE,SANTIAGO,,,,,
FOCUS 2012,Llanta Con Neumático,,DISPONIBLE,SANTIAGO,,,,,
FOCUS 2012,Llanta Con Neumático De Repuesto,,DISPONIBLE,SANTIAGO,,,,,
FOCUS 2012,Manguera De Agua,,DISPONIBLE,SANTIAGO,,,,,
FOCUS 2012,Manguera De Aire,,VENDIDO,SANTIAGO,20000.0,15000.0,,,
FOCUS 2012,Manilla Puerta,Delantera Izquierda Exterior,DISPONIBLE,SANTIAGO,25000.0,20000.0,,SIN TAPA DE CERRADURA,
FOCUS 2012,Manilla Puerta,Delantera Derecha Exterior,DISPONIBLE,SANTIAGO,25000.0,20000.0,,,
FOCUS 2012,Manilla Puerta,Trasera Izquierda Exterior,DISPONIBLE,SANTIAGO,25000.0,20000.0,,,
FOCUS 2012,Manilla Puerta,Trasera Derecha Exterior,DISPONIBLE,SANTIAGO,25000.0,20000.0,,,
FOCUS 2012,Manilla Puerta,Delantera Izquierda Interior,DISPONIBLE,SANTIAGO,,,,,
FOCUS 2012,Manilla Puerta,Delantera Derecha Interior,POR CONFIRMAR,,,,,,Estado inusual: POR CONFIRMAR; Sin ubicación
FOCUS 2012,Manilla Puerta,Trasera Izquierda Interior,POR CONFIRMAR,,25000.0,20000.0,,,Estado inusual: POR CONFIRMAR; Sin ubicación
FOCUS 2012,Manilla Puerta,Trasera Derecha Interior,POR CONFIRMAR,,,,,,Estado inusual: POR CONFIRMAR; Sin ubicación
FOCUS 2012,Maza (Con Rodamiento),Trasera Izquierda,DISPONIBLE,SANTIAGO,,,,,
FOCUS 2012,Maza (Con Rodamiento),Trasera Derecha,DISPONIBLE,SANTIAGO,,,,,
FOCUS 2012,Ménsula,Trasera Central,DISPONIBLE,SANTIAGO,,,,,
FOCUS 2012,Ménsula,Trasera Izquierda,DISPONIBLE,SANTIAGO,,,,,
FOCUS 2012,Ménsula,Trasera Derecha,DISPONIBLE,SANTIAGO,,,,,
FOCUS 2012,Módulo Abs,,DISPONIBLE,SANTIAGO,75000.0,70000.0,,,
FOCUS 2012,Módulo Control Batería,,DISPONIBLE,,30000.0,20000.0,,,Sin ubicación
FOCUS 2012,Moldura Parachoque,Trasera Inferior,DISPONIBLE,SANTIAGO,55000.0,50000.0,,,
FOCUS 2012,Motor De Partida,,DISPONIBLE,SANTIAGO,65000.0,60000.0,,,
FOCUS 2012,Motor Facturable,,VENDIDO,SANTIAGO,750000.0,700000.0,,PRECIO ACTUALIZADO ,
FOCUS 2012,Motor Limpiaparabrisas,Portalon,DISPONIBLE,SANTIAGO,,,,,
FOCUS 2012,Motores Limpia Parabrisas Sin Base,Izquierda,DISPONIBLE,SANTIAGO,105000.0,100000.0,,,
FOCUS 2012,Motores Limpia Parabrisas Sin Base,Derecha,DISPONIBLE,SANTIAGO,105000.0,100000.0,,,
FOCUS 2012,Múltiple Admisión,,VENDIDO,SANTIAGO,90000.0,80000.0,,,
FOCUS 2012,Muñón Con Maza,Izquierda,VENDIDO,SANTIAGO,75000.0,65000.0,,,
FOCUS 2012,Óptico,Derecha,VENDIDO,SANTIAGO,45000.0,40000.0,,,
FOCUS 2012,Óptico,Izquierda,VENDIDO,SANTIAGO,45000.0,45000.0,,,
FOCUS 2012,Palanca De Cambios,,DISPONIBLE,SANTIAGO,60000.0,55000.0,,,
FOCUS 2012,Pantalla Radio,,VENDIDO,SANTIAGO,,,,,
FOCUS 2012,Parabrisas,,NO DISPONIBLE,,,,,,Sin ubicación
FOCUS 2012,Parasol,Izquierda,DISPONIBLE,SANTIAGO,,,,,
FOCUS 2012,Parasol,Derecha,DISPONIBLE,SANTIAGO,,,,,
FOCUS 2012,Porta Filtro De Aire,,VENDIDO,SANTIAGO,40000.0,35000.0,,ROTO,
FOCUS 2012,Porta Lentes (No Incluye Controles,,DISPONIBLE,SANTIAGO,20000.0,20000.0,,,
FOCUS 2012,Solo Lata,Portalon,VENDIDO,SANTIAGO,95000.0,90000.0,,,
FOCUS 2012,Puerta Solo Lata,Delantera Izquierda,DISPONIBLE,SANTIAGO,110000.0,100000.0,,"PRECIO ACTUALIZADO, SE MANTIENE",
FOCUS 2012,Puerta Solo Lata,Delantera Derecha,DISPONIBLE,SANTIAGO,110000.0,100000.0,,"PRECIO ACTUALIZADO, SE MANTIENE",
FOCUS 2012,Puerta Solo Lata,Trasera Izquierda,VENDIDO,SANTIAGO,100000.0,90000.0,,"PRECIO ACTUALIZADO, SE MANTIENE",
FOCUS 2012,Puerta Solo Lata,Trasera Derecha,VENDIDO,SANTIAGO,130000.0,120000.0,,,
FOCUS 2012,Radiador Agua,,VENDIDO,SANTIAGO,80000.0,75000.0,,,
FOCUS 2012,Radiador Aire Acondicionado,,VENDIDO,SANTIAGO,75000.0,75000.0,,,
FOCUS 2012,Radiador Calefacción,,VENDIDO,SANTIAGO,60000.0,60000.0,,,
FOCUS 2012,Radio,,VENDIDO,SANTIAGO,,,,,
FOCUS 2012,Reflectante,Trasera Izquierda,DISPONIBLE,SANTIAGO,15000.0,10000.0,,,
FOCUS 2012,Reflectante,Trasera Derecha,DISPONIBLE,SANTIAGO,15000.0,10000.0,,,
FOCUS 2012,Refuerzo De Parachoque,Delantera,DISPONIBLE,SANTIAGO,70000.0,60000.0,,,
FOCUS 2012,Refuerzo Parachoque,Trasera,DISPONIBLE,SANTIAGO,45000.0,40000.0,,,
FOCUS 2012,Rueda De Repuesto,,DISPONIBLE,SANTIAGO,35000.0,30000.0,,,
FOCUS 2012,Sensor Abs,Trasera Izquierda,DISPONIBLE,SANTIAGO,,,,,
FOCUS 2012,Sensor Abs,Trasera Derecha,DISPONIBLE,SANTIAGO,,,,,
FOCUS 2012,Sensor Maf O Flujómetro,,VENDIDO,SANTIAGO,35000.0,30000.0,,,
FOCUS 2012,Sensor Oxígeno,,DISPONIBLE,SANTIAGO,40000.0,35000.0,,,
FOCUS 2012,Sensor Oxígeno,,DISPONIBLE,SANTIAGO,40000.0,35000.0,,,
FOCUS 2012,Soporte De Motor (Hueso),Central,VENDIDO,SANTIAGO,35000.0,30000.0,,,
FOCUS 2012,Soporte De Motor,Izquierda,VENDIDO,SANTIAGO,50000.0,45000.0,,,
FOCUS 2012,Soporte De Motor,Derecha,NO DISPONIBLE,N/A,,,,,
FOCUS 2012,Sunroof Solo,,VENDIDO,SANTIAGO,130000.0,125000.0,,,
FOCUS 2012,Tcm,,NO DISPONIBLE,,,,,,Sin ubicación
FOCUS 2012,Tapa De Bencina,Exterior,DISPONIBLE,SANTIAGO,,,,,
FOCUS 2012,Tapabarro,Derecha,VENDIDO,SANTIAGO,75000.0,70000.0,,,
FOCUS 2012,Tapabarro,Izquierda,VENDIDO,SANTIAGO,75000.0,70000.0,,,
FOCUS 2012,Techo Solo Lata,,DISPONIBLE,,90000.0,80000.0,,,Sin ubicación
FOCUS 2012,Telecomando,,DISPONIBLE,SANTIAGO,,,,,
FOCUS 2012,Tercera Luz De Freno,,DISPONIBLE,SANTIAGO,,,,,
FOCUS 2012,Tirante De Puerta,Delantera Izquierda,DISPONIBLE,SANTIAGO,,,,,
FOCUS 2012,Tirante De Puerta,Trasera Derecha,DISPONIBLE,SANTIAGO,,,,,
FOCUS 2012,Tubo Corrugado,,DISPONIBLE,SANTIAGO,15000.0,10000.0,,,
FOCUS 2012,Varilla Capot,,DISPONIBLE,SANTIAGO,,,,,
FOCUS 2012,Vidrio Puerta,Delantera Izquierda,DISPONIBLE,SANTIAGO,,,,,
FOCUS 2012,Vidrio Puerta,Delantera Derecha,DISPONIBLE,SANTIAGO,,,,,
FOCUS 2012,Vidrio Puerta,Trasera Izquierda,DISPONIBLE,SANTIAGO,,,,,
FOCUS 2012,Vidrio Puerta,Trasera Derecha,DISPONIBLE,SANTIAGO,,,,,
FOCUS 2012,Volante,,DISPONIBLE,SANTIAGO,45000.0,40000.0,,,
FOCUS 2012,,,DISPONIBLE,,,,,,Nombre vacío; Sin ubicación
FOCUS 2012,,,DISPONIBLE,,,,,,Nombre vacío; Sin ubicación
FOCUS 2012,,,DISPONIBLE,,,,,,Nombre vacío; Sin ubicación
FOCUS 2012,,,DISPONIBLE,,,,,,Nombre vacío; Sin ubicación
FOCUS 2012,,,DISPONIBLE,,,,,,Nombre vacío; Sin ubicación
FOCUS 2012,,,DISPONIBLE,,,,,,Nombre vacío; Sin ubicación
FOCUS 2012,,,DISPONIBLE,,,,,,Nombre vacío; Sin ubicación
FOCUS 2012,,,DISPONIBLE,,,,,,Nombre vacío; Sin ubicación
FOCUS 2012,,,DISPONIBLE,,,,,,Nombre vacío; Sin ubicación
FOCUS 2012,,,DISPONIBLE,,,,,,Nombre vacío; Sin ubicación
FOCUS 2012,,,DISPONIBLE,,,,,,Nombre vacío; Sin ubicación
FOCUS 2012,,,DISPONIBLE,,,,,,Nombre vacío; Sin ubicación
FOCUS 2012,,,DISPONIBLE,,,,,,Nombre vacío; Sin ubicación
FOCUS 2012,,,DISPONIBLE,,,,,,Nombre vacío; Sin ubicación
FOCUS 2012,,,DISPONIBLE,,,,,,Nombre vacío; Sin ubicación
FOCUS 2012,,,DISPONIBLE,,,,,,Nombre vacío; Sin ubicación
FOCUS 2012,,,DISPONIBLE,,,,,,Nombre vacío; Sin ubicación
FOCUS 2012,,,DISPONIBLE,,,,,,Nombre vacío; Sin ubicación
FOCUS 2012,,,DISPONIBLE,,,,,,Nombre vacío; Sin ubicación
FOCUS 2012,,,DISPONIBLE,,,,,,Nombre vacío; Sin ubicación
FOCUS 2012,,,DISPONIBLE,,,,,,Nombre vacío; Sin ubicación
FOCUS 2012,,,DISPONIBLE,,,,,,Nombre vacío; Sin ubicación
FOCUS 2012,,,DISPONIBLE,,,,,,Nombre vacío; Sin ubicación
FOCUS 2012,,,DISPONIBLE,,,,,,Nombre vacío; Sin ubicación
FOCUS 2012,,,DISPONIBLE,,,,,,Nombre vacío; Sin ubicación
FOCUS 2012,,,DISPONIBLE,,,,,,Nombre vacío; Sin ubicación
FOCUS 2012,,,DISPONIBLE,,,,,,Nombre vacío; Sin ubicación
FOCUS 2012,,,DISPONIBLE,,,,,,Nombre vacío; Sin ubicación
FOCUS 2012,,,DISPONIBLE,,,,,,Nombre vacío; Sin ubicación
FOCUS 2012,,,DISPONIBLE,,,,,,Nombre vacío; Sin ubicación
FOCUS 2012,,,DISPONIBLE,,,,,,Nombre vacío; Sin ubicación
FOCUS 2012,,,DISPONIBLE,,,,,,Nombre vacío; Sin ubicación
FOCUS 2012,,,DISPONIBLE,,,,,,Nombre vacío; Sin ubicación
FOCUS 2012,,,DISPONIBLE,,,,,,Nombre vacío; Sin ubicación
FOCUS 2012,,,DISPONIBLE,,,,,,Nombre vacío; Sin ubicación
FOCUS 2012,,,DISPONIBLE,,,,,,Nombre vacío; Sin ubicación
FOCUS 2012,,,DISPONIBLE,,,,,,Nombre vacío; Sin ubicación
FOCUS 2012,,,DISPONIBLE,,,,,,Nombre vacío; Sin ubicación
FOCUS 2012,,,DISPONIBLE,,,,,,Nombre vacío; Sin ubicación
FOCUS 2012,,,DISPONIBLE,,,,,,Nombre vacío; Sin ubicación
FOCUS 2012,,,DISPONIBLE,,,,,,Nombre vacío; Sin ubicación
FOCUS 2012,,,DISPONIBLE,,,,,,Nombre vacío; Sin ubicación
FOCUS 2012,,,DISPONIBLE,,,,,,Nombre vacío; Sin ubicación
FOCUS 2012,,,DISPONIBLE,,,,,,Nombre vacío; Sin ubicación
FOCUS 2012,,,DISPONIBLE,,,,,,Nombre vacío; Sin ubicación
FOCUS 2012,,,DISPONIBLE,,,,,,Nombre vacío; Sin ubicación
FOCUS 2012,,,DISPONIBLE,,,,,,Nombre vacío; Sin ubicación
FOCUS 2012,,,DISPONIBLE,,,,,,Nombre vacío; Sin ubicación
FOCUS 2012,,,DISPONIBLE,,,,,,Nombre vacío; Sin ubicación
FOCUS 2012,,,DISPONIBLE,,,,,,Nombre vacío; Sin ubicación
FOCUS 2012,,,DISPONIBLE,,,,,,Nombre vacío; Sin ubicación
FOCUS 2012,,,DISPONIBLE,,,,,,Nombre vacío; Sin ubicación
FOCUS 2012,,,DISPONIBLE,,,,,,Nombre vacío; Sin ubicación
FOCUS 2012,,,DISPONIBLE,,,,,,Nombre vacío; Sin ubicación
FOCUS 2012,,,DISPONIBLE,,,,,,Nombre vacío; Sin ubicación
FOCUS 2012,,,DISPONIBLE,,,,,,Nombre vacío; Sin ubicación
FOCUS 2012,,,DISPONIBLE,,,,,,Nombre vacío; Sin ubicación
FOCUS 2012,,,DISPONIBLE,,,,,,Nombre vacío; Sin ubicación
FOCUS 2012,,,DISPONIBLE,,,,,,Nombre vacío; Sin ubicación
FOCUS 2012,,,DISPONIBLE,,,,,,Nombre vacío; Sin ubicación
FOCUS 2012,,,DISPONIBLE,,,,,,Nombre vacío; Sin ubicación
FOCUS 2012,,,DISPONIBLE,,,,,,Nombre vacío; Sin ubicación
FOCUS 2012,,,DISPONIBLE,,,,,,Nombre vacío; Sin ubicación
FOCUS 2012,,,DISPONIBLE,,,,,,Nombre vacío; Sin ubicación
FOCUS 2012,,,DISPONIBLE,,,,,,Nombre vacío; Sin ubicación
FOCUS 2012,,,DISPONIBLE,,,,,,Nombre vacío; Sin ubicación
FOCUS 2012,,,DISPONIBLE,,,,,,Nombre vacío; Sin ubicación
FOCUS 2012,,,DISPONIBLE,,,,,,Nombre vacío; Sin ubicación
FOCUS 2012,,,DISPONIBLE,,,,,,Nombre vacío; Sin ubicación
FOCUS 2012,,,DISPONIBLE,,,,,,Nombre vacío; Sin ubicación
GOLF 2004,,,DISPONIBLE,SANTIAGO,65000.0,60000.0,,,Nombre vacío
GOLF 2004,,,DISPONIBLE,SANTIAGO,45000.0,40000.0,,,Nombre vacío
GOLF 2004,,,DISPONIBLE,SANTIAGO,45000.0,40000.0,,,Nombre vacío
GOLF 2004,,,DISPONIBLE,SANTIAGO,20000.0,15000.0,,,Nombre vacío
GOLF 2004,,,DISPONIBLE,SANTIAGO,20000.0,15000.0,,,Nombre vacío
GOLF 2004,,,NO DISPONIBLE,SANTIAGO,,,,MALO,Nombre vacío
GOLF 2004,,,DISPONIBLE,SANTIAGO,35000.0,30000.0,,,Nombre vacío
GOLF 2004,,,DISPONIBLE,SANTIAGO,35000.0,30000.0,,,Nombre vacío
GOLF 2004,,,DISPONIBLE,SANTIAGO,30000.0,20000.0,,DETALLE EN GANCHOS PARA DESTRABAR,Nombre vacío
GOLF 2004,,,DISPONIBLE,SANTIAGO,25000.0,20000.0,,,Nombre vacío
GOLF 2004,,,DISPONIBLE,SANTIAGO,25000.0,20000.0,,,Nombre vacío
GOLF 2004,,,DISPONIBLE,SANTIAGO,,,,,Nombre vacío
GOLF 2004,,,DISPONIBLE,SANTIAGO,,,,,Nombre vacío
GOLF 2004,,,DISPONIBLE,SANTIAGO,25000.0,20000.0,,,Nombre vacío
GOLF 2004,,,DISPONIBLE,SANTIAGO,25000.0,20000.0,,,Nombre vacío
GOLF 2004,,,DISPONIBLE,SANTIAGO,,,,,Nombre vacío
GOLF 2004,,,DISPONIBLE,SANTIAGO,,,,,Nombre vacío
GOLF 2004,,,DISPONIBLE,SANTIAGO,15000.0,10000.0,,,Nombre vacío
GOLF 2004,,,DISPONIBLE,SANTIAGO,25000.0,20000.0,,,Nombre vacío
GOLF 2004,,,DISPONIBLE,SANTIAGO,25000.0,20000.0,,ESCRITO ASÍ EN INVENTARIO,Nombre vacío
GOLF 2004,,,DISPONIBLE,SANTIAGO,,,,,Nombre vacío
GOLF 2004,,,DISPONIBLE,SANTIAGO,,,,,Nombre vacío
GOLF 2004,,,DISPONIBLE,SANTIAGO,,,,,Nombre vacío
GOLF 2004,,,DISPONIBLE,SANTIAGO,45000.0,40000.0,,,Nombre vacío
GOLF 2004,,,DISPONIBLE,SANTIAGO,,,,,Nombre vacío
GOLF 2004,,,DISPONIBLE,SANTIAGO,60000.0,50000.0,,,Nombre vacío
GOLF 2004,,,DISPONIBLE,SANTIAGO,15000.0,10000.0,,,Nombre vacío
GOLF 2004,,,DISPONIBLE,SANTIAGO,15000.0,10000.0,,,Nombre vacío
GOLF 2004,,,VENDIDO,SANTIAGO,15000.0,10000.0,,,Nombre vacío
GOLF 2004,,,NO DISPONIBLE,N/A,,,,,Nombre vacío
GOLF 2004,,,DISPONIBLE,SANTIAGO,,,,,Nombre vacío
GOLF 2004,,,DISPONIBLE,SANTIAGO,,,,,Nombre vacío
GOLF 2004,,,DISPONIBLE,SANTIAGO,15000.0,10000.0,,,Nombre vacío
GOLF 2004,,,VENDIDO,SANTIAGO,350000.0,320000.0,,,Nombre vacío
GOLF 2004,,,DISPONIBLE,SANTIAGO,30000.0,25000.0,,,Nombre vacío
GOLF 2004,,,DISPONIBLE,SANTIAGO,30000.0,25000.0,,,Nombre vacío
GOLF 2004,,,DISPONIBLE,SANTIAGO,40000.0,35000.0,,,Nombre vacío
GOLF 2004,,,DISPONIBLE,SANTIAGO,40000.0,35000.0,,,Nombre vacío
GOLF 2004,,,DISPONIBLE,SANTIAGO,,,,REVISAR SI LLEGÓ O ESTÁ MAL ESCRITA,Nombre vacío
GOLF 2004,,,DISPONIBLE,SANTIAGO,,,,,Nombre vacío
GOLF 2004,,,VENDIDO,SANTIAGO,70000.0,60000.0,,TIENE DETALLE,Nombre vacío
GOLF 2004,,,VENDIDO,SANTIAGO,60000.0,50000.0,,IVÁN,Nombre vacío
GOLF 2004,,,DISPONIBLE,SANTIAGO,30000.0,25000.0,,,Nombre vacío
GOLF 2004,,,DISPONIBLE,SANTIAGO,,,,,Nombre vacío
GOLF 2004,,,DISPONIBLE,SANTIAGO,30000.0,25000.0,,,Nombre vacío
GOLF 2004,,,VENDIDO,SANTIAGO,40000.0,35000.0,,,Nombre vacío
GOLF 2004,,,DISPONIBLE,SANTIAGO,40000.0,35000.0,,,Nombre vacío
GOLF 2004,,,VENDIDO,SANTIAGO,40000.0,35000.0,,,Nombre vacío
GOLF 2004,,,DISPONIBLE,SANTIAGO,40000.0,35000.0,,,Nombre vacío
GOLF 2004,,,DISPONIBLE,,15000.0,10000.0,,,Nombre vacío; Sin ubicación
GOLF 2004,,,DISPONIBLE,SANTIAGO,20000.0,20000.0,,,Nombre vacío
GOLF 2004,,,DISPONIBLE,SANTIAGO,,,,,Nombre vacío
GOLF 2004,,,DISPONIBLE,SANTIAGO,,,,,Nombre vacío
GOLF 2004,,,DISPONIBLE,SANTIAGO,45000.0,40000.0,,,Nombre vacío
GOLF 2004,,,DISPONIBLE,SANTIAGO,85000.0,80000.0,,,Nombre vacío
GOLF 2004,,,NO DISPONIBLE,SANTIAGO,,,,MALA,Nombre vacío
GOLF 2004,,,DISPONIBLE,SANTIAGO,25000.0,20000.0,,,Nombre vacío
GOLF 2004,,,DISPONIBLE,,20000.0,25000.0,,,Nombre vacío; Sin ubicación
GOLF 2004,,,DISPONIBLE,SANTIAGO,40000.0,35000.0,,,Nombre vacío
GOLF 2004,,,DISPONIBLE,SANTIAGO,40000.0,35000.0,,,Nombre vacío
GOLF 2004,,,VENDIDO,SANTIAGO,35000.0,30000.0,,,Nombre vacío
GOLF 2004,,,DISPONIBLE,SANTIAGO,35000.0,30000.0,,,Nombre vacío
GOLF 2004,,,DISPONIBLE,SANTIAGO,90000.0,80000.0,,,Nombre vacío
GOLF 2004,,,VENDIDO,SANTIAGO,,,,,Nombre vacío
GOLF 2004,,,VENDIDO,SANTIAGO,25000.0,20000.0,,"CON DETALLE, PEDIR FOTOS",Nombre vacío
GOLF 2004,,,NO DISPONIBLE,,,,,,Nombre vacío; Sin ubicación
GOLF 2004,,,DISPONIBLE,SANTIAGO,70000.0,60000.0,,,Nombre vacío
GOLF 2004,,,DISPONIBLE,SANTIAGO,20000.0,20000.0,,RADIADOR,Nombre vacío
GOLF 2004,,,DISPONIBLE,SANTIAGO,35000.0,30000.0,,,Nombre vacío
GOLF 2004,,,DISPONIBLE,SANTIAGO,15000.0,10000.0,,,Nombre vacío
GOLF 2004,,,DISPONIBLE,SANTIAGO,15000.0,10000.0,,,Nombre vacío
GOLF 2004,,,DISPONIBLE,SANTIAGO,15000.0,10000.0,,,Nombre vacío
GOLF 2004,,,DISPONIBLE,SANTIAGO,15000.0,10000.0,,,Nombre vacío
GOLF 2004,,,DISPONIBLE,SANTIAGO,,,,,Nombre vacío
GOLF 2004,,,DISPONIBLE,SANTIAGO,65000.0,60000.0,,,Nombre vacío
GOLF 2004,,,DISPONIBLE,SANTIAGO,75000.0,70000.0,,,Nombre vacío
GOLF 2004,,,VENDIDO,SANTIAGO,60000.0,55000.0,,,Nombre vacío
GOLF 2004,,,DISPONIBLE,SANTIAGO,85000.0,80000.0,,,Nombre vacío
GOLF 2004,,,DISPONIBLE,SANTIAGO,,,,,Nombre vacío
GOLF 2004,,,VENDIDO,SANTIAGO,25000.0,20000.0,,,Nombre vacío
GOLF 2004,,,VENDIDO,SANTIAGO,25000.0,20000.0,,,Nombre vacío
GOLF 2004,,,DISPONIBLE,SANTIAGO,45000.0,40000.0,,,Nombre vacío
GOLF 2004,,,DISPONIBLE,SANTIAGO,40000.0,35000.0,,,Nombre vacío
GOLF 2004,,,VENDIDO,SANTIAGO,40000.0,35000.0,,,Nombre vacío
GOLF 2004,,,VENDIDO,SANTIAGO,75000.0,70000.0,,,Nombre vacío
GOLF 2004,,,VENDIDO,SANTIAGO,55000.0,45000.0,,,Nombre vacío
GOLF 2004,,,DISPONIBLE,SANTIAGO,65000.0,55000.0,,,Nombre vacío
GOLF 2004,,,DISPONIBLE,SANTIAGO,,,,,Nombre vacío
GOLF 2004,,,DISPONIBLE,SANTIAGO,,,,,Nombre vacío
GOLF 2004,,,DISPONIBLE,SANTIAGO,,,,,Nombre vacío
GOLF 2004,,,DISPONIBLE,SANTIAGO,,,,,Nombre vacío
GOLF 2004,,,VENDIDO,SANTIAGO,,,,,Nombre vacío
GOLF 2004,,,DISPONIBLE,SANTIAGO,,,,,Nombre vacío
GOLF 2004,,,VENDIDO,SANTIAGO,35000.0,30000.0,,,Nombre vacío
GOLF 2004,,,DISPONIBLE,SANTIAGO,15000.0,10000.0,,,Nombre vacío
GOLF 2004,,,DISPONIBLE,SANTIAGO,10000.0,10000.0,,,Nombre vacío
GOLF 2004,,,VENDIDO,SANTIAGO,10000.0,10000.0,,,Nombre vacío
GOLF 2004,,,DISPONIBLE,SANTIAGO,45000.0,40000.0,,,Nombre vacío
GOLF 2004,,,VENDIDO,SANTIAGO,80000.0,70000.0,,SOLO,Nombre vacío
GOLF 2004,,,DISPONIBLE,SANTIAGO,240000.0,220000.0,,,Nombre vacío
GOLF 2004,,,DISPONIBLE,SANTIAGO,35000.0,30000.0,,,Nombre vacío
GOLF 2004,,,DISPONIBLE,REQUINOA,75000.0,70000.0,,CLIENTE IVÁN,Nombre vacío
GOLF 2004,,,VENDIDO,SANTIAGO,70000.0,65000.0,,,Nombre vacío
GOLF 2004,,,VENDIDO,SANTIAGO,70000.0,65000.0,,,Nombre vacío
GOLF 2004,,,VENDIDO,SANTIAGO,70000.0,65000.0,,,Nombre vacío
GOLF 2004,,,VENDIDO,SANTIAGO,70000.0,65000.0,,,Nombre vacío
GOLF 2004,,,DISPONIBLE,SANTIAGO,,,,,Nombre vacío
GOLF 2004,,,DISPONIBLE,SANTIAGO,,,,,Nombre vacío
GOLF 2004,,,DISPONIBLE,SANTIAGO,,,,,Nombre vacío
GOLF 2004,,,DISPONIBLE,SANTIAGO,15000.0,10000.0,,,Nombre vacío
GOLF 2004,,,DISPONIBLE,SANTIAGO,15000.0,10000.0,,,Nombre vacío
GOLF 2004,,,DISPONIBLE,SANTIAGO,15000.0,10000.0,,,Nombre vacío
GOLF 2004,,,DISPONIBLE,,25000.0,20000.0,,,Nombre vacío; Sin ubicación
GOLF 2004,,,DISPONIBLE,SANTIAGO,15000.0,10000.0,,,Nombre vacío
GOLF 2004,,,DISPONIBLE,SANTIAGO,,,,,Nombre vacío
GOLF 2004,,,DISPONIBLE,SANTIAGO,,,,,Nombre vacío
GOLF 2004,,,DISPONIBLE,SANTIAGO,,,,,Nombre vacío
GOLF 2004,,,VENDIDO,SANTIAGO,10000.0,10000.0,,CON DETALLE,Nombre vacío
GOLF 2004,,,DISPONIBLE,SANTIAGO,20000.0,15000.0,,,Nombre vacío
GOLF 2004,,,DISPONIBLE,SANTIAGO,20000.0,15000.0,,,Nombre vacío
GOLF 2004,,,DISPONIBLE,SANTIAGO,20000.0,15000.0,,,Nombre vacío
GOLF 2004,,,DISPONIBLE,SANTIAGO,15000.0,10000.0,,,Nombre vacío
GOLF 2004,,,DISPONIBLE,SANTIAGO,15000.0,10000.0,,,Nombre vacío
GOLF 2004,,,DISPONIBLE,,15000.0,10000.0,,,Nombre vacío; Sin ubicación
GOLF 2004,,,DISPONIBLE,,15000.0,10000.0,,,Nombre vacío; Sin ubicación
GOLF 2004,,,DISPONIBLE,SANTIAGO,25000.0,20000.0,,,Nombre vacío
GOLF 2004,,,NO DISPONIBLE,,,,,,Nombre vacío; Sin ubicación
GOLF 2004,,,DISPONIBLE,SANTIAGO,15000.0,15000.0,,EL PAR (AMBAS DERECHAS),Nombre vacío
GOLF 2004,,,DISPONIBLE,SANTIAGO,,,,,Nombre vacío
GOLF 2004,,,DISPONIBLE,SANTIAGO,,,,,Nombre vacío
GOLF 2004,,,DISPONIBLE,SANTIAGO,,,,,Nombre vacío
GOLF 2004,,,DISPONIBLE,SANTIAGO,80000.0,70000.0,,,Nombre vacío
GOLF 2004,,,DISPONIBLE,SANTIAGO,,,,,Nombre vacío
GOLF 2004,,,DISPONIBLE,SANTIAGO,,,,,Nombre vacío
GOLF 2004,,,DISPONIBLE,SANTIAGO,,,,,Nombre vacío
GOLF 2004,,,DISPONIBLE,SANTIAGO,,,,,Nombre vacío
GOLF 2004,,,DISPONIBLE,SANTIAGO,,,,,Nombre vacío
GOLF 2004,,,DISPONIBLE,SANTIAGO,25000.0,20000.0,,DE PORTALÓN,Nombre vacío
GOLF 2004,,,VENDIDO,SANTIAGO,65000.0,60000.0,,,Nombre vacío
GOLF 2004,,,VENDIDO,SANTIAGO,750000.0,700000.0,,PRECIO ACTUALIZADO ,Nombre vacío
GOLF 2004,,,VENDIDO,SANTIAGO,50000.0,45000.0,,,Nombre vacío
GOLF 2004,,,DISPONIBLE,SANTIAGO,35000.0,30000.0,,,Nombre vacío
GOLF 2004,,,DISPONIBLE,SANTIAGO,45000.0,40000.0,,MAZA MALA,Nombre vacío
GOLF 2004,,,DISPONIBLE,SANTIAGO,65000.0,60000.0,,,Nombre vacío
GOLF 2004,,,DISPONIBLE,SANTIAGO,,,,PUESTO EN EJE,Nombre vacío
GOLF 2004,,,DISPONIBLE,SANTIAGO,,,,PUESTO EN EJE,Nombre vacío
GOLF 2004,,,VENDIDO,SANTIAGO,50000.0,45000.0,,,Nombre vacío
GOLF 2004,,,VENDIDO,SANTIAGO,60000.0,55000.0,,,Nombre vacío
GOLF 2004,,,DISPONIBLE,SANTIAGO,,,,,Nombre vacío
GOLF 2004,,,DISPONIBLE,SANTIAGO,,,,,Nombre vacío
GOLF 2004,,,NO DISPONIBLE,,,,,,Nombre vacío; Sin ubicación
GOLF 2004,,,VENDIDO,SANTIAGO,25000.0,20000.0,,,Nombre vacío
GOLF 2004,,,VENDIDO,SANTIAGO,25000.0,20000.0,,,Nombre vacío
GOLF 2004,,,DISPONIBLE,SANTIAGO,,,,,Nombre vacío
GOLF 2004,,,DISPONIBLE,SANTIAGO,,,,,Nombre vacío
GOLF 2004,,,DISPONIBLE,SANTIAGO,,,,,Nombre vacío
GOLF 2004,,,VENDIDO,SANTIAGO,35000.0,35000.0,,,Nombre vacío
GOLF 2004,,,DISPONIBLE,SANTIAGO,45000.0,40000.0,,,Nombre vacío
GOLF 2004,,,DISPONIBLE,SANTIAGO,15000.0,10000.0,,,Nombre vacío
GOLF 2004,,,DISPONIBLE,SANTIAGO,95000.0,85000.0,,INCLUYE VIDRIO,Nombre vacío
GOLF 2004,,,DISPONIBLE,SANTIAGO,55000.0,50000.0,,PRECIO ACTUALIZADO,Nombre vacío
GOLF 2004,,,DISPONIBLE,SANTIAGO,55000.0,50000.0,,PRECIO ACTUALIZADO,Nombre vacío
GOLF 2004,,,DISPONIBLE,SANTIAGO,55000.0,50000.0,,PRECIO ACTUALIZADO,Nombre vacío
GOLF 2004,,,DISPONIBLE,SANTIAGO,55000.0,50000.0,,PRECIO ACTUALIZADO,Nombre vacío
GOLF 2004,,,VENDIDO,SANTIAGO,45000.0,40000.0,,,Nombre vacío
GOLF 2004,,,DISPONIBLE,SANTIAGO,80000.0,75000.0,,,Nombre vacío
GOLF 2004,,,NO DISPONIBLE,N/A,,,,MALO,Nombre vacío
GOLF 2004,,,DISPONIBLE,SANTIAGO,70000.0,60000.0,,,Nombre vacío
GOLF 2004,,,VENDIDO,SANTIAGO,35000.0,30000.0,,,Nombre vacío
GOLF 2004,,,DISPONIBLE,SANTIAGO,,,,,Nombre vacío
GOLF 2004,,,DISPONIBLE,SANTIAGO,,,,,Nombre vacío
GOLF 2004,,,VENDIDO,SANTIAGO,,,,,Nombre vacío
GOLF 2004,,,VENDIDO,SANTIAGO,35000.0,30000.0,,,Nombre vacío
GOLF 2004,,,DISPONIBLE,SANTIAGO,,,,,Nombre vacío
GOLF 2004,,,DISPONIBLE,SANTIAGO,,,,,Nombre vacío
GOLF 2004,,,DISPONIBLE,SANTIAGO,,,,,Nombre vacío
GOLF 2004,,,DISPONIBLE,SANTIAGO,,,,,Nombre vacío
GOLF 2004,,,DISPONIBLE,REQUINOA,20000.0,15000.0,,PUERTO AÚN EN EL VEHÍCULO,Nombre vacío
GOLF 2004,,,DISPONIBLE,,50000.0,45000.0,,,Nombre vacío; Sin ubicación
GOLF 2004,,,DISPONIBLE,SANTIAGO,,,,,Nombre vacío
GOLF 2004,,,DISPONIBLE,SANTIAGO,60000.0,55000.0,,,Nombre vacío
GOLF 2004,,,DISPONIBLE,SANTIAGO,25000.0,20000.0,,,Nombre vacío
GOLF 2004,,,DISPONIBLE,SANTIAGO,45000.0,40000.0,,CAJA,Nombre vacío
GOLF 2004,,,DISPONIBLE,SANTIAGO,45000.0,40000.0,,,Nombre vacío
GOLF 2004,,,DISPONIBLE,SANTIAGO,,,,,Nombre vacío
GOLF 2004,,,NO DISPONIBLE,SANTIAGO,,,,,Nombre vacío
GOLF 2004,,,DISPONIBLE,SANTIAGO,,,,,Nombre vacío
GOLF 2004,,,VENDIDO,SANTIAGO,55000.0,50000.0,,,Nombre vacío
GOLF 2004,,,VENDIDO,SANTIAGO,55000.0,50000.0,,,Nombre vacío
GOLF 2004,,,DISPONIBLE,SANTIAGO,30000.0,25000.0,,,Nombre vacío
GOLF 2004,,,DISPONIBLE,SANTIAGO,15000.0,10000.0,,,Nombre vacío
GOLF 2004,,,DISPONIBLE,SANTIAGO,15000.0,10000.0,,,Nombre vacío
GOLF 2004,,,VENDIDO,SANTIAGO,15000.0,10000.0,,,Nombre vacío
GOLF 2004,,,DISPONIBLE,SANTIAGO,15000.0,10000.0,,,Nombre vacío
GOLF 2004,,,VENDIDO,SANTIAGO,20000.0,15000.0,,,Nombre vacío
GOLF 2004,,,DISPONIBLE,SANTIAGO,45000.0,40000.0,,,Nombre vacío
GOLF 2004,,,DISPONIBLE,SANTIAGO,25000.0,20000.0,,,Nombre vacío
GOLF 2004,,,DISPONIBLE,SANTIAGO,,,,,Nombre vacío
GOLF 2004,,,VENDIDO,SANTIAGO,10000.0,10000.0,,,Nombre vacío
GOLF 2004,,,DISPONIBLE,SANTIAGO,90000.0,80000.0,,,Nombre vacío
GOLF 2004,,,DISPONIBLE,,60000.0,50000.0,,,Nombre vacío; Sin ubicación
GOLF 2004,,,DISPONIBLE,SANTIAGO,35000.0,30000.0,,,Nombre vacío
GOLF 2004,,,DISPONIBLE,SANTIAGO,35000.0,30000.0,,,Nombre vacío
GOLF 2004,,,DISPONIBLE,SANTIAGO,35000.0,30000.0,,,Nombre vacío
GOLF 2004,,,DISPONIBLE,SANTIAGO,35000.0,30000.0,,,Nombre vacío
GOLF 2004,,,DISPONIBLE,SANTIAGO,25000.0,20000.0,,,Nombre vacío
GOLF 2004,,,VENDIDO,SANTIAGO,140000.0,130000.0,,,Nombre vacío
GOLF 2004,,,DISPONIBLE,,,,,,Nombre vacío; Sin ubicación
GOLF 2004,,,DISPONIBLE,,,,,,Nombre vacío; Sin ubicación
GOLF 2004,,,DISPONIBLE,,,,,,Nombre vacío; Sin ubicación
GOLF 2004,,,DISPONIBLE,,,,,,Nombre vacío; Sin ubicación
GOLF 2004,,,DISPONIBLE,,,,,,Nombre vacío; Sin ubicación
GOLF 2004,,,DISPONIBLE,,,,,,Nombre vacío; Sin ubicación
GOLF 2004,,,DISPONIBLE,,,,,,Nombre vacío; Sin ubicación
GOLF 2004,,,DISPONIBLE,,,,,,Nombre vacío; Sin ubicación
GOLF 2004,,,DISPONIBLE,,,,,,Nombre vacío; Sin ubicación
GOLF 2004,,,DISPONIBLE,,,,,,Nombre vacío; Sin ubicación
GOLF 2004,,,DISPONIBLE,,,,,,Nombre vacío; Sin ubicación
GOLF 2004,,,DISPONIBLE,,,,,,Nombre vacío; Sin ubicación
GOLF 2004,,,DISPONIBLE,,,,,,Nombre vacío; Sin ubicación
GOLF 2004,,,DISPONIBLE,,,,,,Nombre vacío; Sin ubicación
GOLF 2004,,,DISPONIBLE,,,,,,Nombre vacío; Sin ubicación
GOLF 2004,,,DISPONIBLE,,,,,,Nombre vacío; Sin ubicación
GOLF 2004,,,DISPONIBLE,,,,,,Nombre vacío; Sin ubicación
GOLF 2004,,,DISPONIBLE,,,,,,Nombre vacío; Sin ubicación
GOLF 2004,,,DISPONIBLE,,,,,,Nombre vacío; Sin ubicación
GOLF 2004,,,DISPONIBLE,,,,,,Nombre vacío; Sin ubicación
GOLF 2004,,,DISPONIBLE,,,,,,Nombre vacío; Sin ubicación
GOLF 2004,,,DISPONIBLE,,,,,,Nombre vacío; Sin ubicación
GOLF 2004,,,DISPONIBLE,,,,,,Nombre vacío; Sin ubicación
GOLF 2004,,,DISPONIBLE,,,,,,Nombre vacío; Sin ubicación
GOLF 2004,,,DISPONIBLE,,,,,,Nombre vacío; Sin ubicación
GOLF 2004,,,DISPONIBLE,,,,,,Nombre vacío; Sin ubicación
GOLF 2004,,,DISPONIBLE,,,,,,Nombre vacío; Sin ubicación
GOLF 2004,,,DISPONIBLE,,,,,,Nombre vacío; Sin ubicación
GOLF 2004,,,DISPONIBLE,,,,,,Nombre vacío; Sin ubicación
GOLF 2004,,,DISPONIBLE,,,,,,Nombre vacío; Sin ubicación
GOLF 2004,,,DISPONIBLE,,,,,,Nombre vacío; Sin ubicación
GOLF 2004,,,DISPONIBLE,,,,,,Nombre vacío; Sin ubicación
GOLF 2004,,,DISPONIBLE,,,,,,Nombre vacío; Sin ubicación
GOLF 2004,,,DISPONIBLE,,,,,,Nombre vacío; Sin ubicación
GOLF 2004,,,DISPONIBLE,,,,,,Nombre vacío; Sin ubicación
GOLF 2004,,,DISPONIBLE,,,,,,Nombre vacío; Sin ubicación
GOLF 2004,,,DISPONIBLE,,,,,,Nombre vacío; Sin ubicación
GOLF 2004,,,DISPONIBLE,,,,,,Nombre vacío; Sin ubicación
GOLF 2004,,,DISPONIBLE,,,,,,Nombre vacío; Sin ubicación
GOLF 2004,,,DISPONIBLE,,,,,,Nombre vacío; Sin ubicación
GOLF 2004,,,DISPONIBLE,,,,,,Nombre vacío; Sin ubicación
GOLF 2004,,,DISPONIBLE,,,,,,Nombre vacío; Sin ubicación
GOLF 2004,,,DISPONIBLE,,,,,,Nombre vacío; Sin ubicación
GOLF 2004,,,DISPONIBLE,,,,,,Nombre vacío; Sin ubicación
GOLF 2004,,,DISPONIBLE,,,,,,Nombre vacío; Sin ubicación
GOLF 2004,,,DISPONIBLE,,,,,,Nombre vacío; Sin ubicación
GOLF 2004,,,DISPONIBLE,,,,,,Nombre vacío; Sin ubicación
GOLF 2004,,,DISPONIBLE,,,,,,Nombre vacío; Sin ubicación
GOLF 2004,,,DISPONIBLE,,,,,,Nombre vacío; Sin ubicación
GOLF 2004,,,DISPONIBLE,,,,,,Nombre vacío; Sin ubicación
GOLF 2004,,,DISPONIBLE,,,,,,Nombre vacío; Sin ubicación
GOLF 2004,,,DISPONIBLE,,,,,,Nombre vacío; Sin ubicación
GOLF 2004,,,DISPONIBLE,,,,,,Nombre vacío; Sin ubicación
GOLF 2004,,,DISPONIBLE,,,,,,Nombre vacío; Sin ubicación
GOLF 2004,,,DISPONIBLE,,,,,,Nombre vacío; Sin ubicación
GOLF 2004,,,DISPONIBLE,,,,,,Nombre vacío; Sin ubicación
GOLF 2004,,,,,,,,,Nombre vacío; Sin estado de stock; Sin ubicación
IQ 2019,Alternador,,VENDIDO,SANTIAGO,80000.0,75000.0,,,
IQ 2019,Amortiguador,Delantera Izquierda,VENDIDO,SANTIAGO,70000.0,65000.0,,,
IQ 2019,Amortiguador,Delantera Derecha,DISPONIBLE,SANTIAGO,55000.0,50000.0,,,
IQ 2019,Amortiguador,Portalon,VENDIDO,SANTIAGO,15000.0,10000.0,,ES UNO,
IQ 2019,Amortiguador,Trasera Izquierda,DISPONIBLE,SANTIAGO,10000.0,10000.0,,,
IQ 2019,Amortiguador,Trasera Derecha,DISPONIBLE,SANTIAGO,10000.0,10000.0,,,
IQ 2019,Ampolleta Patente,Izquierda,VENDIDO,SANTIAGO,12000.0,10000.0,,,
IQ 2019,Antena Radio,,DISPONIBLE,SANTIAGO,20000.0,15000.0,,,
IQ 2019,Asiento,Delantera Izquierda,VENDIDO,SANTIAGO,60000.0,55000.0,,SIN AIRBAG,
IQ 2019,Asiento,Delantera Derecha,DISPONIBLE,,60000.0,55000.0,,SIN AIRBAG,Sin ubicación
IQ 2019,Bandeja,Delantera Izquierda,VENDIDO,SANTIAGO,35000.0,25000.0,,,
IQ 2019,Bandeja,Delantera Derecha,VENDIDO,SANTIAGO,35000.0,25000.0,,,
IQ 2019,Bandeja Larga,Trasera Izquierda,VENDIDO,SANTIAGO,25000.0,20000.0,,,
IQ 2019,Bandeja Larga,Trasera Derecha,VENDIDO,SANTIAGO,35000.0,30000.0,,,
IQ 2019,Barra Estabilizadora,,NO DISPONIBLE,SANTIAGO,60000.0,50000.0,,,
IQ 2019,Barra Estabilizadora,Trasera,VENDIDO,SANTIAGO,40000.0,35000.0,,,
IQ 2019,Base Compresor Aire Acondicionado,,VENDIDO,SANTIAGO,45000.0,40000.0,,,
IQ 2019,Base De Termostato,,DISPONIBLE,SANTIAGO,25000.0,20000.0,,,
IQ 2019,Base Del Filtro De Aceite,,DISPONIBLE,SANTIAGO,30000.0,25000.0,,,
IQ 2019,Base Depósito De Agua,,DISPONIBLE,,10000.0,10000.0,,,Sin ubicación
IQ 2019,Base Líquido Refrigerante,,DISPONIBLE,,20000.0,15000.0,,,Sin ubicación
IQ 2019,Bisagra De Capot,Delantera Derecha,DISPONIBLE,,25000.0,22000.0,,,Sin ubicación
IQ 2019,Bisagra Puerta,Delantera Derecha,DISPONIBLE,,15000.0,12000.0,,,Sin ubicación
IQ 2019,Bisagra Puerta,Trasera Derecha,DISPONIBLE,,15000.0,12000.0,,,Sin ubicación
IQ 2019,Bisagras Puerta,Delantera Izquierda,DISPONIBLE,SANTIAGO,,,,SUPERIOR E INFERIOR,
IQ 2019,Bisagras Puerta,Trasera Izquierda,DISPONIBLE,SANTIAGO,,,,SUPERIOR E INFERIOR,
IQ 2019,Bisel Radio Y Control De Aire,,DISPONIBLE,SANTIAGO,,,,ESCRITO ASÍ EN INVENTARIO,Posible múltiple repuesto
IQ 2019,Bobina,,DISPONIBLE,SANTIAGO,20000.0,20000.0,,,
IQ 2019,Bobina,,DISPONIBLE,SANTIAGO,20000.0,20000.0,,,
IQ 2019,Bobina,,DISPONIBLE,SANTIAGO,20000.0,20000.0,,,
IQ 2019,Bocina,,DISPONIBLE,,20000.0,15000.0,,,Sin ubicación
IQ 2019,Bomba De Agua,,DISPONIBLE,SANTIAGO,15000.0,10000.0,,,
IQ 2019,Bomba De Agua,,DISPONIBLE,SANTIAGO,,,,,
IQ 2019,Bomba De Bencina,,DISPONIBLE,SANTIAGO,60000.0,50000.0,,,
IQ 2019,Bomba De Freno Con Depósito,,DISPONIBLE,SANTIAGO,35700.0,30000.0,,,
IQ 2019,Bomba Hidráulica,,DISPONIBLE,SANTIAGO,,,,,
IQ 2019,Botón De Alzavidrio Y,Trasera Izquierda Derecha,DISPONIBLE,SANTIAGO,25000.0,20000.0,,SE VENDEN JUNTOS,Posible múltiple repuesto
IQ 2019,Botonera,Delantera Central,VENDIDO,SANTIAGO,15000.0,10000.0,,queda solo el rh,
IQ 2019,Brazo Limpiaparabrisas,Izquierda,DISPONIBLE,SANTIAGO,20000.0,15000.0,,30 EL PAR,
IQ 2019,Brazo Limpiaparabrisas,Derecha,DISPONIBLE,SANTIAGO,20000.0,15000.0,,,
IQ 2019,Brazo Limpiaparabrisas,Trasera,VENDIDO,SANTIAGO,25000.0,15000.0,,PUESTO EN PORTALÓN,
IQ 2019,Cadena De Tiempo Motor,,DISPONIBLE,SANTIAGO,25000.0,20000.0,,,
IQ 2019,Caja De Cambios,,VENDIDO,SANTIAGO,450000.0,400000.0,,,
IQ 2019,Caliper,Delantera Izquierda,VENDIDO,SANTIAGO,35700.0,30000.0,,,
IQ 2019,Caliper,Delantera Derecha,VENDIDO,SANTIAGO,35700.0,30000.0,,,
IQ 2019,Cañería De Aire,,DISPONIBLE,SANTIAGO,35700.0,30000.0,,,
IQ 2019,Cañería De Aire,,DISPONIBLE,SANTIAGO,35700.0,30000.0,,,
IQ 2019,Cañería De Aire,,DISPONIBLE,SANTIAGO,35700.0,30000.0,,,
IQ 2019,Cañería De Bomba De Agua,,VENDIDO,SANTIAGO,35000.0,30000.0,,ANGEEL,
IQ 2019,Cañería Hidráulica,,DISPONIBLE,SANTIAGO,35700.0,30000.0,,,
IQ 2019,Capot,,VENDIDO,SANTIAGO,110000.0,100000.0,,,
IQ 2019,Carter,,DISPONIBLE,SANTIAGO,,,,,
IQ 2019,Catalítico,,DISPONIBLE,SANTIAGO,50000.0,45000.0,,,
IQ 2019,Chapa Capot,,DISPONIBLE,SANTIAGO,,,,,
IQ 2019,Chapa Con Cilindro Puerta,Delantera Izquierda,DISPONIBLE,,15000.0,10000.0,,,Sin ubicación
IQ 2019,Chapa De Contacto,,DISPONIBLE,SANTIAGO,45000.0,40000.0,,,
IQ 2019,Chapa,Portalon,DISPONIBLE,SANTIAGO,35000.0,30000.0,,,
IQ 2019,Chapa Puerta,Trasera Izquierda,DISPONIBLE,,25000.0,20000.0,,,Sin ubicación
IQ 2019,Chapa Puerta,Trasera Derecha,VENDIDO,SANTIAGO,45000.0,40000.0,,,
IQ 2019,Cigueñal,,DISPONIBLE,SANTIAGO,,,,,
IQ 2019,Cinta De Airbag,,NO DISPONIBLE,,40000.0,35000.0,,,Sin ubicación
IQ 2019,"Cinturón (Se Vendió Uno, No Se Sabe Qué Lado)",Trasera Izquierda,POR CONFIRMAR,SANTIAGO,10000.0,10000.0,,,Posible múltiple repuesto; Estado inusual: POR CONFIRMAR
IQ 2019,"Cinturón (Se Vendió Uno, No Se Sabe Qué Lado)",Trasera Derecha,POR CONFIRMAR,SANTIAGO,10000.0,10000.0,,,Posible múltiple repuesto; Estado inusual: POR CONFIRMAR
IQ 2019,Cofia,,DISPONIBLE,SANTIAGO,25000.0,20000.0,,,
IQ 2019,Comando Luces,,DISPONIBLE,,25000.0,20000.0,,cada lado,Sin ubicación
IQ 2019,Compresor Aire Acondicionado,,VENDIDO,SANTIAGO,110000.0,105000.0,,,
IQ 2019,Control Calefacción,,DISPONIBLE,,55000.0,50000.0,,,Sin ubicación
IQ 2019,Control De Neblinero Y Bloqueo De Alzavidrios,,VENDIDO,SANTIAGO,25000.0,20000.0,,,Posible múltiple repuesto
IQ 2019,Corte Punta,,DISPONIBLE,,120000.0,120000.0,,MAS IVA,Sin ubicación
IQ 2019,Cremallera De Alzavidrio,Delantera Izquierda,DISPONIBLE,SANTIAGO,40000.0,35000.0,,,
IQ 2019,Cremallera De Alzavidrio,Delantera Derecha,VENDIDO,SANTIAGO,,,,,
IQ 2019,Cremallera De Alzavidrio,Trasera Izquierda,NO DISPONIBLE,N/A,,,,,
IQ 2019,Cremallera De Alzavidrio,Trasera Derecha,DISPONIBLE,SANTIAGO,40000.0,35000.0,,,
IQ 2019,Cremallera De Dirección,,DISPONIBLE,SANTIAGO,95000.0,90000.0,,,
IQ 2019,Cuarto De Pollo,,DISPONIBLE,,60000.0,55000.0,,,Sin ubicación
IQ 2019,Cubre Maleta Con Detalle,,VENDIDO,SANTIAGO,17000.0,15000.0,,,
IQ 2019,Cubre Rueda De Repuesto,,VENDIDO,SANTIAGO,25000.0,20000.0,,,
IQ 2019,Cubre Torpedo,,VENDIDO,SANTIAGO,35000.0,30000.0,,,
IQ 2019,Cuerpo De Aceleración,,DISPONIBLE,SANTIAGO,90000.0,85000.0,,,
IQ 2019,Culata Completa,,DISPONIBLE,SANTIAGO,210000.0,190000.0,,,
IQ 2019,Cuna Mas Barra Estabilizadora,,DISPONIBLE,,90000.0,85000.0,,,Sin ubicación
IQ 2019,Depósito Agua Radiador,,VENDIDO,SANTIAGO,20000.0,15000.0,,,
IQ 2019,Depósito De Limpiaparabrisas,,DISPONIBLE,SANTIAGO,30000.0,25000.0,,,
IQ 2019,Depósito De Líquido Hidráulico,,DISPONIBLE,,25000.0,20000.0,,,Sin ubicación
IQ 2019,Depósito Líquido Refrigerante,,VENDIDO,,,,,,Sin ubicación
IQ 2019,Disco De Freno,Delantera Izquierda,DISPONIBLE,,25000.0,20000.0,,SE VENDE CON EL MUÑÓN Y LA MAZA,Sin ubicación
IQ 2019,Disco De Freno,Delantera Derecha,VENDIDO,SANTIAGO,25000.0,20000.0,,,
IQ 2019,Ecu,,DISPONIBLE,SANTIAGO,142800.0,120000.0,,,
IQ 2019,Eje Palier,Derecha,VENDIDO,SANTIAGO,100000.0,90000.0,,,
IQ 2019,Eje Palier,Izquierda,DISPONIBLE,SANTIAGO,90000.0,80000.0,,,
IQ 2019,Electroventilador,,VENDIDO,SANTIAGO,60000.0,50000.0,,,
IQ 2019,Embellecedor Consola,Central,DISPONIBLE,,25000.0,20000.0,,,Sin ubicación
IQ 2019,Espejo,Izquierda,DISPONIBLE,SANTIAGO,50000.0,45000.0,,TIENE LA PATENTE MARCADA,
IQ 2019,Espejo,Derecha,VENDIDO,SANTIAGO,50000.0,45000.0,,TIENE LA PATENTE MARCADA,
IQ 2019,Espiral,Trasera Izquierda,DISPONIBLE,SANTIAGO,15000.0,10000.0,,,
IQ 2019,Espiral,Trasera Derecha,DISPONIBLE,SANTIAGO,15000.0,10000.0,,,
IQ 2019,Flexibles,,DISPONIBLE,SANTIAGO,,,,,
IQ 2019,Foco Luz Techo,Interior,DISPONIBLE,SANTIAGO,23000.0,20000.0,,,
IQ 2019,Foco Patente,Derecha,DISPONIBLE,,15000.0,10000.0,,,Sin ubicación
IQ 2019,Foco Patente,Izquierda,DISPONIBLE,,15000.0,10000.0,,,Sin ubicación
IQ 2019,Foco Tapabarro,Derecha,DISPONIBLE,,7000.0,5000.0,,,Sin ubicación
IQ 2019,Foco,Trasera Izquierda,VENDIDO,SANTIAGO,25000.0,20000.0,,,
IQ 2019,Foco,Trasera Derecha,DISPONIBLE,SANTIAGO,25000.0,20000.0,,,
IQ 2019,Funda De Parachoque,Delantera,VENDIDO,SANTIAGO,100000.0,100000.0,,,
IQ 2019,Funda De Parachoque,Trasera,VENDIDO,SANTIAGO,70000.0,60000.0,,CON DETALLE,
IQ 2019,Gata,,VENDIDO,SANTIAGO,30000.0,25000.0,,,
IQ 2019,Goma Contorno De Puerta,Trasera Izquierda,DISPONIBLE,SANTIAGO,,,,,
IQ 2019,Goma Contorno De Puerta,Trasera Izquierda,DISPONIBLE,SANTIAGO,,,,,
IQ 2019,Goma,Portalon,DISPONIBLE,,20000.0,15000.0,,,Sin ubicación
IQ 2019,Goma Puerta,Delantera Izquierda,DISPONIBLE,,30000.0,25000.0,,,Sin ubicación
IQ 2019,Goma Puerta,Delantera Derecha,DISPONIBLE,,30000.0,25000.0,,,Sin ubicación
IQ 2019,Guardafango,Delantera Izquierda,NO DISPONIBLE,N/A,,,,MALO,
IQ 2019,Guardafango,Delantera Derecha,NO DISPONIBLE,N/A,,,,MALO,
IQ 2019,Guardafango,Trasera Derecha,VENDIDO,SANTIAGO,23000.0,20000.0,,,
IQ 2019,Guardafango,Trasera Izquierda,DISPONIBLE,,23000.0,20000.0,,,Sin ubicación
IQ 2019,Intermitente Tapabarro,Derecha,DISPONIBLE,,,,,,Sin ubicación
IQ 2019,Inyector,,DISPONIBLE,SANTIAGO,25000.0,20000.0,,,
IQ 2019,Inyector,,DISPONIBLE,SANTIAGO,25000.0,20000.0,,,
IQ 2019,Inyector,,DISPONIBLE,SANTIAGO,25000.0,20000.0,,,
IQ 2019,Kit De Airbag,,DISPONIBLE,SANTIAGO,310000.0,290000.0,,PRECIO ACTUALIZADO ,
IQ 2019,Llanta,,VENDIDO,SANTIAGO,90000.0,85000.0,,,
IQ 2019,Llanta,,VENDIDO,SANTIAGO,90000.0,85000.0,,,
IQ 2019,Llanta Pinchada,,VENDIDO,SANTIAGO,60000.0,55000.0,,SIN TAPA CENTRO,
IQ 2019,Llave,,DISPONIBLE,SANTIAGO,25000.0,20000.0,,,
IQ 2019,Logo Capot,,VENDIDO,SANTIAGO,25000.0,25000.0,,,
IQ 2019,Logo,Trasera,DISPONIBLE,,25000.0,20000.0,,,Sin ubicación
IQ 2019,Manguera De Agua,,DISPONIBLE,SANTIAGO,,,,,
IQ 2019,Manguera De Agua,,DISPONIBLE,SANTIAGO,,,,,
IQ 2019,Manguera Radiador,Inferior,DISPONIBLE,,25000.0,20000.0,,,Sin ubicación
IQ 2019,Manilla De Techo,Delantera Derecha,DISPONIBLE,SANTIAGO,,,,,
IQ 2019,Manilla De Techo,Trasera Izquierda,DISPONIBLE,SANTIAGO,,,,,
IQ 2019,Manilla De Techo,Trasera Derecha,DISPONIBLE,SANTIAGO,,,,,
IQ 2019,Manilla Puerta,Delantera Derecha Exterior,DISPONIBLE,SANTIAGO,,,,,
IQ 2019,Manilla Puerta,Delantera Izquierda Exterior,DISPONIBLE,SANTIAGO,,,,,
IQ 2019,Manilla De Capot Más Piola,Interior,DISPONIBLE,SANTIAGO,,,,,
IQ 2019,Manilla De Mas Piola,Interior Portalon,DISPONIBLE,SANTIAGO,,,,,
IQ 2019,Manilla Puerta,Delantera Izquierda Interior,DISPONIBLE,SANTIAGO,15000.0,10000.0,,,
IQ 2019,Manilla Puerta,Delantera Derecha Interior,POR CONFIRMAR,SANTIAGO,15000.0,10000.0,,,Estado inusual: POR CONFIRMAR
IQ 2019,Manilla Puerta,Trasera Izquierda Interior,DISPONIBLE,SANTIAGO,15000.0,10000.0,,,
IQ 2019,Manilla Puerta,Trasera Derecha Interior,POR CONFIRMAR,,15000.0,10000.0,,,Estado inusual: POR CONFIRMAR; Sin ubicación
IQ 2019,Maza,Delantera Derecha,VENDIDO,SANTIAGO,60000.0,55000.0,,(SE VENDE CON MUÑÓN),
IQ 2019,Maza,Delantera Izquierda,VENDIDO,SANTIAGO,80000.0,75000.0,,(SE VENDE CON MUÑÓN Y DISCO),
IQ 2019,Maza Y Tambor,Trasera Izquierda,VENDIDO,SANTIAGO,60000.0,50000.0,,,Posible múltiple repuesto
IQ 2019,Maza Y Tambor,Trasera Derecha,VENDIDO,SANTIAGO,60000.0,50000.0,,,Posible múltiple repuesto
IQ 2019,Ménsula,Delantera Derecha,DISPONIBLE,SANTIAGO,15000.0,10000.0,,,
IQ 2019,Ménsula,Trasera Izquierda,DISPONIBLE,SANTIAGO,15000.0,10000.0,,,
IQ 2019,Ménsula,Trasera Derecha,DISPONIBLE,SANTIAGO,15000.0,10000.0,,,
IQ 2019,Módulo Abs,,NO DISPONIBLE,SANTIAGO,85000.0,75000.0,,,
IQ 2019,Motor De Calefacción,,DISPONIBLE,SANTIAGO,50000.0,40000.0,,,
IQ 2019,Motor De Partida,,VENDIDO,SANTIAGO,85000.0,80000.0,,,
IQ 2019,Motor Facturable,,VENDIDO,SANTIAGO,800000.0,760000.0,,,
IQ 2019,Motor Limpia Parabrisas Con Brazos,,VENDIDO,SANTIAGO,50000.0,45000.0,,,
IQ 2019,Motor Limpia Parabrisas,Trasera,VENDIDO,SANTIAGO,30000.0,25000.0,,,
IQ 2019,Múltiple De Escape Con Catalítico,,VENDIDO,SANTIAGO,90000.0,85000.0,,,
IQ 2019,Neblinero,Delantera Derecha,DISPONIBLE,SANTIAGO,20000.0,15000.0,,,
IQ 2019,Neblinero,Delantera Izquierda,VENDIDO,SANTIAGO,20000.0,15000.0,,,
IQ 2019,Neblinero,Trasera Derecha,VENDIDO,SANTIAGO,15000.0,15000.0,,,
IQ 2019,Neblinero,Trasera Izquierda,DISPONIBLE,SANTIAGO,15000.0,15000.0,,,
IQ 2019,Óptico Impecable,Derecha,VENDIDO,SANTIAGO,60000.0,55000.0,,,
IQ 2019,Óptico,Izquierda,VENDIDO,SANTIAGO,45000.0,40000.0,,BUENO DETALLE PATITA ABAJO QUE ENGANCHA AL TAPABARRO,
IQ 2019,Palanca De Cambio,,DISPONIBLE,SANTIAGO,60000.0,55000.0,,SIN PIOLAS,
IQ 2019,Palanca Freno De Mano,,DISPONIBLE,SANTIAGO,25000.0,20000.0,,,
IQ 2019,Parabrisas,,VENDIDO,SANTIAGO,70000.0,60000.0,,,
IQ 2019,Parachoque,Trasera,DISPONIBLE,,160000.0,150000.0,,COMPLETO SIN SENSORES DE ESTACIONAMIENTO,Sin ubicación
IQ 2019,Parasol,Derecha,VENDIDO,SANTIAGO,20000.0,15000.0,,,
IQ 2019,Parasol,Izquierda,VENDIDO,SANTIAGO,30000.0,25000.0,,,
IQ 2019,Parlante,,VENDIDO,SANTIAGO,15000.0,10000.0,,,
IQ 2019,Parlante,,VENDIDO,SANTIAGO,15000.0,10000.0,,,
IQ 2019,Parlante,,VENDIDO,SANTIAGO,15000.0,10000.0,,,
IQ 2019,Parlante,,VENDIDO,SANTIAGO,15000.0,10000.0,,,
IQ 2019,Pedal De Aceleración,,VENDIDO,SANTIAGO,60000.0,55000.0,,,
IQ 2019,Pedalera,,DISPONIBLE,SANTIAGO,80000.0,70000.0,,,
IQ 2019,Perno De Culata C U,,VENDIDO,SANTIAGO,25000.0,20000.0,,,Posible múltiple repuesto
IQ 2019,Piola De Embrague,,DISPONIBLE,SANTIAGO,15000.0,10000.0,,,
IQ 2019,Piolas Palanca De Cambio,,DISPONIBLE,SANTIAGO,50000.0,45000.0,,,
IQ 2019,Pistones,,DISPONIBLE,SANTIAGO,,,,,
IQ 2019,Plástico Triángulo Tapabarro,Derecha,VENDIDO,SANTIAGO,7000.0,5000.0,,,
IQ 2019,Plástico Triángulo Tapabarro,Izquierda,VENDIDO,SANTIAGO,5000.0,5000.0,,,
IQ 2019,Porta Filtro,,VENDIDO,SANTIAGO,50000.0,40000.0,,,
IQ 2019,Porta Filtro De Aceite,,DISPONIBLE,SANTIAGO,,,,,
IQ 2019,Portalón,Portalon,VENDIDO,SANTIAGO,130000.0,120000.0,,,
IQ 2019,Puerta Solo Lata,Delantera Izquierda,NO DISPONIBLE,,,,,,Sin ubicación
IQ 2019,Puerta Solo Lata,Delantera Derecha,VENDIDO,SANTIAGO,70000.0,65000.0,,,
IQ 2019,Puerta,Trasera Izquierda,NO DISPONIBLE,N/A,,,,,
IQ 2019,Puerta Solo Lata,Trasera Derecha,DISPONIBLE,SANTIAGO,70000.0,65000.0,,,
IQ 2019,Radiador Calefacción,,DISPONIBLE,SANTIAGO,40000.0,35000.0,,,
IQ 2019,Radiador De Agua,,VENDIDO,SANTIAGO,80000.0,75000.0,,,
IQ 2019,Radiador De Aire Acondicionado,,VENDIDO,SANTIAGO,80000.0,75000.0,,,
IQ 2019,Radio,,DISPONIBLE,REQUINOA,25000.0,20000.0,,,
IQ 2019,Ramal De Alternador,,VENDIDO,SANTIAGO,25000.0,20000.0,,,
IQ 2019,Ramal Eléctrico,,DISPONIBLE,,80000.0,75000.0,,,Sin ubicación
IQ 2019,Ramal,Exterior,DISPONIBLE,SANTIAGO,45000.0,40000.0,,,
IQ 2019,Ramal,Interior,DISPONIBLE,SANTIAGO,35700.0,30000.0,,,
IQ 2019,Ramal,Trasera,VENDIDO,SANTIAGO,65000.0,60000.0,,,
IQ 2019,Refuerzo Parachoque,Delantera,VENDIDO,SANTIAGO,60000.0,50000.0,,,
IQ 2019,Rejilla,Inferior,DISPONIBLE,,20000.0,15000.0,,,Sin ubicación
IQ 2019,Rejilla Lateral,Izquierda Interior,VENDIDO,SANTIAGO,15000.0,10000.0,,SALIDA DE AIRE,
IQ 2019,Rejilla Lateral,Derecha Interior,VENDIDO,SANTIAGO,15000.0,10000.0,,SALIDA DE AIRE,
IQ 2019,Resistencia De Calefacción,Interior,DISPONIBLE,SANTIAGO,25000.0,20000.0,,,
IQ 2019,Rueda De Repuesto,,VENDIDO,SANTIAGO,50000.0,45000.0,,,
IQ 2019,Salida De Aire,Interior Central,DISPONIBLE,,25000.0,20000.0,,,Sin ubicación
IQ 2019,Seguro Puerta,,DISPONIBLE,,18000.0,15000.0,,,Sin ubicación
IQ 2019,Sensor Abs,Delantera Izquierda,DISPONIBLE,SANTIAGO,15000.0,10000.0,,,
IQ 2019,Sensor Abs,Delantera Derecha,VENDIDO,SANTIAGO,10000.0,10000.0,,,
IQ 2019,Sensor Abs,Trasera Izquierda,DISPONIBLE,SANTIAGO,15000.0,10000.0,,,
IQ 2019,Sensor Abs,Trasera Derecha,DISPONIBLE,SANTIAGO,15000.0,10000.0,,,
IQ 2019,Sensor De Oxígeno Banco,,DISPONIBLE,SANTIAGO,20000.0,15000.0,,,
IQ 2019,Sensor De Oxígeno Banco,,DISPONIBLE,SANTIAGO,20000.0,15000.0,,,
IQ 2019,Sensor De Posición Cigûeñal,,DISPONIBLE,SANTIAGO,25000.0,20000.0,,,
IQ 2019,Sensor De Temperatura,,VENDIDO,SANTIAGO,15000.0,15000.0,,,
IQ 2019,Servo Freno,,DISPONIBLE,SANTIAGO,35000.0,30000.0,,,
IQ 2019,Sinóptico,,DISPONIBLE,SANTIAGO,65000.0,60000.0,,,
IQ 2019,Soporte Barra Estabilizadora,Izquierda,VENDIDO,SANTIAGO,30000.0,25000.0,,,
IQ 2019,Soporte Barra Estabilizadora,Izquierda,VENDIDO,SANTIAGO,25000.0,25000.0,,,
IQ 2019,Soporte Barra Estabilizadora,Derecha,VENDIDO,SANTIAGO,30000.0,25000.0,,,
IQ 2019,Soporte Barra Estabilizadora,Derecha,VENDIDO,SANTIAGO,30000.0,30000.0,,,
IQ 2019,Soporte De Motor,Inferior Central,NO DISPONIBLE,N/A,25000.0,20000.0,,,
IQ 2019,Soporte De Motor,Derecha,DISPONIBLE,SANTIAGO,45000.0,40000.0,,,
IQ 2019,Soporte De Motor,Izquierda,VENDIDO,SANTIAGO,45000.0,40000.0,,(SOPORTE DE CAJA),
IQ 2019,Soporte O Base Compresor Aire Acondicionado,,VENDIDO,SANTIAGO,,,,,
IQ 2019,Soporte O Base Radiador Cada Uno,,DISPONIBLE,,15000.0,10000.0,,,Sin ubicación
IQ 2019,Switch O Bulbo Pedal De Freno,,DISPONIBLE,SANTIAGO,15000.0,10000.0,,,
IQ 2019,Tapa De Bencina,Exterior,VENDIDO,SANTIAGO,20000.0,15000.0,,,
IQ 2019,Tapa De Bencina,Interior,DISPONIBLE,SANTIAGO,15000.0,10000.0,,,
IQ 2019,Tapa De Distribución,,DISPONIBLE,SANTIAGO,,,,,
IQ 2019,Tapa De Válvula,,DISPONIBLE,SANTIAGO,50000.0,45000.0,,,
IQ 2019,Tapa Neblinero,Izquierda,DISPONIBLE,,15000.0,10000.0,,,Sin ubicación
IQ 2019,Tapa Neblinero,Derecha,DISPONIBLE,,15000.0,10000.0,,,Sin ubicación
IQ 2019,Tapabarro,Delantera Izquierda,NO DISPONIBLE,,80000.0,70000.0,,,Sin ubicación
IQ 2019,Tapabarro,Delantera Derecha,VENDIDO,SANTIAGO,80000.0,70000.0,,,
IQ 2019,Tapiz Puerta,Delantera Izquierda,DISPONIBLE,SANTIAGO,,,,,
IQ 2019,Tapiz Puerta,Delantera Derecha,VENDIDO,SANTIAGO,,,,,
IQ 2019,Tapiz Puerta,Trasera Izquierda,DISPONIBLE,SANTIAGO,,,,,
IQ 2019,Tapiz Puerta,Trasera Derecha,DISPONIBLE,SANTIAGO,,,,,
IQ 2019,Telecomando,,VENDIDO,SANTIAGO,35000.0,30000.0,,,
IQ 2019,Tercera Luz De Freno,,DISPONIBLE,SANTIAGO,15000.0,15000.0,,,
IQ 2019,Tornillo Que Afirma Rueda De Repuesto,,DISPONIBLE,,12000.0,10000.0,,,Sin ubicación
IQ 2019,Tren O Eje,Trasera,DISPONIBLE,SANTIAGO,60000.0,50000.0,,,
IQ 2019,Triangulo Tapabarro,Delantera Derecha,DISPONIBLE,,15000.0,10000.0,,,Sin ubicación
IQ 2019,Ventilador De Calefacción,,DISPONIBLE,SANTIAGO,30000.0,25000.0,,,
IQ 2019,Vidrio Luneta Puerta,Trasera Izquierda,VENDIDO,SANTIAGO,25000.0,20000.0,,,
IQ 2019,Vidrio Luneta Puerta,Trasera Derecha,DISPONIBLE,SANTIAGO,25000.0,20000.0,,,
IQ 2019,Vidrio Puerta,Delantera Izquierda,DISPONIBLE,SANTIAGO,40000.0,35000.0,,,
IQ 2019,Vidrio Puerta,Delantera Derecha,NO DISPONIBLE,N/A,40000.0,35000.0,,,
IQ 2019,Vidrio Puerta,Trasera Izquierda,DISPONIBLE,SANTIAGO,35000.0,30000.0,,,
IQ 2019,Vidrio Puerta,Trasera Derecha,VENDIDO,SANTIAGO,35000.0,30000.0,,,
IQ 2019,Volante,,DISPONIBLE,SANTIAGO,35000.0,30000.0,,,
IQ 2019,Volante Bimasa,,VENDIDO,SANTIAGO,,,,,
IQ 2019,Volante De Inercia,,VENDIDO,SANTIAGO,45000.0,45000.0,,,
IQ 2019,,,,SANTIAGO,,,,,Nombre vacío; Sin estado de stock
IQ 2019,,,,,,,,,Nombre vacío; Sin estado de stock; Sin ubicación
IQ 2019,,,,,,,,,Nombre vacío; Sin estado de stock; Sin ubicación
IQ 2019,,,,,,,,,Nombre vacío; Sin estado de stock; Sin ubicación
IQ 2019,,,,,,,,,Nombre vacío; Sin estado de stock; Sin ubicación
IQ 2019,,,,,,,,,Nombre vacío; Sin estado de stock; Sin ubicación
IQ 2019,,,,,,,,,Nombre vacío; Sin estado de stock; Sin ubicación
IQ 2019,,,,,,,,,Nombre vacío; Sin estado de stock; Sin ubicación
IQ 2019,,,,,,,,,Nombre vacío; Sin estado de stock; Sin ubicación
IQ 2019,,,,,,,,,Nombre vacío; Sin estado de stock; Sin ubicación
IQ 2019,,,,,,,,,Nombre vacío; Sin estado de stock; Sin ubicación
IQ 2019,,,,,,,,,Nombre vacío; Sin estado de stock; Sin ubicación
IQ 2019,,,,,,,,,Nombre vacío; Sin estado de stock; Sin ubicación
IQ 2019,,,,,,,,,Nombre vacío; Sin estado de stock; Sin ubicación
IQ 2019,,,,,,,,,Nombre vacío; Sin estado de stock; Sin ubicación
JOYEAR X3 2019,Amortiguador,Derecha,DISPONIBLE,SANTIAGO,65000.0,60000.0,,CONFIRMAR LADO,
JOYEAR X3 2019,Amortiguador,Trasera Izquierda,NO DISPONIBLE,SANTIAGO,25000.0,20000.0,,,
JOYEAR X3 2019,Amortiguador,Trasera Derecha,NO DISPONIBLE,SANTIAGO,25000.0,20000.0,,,
JOYEAR X3 2019,Asiento,Delantera Izquierda,NO DISPONIBLE,N/A,,,,,
JOYEAR X3 2019,Asiento,Delantera Derecha,CONFIRMAR,,,,,,Estado inusual: CONFIRMAR; Sin ubicación
JOYEAR X3 2019,Bandeja,Izquierda,DISPONIBLE,,35000.0,30000.0,,,Sin ubicación
JOYEAR X3 2019,Bobina,,VENDIDO,SANTIAGO,20000.0,15000.0,,,
JOYEAR X3 2019,Bobina,,VENDIDO,SANTIAGO,20000.0,15000.0,,,
JOYEAR X3 2019,Bobina,,DISPONIBLE,SANTIAGO,20000.0,15000.0,,,
JOYEAR X3 2019,Bobina,,CONFIRMAR,,20000.0,15000.0,,,Estado inusual: CONFIRMAR; Sin ubicación
JOYEAR X3 2019,Bocina,Izquierda,DISPONIBLE,SANTIAGO,12000.0,10000.0,,,
JOYEAR X3 2019,Bocina,Derecha,DISPONIBLE,SANTIAGO,12000.0,10000.0,,,
JOYEAR X3 2019,Bomba De Bencina,,DISPONIBLE,SANTIAGO,75000.0,70000.0,,,
JOYEAR X3 2019,Bomba De Embrague De Caja,,DISPONIBLE,SANTIAGO,,,,,
JOYEAR X3 2019,Bomba De Freno,,VENDIDO,SANTIAGO,30000.0,30000.0,,,
JOYEAR X3 2019,Bomba De Pedal De Embrague,,DISPONIBLE,SANTIAGO,,,,,
JOYEAR X3 2019,Botonera De Alzavidrios,Delantera Izquierda,DISPONIBLE,SANTIAGO,,,,,
JOYEAR X3 2019,Caja,,NO DISPONIBLE,N/A,,,,,
JOYEAR X3 2019,Caliper,Delantera Izquierda,DISPONIBLE,SANTIAGO,,,,,
JOYEAR X3 2019,Caliper,Delantera Derecha,DISPONIBLE,SANTIAGO,,,,,
JOYEAR X3 2019,Caliper,Trasera,DISPONIBLE,SANTIAGO,,,,,
JOYEAR X3 2019,Canister,,DISPONIBLE,SANTIAGO,25000.0,20000.0,,,
JOYEAR X3 2019,Capot,,NO DISPONIBLE,N/A,,,,,
JOYEAR X3 2019,Chapa De Contacto,,NO DISPONIBLE,N/A,,,,,
JOYEAR X3 2019,Columna De Dirección,,DISPONIBLE,SANTIAGO,70000.0,60000.0,,,
JOYEAR X3 2019,Compresor De Aire Acondicionado,,DISPONIBLE,SANTIAGO,200000.0,180000.0,,CONFIRMAR PRECIO,
JOYEAR X3 2019,Control Espejos,,DISPONIBLE,SANTIAGO,,,,,
JOYEAR X3 2019,Cremallera De Alzavidrio,Delantera Izquierda,VENDIDO,SANTIAGO,30000.0,30000.0,,,
JOYEAR X3 2019,Cremallera De Alzavidrio,Trasera Derecha,DISPONIBLE,SANTIAGO,50000.0,40000.0,,,
JOYEAR X3 2019,Cremallera De Dirección,,DISPONIBLE,SANTIAGO,650000.0,600000.0,,CONFIRMAR PRECIO,
JOYEAR X3 2019,Cubre Zócalo,Izquierda,DISPONIBLE,SANTIAGO,35000.0,30000.0,,,
JOYEAR X3 2019,Cubre Zócalo,Derecha,DISPONIBLE,SANTIAGO,35000.0,30000.0,,,
JOYEAR X3 2019,Cuerpo De Aceleración,,DISPONIBLE,SANTIAGO,100000.0,90000.0,,,
JOYEAR X3 2019,Depósito De Agua O Líquido Refrigerante,,DISPONIBLE,SANTIAGO,,,,SIN TAPA,
JOYEAR X3 2019,Ecu,,DISPONIBLE,SANTIAGO,120000.0,100000.0,,,
JOYEAR X3 2019,Eje Palier,Izquierda,DISPONIBLE,SANTIAGO,,,,,
JOYEAR X3 2019,Eje Palier,Derecha,DISPONIBLE,,100000.0,95000.0,,,Sin ubicación
JOYEAR X3 2019,Eje,Trasera,VENDIDO,SANTIAGO,90000.0,80000.0,,,
JOYEAR X3 2019,Electroventilador,,DISPONIBLE,SANTIAGO,75000.0,70000.0,,,
JOYEAR X3 2019,Espejo,Izquierda,VENDIDO,SANTIAGO,45000.0,40000.0,,CON DETALLE,
JOYEAR X3 2019,Espejo,Derecha,NO DISPONIBLE,N/A,,,,,
JOYEAR X3 2019,Espiral,Trasera Izquierda,DISPONIBLE,,25000.0,20000.0,,,Sin ubicación
JOYEAR X3 2019,Espiral,Trasera Derecha,DISPONIBLE,,25000.0,20000.0,,,Sin ubicación
JOYEAR X3 2019,Foco Luz Techo,Delantera Interior,DISPONIBLE,SANTIAGO,25000.0,20000.0,,,
JOYEAR X3 2019,Foco Luz Techo,Interior Central,DISPONIBLE,SANTIAGO,25000.0,20000.0,,,
JOYEAR X3 2019,Foco,Trasera Izquierda,NO DISPONIBLE,N/A,,,,,
JOYEAR X3 2019,Foco,Trasera Derecha,NO DISPONIBLE,N/A,,,,,
JOYEAR X3 2019,Frontal Superior,Delantera Superior,VENDIDO,SANTIAGO,60000.0,55000.0,,,
JOYEAR X3 2019,Vertical,Delantera Superior,VENDIDO,SANTIAGO,30000.0,25000.0,,,
JOYEAR X3 2019,Fusilera Con Ramal,Delantera,DISPONIBLE,SANTIAGO,60000.0,50000.0,,,
JOYEAR X3 2019,Guardafango,Trasera Izquierda,DISPONIBLE,SANTIAGO,35700.0,30000.0,,,
JOYEAR X3 2019,Guardafango,Trasera Derecha,DISPONIBLE,SANTIAGO,37500.0,30000.0,,,
JOYEAR X3 2019,Guardafangos,Delantera,NO DISPONIBLE,N/A,,,,,
JOYEAR X3 2019,Luz Patente,,DISPONIBLE,SANTIAGO,,,,UNA O DOS?,
JOYEAR X3 2019,Manilla,Delantera Izquierda Exterior,NO DISPONIBLE,N/A,,,,,
JOYEAR X3 2019,Manilla,Delantera Derecha Exterior,DISPONIBLE,SANTIAGO,70000.0,60000.0,,,
JOYEAR X3 2019,Manilla,Trasera Derecha Exterior,DISPONIBLE,SANTIAGO,60000.0,50000.0,,,
JOYEAR X3 2019,Masa,Trasera,VENDIDO,SANTIAGO,45000.0,40000.0,,,
JOYEAR X3 2019,Moldura Puerta,Delantera Derecha,DISPONIBLE,SANTIAGO,,,,,
JOYEAR X3 2019,Moldura Puerta,Trasera Derecha,DISPONIBLE,SANTIAGO,,,,,
JOYEAR X3 2019,Motor De Partida,,DISPONIBLE,SANTIAGO,,,,,
JOYEAR X3 2019,Motor Facturable,,VENDIDO,SANTIAGO,590000.0,550000.0,,"53,000 KM PRECIO ACTUALIZADO",
JOYEAR X3 2019,Múltiple De Admisión,,DISPONIBLE,,,,,,Sin ubicación
JOYEAR X3 2019,Palanca De Cambios,,DISPONIBLE,SANTIAGO,,,,,
JOYEAR X3 2019,Parasol,Izquierda,DISPONIBLE,SANTIAGO,,,,,
JOYEAR X3 2019,Parasol,Derecha,DISPONIBLE,SANTIAGO,,,,,
JOYEAR X3 2019,Puerta,Delantera Derecha,DISPONIBLE,SANTIAGO,60000.0,55000.0,,,
JOYEAR X3 2019,Sensor Abs,,DISPONIBLE,SANTIAGO,,,,,
JOYEAR X3 2019,Soporte De Caja,Izquierda,DISPONIBLE,SANTIAGO,25000.0,20000.0,,,
JOYEAR X3 2019,Tapa De Bencina,Interior,DISPONIBLE,SANTIAGO,10000.0,10000.0,,,
JOYEAR X3 2019,Vidrio Luneta,Trasera,VENDIDO,SANTIAGO,40000.0,,,,
JOYEAR X3 2019,Radiador De Calefacción,,VENDIDO,,,,,,Sin ubicación
JOYEAR X3 2019,Radiador De Aire Acondicionado,Interior,VENDIDO,,,,,,Sin ubicación
JOYEAR X3 2019,,,,,,,,,Nombre vacío; Sin estado de stock; Sin ubicación
JOYEAR X3 2019,,,,,,,,,Nombre vacío; Sin estado de stock; Sin ubicación
JOYEAR X3 2019,,,,,,,,,Nombre vacío; Sin estado de stock; Sin ubicación
JOYEAR X3 2019,,,,,,,,,Nombre vacío; Sin estado de stock; Sin ubicación
JOYEAR X3 2019,,,,,,,,,Nombre vacío; Sin estado de stock; Sin ubicación
JOYEAR X3 2019,,,,,,,,,Nombre vacío; Sin estado de stock; Sin ubicación
JOYEAR X3 2019,,,,,,,,,Nombre vacío; Sin estado de stock; Sin ubicación
JOYEAR X3 2019,,,,,,,,,Nombre vacío; Sin estado de stock; Sin ubicación
JOYEAR X3 2019,,,,,,,,,Nombre vacío; Sin estado de stock; Sin ubicación
JOYEAR X3 2019,,,,,,,,,Nombre vacío; Sin estado de stock; Sin ubicación
JOYEAR X3 2019,,,,,,,,,Nombre vacío; Sin estado de stock; Sin ubicación
JOYEAR X3 2019,,,,,,,,,Nombre vacío; Sin estado de stock; Sin ubicación
JOYEAR X3 2019,,,,,,,,,Nombre vacío; Sin estado de stock; Sin ubicación
JOYEAR X3 2019,,,,,,,,,Nombre vacío; Sin estado de stock; Sin ubicación
JOYEAR X3 2019,,,,,,,,,Nombre vacío; Sin estado de stock; Sin ubicación
JOYEAR X3 2019,,,,,,,,,Nombre vacío; Sin estado de stock; Sin ubicación
JOYEAR X3 2019,,,,,,,,,Nombre vacío; Sin estado de stock; Sin ubicación
JOYEAR X3 2019,,,,,,,,,Nombre vacío; Sin estado de stock; Sin ubicación
JOYEAR X3 2019,,,,,,,,,Nombre vacío; Sin estado de stock; Sin ubicación
JOYEAR X3 2019,,,,,,,,,Nombre vacío; Sin estado de stock; Sin ubicación
JOYEAR X3 2019,,,,,,,,,Nombre vacío; Sin estado de stock; Sin ubicación
JOYEAR X3 2019,,,,,,,,,Nombre vacío; Sin estado de stock; Sin ubicación
JOYEAR X3 2019,,,,,,,,,Nombre vacío; Sin estado de stock; Sin ubicación
JOYEAR X3 2019,,,,,,,,,Nombre vacío; Sin estado de stock; Sin ubicación
JOYEAR X3 2019,,,,,,,,,Nombre vacío; Sin estado de stock; Sin ubicación
JOYEAR X3 2019,,,,,,,,,Nombre vacío; Sin estado de stock; Sin ubicación
JOYEAR X3 2019,,,,,,,,,Nombre vacío; Sin estado de stock; Sin ubicación
JOYEAR X3 2019,,,,,,,,,Nombre vacío; Sin estado de stock; Sin ubicación
JOYEAR X3 2019,,,,,,,,,Nombre vacío; Sin estado de stock; Sin ubicación
JOYEAR X3 2019,,,,,,,,,Nombre vacío; Sin estado de stock; Sin ubicación
JOYEAR X3 2019,,,,,,,,,Nombre vacío; Sin estado de stock; Sin ubicación
JOYEAR X3 2019,,,,,,,,,Nombre vacío; Sin estado de stock; Sin ubicación
JOYEAR X3 2019,,,,,,,,,Nombre vacío; Sin estado de stock; Sin ubicación
JOYEAR X3 2019,,,,,,,,,Nombre vacío; Sin estado de stock; Sin ubicación
JOYEAR X3 2019,,,,,,,,,Nombre vacío; Sin estado de stock; Sin ubicación
JOYEAR X3 2019,,,,,,,,,Nombre vacío; Sin estado de stock; Sin ubicación
JOYEAR X3 2019,,,,,,,,,Nombre vacío; Sin estado de stock; Sin ubicación
JOYEAR X3 2019,,,,,,,,,Nombre vacío; Sin estado de stock; Sin ubicación
JOYEAR X3 2019,,,,,,,,,Nombre vacío; Sin estado de stock; Sin ubicación
JOYEAR X3 2019,,,,,,,,,Nombre vacío; Sin estado de stock; Sin ubicación
JOYEAR X3 2019,,,,,,,,,Nombre vacío; Sin estado de stock; Sin ubicación
JOYEAR X3 2019,,,,,,,,,Nombre vacío; Sin estado de stock; Sin ubicación
JOYEAR X3 2019,,,,,,,,,Nombre vacío; Sin estado de stock; Sin ubicación
JOYEAR X3 2019,,,,,,,,,Nombre vacío; Sin estado de stock; Sin ubicación
JOYEAR X3 2019,,,,,,,,,Nombre vacío; Sin estado de stock; Sin ubicación
JOYEAR X3 2019,,,,,,,,,Nombre vacío; Sin estado de stock; Sin ubicación
JOYEAR X3 2019,,,,,,,,,Nombre vacío; Sin estado de stock; Sin ubicación
JOYEAR X3 2019,,,,,,,,,Nombre vacío; Sin estado de stock; Sin ubicación
JOYEAR X3 2019,,,,,,,,,Nombre vacío; Sin estado de stock; Sin ubicación
JOYEAR X3 2019,,,,,,,,,Nombre vacío; Sin estado de stock; Sin ubicación
JOYEAR X3 2019,,,,,,,,,Nombre vacío; Sin estado de stock; Sin ubicación
JOYEAR X3 2019,,,,,,,,,Nombre vacío; Sin estado de stock; Sin ubicación
JOYEAR X3 2019,,,,,,,,,Nombre vacío; Sin estado de stock; Sin ubicación
JOYEAR X3 2019,,,,,,,,,Nombre vacío; Sin estado de stock; Sin ubicación
JOYEAR X3 2019,,,,,,,,,Nombre vacío; Sin estado de stock; Sin ubicación
JOYEAR X3 2019,,,,,,,,,Nombre vacío; Sin estado de stock; Sin ubicación
JOYEAR X3 2019,,,,,,,,,Nombre vacío; Sin estado de stock; Sin ubicación
JOYEAR X3 2019,,,,,,,,,Nombre vacío; Sin estado de stock; Sin ubicación
JOYEAR X3 2019,,,,,,,,,Nombre vacío; Sin estado de stock; Sin ubicación
JOYEAR X3 2019,,,,,,,,,Nombre vacío; Sin estado de stock; Sin ubicación
JOYEAR X3 2019,,,,,,,,,Nombre vacío; Sin estado de stock; Sin ubicación
JOYEAR X3 2019,,,,,,,,,Nombre vacío; Sin estado de stock; Sin ubicación
JOYEAR X3 2019,,,,,,,,,Nombre vacío; Sin estado de stock; Sin ubicación
JOYEAR X3 2019,,,,,,,,,Nombre vacío; Sin estado de stock; Sin ubicación
JOYEAR X3 2019,,,,,,,,,Nombre vacío; Sin estado de stock; Sin ubicación
JOYEAR X3 2019,,,,,,,,,Nombre vacío; Sin estado de stock; Sin ubicación
JOYEAR X3 2019,,,,,,,,,Nombre vacío; Sin estado de stock; Sin ubicación
JOYEAR X3 2019,,,,,,,,,Nombre vacío; Sin estado de stock; Sin ubicación
JOYEAR X3 2019,,,,,,,,,Nombre vacío; Sin estado de stock; Sin ubicación
JOYEAR X3 2019,,,,,,,,,Nombre vacío; Sin estado de stock; Sin ubicación
JOYEAR X3 2019,,,,,,,,,Nombre vacío; Sin estado de stock; Sin ubicación
JOYEAR X3 2019,,,,,,,,,Nombre vacío; Sin estado de stock; Sin ubicación
JOYEAR X3 2019,,,,,,,,,Nombre vacío; Sin estado de stock; Sin ubicación
JOYEAR X3 2019,,,,,,,,,Nombre vacío; Sin estado de stock; Sin ubicación
JOYEAR X3 2019,,,,,,,,,Nombre vacío; Sin estado de stock; Sin ubicación
JOYEAR X3 2019,,,,,,,,,Nombre vacío; Sin estado de stock; Sin ubicación
JOYEAR X3 2019,,,,,,,,,Nombre vacío; Sin estado de stock; Sin ubicación
JOYEAR X3 2019,,,,,,,,,Nombre vacío; Sin estado de stock; Sin ubicación
JOYEAR X3 2019,,,,,,,,,Nombre vacío; Sin estado de stock; Sin ubicación
JOYEAR X3 2019,,,,,,,,,Nombre vacío; Sin estado de stock; Sin ubicación
KICKS 2019,Airbag De Cortina,Izquierda,DISPONIBLE,SANTIAGO,,,,,
KICKS 2019,Airbag De Cortina,Derecha,DISPONIBLE,SANTIAGO,,,,,
KICKS 2019,Alternador,,DISPONIBLE,SANTIAGO,90000.0,80000.0,,,
KICKS 2019,Amortiguador Completo,Delantera Izquierda,DISPONIBLE,SANTIAGO,90000.0,80000.0,,,"Termino especial ""completo"""
KICKS 2019,Amortiguador Completo,Delantera Derecha,DISPONIBLE,SANTIAGO,90000.0,80000.0,,,"Termino especial ""completo"""
KICKS 2019,Amortiguador,Izquierda Portalon,DISPONIBLE,SANTIAGO,20000.0,15000.0,,,
KICKS 2019,Amortiguador,Derecha Portalon,DISPONIBLE,SANTIAGO,20000.0,15000.0,,,
KICKS 2019,Amortiguador,Trasera Izquierda,DISPONIBLE,SANTIAGO,,,,,
KICKS 2019,Amortiguador,Trasera Derecha,DISPONIBLE,SANTIAGO,,,,,
KICKS 2019,Asiento,Delantera Izquierda,VENDIDO,SANTIAGO,55000.0,50000.0,,,
KICKS 2019,Asiento,Delantera Derecha,VENDIDO,SANTIAGO,80000.0,75000.0,,,
KICKS 2019,Bandeja,Delantera Izquierda,VENDIDO,SANTIAGO,35000.0,30000.0,,,
KICKS 2019,Bandeja,Delantera Derecha,VENDIDO,SANTIAGO,35000.0,30000.0,,,
KICKS 2019,Barra Estabilizadora,,DISPONIBLE,,45000.0,40000.0,,,Sin ubicación
KICKS 2019,Base Batería,,DISPONIBLE,,20000.0,15000.0,,,Sin ubicación
KICKS 2019,Base De Termostato,,DISPONIBLE,SANTIAGO,,,,,
KICKS 2019,Base Neblinero,Izquierda,VENDIDO,SANTIAGO,25000.0,20000.0,,,
KICKS 2019,Base Neblinero,Derecha,VENDIDO,SANTIAGO,25000.0,20000.0,,,
KICKS 2019,Base Soporte De Caja,Izquierda,DISPONIBLE,,65000.0,55000.0,,,Sin ubicación
KICKS 2019,Bieleta,Izquierda,VENDIDO,,15000.0,10000.0,,,Sin ubicación
KICKS 2019,Bieleta,Derecha,VENDIDO,,15000.0,10000.0,,,Sin ubicación
KICKS 2019,Bisagra Capot,Izquierda,DISPONIBLE,,25000.0,20000.0,,,Sin ubicación
KICKS 2019,Bisagra Capot,Derecha,DISPONIBLE,,25000.0,20000.0,,,Sin ubicación
KICKS 2019,Bisagras Puerta,Delantera Izquierda,DISPONIBLE,SANTIAGO,,,,,
KICKS 2019,Bisagras Puerta,Delantera Derecha,DISPONIBLE,SANTIAGO,,,,,
KICKS 2019,Bisagras Puerta,Trasera Izquierda,DISPONIBLE,SANTIAGO,,,,,
KICKS 2019,Bisagras Puerta,Trasera Derecha,DISPONIBLE,SANTIAGO,,,,,
KICKS 2019,Bobina,,DISPONIBLE,SANTIAGO,,,,,
KICKS 2019,Bobina,,DISPONIBLE,SANTIAGO,,,,,
KICKS 2019,Bobina,,DISPONIBLE,SANTIAGO,,,,,
KICKS 2019,Bobina,,POR CONFIRMAR,,,,,,Estado inusual: POR CONFIRMAR; Sin ubicación
KICKS 2019,Bocina,,DISPONIBLE,,20000.0,15000.0,,,Sin ubicación
KICKS 2019,Bomba De Agua,,DISPONIBLE,SANTIAGO,50000.0,45000.0,,,
KICKS 2019,Bomba De Bencina,,VENDIDO,SANTIAGO,100000.0,90000.0,,,
KICKS 2019,Bomba De Embrague,,VENDIDO,SANTIAGO,60000.0,50000.0,,,
KICKS 2019,Botón De Alzavidrios,Delantera Derecha,DISPONIBLE,SANTIAGO,25000.0,20000.0,,,
KICKS 2019,Botón De Alzavidrios,Trasera Izquierda,DISPONIBLE,,25000.0,20000.0,,,Sin ubicación
KICKS 2019,Botón De Alzavidrios,Trasera Derecha,DISPONIBLE,SANTIAGO,25000.0,20000.0,,,
KICKS 2019,Botón De Encendido Con Embellecedor,,DISPONIBLE,,45000.0,40000.0,,,Sin ubicación
KICKS 2019,Botón,Portalon,VENDIDO,SANTIAGO,20000.0,15000.0,,,
KICKS 2019,Botonera De Alzavidrios,Delantera Izquierda,VENDIDO,SANTIAGO,55000.0,50000.0,,,
KICKS 2019,Brazo Limpiaparabrisas,Izquierda,DISPONIBLE,SANTIAGO,25000.0,20000.0,,,
KICKS 2019,Brazo Limpiaparabrisas,Derecha,DISPONIBLE,SANTIAGO,25000.0,25000.0,,,
KICKS 2019,Brazo Limpiaparabrisas,Trasera Portalon,DISPONIBLE,SANTIAGO,20000.0,15000.0,,,
KICKS 2019,Caja De Cambios,,VENDIDO,SANTIAGO,350000.0,320000.0,,,
KICKS 2019,Caliper,Delantera Izquierda,DISPONIBLE,SANTIAGO,55000.0,50000.0,,,
KICKS 2019,Caliper,Delantera Derecha,DISPONIBLE,SANTIAGO,55000.0,55000.0,,,
KICKS 2019,Cañerías De Aire Acondicionado,,DISPONIBLE,SANTIAGO,105000.0,95000.0,,TODAS,
KICKS 2019,Capot (Con Detalle),,VENDIDO,SANTIAGO,170000.0,155000.0,,,
KICKS 2019,Carter,,VENDIDO,SANTIAGO,75000.0,65000.0,,,
KICKS 2019,Catalítico,,DISPONIBLE,REQUINOA,,,,AL MONTÓN,
KICKS 2019,Chapa Capot,,VENDIDO,SANTIAGO,25000.0,20000.0,,,
KICKS 2019,Chapa,Portalon,DISPONIBLE,SANTIAGO,50000.0,45000.0,,,
KICKS 2019,Chapa Puerta,Delantera Izquierda,VENDIDO,SANTIAGO,55000.0,50000.0,,,
KICKS 2019,Chapa Puerta,Delantera Derecha,VENDIDO,SANTIAGO,55000.0,50000.0,,,
KICKS 2019,Chapa Puerta,Trasera Izquierda,DISPONIBLE,,50000.0,45000.0,,,Sin ubicación
KICKS 2019,Chapa Puerta,Trasera Derecha,DISPONIBLE,SANTIAGO,50000.0,45000.0,,,
KICKS 2019,Cinta De Airbag,,VENDIDO,SANTIAGO,40000.0,35000.0,,,
KICKS 2019,Cinturón,Trasera Izquierda,DISPONIBLE,SANTIAGO,,,,,
KICKS 2019,Cinturón,Trasera Derecha,DISPONIBLE,SANTIAGO,,,,,
KICKS 2019,Cofia,,DISPONIBLE,SANTIAGO,,,,,
KICKS 2019,Columna De Dirección Electronica,,DISPONIBLE,SANTIAGO,160000.0,150000.0,,,
KICKS 2019,Compresor Aire Acondicionado,,DISPONIBLE,SANTIAGO,90000.0,80000.0,,,
KICKS 2019,Consola,Central,VENDIDO,SANTIAGO,,,,,
KICKS 2019,Control Espejos,,DISPONIBLE,SANTIAGO,,,,,
KICKS 2019,Cremallera De Alzavidrio Puerta,Delantera Izquierda,DISPONIBLE,SANTIAGO,55000.0,50000.0,,,
KICKS 2019,Cremallera De Alzavidrio Puerta,Delantera Derecha,DISPONIBLE,SANTIAGO,55000.0,50000.0,,,
KICKS 2019,Cremallera De Alzavidrio Puerta,Trasera Izquierda,DISPONIBLE,SANTIAGO,45000.0,40000.0,,,
KICKS 2019,Cremallera De Alzavidrio Puerta,Trasera Derecha,DISPONIBLE,SANTIAGO,45000.0,40000.0,,,
KICKS 2019,Cremallerra De Dirección,,DISPONIBLE,SANTIAGO,170000.0,160000.0,,,
KICKS 2019,,,DISPONIBLE,,100000.0,90000.0,,,Nombre vacío; Sin ubicación
KICKS 2019,Cubre Chapa,Delantera,DISPONIBLE,,50000.0,45000.0,,,Sin ubicación
KICKS 2019,Cubre Chapa,Portalon,DISPONIBLE,,30000.0,25000.0,,,Sin ubicación
KICKS 2019,Cubre Equipaje Partes),,VENDIDO,SANTIAGO,80000.0,75000.0,,,
KICKS 2019,Cubre Rueda De Repuesto,,VENDIDO,SANTIAGO,40000.0,35000.0,,,
KICKS 2019,Cubre Torpedo,,DISPONIBLE,,50000.0,450000.0,,,Sin ubicación
KICKS 2019,Cubre Zócalo,Izquierda,DISPONIBLE,SANTIAGO,45000.0,40000.0,,,
KICKS 2019,Cubre Zócalo,Derecha,DISPONIBLE,SANTIAGO,45000.0,40000.0,,,
KICKS 2019,Cuerpo De Aceleración,,DISPONIBLE,SANTIAGO,,,,,
KICKS 2019,Cuna,,VENDIDO,SANTIAGO,100000.0,95000.0,,,
KICKS 2019,Depósito De Agua O Líquido Refrigerante,,DISPONIBLE,SANTIAGO,25000.0,20000.0,,,
KICKS 2019,Depósito Limpia Parabrisas,,VENDIDO,SANTIAGO,50000.0,45000.0,,,
KICKS 2019,Disco De Freno,Delantera Izquierda,DISPONIBLE,SANTIAGO,35000.0,30000.0,,,
KICKS 2019,Disco De Freno,Delantera Derecha,DISPONIBLE,SANTIAGO,35000.0,30000.0,,,
KICKS 2019,Ecu,,VENDIDO,SANTIAGO,110000.0,100000.0,,,
KICKS 2019,Eje Palier,Izquierda,DISPONIBLE,SANTIAGO,,,,,
KICKS 2019,Eje Palier,Derecha,DISPONIBLE,SANTIAGO,,,,,
KICKS 2019,Eje Solo,Trasera,VENDIDO,SANTIAGO,55000.0,50000.0,,,
KICKS 2019,Electroventilador,,DISPONIBLE,SANTIAGO,100000.0,90000.0,,,
KICKS 2019,Embellecedor Tablero (Radio),,DISPONIBLE,SANTIAGO,,,,,
KICKS 2019,Espejo,Central,DISPONIBLE,SANTIAGO,20000.0,15000.0,,,
KICKS 2019,Espejo,Izquierda,VENDIDO,SANTIAGO,20000.0,20000.0,,SIN LUNETA,
KICKS 2019,Espejo,Derecha,DISPONIBLE,SANTIAGO,70000.0,65000.0,,CON DETALLE EN PINTURA,
KICKS 2019,Espiral,Trasera Izquierda,DISPONIBLE,,25000.0,20000.0,,,Sin ubicación
KICKS 2019,Espiral,Trasera Derecha,DISPONIBLE,,25000.0,20000.0,,,Sin ubicación
KICKS 2019,Foco,Trasera Izquierda Exterior,VENDIDO,SANTIAGO,75000.0,70000.0,,,
KICKS 2019,Foco,Trasera Derecha Exterior,VENDIDO,SANTIAGO,55000.0,50000.0,,,
KICKS 2019,Foco,Trasera Izquierda Interior,VENDIDO,SANTIAGO,,,,,
KICKS 2019,Foco,Trasera Derecha Interior,DISPONIBLE,,35000.0,30000.0,,,Sin ubicación
KICKS 2019,Freno (Sistema),Trasera Izquierda,DISPONIBLE,SANTIAGO,,,,,
KICKS 2019,Freno (Sistema),Trasera Derecha,DISPONIBLE,SANTIAGO,,,,,
KICKS 2019,Frontal Superior,Delantera Superior,VENDIDO,SANTIAGO,50000.0,60000.0,,,
KICKS 2019,Funda Parachoque,Delantera,VENDIDO,SANTIAGO,90000.0,80000.0,,,
KICKS 2019,Funda Parachoque,Trasera,DISPONIBLE,SANTIAGO,70000.0,60000.0,,SOLO FUNDA,
KICKS 2019,Gancho De Seguridad O Chapa Capot,,DISPONIBLE,SANTIAGO,,,,,
KICKS 2019,Goma Contorno Puerta,Delantera Izquierda,DISPONIBLE,SANTIAGO,,,,,
KICKS 2019,Goma Contorno Puerta,Delantera Derecha,DISPONIBLE,SANTIAGO,,,,,
KICKS 2019,Goma Contorno Puerta,Trasera Izquierda,DISPONIBLE,SANTIAGO,,,,,
KICKS 2019,Goma Contorno Puerta,Trasera Derecha,DISPONIBLE,SANTIAGO,,,,,
KICKS 2019,Goma Marco,Portalon,VENDIDO,SANTIAGO,,,,,
KICKS 2019,Guardafango,Delantera Izquierda,DISPONIBLE,SANTIAGO,40000.0,35000.0,,CON DETALLE ,
KICKS 2019,Guardafango,Delantera Derecha,DISPONIBLE,SANTIAGO,40000.0,35000.0,,CON DETALLE,
KICKS 2019,Kit De Airbag,,VENDIDO,SANTIAGO,380000.0,350000.0,,,
KICKS 2019,Letras Kicks,,DISPONIBLE,,25000.0,20000.0,,,Sin ubicación
KICKS 2019,Llanta Con Neumático,,VENDIDO,SANTIAGO,110000.0,100000.0,,,
KICKS 2019,Llanta Con Neumático,,VENDIDO,SANTIAGO,100000.0,90000.0,,,
KICKS 2019,Llanta Con Neumático,,VENDIDO,SANTIAGO,100000.0,90000.0,,,
KICKS 2019,Llanta Con Neumático,,VENDIDO,SANTIAGO,100000.0,90000.0,,,
KICKS 2019,Logo,,DISPONIBLE,,30000.0,25000.0,,,Sin ubicación
KICKS 2019,Logo,Trasera,DISPONIBLE,,25000.0,20000.0,,,Sin ubicación
KICKS 2019,Luz,Interior Central,DISPONIBLE,SANTIAGO,,,,,
KICKS 2019,Luz Techo,,DISPONIBLE,SANTIAGO,,,,,
KICKS 2019,Maleta,,VENDIDO,SANTIAGO,,,,,
KICKS 2019,Mánguera Agua,,DISPONIBLE,,20000.0,15000.0,,,Sin ubicación
KICKS 2019,Manilla De Techo,Delantera Derecha,DISPONIBLE,SANTIAGO,,,,,
KICKS 2019,Manilla De Techo,Trasera Izquierda,DISPONIBLE,SANTIAGO,,,,,
KICKS 2019,Manilla De Techo,Trasera Derecha,DISPONIBLE,SANTIAGO,,,,,
KICKS 2019,Manilla Puerta,Delantera Izquierda Exterior,DISPONIBLE,SANTIAGO,,,,,
KICKS 2019,Manilla Puerta,Delantera Derecha Exterior,DISPONIBLE,SANTIAGO,,,,,
KICKS 2019,Manilla Puerta,Trasera Izquierda Exterior,POR CONFIRMAR,,,,,,Estado inusual: POR CONFIRMAR; Sin ubicación
KICKS 2019,Manilla Puerta,Trasera Derecha Exterior,DISPONIBLE,SANTIAGO,,,,,
KICKS 2019,Manilla Apertura Bencina,Interior,DISPONIBLE,SANTIAGO,,,,,
KICKS 2019,Manilla Apertura Capot,Interior,DISPONIBLE,SANTIAGO,,,,,
KICKS 2019,Manilla Puerta,Delantera Izquierda Interior,DISPONIBLE,SANTIAGO,20000.0,15000.0,,,
KICKS 2019,Manilla Puerta,Delantera Derecha Interior,DISPONIBLE,SANTIAGO,20000.0,15000.0,,,
KICKS 2019,Manilla Puerta,Trasera Izquierda Interior,POR CONFIRMAR,,20000.0,15000.0,,,Estado inusual: POR CONFIRMAR; Sin ubicación
KICKS 2019,Manilla Puerta,Trasera Derecha Interior,DISPONIBLE,SANTIAGO,20000.0,15000.0,,,
KICKS 2019,Máscara,,VENDIDO,SANTIAGO,105000.0,95000.0,,,
KICKS 2019,Maza O Rodamiento,Trasera Izquierda,DISPONIBLE,SANTIAGO,,,,PREGUNTAR QUÉ ES AL CUBITA,
KICKS 2019,Maza O Rodamiento,Trasera Derecha,DISPONIBLE,SANTIAGO,,,,PREGUNTAR QUÉ ES AL CUBITA,
KICKS 2019,Ménsula,Delantera Izquierda,VENDIDO,SANTIAGO,20000.0,15000.0,,,
KICKS 2019,Ménsula,Delantera Derecha,VENDIDO,SANTIAGO,20000.0,15000.0,,,
KICKS 2019,Ménsula,Trasera Izquierda,VENDIDO,SANTIAGO,20000.0,15000.0,,,
KICKS 2019,Ménsula,Trasera Derecha,DISPONIBLE,SANTIAGO,20000.0,15000.0,,,
KICKS 2019,Módulo Abs,,DISPONIBLE,SANTIAGO,,,,,
KICKS 2019,Moldura Costado,Trasera Izquierda Exterior,DISPONIBLE,SANTIAGO,,,,PREGUNTAR A SERGIO CUAL ES,
KICKS 2019,Moldura Costado,Trasera Derecha Exterior,DISPONIBLE,SANTIAGO,,,,PREGUNTAR A SERGIO CUAL ES,
KICKS 2019,Moldura Puerta,Delantera Izquierda,VENDIDO,,30000.0,25000.0,,,Sin ubicación
KICKS 2019,Moldura Puerta,Delantera Derecha,NO DISPONIBLE,N/A,,,,NO VENÍA EN LA PUERTA,
KICKS 2019,Moldura Puerta,Trasera Izquierda,NO DISPONIBLE,,30000.0,25000.0,,,Sin ubicación
KICKS 2019,Moldura Puerta,Trasera Derecha,DISPONIBLE,SANTIAGO,30000.0,25000.0,,,
KICKS 2019,Moldura Puerta (Puesta En Puerta),Trasera Derecha,DISPONIBLE,SANTIAGO,,,,,
KICKS 2019,Moldura Tapabarro,Delantera Derecha,VENDIDO,SANTIAGO,45000.0,40000.0,,,
KICKS 2019,Moldura Tapabarro,Delantera Izquierda,DISPONIBLE,SANTIAGO,45000.0,40000.0,,,
KICKS 2019,Moldura Tapabarro,Trasera Izquierda,DISPONIBLE,SANTIAGO,45000.0,40000.0,,,
KICKS 2019,Moldura Tapabarro,Trasera Derecha,DISPONIBLE,SANTIAGO,45000.0,40000.0,,,
KICKS 2019,Motor Con Varillaje,,DISPONIBLE,,90000.0,85000.0,,,Sin ubicación
KICKS 2019,Motor De Calefacción,,DISPONIBLE,SANTIAGO,,,,,
KICKS 2019,Motor De Partida,,DISPONIBLE,SANTIAGO,60000.0,55000.0,,,
KICKS 2019,Motor Limpiaparabrisas,Trasera,DISPONIBLE,,35000.0,30000.0,,,Sin ubicación
KICKS 2019,Motor No Facturable,,NO DISPONIBLE,SANTIAGO,550000.0,520000.0,,DESPIEZADO,
KICKS 2019,Múltiple De Admisión,,DISPONIBLE,,85000.0,75000.0,,,Sin ubicación
KICKS 2019,Muñón Con Maza,Izquierda,DISPONIBLE,,,,,,Sin ubicación
KICKS 2019,Muñón Con Maza,Derecha,DISPONIBLE,,,,,,Sin ubicación
KICKS 2019,Neblinero,Delantera Izquierda,VENDIDO,SANTIAGO,35000.0,30000.0,,,
KICKS 2019,Neblinero,Delantera Derecha,VENDIDO,SANTIAGO,35000.0,30000.0,,,
KICKS 2019,Óptico Con Detalle,Izquierda,VENDIDO,SANTIAGO,110000.0,100000.0,,,
KICKS 2019,Óptico,Derecha,VENDIDO,SANTIAGO,110000.0,100000.0,,,
KICKS 2019,Palanca De Cambios,,DISPONIBLE,SANTIAGO,80000.0,70000.0,,,
KICKS 2019,Palanca De Freno De Mano,,DISPONIBLE,SANTIAGO,,,,,
KICKS 2019,Panel,Trasera,VENDIDO,SANTIAGO,160000.0,160000.0,,,
KICKS 2019,Parabrisas,,NO DISPONIBLE,,,,,,Sin ubicación
KICKS 2019,Parasol,Izquierda,DISPONIBLE,SANTIAGO,,,,,
KICKS 2019,Parasol,Derecha,DISPONIBLE,SANTIAGO,,,,,
KICKS 2019,Pástico Tercera Luz De Freno,Portalon,DISPONIBLE,,35000.0,30000.0,,,Sin ubicación
KICKS 2019,Pedal De Emgrague,,DISPONIBLE,SANTIAGO,,,,,
KICKS 2019,Pedal De Freno,,DISPONIBLE,SANTIAGO,,,,,
KICKS 2019,Piola Palanca De Cambios,,DISPONIBLE,SANTIAGO,,,,,
KICKS 2019,Pistones (Los,,DISPONIBLE,SANTIAGO,120000.0,100000.0,,,
KICKS 2019,Plástico Cofia,Inferior,VENDIDO,SANTIAGO,25000.0,20000.0,,,
KICKS 2019,Plástico Triángulo,Izquierda,DISPONIBLE,,10000.0,10000.0,,CON DETALLE (ESTÁN QUEMADOS),Sin ubicación
KICKS 2019,Plástico Triángulo,Derecha,DISPONIBLE,,10000.0,10000.0,,CON DETALLE (ESTÁN QUEMADOS),Sin ubicación
KICKS 2019,Porta Filtro,,DISPONIBLE,SANTIAGO,110000.0,100000.0,,,
KICKS 2019,Solo Lata Con Vidrio,Portalon,VENDIDO,SANTIAGO,140000.0,130000.0,,SIN LOS OTROS ACCESORIOS,
KICKS 2019,Pre Carter,,VENDIDO,SANTIAGO,95000.0,85000.0,,,
KICKS 2019,Puerta Solo Lata,Delantera Izquierda,VENDIDO,SANTIAGO,75000.0,70000.0,,,
KICKS 2019,Puerta Solo Lata,Delantera Derecha,DISPONIBLE,SANTIAGO,70000.0,65000.0,,,
KICKS 2019,Puerta Solo Lata,Trasera Izquierda,VENDIDO,SANTIAGO,30000.0,30000.0,,,
KICKS 2019,Puerta Solo Lata,Trasera Derecha,DISPONIBLE,SANTIAGO,70000.0,65000.0,,PRECIO ACTUALIZADO,
KICKS 2019,Radiador De Agua,,VENDIDO,SANTIAGO,80000.0,70000.0,,,
KICKS 2019,Radiador De Aire Acondicionado,,DISPONIBLE,,90000.0,80000.0,,CON DETALLE,Sin ubicación
KICKS 2019,Radiador De Calefacción,,VENDIDO,SANTIAGO,55000.0,50000.0,,,
KICKS 2019,Radio,,VENDIDO,SANTIAGO,95000.0,85000.0,,,
KICKS 2019,Ramal,Exterior,VENDIDO,SANTIAGO,55000.0,55000.0,,,
KICKS 2019,Ramal,Interior,DISPONIBLE,SANTIAGO,,,,,
KICKS 2019,Reflectante Tradero,Izquierda,VENDIDO,SANTIAGO,30000.0,25000.0,,,
KICKS 2019,Reflectante,Trasera Derecha,DISPONIBLE,,30000.0,25000.0,,,Sin ubicación
KICKS 2019,Refuerzo De Parachoque,,VENDIDO,SANTIAGO,60000.0,50000.0,,,
KICKS 2019,Rejilla,Inferior,DISPONIBLE,,50000.0,40000.0,,CON DETALLE,Sin ubicación
KICKS 2019,Resistencia Calefaccion,,DISPONIBLE,SANTIAGO,40000.0,35000.0,,,
KICKS 2019,Resistencia Electroventilador,,DISPONIBLE,,40000.0,35000.0,,,Sin ubicación
KICKS 2019,Rodamiento Tensor De Accesorios,,DISPONIBLE,SANTIAGO,,,,,
KICKS 2019,Rueda De Repuesto,,DISPONIBLE,SANTIAGO,,,,,
KICKS 2019,Seguro Capot (Gancho),,DISPONIBLE,,25000.0,20000.0,,,Sin ubicación
KICKS 2019,Selectora Caja De Cambios,,VENDIDO,SANTIAGO,,,,,
KICKS 2019,Sensor Abs,Delantera Izquierda,DISPONIBLE,SANTIAGO,10000.0,10000.0,,,
KICKS 2019,Sensor Abs,Delantera Derecha,VENDIDO,SANTIAGO,10000.0,10000.0,,,
KICKS 2019,Sensor Abs,Trasera Izquierda,DISPONIBLE,SANTIAGO,10000.0,10000.0,,,
KICKS 2019,Sensor Abs,Trasera Derecha,DISPONIBLE,SANTIAGO,10000.0,10000.0,,,
KICKS 2019,Sensor De Ángulo De Giro,,DISPONIBLE,SANTIAGO,,,,,
KICKS 2019,Sensor De Oxígeno Banco,,DISPONIBLE,SANTIAGO,,,,,
KICKS 2019,Sensor De Oxígeno Banco,,DISPONIBLE,SANTIAGO,,,,,
KICKS 2019,Soporte De Caja,Izquierda,DISPONIBLE,,85000.0,75000.0,,,Sin ubicación
KICKS 2019,Soporte De Motor,Central,VENDIDO,SANTIAGO,,,,,
KICKS 2019,Soporte De Motor,Derecha,DISPONIBLE,SANTIAGO,,,,,
KICKS 2019,Soporte De Batería,Superior,DISPONIBLE,,,,,,Sin ubicación
KICKS 2019,Tambor,Trasera Izquierda,DISPONIBLE,SANTIAGO,,,,,
KICKS 2019,Tambor,Trasera Derecha,DISPONIBLE,SANTIAGO,,,,,
KICKS 2019,Tapa De Bencina,Exterior,DISPONIBLE,SANTIAGO,,,,,
KICKS 2019,Tapa De Bencina,Interior,DISPONIBLE,SANTIAGO,,,,,
KICKS 2019,Tapabarro,Delantera Derecha,VENDIDO,SANTIAGO,90000.0,80000.0,,,
KICKS 2019,Tapabarro,Delantera Izquierda,DISPONIBLE,SANTIAGO,75000.0,70000.0,,,
KICKS 2019,Tapiz,Interior Portalon,DISPONIBLE,,25000.0,20000.0,,,Sin ubicación
KICKS 2019,Tapiz Puerta,Delantera Izquierda Interior,DISPONIBLE,,35000.0,30000.0,,,Sin ubicación
KICKS 2019,Tapiz Puerta,Delantera Derecha Interior,DISPONIBLE,,35000.0,30000.0,,,Sin ubicación
KICKS 2019,Tapiz Puerta,Trasera Izquierda Interior,DISPONIBLE,,30000.0,25000.0,,,Sin ubicación
KICKS 2019,Tapiz Puerta,Trasera Derecha Interior,DISPONIBLE,SANTIAGO,30000.0,25000.0,,,
KICKS 2019,Techo Solo Lata,,DISPONIBLE,,85000.0,75000.0,,,Sin ubicación
KICKS 2019,Telecomando,,DISPONIBLE,SANTIAGO,,,,,
KICKS 2019,Toma De Aire Porta Filtro,,DISPONIBLE,,25000.0,20000.0,,,Sin ubicación
KICKS 2019,Tornillo Rueda De Repuesto,,DISPONIBLE,,20000.0,15000.0,,,Sin ubicación
KICKS 2019,Trinquete Kicks,Portalon,DISPONIBLE,SANTIAGO,,,,,
KICKS 2019,Varilla Capot,,DISPONIBLE,SANTIAGO,20000.0,15000.0,,,
KICKS 2019,Ventilador Calefacción,,DISPONIBLE,,80000.0,70000.0,,,Sin ubicación
KICKS 2019,Vidrio Puerta,Delantera Izquierda,DISPONIBLE,SANTIAGO,50000.0,45000.0,,,
KICKS 2019,Vidrio Puerta,Delantera Derecha,DISPONIBLE,SANTIAGO,50000.0,45000.0,,,
KICKS 2019,Vidrio Puerta,Trasera Izquierda,DISPONIBLE,,45000.0,40000.0,,,Sin ubicación
KICKS 2019,Vidrio Puerta Luneta Pequeña,Trasera Izquierda,DISPONIBLE,,40000.0,35000.0,,,Sin ubicación
KICKS 2019,Vidrio Puerta,Trasera Derecha,VENDIDO,SANTIAGO,45000.0,40000.0,,ORIGINAL SIN PPU MARCADA,
KICKS 2019,Vidrio Puerta Luneta Pequeña,Trasera Derecha,VENDIDO,SANTIAGO,40000.0,35000.0,,,
KICKS 2019,Volante,,DISPONIBLE,SANTIAGO,75000.0,70000.0,,,
KICKS 2019,,,DISPONIBLE,SANTIAGO,,,,,Nombre vacío
KICKS 2019,,,DISPONIBLE,,,,,,Nombre vacío; Sin ubicación
KICKS 2019,,,DISPONIBLE,,,,,,Nombre vacío; Sin ubicación
KICKS 2019,,,DISPONIBLE,,,,,,Nombre vacío; Sin ubicación
KICKS 2019,,,DISPONIBLE,,,,,,Nombre vacío; Sin ubicación
KICKS 2019,,,DISPONIBLE,,,,,,Nombre vacío; Sin ubicación
KICKS 2019,,,DISPONIBLE,,,,,,Nombre vacío; Sin ubicación
KICKS 2019,,,DISPONIBLE,,,,,,Nombre vacío; Sin ubicación
KICKS 2019,,,DISPONIBLE,,,,,,Nombre vacío; Sin ubicación
KICKS 2019,,,DISPONIBLE,,,,,,Nombre vacío; Sin ubicación
KICKS 2019,,,DISPONIBLE,,,,,,Nombre vacío; Sin ubicación
KICKS 2019,,,DISPONIBLE,,,,,,Nombre vacío; Sin ubicación
KICKS 2019,,,DISPONIBLE,,,,,,Nombre vacío; Sin ubicación
KICKS 2019,,,DISPONIBLE,,,,,,Nombre vacío; Sin ubicación
KICKS 2019,,,DISPONIBLE,,,,,,Nombre vacío; Sin ubicación
KICKS 2019,,,DISPONIBLE,,,,,,Nombre vacío; Sin ubicación
KICKS 2019,,,DISPONIBLE,,,,,,Nombre vacío; Sin ubicación
KICKS 2019,,,DISPONIBLE,,,,,,Nombre vacío; Sin ubicación
KICKS 2019,,,DISPONIBLE,,,,,,Nombre vacío; Sin ubicación
KICKS 2019,,,DISPONIBLE,,,,,,Nombre vacío; Sin ubicación
KICKS 2019,,,DISPONIBLE,,,,,,Nombre vacío; Sin ubicación
KICKS 2019,,,DISPONIBLE,,,,,,Nombre vacío; Sin ubicación
KICKS 2019,,,DISPONIBLE,,,,,,Nombre vacío; Sin ubicación
KICKS 2019,,,DISPONIBLE,,,,,,Nombre vacío; Sin ubicación
KICKS 2019,,,DISPONIBLE,,,,,,Nombre vacío; Sin ubicación
KICKS 2019,,,DISPONIBLE,,,,,,Nombre vacío; Sin ubicación
KICKS 2019,,,DISPONIBLE,,,,,,Nombre vacío; Sin ubicación
KICKS 2019,,,DISPONIBLE,,,,,,Nombre vacío; Sin ubicación
KICKS 2019,,,DISPONIBLE,,,,,,Nombre vacío; Sin ubicación
KICKS 2019,,,DISPONIBLE,,,,,,Nombre vacío; Sin ubicación
KICKS 2019,,,DISPONIBLE,,,,,,Nombre vacío; Sin ubicación
KICKS 2019,,,DISPONIBLE,,,,,,Nombre vacío; Sin ubicación
KICKS 2019,,,DISPONIBLE,,,,,,Nombre vacío; Sin ubicación
KICKS 2019,,,DISPONIBLE,,,,,,Nombre vacío; Sin ubicación
KICKS 2019,,,DISPONIBLE,,,,,,Nombre vacío; Sin ubicación
KICKS 2019,,,DISPONIBLE,,,,,,Nombre vacío; Sin ubicación
KICKS 2019,,,DISPONIBLE,,,,,,Nombre vacío; Sin ubicación
KICKS 2019,,,DISPONIBLE,,,,,,Nombre vacío; Sin ubicación
KICKS 2019,,,DISPONIBLE,,,,,,Nombre vacío; Sin ubicación
KICKS 2019,,,DISPONIBLE,,,,,,Nombre vacío; Sin ubicación
KICKS 2019,,,DISPONIBLE,,,,,,Nombre vacío; Sin ubicación
KICKS 2019,,,DISPONIBLE,,,,,,Nombre vacío; Sin ubicación
KICKS 2019,,,DISPONIBLE,,,,,,Nombre vacío; Sin ubicación
KICKS 2019,,,DISPONIBLE,,,,,,Nombre vacío; Sin ubicación
KICKS 2019,,,DISPONIBLE,,,,,,Nombre vacío; Sin ubicación
KICKS 2019,,,DISPONIBLE,,,,,,Nombre vacío; Sin ubicación
KICKS 2019,,,DISPONIBLE,,,,,,Nombre vacío; Sin ubicación
KICKS 2019,,,DISPONIBLE,,,,,,Nombre vacío; Sin ubicación
KICKS 2019,,,DISPONIBLE,,,,,,Nombre vacío; Sin ubicación
KICKS 2019,,,DISPONIBLE,,,,,,Nombre vacío; Sin ubicación
KICKS 2019,,,DISPONIBLE,,,,,,Nombre vacío; Sin ubicación
KICKS 2019,,,DISPONIBLE,,,,,,Nombre vacío; Sin ubicación
KICKS 2019,,,DISPONIBLE,,,,,,Nombre vacío; Sin ubicación
KICKS 2019,,,DISPONIBLE,,,,,,Nombre vacío; Sin ubicación
KICKS 2019,,,DISPONIBLE,,,,,,Nombre vacío; Sin ubicación
KICKS 2019,,,DISPONIBLE,,,,,,Nombre vacío; Sin ubicación
KICKS 2019,,,DISPONIBLE,,,,,,Nombre vacío; Sin ubicación
KICKS 2019,,,DISPONIBLE,,,,,,Nombre vacío; Sin ubicación
KICKS 2019,,,DISPONIBLE,,,,,,Nombre vacío; Sin ubicación
KICKS 2019,,,DISPONIBLE,,,,,,Nombre vacío; Sin ubicación
KICKS 2019,,,DISPONIBLE,,,,,,Nombre vacío; Sin ubicación
KICKS 2019,,,DISPONIBLE,,,,,,Nombre vacío; Sin ubicación
KICKS 2019,,,DISPONIBLE,,,,,,Nombre vacío; Sin ubicación
KICKS 2019,,,DISPONIBLE,,,,,,Nombre vacío; Sin ubicación
KICKS 2019,,,DISPONIBLE,,,,,,Nombre vacío; Sin ubicación
KICKS 2019,,,DISPONIBLE,,,,,,Nombre vacío; Sin ubicación
KICKS 2019,,,DISPONIBLE,,,,,,Nombre vacío; Sin ubicación
KICKS 2019,,,DISPONIBLE,,,,,,Nombre vacío; Sin ubicación
KICKS 2019,,,DISPONIBLE,,,,,,Nombre vacío; Sin ubicación
KICKS 2019,,,DISPONIBLE,,,,,,Nombre vacío; Sin ubicación
KWID 2021,Amortiguador,Trasera,DISPONIBLE,SANTIAGO,,,,LADO POR CONFIRMAR,
KWID 2021,Asiento,Delantera Derecha,DISPONIBLE,,45000.0,40000.0,,,Sin ubicación
KWID 2021,Base De Termostato,,DISPONIBLE,SANTIAGO,,,,CON DETALLE,
KWID 2021,Bisagras Puerta,Trasera Derecha,VENDIDO,SANTIAGO,,,,,
KWID 2021,Bomba De Bencina,,DISPONIBLE,SANTIAGO,,,,,
KWID 2021,Caja,,VENDIDO,SANTIAGO,0.0,0.0,,,
KWID 2021,Caliper,Delantera Izquierda,DISPONIBLE,SANTIAGO,35000.0,30000.0,,,
KWID 2021,Caliper,Delantera Derecha,DISPONIBLE,SANTIAGO,,,,,
KWID 2021,Catalítico,,VENDIDO,SANTIAGO,0.0,0.0,,AL MONTÓN,
KWID 2021,Chapa Capot,,DISPONIBLE,SANTIAGO,25000.0,20000.0,,,
KWID 2021,Chapa,Portalon,DISPONIBLE,SANTIAGO,20000.0,15000.0,,,
KWID 2021,Chapa,Trasera Derecha,VENDIDO,SANTIAGO,25000.0,20000.0,,,
KWID 2021,Cinta De Airbag,,DISPONIBLE,SANTIAGO,,,,,
KWID 2021,Columna De Dirección Electronica,,DISPONIBLE,SANTIAGO,95000.0,90000.0,,,
KWID 2021,Compresor De Aire Acondicionado,,VENDIDO,SANTIAGO,100000.0,90000.0,,,
KWID 2021,Cuerpo De Aceleración,,DISPONIBLE,SANTIAGO,75000.0,70000.0,,,
KWID 2021,Depósito Limpiaparabrisas,,DISPONIBLE,SANTIAGO,25000.0,20000.0,,,
KWID 2021,Disco,Delantera Izquierda,DISPONIBLE,SANTIAGO,,,,,
KWID 2021,Eje Palier Con Detalle Sin Terminales,Izquierda,DISPONIBLE,,55000.0,50000.0,,N9 DISPONIBLE ,Sin ubicación
KWID 2021,Eje Palier Con Detalle Sin Terminales,Derecha,DISPONIBLE,SANTIAGO,30000.0,25000.0,,,
KWID 2021,Eje Solo,Trasera,VENDIDO,SANTIAGO,110000.0,100000.0,,,
KWID 2021,Espiral,Trasera Izquierda,DISPONIBLE,,25000.0,20000.0,,,Sin ubicación
KWID 2021,Espiral,Trasera Derecha,DISPONIBLE,,25000.0,20000.0,,,Sin ubicación
KWID 2021,Foco Luz Techo,Interior,DISPONIBLE,SANTIAGO,,,,,
KWID 2021,Guantera,,VENDIDO,,,,,,Sin ubicación
KWID 2021,Inyector,,DISPONIBLE,SANTIAGO,25000.0,20000.0,,,
KWID 2021,Inyector,,DISPONIBLE,SANTIAGO,25000.0,20000.0,,,
KWID 2021,Inyector,,DISPONIBLE,SANTIAGO,25000.0,20000.0,,,
KWID 2021,Manguera Calefacción,,VENDIDO,SANTIAGO,25000.0,25000.0,,,
KWID 2021,Manilla,Delantera Izquierda Exterior,DISPONIBLE,SANTIAGO,25000.0,20000.0,,,
KWID 2021,Manilla,Delantera Derecha Exterior,VENDIDO,SANTIAGO,25000.0,20000.0,,,
KWID 2021,Manilla,Trasera Derecha Exterior,DISPONIBLE,SANTIAGO,25000.0,20000.0,,,
KWID 2021,Manilla Puerta,Delantera Izquierda Interior,DISPONIBLE,SANTIAGO,,,,,
KWID 2021,Manilla Puerta,Delantera Derecha Interior,DISPONIBLE,SANTIAGO,,,,,
KWID 2021,Manilla Puerta,Trasera Izquierda Interior,DISPONIBLE,SANTIAGO,,,,,
KWID 2021,Manilla Puerta,Trasera Derecha Interior,DISPONIBLE,SANTIAGO,,,,,
KWID 2021,Manilla Para Abrir Capot,,DISPONIBLE,SANTIAGO,25000.0,20000.0,,,
KWID 2021,Manilla Para Abrir,Portalon,DISPONIBLE,SANTIAGO,25000.0,20000.0,,,
KWID 2021,Manilla Para Abrir Tapa De Bencina,,DISPONIBLE,SANTIAGO,25000.0,20000.0,,,
KWID 2021,Maza Con Tambor,Trasera Derecha,VENDIDO,SANTIAGO,75000.0,65000.0,,,
KWID 2021,Ménsula,Trasera Izquierda,DISPONIBLE,SANTIAGO,,,,,
KWID 2021,Ménsula,Trasera Derecha,DISPONIBLE,SANTIAGO,,,,,
KWID 2021,Moldura Puerta,Delantera Izquierda,VENDIDO,SANTIAGO,,,,,
KWID 2021,Moldura Puerta,Delantera Derecha,DISPONIBLE,SANTIAGO,35000.0,32000.0,,,
KWID 2021,Moldura Puerta,Trasera Izquierda,VENDIDO,SANTIAGO,,,,,
KWID 2021,Moldura Puerta,Trasera Derecha,DISPONIBLE,SANTIAGO,35000.0,32000.0,,,
KWID 2021,Moldura Tababarro,Trasera Derecha,VENDIDO,,35000.0,30000.0,,,Sin ubicación
KWID 2021,Motor,,VENDIDO,SANTIAGO,700000.0,650000.0,,,
KWID 2021,Muñon,Delantera Izquierda,VENDIDO,SANTIAGO,60000.0,55000.0,,,
KWID 2021,Palanca De Cambios,,DISPONIBLE,SANTIAGO,,,,,
KWID 2021,Parasol,Derecha,DISPONIBLE,SANTIAGO,,,,,
KWID 2021,Pedal Aceleración,,DISPONIBLE,,80000.0,70000.0,,,Sin ubicación
KWID 2021,Puerta Solo Lata,Delantera Derecha,VENDIDO,SANTIAGO,120000.0,110000.0,,,
KWID 2021,Puerta Solo Lata,Trasera Derecha,VENDIDO,SANTIAGO,90000.0,85000.0,,PRECIO ACTUALIZADO,
KWID 2021,Riel De Inyección Con Los Rieles,,DISPONIBLE,SANTIAGO,80000.0,70000.0,,,
KWID 2021,Riel De Inyección Solo,,DISPONIBLE,SANTIAGO,35000.0,30000.0,,,
KWID 2021,Tambor Y Balata,Izquierda,VENDIDO,SANTIAGO,,,,,Posible múltiple repuesto
KWID 2021,Tambor Y Balata,Derecha,VENDIDO,SANTIAGO,,,,,Posible múltiple repuesto
KWID 2021,Tapa De Bencina,Exterior,DISPONIBLE,SANTIAGO,,,,,
KWID 2021,Varilla Capot,,DISPONIBLE,SANTIAGO,,,,,
KWID 2021,Vidrio Puerta,Trasera Derecha,DISPONIBLE,SANTIAGO,,,,,
KWID 2021,Volante De Inercia,,DISPONIBLE,,90000.0,85000.0,,,Sin ubicación
KWID 2021,,,,,,,,,Nombre vacío; Sin estado de stock; Sin ubicación
KWID 2021,,,,,,,,,Nombre vacío; Sin estado de stock; Sin ubicación
KWID 2021,,,,,,,,,Nombre vacío; Sin estado de stock; Sin ubicación
KWID 2021,,,,,,,,,Nombre vacío; Sin estado de stock; Sin ubicación
KWID 2021,,,,,,,,,Nombre vacío; Sin estado de stock; Sin ubicación
KWID 2021,,,,,,,,,Nombre vacío; Sin estado de stock; Sin ubicación
KWID 2021,,,,,,,,,Nombre vacío; Sin estado de stock; Sin ubicación
KWID 2021,,,,,,,,,Nombre vacío; Sin estado de stock; Sin ubicación
KWID 2021,,,,,,,,,Nombre vacío; Sin estado de stock; Sin ubicación
KWID 2021,,,,,,,,,Nombre vacío; Sin estado de stock; Sin ubicación
KWID 2021,,,,,,,,,Nombre vacío; Sin estado de stock; Sin ubicación
KWID 2021,,,,,,,,,Nombre vacío; Sin estado de stock; Sin ubicación
KWID 2021,,,,,,,,,Nombre vacío; Sin estado de stock; Sin ubicación
KWID 2021,,,,,,,,,Nombre vacío; Sin estado de stock; Sin ubicación
KWID 2021,,,,,,,,,Nombre vacío; Sin estado de stock; Sin ubicación
KWID 2021,,,,,,,,,Nombre vacío; Sin estado de stock; Sin ubicación
KWID 2021,,,,,,,,,Nombre vacío; Sin estado de stock; Sin ubicación
KWID 2021,,,,,,,,,Nombre vacío; Sin estado de stock; Sin ubicación
KWID 2021,,,,,,,,,Nombre vacío; Sin estado de stock; Sin ubicación
KWID 2021,,,,,,,,,Nombre vacío; Sin estado de stock; Sin ubicación
KWID 2021,,,,,,,,,Nombre vacío; Sin estado de stock; Sin ubicación
KWID 2021,,,,,,,,,Nombre vacío; Sin estado de stock; Sin ubicación
KWID 2021,,,,,,,,,Nombre vacío; Sin estado de stock; Sin ubicación
KWID 2021,,,,,,,,,Nombre vacío; Sin estado de stock; Sin ubicación
KWID 2021,,,,,,,,,Nombre vacío; Sin estado de stock; Sin ubicación
KWID 2021,,,,,,,,,Nombre vacío; Sin estado de stock; Sin ubicación
MAZDA 3 2021,Alternador,,DISPONIBLE,SANTIAGO,80000.0,70000.0,,,
MAZDA 3 2021,Amortiguador,Delantera Izquierda,VENDIDO,SANTIAGO,60000.0,50000.0,,,
MAZDA 3 2021,Amortiguador Traser,Izquierda,DISPONIBLE,SANTIAGO,35000.0,30000.0,,,
MAZDA 3 2021,Amortiguador,Trasera Derecha,DISPONIBLE,SANTIAGO,35000.0,30000.0,,,
MAZDA 3 2021,Apoya Brazo,Central,VENDIDO,SANTIAGO,35000.0,30000.0,,,
MAZDA 3 2021,Asiento,Delantera Derecha,VENDIDO,SANTIAGO,50000.0,40000.0,,,
MAZDA 3 2021,Asiento Delanterto,Izquierda,VENDIDO,SANTIAGO,50000.0,40000.0,,,
MAZDA 3 2021,Asientos,Trasera,DISPONIBLE,SANTIAGO,50000.0,40000.0,,,
MAZDA 3 2021,Bandeja,Delantera Izquierda,DISPONIBLE,SANTIAGO,35000.0,30000.0,,,
MAZDA 3 2021,Bandeja,Delantera Derecha,NO DISPONIBLE,SANTIAGO,,,,,
MAZDA 3 2021,Bandeja,Trasera Inferior Izquierda,DISPONIBLE,SANTIAGO,50000.0,40000.0,,,
MAZDA 3 2021,Bandeja,Trasera Derecha,DISPONIBLE,SANTIAGO,50000.0,40000.0,,,
MAZDA 3 2021,Bandeja,Trasera Superior Izquierda,DISPONIBLE,SANTIAGO,,,,,
MAZDA 3 2021,Barra Estabilizadora Con Bileta,Izquierda,DISPONIBLE,SANTIAGO,35000.0,30000.0,,,
MAZDA 3 2021,Base De Soporte De Caja,,DISPONIBLE,SANTIAGO,25000.0,20000.0,,,
MAZDA 3 2021,Base De Termostato,,DISPONIBLE,SANTIAGO,,,,,
MAZDA 3 2021,Bisagra De Capot,Izquierda,DISPONIBLE,SANTIAGO,20000.0,15000.0,,,
MAZDA 3 2021,Bisagra De Capot,Derecha,NO DISPONIBLE,N/A,,,,MALA,
MAZDA 3 2021,Bisagra Maleta,Izquierda,DISPONIBLE,SANTIAGO,,,,,
MAZDA 3 2021,Bisagra Maleta,Derecha,DISPONIBLE,SANTIAGO,,,,,
MAZDA 3 2021,Bisel De Control De Calefacción,,DISPONIBLE,SANTIAGO,,,,,
MAZDA 3 2021,Bisel De Tablero Desde Ventilacion Hasta Guantera,,DISPONIBLE,SANTIAGO,,,,,
MAZDA 3 2021,Bobina,,DISPONIBLE,SANTIAGO,,,,,
MAZDA 3 2021,Bobina,,DISPONIBLE,SANTIAGO,,,,,
MAZDA 3 2021,Bobina,,DISPONIBLE,SANTIAGO,,,,,
MAZDA 3 2021,Bobina,,DISPONIBLE,SANTIAGO,,,,,
MAZDA 3 2021,Bocina,Izquierda,DISPONIBLE,SANTIAGO,15000.0,10000.0,,,
MAZDA 3 2021,Bocina,Derecha,DISPONIBLE,SANTIAGO,15000.0,10000.0,,,
MAZDA 3 2021,Bomba De Bencina,,DISPONIBLE,SANTIAGO,,,,,
MAZDA 3 2021,Bomba De Embrague De Caja,,DISPONIBLE,SANTIAGO,,,,,
MAZDA 3 2021,Bomba De Pedal De Embrague,,DISPONIBLE,SANTIAGO,,,,,
MAZDA 3 2021,Borner Positivo,,VENDIDO,SANTIAGO,25000.0,25000.0,,,
MAZDA 3 2021,Botón De Alzavidrios,Delantera Derecha,DISPONIBLE,SANTIAGO,15000.0,10000.0,,,
MAZDA 3 2021,Botonera Puerta,Delantera Izquierda,DISPONIBLE,SANTIAGO,60000.0,50000.0,,,
MAZDA 3 2021,Brazo De Suspención,Trasera Izquierda,VENDIDO,SANTIAGO,,,,,
MAZDA 3 2021,Brazo De Suspención,Trasera Derecha,DISPONIBLE,SANTIAGO,,,,,
MAZDA 3 2021,Brazo Limpiaparabrisas,Delantera Izquierda,DISPONIBLE,SANTIAGO,,,,,
MAZDA 3 2021,Brazo Limpiaparabrisas,Delantera Derecha,DISPONIBLE,SANTIAGO,,,,,
MAZDA 3 2021,Cable Negativo Desde Motor A La Carrocería,,DISPONIBLE,SANTIAGO,,,,NO ES EL DE LA BATERÍA,
MAZDA 3 2021,Caja,,VENDIDO,SANTIAGO,370000.0,350000.0,,,
MAZDA 3 2021,Caliper,Delantera Izquierda,DISPONIBLE,SANTIAGO,,,,,
MAZDA 3 2021,Caliper,Delantera Derecha,DISPONIBLE,SANTIAGO,,,,,
MAZDA 3 2021,Caliper,Trasera Izquierda,DISPONIBLE,SANTIAGO,,,,,
MAZDA 3 2021,Caliper,Trasera Derecha,DISPONIBLE,SANTIAGO,,,,,
MAZDA 3 2021,Canister,,DISPONIBLE,SANTIAGO,,,,,
MAZDA 3 2021,Cañerías De Aire Acondicionado,,DISPONIBLE,SANTIAGO,,,,,
MAZDA 3 2021,Capot,,NO DISPONIBLE,N/A,,,,,
MAZDA 3 2021,Catalítico,,VENDIDO,SANTIAGO,,,,,
MAZDA 3 2021,Chapa De Capot,,DISPONIBLE,SANTIAGO,30000.0,25000.0,,,
MAZDA 3 2021,Chapa De Maleta,,DISPONIBLE,SANTIAGO,,,,,
MAZDA 3 2021,Chapa De Puerta,Delantera Derecha,DISPONIBLE,SANTIAGO,,,,,
MAZDA 3 2021,Chapa De Puerta,Trasera Derecha,DISPONIBLE,SANTIAGO,,,,,
MAZDA 3 2021,Chapa Puerta,Delantera Izquierda,DISPONIBLE,SANTIAGO,54000.0,45000.0,,,
MAZDA 3 2021,Chapa Puerta,Trasera Izquierda,DISPONIBLE,SANTIAGO,35000.0,30000.0,,,
MAZDA 3 2021,Cinturón,Trasera Central,DISPONIBLE,SANTIAGO,,,,,
MAZDA 3 2021,Cinturón,Trasera Izquierda,DISPONIBLE,SANTIAGO,,,,,
MAZDA 3 2021,Cinturón,Trasera Derecha,DISPONIBLE,SANTIAGO,,,,,
MAZDA 3 2021,Cofia,,DISPONIBLE,SANTIAGO,,,,2 PARTES,
MAZDA 3 2021,Columna De Direccion,,DISPONIBLE,SANTIAGO,120000.0,100000.0,,,
MAZDA 3 2021,Compresor De Aire Acondicionado,,VENDIDO,SANTIAGO,,,,DETALLE EN ,
MAZDA 3 2021,Cremallera De Alzavidrio Puerta,Delantera Izquierda,DISPONIBLE,SANTIAGO,45000.0,40000.0,,,
MAZDA 3 2021,Cremallera De Alzavidrio Puerta,Delantera Derecha,DISPONIBLE,SANTIAGO,45000.0,40000.0,,,
MAZDA 3 2021,Cremallera De Alzavidrios Puerta,Trasera Derecha,DISPONIBLE,SANTIAGO,45000.0,40000.0,,,
MAZDA 3 2021,Cremallera De Direccion,,DISPONIBLE,SANTIAGO,120000.0,100000.0,,,
MAZDA 3 2021,Cubre Carter,,DISPONIBLE,SANTIAGO,,,,TIENE DETALLE,
MAZDA 3 2021,Cubre Chapa,,DISPONIBLE,SANTIAGO,42000.0,35000.0,,,
MAZDA 3 2021,Cubre Chapa Plástico,Trasera,VENDIDO,SANTIAGO,,,,,
MAZDA 3 2021,Cubre Motor,,NO DISPONIBLE,SANTIAGO,,,,,
MAZDA 3 2021,Cubre Rueda De Repuesto,,VENDIDO,SANTIAGO,25000.0,20000.0,,,
MAZDA 3 2021,Cubre Torpedo,,DISPONIBLE,SANTIAGO,,,,,
MAZDA 3 2021,Cuerpo De Aceleración,,DISPONIBLE,SANTIAGO,70000.0,65000.0,,PRECIO ACTUALIZADO,
MAZDA 3 2021,Cuna,Trasera,DISPONIBLE,SANTIAGO,,,,,
MAZDA 3 2021,Deflector,Izquierda,DISPONIBLE,SANTIAGO,,,,,
MAZDA 3 2021,Deflector,Derecha,DISPONIBLE,SANTIAGO,,,,,
MAZDA 3 2021,Depósito De Agua O Líquido Refrigernte,,DISPONIBLE,SANTIAGO,36000.0,30000.0,,,
MAZDA 3 2021,Depósito Limpiaparabrisas,,NO DISPONIBLE,N/A,,,,,
MAZDA 3 2021,Depósito Y Bomba De Freno,,DISPONIBLE,SANTIAGO,,,,,Posible múltiple repuesto
MAZDA 3 2021,Disco De Freno,Delantera Izquierda,DISPONIBLE,SANTIAGO,,,,,
MAZDA 3 2021,Disco,Trasera Derecha,VENDIDO,SANTIAGO,,,,HAY QUE SEPARARLO DE LA MAZA,
MAZDA 3 2021,Ecu,,DISPONIBLE,SANTIAGO,,,,,
MAZDA 3 2021,Eje Palier,Derecha,DISPONIBLE,SANTIAGO,,,,,
MAZDA 3 2021,Electroventilador,,DISPONIBLE,SANTIAGO,95000.0,80000.0,,,
MAZDA 3 2021,Espejo,Izquierda,VENDIDO,SANTIAGO,90000.0,80000.0,,,
MAZDA 3 2021,Espejo (Falta La Tapa Y Tiene La Ppu Marcada),Trasera Derecha,VENDIDO,SANTIAGO,45000.0,40000.0,,NO ES EL ABATIBLE ELECTRÓNICAMENTE,Posible múltiple repuesto
MAZDA 3 2021,Espiral,Trasera Derecha,DISPONIBLE,SANTIAGO,,,,,
MAZDA 3 2021,Foco,Trasera Izquierda Exterior,VENDIDO,SANTIAGO,70000.0,60000.0,,,
MAZDA 3 2021,Foco,Trasera Derecha Exterior,VENDIDO,SANTIAGO,70000.0,60000.0,,,
MAZDA 3 2021,Foco,Trasera Izquierda Interior,VENDIDO,SANTIAGO,50000.0,40000.0,,,
MAZDA 3 2021,Foco,Trasera Derecha Interior,DISPONIBLE,SANTIAGO,50000.0,40000.0,,,
MAZDA 3 2021,Frontal Superior ,Delantera Superior,DISPONIBLE,SANTIAGO,30000.0,25000.0,,PEQUEÑO DETALLE,
MAZDA 3 2021,Funda De Parachoque,Delantera,NO DISPONIBLE,N/A,,,,,
MAZDA 3 2021,Funda De Parachoque,Trasera,VENDIDO,SANTIAGO,55000.0,50000.0,,,
MAZDA 3 2021,Gata Completa,,POR CONFIRMAR,SANTIAGO,,,,,Estado inusual: POR CONFIRMAR
MAZDA 3 2021,Goma Contorno De Puerta,Trasera Izquierda,DISPONIBLE,SANTIAGO,20000.0,15000.0,,,
MAZDA 3 2021,Goma Contorno De Puerta,Trasera Derecha,VENDIDO,SANTIAGO,,,,,
MAZDA 3 2021,Goma De Contorno Maleta,,DISPONIBLE,SANTIAGO,20000.0,15000.0,,,
MAZDA 3 2021,Goma De Contorno Puerta,Delantera Derecha,DISPONIBLE,SANTIAGO,25000.0,20000.0,,,
MAZDA 3 2021,Guantera,,DISPONIBLE,SANTIAGO,,,,,
MAZDA 3 2021,Guardafango Aleta,Trasera Izquierda,VENDIDO,SANTIAGO,30000.0,25000.0,,,
MAZDA 3 2021,Guardafango Aleta,Trasera Derecha,DISPONIBLE,SANTIAGO,30000.0,25000.0,,,
MAZDA 3 2021,Guardafango,Delantera Izquierda,NO DISPONIBLE,N/A,,,,,
MAZDA 3 2021,Guardafango,Delantera Derecha,NO DISPONIBLE,N/A,,,,,
MAZDA 3 2021,Guardafango,Trasera Inferior Izquierda,DISPONIBLE,SANTIAGO,25000.0,20000.0,,,
MAZDA 3 2021,Guardafango,Trasera Inferior Derecha,DISPONIBLE,SANTIAGO,25000.0,20000.0,,,
MAZDA 3 2021,Guardafango,Trasera Superior Izquierda,DISPONIBLE,SANTIAGO,25000.0,20000.0,,,
MAZDA 3 2021,Guardafango,Trasera Superior Derecha,DISPONIBLE,SANTIAGO,25000.0,20000.0,,,
MAZDA 3 2021,Kit De Airbag,,NO DISPONIBLE,N/A,,,,,
MAZDA 3 2021,Kit De Embrague,,DISPONIBLE,SANTIAGO,,,,,
MAZDA 3 2021,Línea De Escape (Tiene Un Corte En Un Extremo),,DISPONIBLE,SANTIAGO,30000.0,25000.0,,,
MAZDA 3 2021,Llanta,,VENDIDO,SANTIAGO,80000.0,70000.0,,,
MAZDA 3 2021,Llanta,,VENDIDO,SANTIAGO,80000.0,70000.0,,,
MAZDA 3 2021,Llanta,,VENDIDO,SANTIAGO,80000.0,70000.0,,,
MAZDA 3 2021,Llanta,,NO DISPONIBLE,N/A,,,,,
MAZDA 3 2021,Logo,Delantera,DISPONIBLE,SANTIAGO,15000.0,10000.0,,,
MAZDA 3 2021,Luz Techo De Adelante,,DISPONIBLE,SANTIAGO,30000.0,25000.0,,,
MAZDA 3 2021,Maleta,,VENDIDO,SANTIAGO,120000.0,110000.0,,,
MAZDA 3 2021,Manguera De Agua Salida De Radiador,Inferior,DISPONIBLE,SANTIAGO,,,,,
MAZDA 3 2021,Manguera De Termostato,,DISPONIBLE,SANTIAGO,,,,,
MAZDA 3 2021,Mangueras De Calefacción,,DISPONIBLE,SANTIAGO,,,,,
MAZDA 3 2021,Manilla Puerta,Delantera Izquierda Exterior,VENDIDO,SANTIAGO,35000.0,30000.0,,,
MAZDA 3 2021,Manilla Puerta,Delantera Izquierda Interior,DISPONIBLE,SANTIAGO,15000.0,10000.0,,,
MAZDA 3 2021,Manilla Puerta,Delantera Derecha Interior,DISPONIBLE,SANTIAGO,15000.0,10000.0,,,
MAZDA 3 2021,Manilla Puerta,Trasera Izquierda Interior,DISPONIBLE,SANTIAGO,15000.0,10000.0,,,
MAZDA 3 2021,Manilla Puerta,Trasera Derecha Interior,DISPONIBLE,SANTIAGO,15000.0,10000.0,,,
MAZDA 3 2021,Máscara,,NO DISPONIBLE,N/A,,,,,
MAZDA 3 2021,Maza,Trasera Derecha,DISPONIBLE,SANTIAGO,,,,HAY QUE SEPARARLO DEL DISCO,
MAZDA 3 2021,Mésula,Trasera Izquierda,DISPONIBLE,SANTIAGO,,,,,
MAZDA 3 2021,Mésula,Trasera Derecha,DISPONIBLE,SANTIAGO,,,,,
MAZDA 3 2021,Módulo Abs,,VENDIDO,SANTIAGO,100000.0,90000.0,,PRECIO ACTUALIZADO,
MAZDA 3 2021,Módulo Eléctrico Maleta,,DISPONIBLE,SANTIAGO,,,,,
MAZDA 3 2021,Moldura Parabrisa Triángulo,Izquierda,VENDIDO,SANTIAGO,,,,,
MAZDA 3 2021,Motor De Calefacción,,DISPONIBLE,SANTIAGO,,,,,
MAZDA 3 2021,Motor De Partida,,DISPONIBLE,SANTIAGO,55000.0,50000.0,,,
MAZDA 3 2021,Motor Depósito Limpiaparabrisas,,DISPONIBLE,SANTIAGO,72000.0,60000.0,,,
MAZDA 3 2021,Motor Facturable,,VENDIDO,SANTIAGO,950000.0,900000.0,,,
MAZDA 3 2021,Motor Y Varillaje De Limpiaparabrisas,Delantera,DISPONIBLE,SANTIAGO,,,,,Posible múltiple repuesto
MAZDA 3 2021,Múltiple De Admisión,,DISPONIBLE,SANTIAGO,,,,,
MAZDA 3 2021,Muñón Y Maza,Delantera Izquierda,DISPONIBLE,SANTIAGO,,,,,Posible múltiple repuesto
MAZDA 3 2021,Negativo,,DISPONIBLE,SANTIAGO,,,,,
MAZDA 3 2021,Optico,Izquierda,NO DISPONIBLE,N/A,,,,,
MAZDA 3 2021,Optico,Derecha,VENDIDO,SANTIAGO,,,,,
MAZDA 3 2021,Palanca De Cambios,,DISPONIBLE,SANTIAGO,,,,,
MAZDA 3 2021,Palanca Freno De Mano,,DISPONIBLE,SANTIAGO,,,,,
MAZDA 3 2021,Parabrisas,,NO DISPONIBLE,N/A,,,,,
MAZDA 3 2021,Parasol,Izquierda,DISPONIBLE,SANTIAGO,,,,,
MAZDA 3 2021,Parasol,Derecha,DISPONIBLE,SANTIAGO,,,,,
MAZDA 3 2021,Pedal De Aceleración,,DISPONIBLE,SANTIAGO,,,,,
MAZDA 3 2021,Pedal De Embrague,,DISPONIBLE,SANTIAGO,,,,,
MAZDA 3 2021,Pedal De Freno,,DISPONIBLE,SANTIAGO,,,,,
MAZDA 3 2021,Piola De Bencina,,DISPONIBLE,SANTIAGO,,,,,
MAZDA 3 2021,Piola De Capot,,DISPONIBLE,SANTIAGO,,,,,
MAZDA 3 2021,Piola De Palanca De Freno De Mano,,DISPONIBLE,SANTIAGO,,,,,
MAZDA 3 2021,Piolas De Asientos,Trasera,DISPONIBLE,SANTIAGO,,,,,
MAZDA 3 2021,Piolas Palanca De Cambio,,DISPONIBLE,SANTIAGO,,,,,
MAZDA 3 2021,Porta Filtro,,DISPONIBLE,SANTIAGO,45000.0,40000.0,,,
MAZDA 3 2021,Porta Placa,,DISPONIBLE,SANTIAGO,15000.0,10000.0,,,
MAZDA 3 2021,Portavasos,,DISPONIBLE,SANTIAGO,,,,,
MAZDA 3 2021,Protector De Bateria (Contorno),,DISPONIBLE,SANTIAGO,,,,,
MAZDA 3 2021,Puerta Solo Lata,Delantera Izquierda,VENDIDO,SANTIAGO,85000.0,75000.0,,SIN DETALLE,
MAZDA 3 2021,Puerta Solo Lata Con Detalle,Delantera Derecha,VENDIDO,SANTIAGO,60000.0,50000.0,,CON DETALLE,
MAZDA 3 2021,Puerta Solo Lata,Trasera Izquierda,VENDIDO,SANTIAGO,70000.0,60000.0,,CON DETALLE,
MAZDA 3 2021,Puerta Solo Lata Con Detalle,Trasera Derecha,VENDIDO,SANTIAGO,0.0,0.0,,CON DETALLE,
MAZDA 3 2021,Radiador De Agua,,DISPONIBLE,SANTIAGO,80000.0,70000.0,,,
MAZDA 3 2021,Radiador De Aire Acondicionado,,DISPONIBLE,SANTIAGO,90000.0,80000.0,,,
MAZDA 3 2021,Radiador De Calefacción,,DISPONIBLE,SANTIAGO,,,,,
MAZDA 3 2021,Radiador De Aire,Interior,DISPONIBLE,SANTIAGO,,,,,
MAZDA 3 2021,Radio,,DISPONIBLE,SANTIAGO,,,,,
MAZDA 3 2021,Ramal,Delantera Exterior,DISPONIBLE,SANTIAGO,,,,,
MAZDA 3 2021,Ramal,Interior,DISPONIBLE,SANTIAGO,,,,,
MAZDA 3 2021,Ramal,Trasera,DISPONIBLE,SANTIAGO,,,,,
MAZDA 3 2021,Reflectante,Trasera Izquierda,VENDIDO,SANTIAGO,20000.0,15000.0,,,
MAZDA 3 2021,Reflectante,Trasera Derecha,VENDIDO,SANTIAGO,20000.0,15000.0,,,
MAZDA 3 2021,Refuerzo De Parachoque,Delantera,NO DISPONIBLE,N/A,,,,,
MAZDA 3 2021,Refuerzo De Parachoque,Trasera,DISPONIBLE,SANTIAGO,,,,,
MAZDA 3 2021,Rejillas De Ventilación (Tablero),Central,DISPONIBLE,SANTIAGO,,,,,
MAZDA 3 2021,Resistencia De Calefacción,Interior,DISPONIBLE,SANTIAGO,,,,,
MAZDA 3 2021,Riel De Inyección,,DISPONIBLE,SANTIAGO,,,,,
MAZDA 3 2021,Rueda De Repuesto,,VENDIDO,SANTIAGO,50000.0,40000.0,,,
MAZDA 3 2021,Sensor Abs,Trasera Derecha,DISPONIBLE,SANTIAGO,25000.0,20000.0,,,
MAZDA 3 2021,Sensor De Caja,,DISPONIBLE,SANTIAGO,,,,,
MAZDA 3 2021,Servo Freno,,DISPONIBLE,SANTIAGO,,,,,
MAZDA 3 2021,Silenciador De Escape,,VENDIDO,SANTIAGO,25000.0,20000.0,,,
MAZDA 3 2021,Sinóptico,,DISPONIBLE,SANTIAGO,,,,,
MAZDA 3 2021,Soporte Caja (Hueso),Central,VENDIDO,SANTIAGO,,,,,
MAZDA 3 2021,Soporte De Motor O Caja,Izquierda,DISPONIBLE,SANTIAGO,,,,,
MAZDA 3 2021,Soporte De Motor,Derecha,DISPONIBLE,SANTIAGO,,,,,
MAZDA 3 2021,Sujetador De Batería,,DISPONIBLE,SANTIAGO,20000.0,15000.0,,,
MAZDA 3 2021,Tapa De Bencina,Exterior,DISPONIBLE,SANTIAGO,25000.0,20000.0,,,
MAZDA 3 2021,Tapa De Remolque,Trasera Izquierda,VENDIDO,SANTIAGO,,,,CONFIRMAR CANTIDAD,
MAZDA 3 2021,Tapa De Remolque,Trasera Derecha,DISPONIBLE,SANTIAGO,,,,,
MAZDA 3 2021,Tapa De Bencina,Exterior,DISPONIBLE,SANTIAGO,,,,,
MAZDA 3 2021,Tapa De Bencina,Interior,DISPONIBLE,SANTIAGO,,,,,
MAZDA 3 2021,Tapa Plástica Costado Maleta,Interior,DISPONIBLE,SANTIAGO,,,,,
MAZDA 3 2021,Tapabarro Con Detalle,Izquierda,DISPONIBLE,SANTIAGO,25000.0,20000.0,,PEDIR FOTO (SE PUEDE REPARAR),
MAZDA 3 2021,Tapabarro,Derecha,NO DISPONIBLE,N/A,,,,,
MAZDA 3 2021,Tapiz Puerta,Delantera Izquierda Interior,DISPONIBLE,SANTIAGO,15000.0,10000.0,,,
MAZDA 3 2021,Tapiz Puerta,Delantera Derecha,DISPONIBLE,SANTIAGO,15000.0,10000.0,,,
MAZDA 3 2021,Tapiz Puerta,Trasera Izquierda,DISPONIBLE,SANTIAGO,15000.0,10000.0,,,
MAZDA 3 2021,Telecomando,,DISPONIBLE,SANTIAGO,,,,,
MAZDA 3 2021,Tensor De Correa De Accesorios,,DISPONIBLE,SANTIAGO,,,,,
MAZDA 3 2021,Tornillo Sujetador Rueda De Repuesto,,DISPONIBLE,SANTIAGO,15000.0,10000.0,,,
MAZDA 3 2021,Válvula Evap,,VENDIDO,SANTIAGO,20000.0,20000.0,,,
MAZDA 3 2021,Válvula Recuperación De Gases,,DISPONIBLE,,25000.0,20000.0,,,Sin ubicación
MAZDA 3 2021,Varilla De Capot,,DISPONIBLE,SANTIAGO,20000.0,15000.0,,,
MAZDA 3 2021,Vidrio Pequeño Puerta,Trasera Izquierda,DISPONIBLE,SANTIAGO,25000.0,20000.0,,,
MAZDA 3 2021,Vidrio Pequeño Puerta,Trasera Derecha,DISPONIBLE,SANTIAGO,25000.0,20000.0,,,
MAZDA 3 2021,Vidrio Puerta,Delantera Izquierda,DISPONIBLE,SANTIAGO,30000.0,25000.0,,PATENTE MARCADA,
MAZDA 3 2021,Vidrio Puerta,Delantera Derecha,DISPONIBLE,SANTIAGO,30000.0,25000.0,,PATENTE MARCADA,
MAZDA 3 2021,Vidrio Puerta,Trasera Izquierda,DISPONIBLE,SANTIAGO,30000.0,25000.0,,,
MAZDA 3 2021,Vidrio Puerta,Trasera Derecha,DISPONIBLE,SANTIAGO,30000.0,25000.0,,PATENTE MARCADA,
MAZDA 3 2021,Volante,,VENDIDO,SANTIAGO,40000.0,35000.0,,,
MAZDA 3 2021,Volante De Inercia,,DISPONIBLE,SANTIAGO,,,,,
MAZDA 3 2021,,,DISPONIBLE,SANTIAGO,,,,,Nombre vacío
MAZDA 3 2021,,,DISPONIBLE,SANTIAGO,,,,,Nombre vacío
MAZDA 3 2021,,,DISPONIBLE,SANTIAGO,,,,,Nombre vacío
MAZDA 3 2021,,,DISPONIBLE,SANTIAGO,,,,,Nombre vacío
MAZDA 3 2021,,,DISPONIBLE,SANTIAGO,,,,,Nombre vacío
MAZDA 3 2021,,,DISPONIBLE,SANTIAGO,,,,,Nombre vacío
MAZDA 3 2021,,,DISPONIBLE,SANTIAGO,,,,,Nombre vacío
MAZDA 3 2021,,,DISPONIBLE,SANTIAGO,,,,,Nombre vacío
MAZDA 3 2021,,,DISPONIBLE,SANTIAGO,,,,,Nombre vacío
MAZDA 3 2021,,,DISPONIBLE,SANTIAGO,,,,,Nombre vacío
MAZDA 3 2021,,,DISPONIBLE,SANTIAGO,,,,,Nombre vacío
MAZDA 3 2021,,,DISPONIBLE,SANTIAGO,,,,,Nombre vacío
MAZDA 3 2021,,,DISPONIBLE,SANTIAGO,,,,,Nombre vacío
MAZDA 3 2021,,,DISPONIBLE,SANTIAGO,,,,,Nombre vacío
MAZDA 3 2021,,,DISPONIBLE,SANTIAGO,,,,,Nombre vacío
MAZDA 3 2021,,,DISPONIBLE,SANTIAGO,,,,,Nombre vacío
MAZDA 3 2021,,,DISPONIBLE,SANTIAGO,,,,,Nombre vacío
MAZDA 3 2021,,,DISPONIBLE,SANTIAGO,,,,,Nombre vacío
MAZDA 3 2021,,,DISPONIBLE,SANTIAGO,,,,,Nombre vacío
MAZDA 3 2021,,,DISPONIBLE,SANTIAGO,,,,,Nombre vacío
MAZDA 3 2021,,,DISPONIBLE,SANTIAGO,,,,,Nombre vacío
MAZDA 3 2021,,,DISPONIBLE,SANTIAGO,,,,,Nombre vacío
MAZDA 3 2021,,,DISPONIBLE,SANTIAGO,,,,,Nombre vacío
MAZDA 3 2021,,,DISPONIBLE,SANTIAGO,,,,,Nombre vacío
MAZDA 3 2021,,,DISPONIBLE,SANTIAGO,,,,,Nombre vacío
MAZDA 3 2021,,,DISPONIBLE,SANTIAGO,,,,,Nombre vacío
MAZDA 3 2021,,,DISPONIBLE,SANTIAGO,,,,,Nombre vacío
MAZDA 3 2021,,,DISPONIBLE,SANTIAGO,,,,,Nombre vacío
MAZDA 3 2021,,,DISPONIBLE,SANTIAGO,,,,,Nombre vacío
MAZDA 3 2021,,,DISPONIBLE,SANTIAGO,,,,,Nombre vacío
MAZDA 3 2021,,,DISPONIBLE,SANTIAGO,,,,,Nombre vacío
MAZDA 3 2021,,,DISPONIBLE,SANTIAGO,,,,,Nombre vacío
MAZDA 3 2021,,,DISPONIBLE,SANTIAGO,,,,,Nombre vacío
MAZDA 3 2021,,,DISPONIBLE,SANTIAGO,,,,,Nombre vacío
MAZDA 3 2021,,,DISPONIBLE,SANTIAGO,,,,,Nombre vacío
MAZDA 3 2021,,,DISPONIBLE,SANTIAGO,,,,,Nombre vacío
MAZDA 3 2021,,,DISPONIBLE,SANTIAGO,,,,,Nombre vacío
MAZDA 3 2021,,,DISPONIBLE,SANTIAGO,,,,,Nombre vacío
MAZDA 3 2021,,,DISPONIBLE,SANTIAGO,,,,,Nombre vacío
MAZDA 3 2021,,,DISPONIBLE,SANTIAGO,,,,,Nombre vacío
MAZDA 3 2021,,,DISPONIBLE,SANTIAGO,,,,,Nombre vacío
MAZDA 3 2021,,,DISPONIBLE,SANTIAGO,,,,,Nombre vacío
MAZDA 3 2021,,,DISPONIBLE,SANTIAGO,,,,,Nombre vacío
MAZDA 3 2021,,,DISPONIBLE,SANTIAGO,,,,,Nombre vacío
MAZDA 3 2021,,,DISPONIBLE,SANTIAGO,,,,,Nombre vacío
MAZDA 3 2021,,,DISPONIBLE,SANTIAGO,,,,,Nombre vacío
MAZDA 3 2021,,,DISPONIBLE,SANTIAGO,,,,,Nombre vacío
MAZDA 3 2021,,,DISPONIBLE,SANTIAGO,,,,,Nombre vacío
MAZDA 3 2021,,,DISPONIBLE,SANTIAGO,,,,,Nombre vacío
MAZDA 3 2021,,,DISPONIBLE,SANTIAGO,,,,,Nombre vacío
MAZDA 3 2021,,,DISPONIBLE,SANTIAGO,,,,,Nombre vacío
MAZDA 3 2021,,,DISPONIBLE,SANTIAGO,,,,,Nombre vacío
MAZDA 3 2021,,,DISPONIBLE,SANTIAGO,,,,,Nombre vacío
MAZDA 3 2021,,,DISPONIBLE,SANTIAGO,,,,,Nombre vacío
MAZDA 3 2021,,,DISPONIBLE,SANTIAGO,,,,,Nombre vacío
MAZDA 3 2021,,,DISPONIBLE,SANTIAGO,,,,,Nombre vacío
MEGANE II 2007,Amortiguador Maleta,Izquierda,DISPONIBLE,SANTIAGO,15000.0,10000.0,,,
MEGANE II 2007,Amortiguador Maleta,Derecha,DISPONIBLE,SANTIAGO,15000.0,10000.0,,,
MEGANE II 2007,Bisagra De Capot,Izquierda,DISPONIBLE,SANTIAGO,15000.0,10000.0,,,
MEGANE II 2007,Bisagra De Capot,Derecha,DISPONIBLE,SANTIAGO,15000.0,10000.0,,,
MEGANE II 2007,Bisagra Maleta,Izquierda,DISPONIBLE,SANTIAGO,15000.0,10000.0,,,
MEGANE II 2007,Bisagra Maleta,Derecha,DISPONIBLE,SANTIAGO,15000.0,10000.0,,,
MEGANE II 2007,Bomba De Bencina,,DISPONIBLE,SANTIAGO,60000.0,50000.0,,,
MEGANE II 2007,Caja,,NO DISPONIBLE,N/A,,,,,
MEGANE II 2007,Capot,,DISPONIBLE,SANTIAGO,50000.0,40000.0,,,
MEGANE II 2007,Chapa Maleta,,DISPONIBLE,SANTIAGO,25000.0,20000.0,,,
MEGANE II 2007,Chapa Puerta,Delantera Izquierda,DISPONIBLE,SANTIAGO,25000.0,20000.0,,,
MEGANE II 2007,Chapa Puerta,Delantera Derecha,DISPONIBLE,SANTIAGO,25000.0,20000.0,,,
MEGANE II 2007,Chapa Puerta,Trasera Izquierda,DISPONIBLE,SANTIAGO,25000.0,20000.0,,,
MEGANE II 2007,Chapa Puerta,Trasera Derecha,DISPONIBLE,SANTIAGO,25000.0,20000.0,,,
MEGANE II 2007,Cremallera De Dirección,,NO DISPONIBLE,N/A,,,,,
MEGANE II 2007,Cubre Torpedo,,DISPONIBLE,SANTIAGO,,,,,
MEGANE II 2007,Eje Palier,Izquierda,NO DISPONIBLE,N/A,,,,,
MEGANE II 2007,Eje Palier,Derecha,NO DISPONIBLE,N/A,,,,,
MEGANE II 2007,Espejo,Izquierda,VENDIDO,SANTIAGO,15000.0,10000.0,,CON DETALLE,
MEGANE II 2007,Espejo,Derecha,DISPONIBLE,SANTIAGO,25000.0,20000.0,,,
MEGANE II 2007,Foco,Trasera Izquierda,DISPONIBLE,SANTIAGO,45000.0,40000.0,,,
MEGANE II 2007,Foco,Trasera Derecha,DISPONIBLE,SANTIAGO,45000.0,40000.0,,,
MEGANE II 2007,Maleta,,DISPONIBLE,SANTIAGO,50000.0,40000.0,,,
MEGANE II 2007,Moldura Puerta,Delantera Izquierda,DISPONIBLE,SANTIAGO,,,,,
MEGANE II 2007,Moldura Puerta,Delantera Derecha,DISPONIBLE,SANTIAGO,,,,,
MEGANE II 2007,Moldura Puerta,Trasera Izquierda,DISPONIBLE,SANTIAGO,,,,,
MEGANE II 2007,Moldura Puerta,Trasera Derecha,DISPONIBLE,SANTIAGO,,,,,
MEGANE II 2007,Motor,,NO DISPONIBLE,N/A,,,,,
MEGANE II 2007,Motor De Partida,,VENDIDO,SANTIAGO,35000.0,30000.0,,,
MEGANE II 2007,Múltiple De Admisión,,DISPONIBLE,SANTIAGO,35000.0,30000.0,,,
MEGANE II 2007,Palanca De Cambios,,DISPONIBLE,REQUINOA,20000.0,15000.0,,,
MEGANE II 2007,Palanca De Freno De Mano,,DISPONIBLE,SANTIAGO,25000.0,20000.0,,,
MEGANE II 2007,Piolas Palanca De Cambios,,NO DISPONIBLE,N/A,,,,,
MEGANE II 2007,Porta Filtro,,VENDIDO,SANTIAGO,25000.0,25000.0,,,
MEGANE II 2007,Puerta Solo Lata,Delantera Izquierda,DISPONIBLE,SANTIAGO,35000.0,30000.0,,,
MEGANE II 2007,Puerta Solo Lata,Delantera Derecha,DISPONIBLE,SANTIAGO,35000.0,30000.0,,,
MEGANE II 2007,Puerta Solo Lata,Trasera Izquierda,DISPONIBLE,SANTIAGO,35000.0,30000.0,,,
MEGANE II 2007,Puerta Solo Lata,Trasera Derecha,DISPONIBLE,SANTIAGO,35000.0,30000.0,,,
MEGANE II 2007,Radio,,DISPONIBLE,REQUINOA,30000.0,25000.0,,,
MEGANE II 2007,Soporte De Piolas De Palanca De Cambios,,NO DISPONIBLE,N/A,,,,,
MEGANE II 2007,Tapa De Bencina,Exterior,DISPONIBLE,SANTIAGO,15000.0,10000.0,,,
MEGANE II 2007,Vidrio Puerta,Delantera Izquierda,DISPONIBLE,SANTIAGO,25000.0,20000.0,,,
MEGANE II 2007,Vidrio Puerta,Trasera Izquierda,DISPONIBLE,SANTIAGO,25000.0,20000.0,,,
MEGANE II 2007,Vidrio Puerta,Trasera Derecha,VENDIDO,SANTIAGO,25000.0,20000.0,,,
MEGANE II 2007,,,DISPONIBLE,SANTIAGO,,,,,Nombre vacío
MEGANE II 2007,,,DISPONIBLE,,,,,,Nombre vacío; Sin ubicación
MEGANE II 2007,,,DISPONIBLE,,,,,,Nombre vacío; Sin ubicación
MEGANE II 2007,,,DISPONIBLE,,,,,,Nombre vacío; Sin ubicación
MEGANE II 2007,,,DISPONIBLE,,,,,,Nombre vacío; Sin ubicación
MEGANE II 2007,,,DISPONIBLE,,,,,,Nombre vacío; Sin ubicación
MEGANE II 2007,,,DISPONIBLE,,,,,,Nombre vacío; Sin ubicación
MEGANE II 2007,,,DISPONIBLE,,,,,,Nombre vacío; Sin ubicación
MEGANE II 2007,,,DISPONIBLE,,,,,,Nombre vacío; Sin ubicación
MEGANE II 2007,,,DISPONIBLE,,,,,,Nombre vacío; Sin ubicación
MEGANE II 2007,,,DISPONIBLE,,,,,,Nombre vacío; Sin ubicación
MEGANE II 2007,,,DISPONIBLE,,,,,,Nombre vacío; Sin ubicación
MEGANE II 2007,,,DISPONIBLE,,,,,,Nombre vacío; Sin ubicación
MEGANE II 2007,,,DISPONIBLE,,,,,,Nombre vacío; Sin ubicación
MEGANE II 2007,,,DISPONIBLE,,,,,,Nombre vacío; Sin ubicación
MEGANE II 2007,,,DISPONIBLE,,,,,,Nombre vacío; Sin ubicación
MEGANE II 2007,,,DISPONIBLE,,,,,,Nombre vacío; Sin ubicación
MEGANE II 2007,,,DISPONIBLE,,,,,,Nombre vacío; Sin ubicación
MEGANE II 2007,,,DISPONIBLE,,,,,,Nombre vacío; Sin ubicación
MEGANE II 2007,,,DISPONIBLE,,,,,,Nombre vacío; Sin ubicación
MEGANE II 2007,,,DISPONIBLE,,,,,,Nombre vacío; Sin ubicación
MEGANE II 2007,,,DISPONIBLE,,,,,,Nombre vacío; Sin ubicación
MEGANE II 2007,,,DISPONIBLE,,,,,,Nombre vacío; Sin ubicación
MEGANE II 2007,,,DISPONIBLE,,,,,,Nombre vacío; Sin ubicación
MEGANE II 2007,,,DISPONIBLE,,,,,,Nombre vacío; Sin ubicación
MEGANE II 2007,,,DISPONIBLE,,,,,,Nombre vacío; Sin ubicación
MEGANE II 2007,,,DISPONIBLE,,,,,,Nombre vacío; Sin ubicación
MEGANE II 2007,,,DISPONIBLE,,,,,,Nombre vacío; Sin ubicación
MEGANE II 2007,,,DISPONIBLE,,,,,,Nombre vacío; Sin ubicación
MEGANE II 2007,,,DISPONIBLE,,,,,,Nombre vacío; Sin ubicación
MEGANE II 2007,,,DISPONIBLE,,,,,,Nombre vacío; Sin ubicación
MEGANE II 2007,,,DISPONIBLE,,,,,,Nombre vacío; Sin ubicación
MEGANE II 2007,,,DISPONIBLE,,,,,,Nombre vacío; Sin ubicación
MEGANE II 2007,,,DISPONIBLE,,,,,,Nombre vacío; Sin ubicación
MEGANE II 2007,,,DISPONIBLE,,,,,,Nombre vacío; Sin ubicación
MEGANE II 2007,,,DISPONIBLE,,,,,,Nombre vacío; Sin ubicación
MEGANE II 2007,,,DISPONIBLE,,,,,,Nombre vacío; Sin ubicación
MEGANE II 2007,,,DISPONIBLE,,,,,,Nombre vacío; Sin ubicación
MEGANE II 2007,,,DISPONIBLE,,,,,,Nombre vacío; Sin ubicación
MEGANE II 2007,,,DISPONIBLE,,,,,,Nombre vacío; Sin ubicación
MEGANE II 2007,,,DISPONIBLE,,,,,,Nombre vacío; Sin ubicación
MEGANE II 2007,,,DISPONIBLE,,,,,,Nombre vacío; Sin ubicación
MEGANE II 2007,,,DISPONIBLE,,,,,,Nombre vacío; Sin ubicación
MEGANE II 2007,,,DISPONIBLE,,,,,,Nombre vacío; Sin ubicación
MEGANE II 2007,,,DISPONIBLE,,,,,,Nombre vacío; Sin ubicación
MEGANE II 2007,,,DISPONIBLE,,,,,,Nombre vacío; Sin ubicación
MEGANE II 2007,,,DISPONIBLE,,,,,,Nombre vacío; Sin ubicación
MEGANE II 2007,,,DISPONIBLE,,,,,,Nombre vacío; Sin ubicación
MEGANE II 2007,,,DISPONIBLE,,,,,,Nombre vacío; Sin ubicación
MEGANE II 2007,,,DISPONIBLE,,,,,,Nombre vacío; Sin ubicación
MEGANE II 2007,,,DISPONIBLE,,,,,,Nombre vacío; Sin ubicación
MEGANE II 2007,,,DISPONIBLE,,,,,,Nombre vacío; Sin ubicación
MEGANE II 2007,,,DISPONIBLE,,,,,,Nombre vacío; Sin ubicación
MEGANE II 2007,,,DISPONIBLE,,,,,,Nombre vacío; Sin ubicación
MEGANE II 2007,,,DISPONIBLE,,,,,,Nombre vacío; Sin ubicación
MEGANE II 2007,,,DISPONIBLE,,,,,,Nombre vacío; Sin ubicación
MEGANE II 2007,,,DISPONIBLE,,,,,,Nombre vacío; Sin ubicación
MEGANE II 2007,,,DISPONIBLE,,,,,,Nombre vacío; Sin ubicación
MEGANE II 2007,,,DISPONIBLE,,,,,,Nombre vacío; Sin ubicación
MEGANE II 2007,,,DISPONIBLE,,,,,,Nombre vacío; Sin ubicación
MEGANE II 2007,,,DISPONIBLE,,,,,,Nombre vacío; Sin ubicación
MEGANE II 2007,,,DISPONIBLE,,,,,,Nombre vacío; Sin ubicación
MEGANE II 2007,,,DISPONIBLE,,,,,,Nombre vacío; Sin ubicación
MEGANE II 2007,,,DISPONIBLE,,,,,,Nombre vacío; Sin ubicación
MEGANE II 2007,,,DISPONIBLE,,,,,,Nombre vacío; Sin ubicación
MEGANE II 2007,,,DISPONIBLE,,,,,,Nombre vacío; Sin ubicación
MEGANE II 2007,,,DISPONIBLE,,,,,,Nombre vacío; Sin ubicación
MEGANE II 2007,,,DISPONIBLE,,,,,,Nombre vacío; Sin ubicación
MEGANE II 2007,,,DISPONIBLE,,,,,,Nombre vacío; Sin ubicación
MEGANE II 2007,,,DISPONIBLE,,,,,,Nombre vacío; Sin ubicación
MEGANE II 2007,,,DISPONIBLE,,,,,,Nombre vacío; Sin ubicación
MEGANE II 2007,,,DISPONIBLE,,,,,,Nombre vacío; Sin ubicación
MEGANE II 2007,,,DISPONIBLE,,,,,,Nombre vacío; Sin ubicación
MEGANE II 2007,,,DISPONIBLE,,,,,,Nombre vacío; Sin ubicación
MEGANE II 2007,,,DISPONIBLE,,,,,,Nombre vacío; Sin ubicación
MEGANE II 2007,,,DISPONIBLE,,,,,,Nombre vacío; Sin ubicación
MEGANE II 2007,,,DISPONIBLE,,,,,,Nombre vacío; Sin ubicación
MEGANE II 2007,,,DISPONIBLE,,,,,,Nombre vacío; Sin ubicación
MEGANE II 2007,,,DISPONIBLE,,,,,,Nombre vacío; Sin ubicación
MEGANE II 2007,,,DISPONIBLE,,,,,,Nombre vacío; Sin ubicación
MEGANE II 2007,,,DISPONIBLE,,,,,,Nombre vacío; Sin ubicación
MEGANE II 2007,,,DISPONIBLE,,,,,,Nombre vacío; Sin ubicación
MEGANE II 2007,,,DISPONIBLE,,,,,,Nombre vacío; Sin ubicación
MEGANE II 2007,,,DISPONIBLE,,,,,,Nombre vacío; Sin ubicación
MEGANE II 2007,,,DISPONIBLE,,,,,,Nombre vacío; Sin ubicación
MEGANE II 2007,,,DISPONIBLE,,,,,,Nombre vacío; Sin ubicación
NEW BALENO 2021,Alternador,,DISPONIBLE,SANTIAGO,70000.0,65000.0,,,
NEW BALENO 2021,Amortiguador,Delantera Derecha,DISPONIBLE,,60000.0,55000.0,,,Sin ubicación
NEW BALENO 2021,Amortiguador,Trasera,VENDIDO,SANTIAGO,20000.0,15000.0,,,
NEW BALENO 2021,Amortiguador,Trasera,DISPONIBLE,SANTIAGO,20000.0,15000.0,,,
NEW BALENO 2021,Bobina,,DISPONIBLE,SANTIAGO,20000.0,15000.0,,,
NEW BALENO 2021,Bobina,,DISPONIBLE,,20000.0,15000.0,,,Sin ubicación
NEW BALENO 2021,Bobina,,DISPONIBLE,,20000.0,15000.0,,,Sin ubicación
NEW BALENO 2021,Bomba De Bencina,,DISPONIBLE,SANTIAGO,75000.0,70000.0,,,
NEW BALENO 2021,Bomba De Embrague De Caja,,DISPONIBLE,SANTIAGO,,,,,
NEW BALENO 2021,Bomba De Pedal De Embrague,,DISPONIBLE,SANTIAGO,,,,,
NEW BALENO 2021,Botonera,Delantera Izquierda,VENDIDO,SANTIAGO,35000.0,30000.0,,,
NEW BALENO 2021,Brazo Limpiaparabrisas,Izquierda,DISPONIBLE,SANTIAGO,15000.0,10000.0,,,
NEW BALENO 2021,Brazo Limpiaparabrisas,Derecha,DISPONIBLE,SANTIAGO,15000.0,10000.0,,,
NEW BALENO 2021,Caja,,VENDIDO,,300000.0,280000.0,,,Sin ubicación
NEW BALENO 2021,Caliper,Delantera Izquierda,DISPONIBLE,SANTIAGO,25000.0,20000.0,,,
NEW BALENO 2021,Caliper,Delantera Derecha,DISPONIBLE,SANTIAGO,25000.0,20000.0,,,
NEW BALENO 2021,Capot,,NO DISPONIBLE,N/A,,,,,
NEW BALENO 2021,Carter,,VENDIDO,SANTIAGO,65000.0,65000.0,,,
NEW BALENO 2021,Catalítico,,VENDIDO,SANTIAGO,,,,,
NEW BALENO 2021,Chupador De Aceite,,VENDIDO,SANTIAGO,40000.0,35000.0,,,
NEW BALENO 2021,Columna De Dirección Electronica,,VENDIDO,SANTIAGO,110000.0,100000.0,,,
NEW BALENO 2021,Compresor De Aire Acondicionado,,DISPONIBLE,SANTIAGO,110000.0,100000.0,,,
NEW BALENO 2021,Control De Espejos,,DISPONIBLE,SANTIAGO,15000.0,10000.0,,,
NEW BALENO 2021,Cremallera De Alzavidrio,Delantera Derecha,DISPONIBLE,SANTIAGO,35000.0,30000.0,,,
NEW BALENO 2021,Cremallera De Alzavidrio,Trasera Derecha,DISPONIBLE,SANTIAGO,35000.0,30000.0,,,
NEW BALENO 2021,Cremallera De Dirección,,DISPONIBLE,SANTIAGO,80000.0,70000.0,,,
NEW BALENO 2021,Cubre Carter,,NO DISPONIBLE,N/A,,,,,
NEW BALENO 2021,Cubre Equipaje,,NO DISPONIBLE,N/A,,,,,
NEW BALENO 2021,Cubre Rueda De Repuesto,,DISPONIBLE,SANTIAGO,25000.0,20000.0,,,
NEW BALENO 2021,Cubre Zócalo,Izquierda,DISPONIBLE,SANTIAGO,30000.0,25000.0,,,
NEW BALENO 2021,Cubre Zócalo,Derecha,DISPONIBLE,SANTIAGO,30000.0,25000.0,,,
NEW BALENO 2021,Cuerpo De Aceleración,,DISPONIBLE,SANTIAGO,50000.0,40000.0,,,
NEW BALENO 2021,Cuna,,DISPONIBLE,SANTIAGO,70000.0,60000.0,,,
NEW BALENO 2021,Disco De Freno,Delantera Izquierda,DISPONIBLE,SANTIAGO,20000.0,15000.0,,,
NEW BALENO 2021,Disco De Freno,Delantera Derecha,DISPONIBLE,SANTIAGO,20000.0,15000.0,,,
NEW BALENO 2021,Ecu,,DISPONIBLE,SANTIAGO,120000.0,100000.0,,PRECIO ACTUALIZADO,
NEW BALENO 2021,Eje Palier,Derecha,VENDIDO,SANTIAGO,65000.0,60000.0,,,
NEW BALENO 2021,Espejo,Izquierda,DISPONIBLE,SANTIAGO,35000.0,30000.0,,CONFIRMAR,
NEW BALENO 2021,Espejo,Derecha,DISPONIBLE,SANTIAGO,35000.0,30000.0,,CONFIRMAR ,
NEW BALENO 2021,Foco,Trasera Derecha,NO DISPONIBLE,SANTIAGO,0.0,0.0,,LO QUEBRARON,
NEW BALENO 2021,Frontales,,NO DISPONIBLE,N/A,,,,,
NEW BALENO 2021,Funda De Parachoque,Delantera,NO DISPONIBLE,N/A,,,,,
NEW BALENO 2021,Funda De Parachoque,Trasera,NO DISPONIBLE,N/A,,,,,
NEW BALENO 2021,Guardafango,Delantera Derecha,DISPONIBLE,SANTIAGO,25000.0,20000.0,,,
NEW BALENO 2021,Guardafango,Trasera Izquierda,DISPONIBLE,SANTIAGO,15000.0,10000.0,,,
NEW BALENO 2021,Kit De Airbag,,NO DISPONIBLE,N/A,,,,,
NEW BALENO 2021,Llanta Con Neumático,,VENDIDO,SANTIAGO,55000.0,50000.0,,,
NEW BALENO 2021,Llanta Con Neumático,,VENDIDO,SANTIAGO,55000.0,50000.0,,,
NEW BALENO 2021,Llanta Con Neumático,,DISPONIBLE,SANTIAGO,55000.0,50000.0,,,
NEW BALENO 2021,Llanta Con Neumático,,DISPONIBLE,SANTIAGO,55000.0,50000.0,,,
NEW BALENO 2021,Manilla Puerta,Trasera Izquierda Interior,DISPONIBLE,SANTIAGO,,,,,
NEW BALENO 2021,Manilla Puerta,Trasera Derecha Interior,POR CONFIRMAR,SANTIAGO,,,,,Estado inusual: POR CONFIRMAR
NEW BALENO 2021,Maza Y Rodamiento,Delantera,DISPONIBLE,,55000.0,50000.0,,,Posible múltiple repuesto; Sin ubicación
NEW BALENO 2021,Motor De Partida,,DISPONIBLE,SANTIAGO,45000.0,40000.0,,,
NEW BALENO 2021,Motor No Facturable,,VENDIDO,,550000.0,300000.0,,,Sin ubicación
NEW BALENO 2021,Parasol,Izquierda,DISPONIBLE,SANTIAGO,,,,,
NEW BALENO 2021,Parasol,Derecha,DISPONIBLE,SANTIAGO,,,,,
NEW BALENO 2021,Piolas Palanca De Cambio,,NO DISPONIBLE,,50000.0,40000.0,,,Sin ubicación
NEW BALENO 2021,Porta Filtro,,DISPONIBLE,SANTIAGO,35000.0,30000.0,,,
NEW BALENO 2021,Puerta Solo Lata,Delantera Derecha,VENDIDO,SANTIAGO,95000.0,85000.0,,,
NEW BALENO 2021,Puerta Solo Lata,Delantera Izquierda,VENDIDO,SANTIAGO,45000.0,45000.0,,DETALLE,
NEW BALENO 2021,Puerta Solo Lata,Trasera Derecha,VENDIDO,SANTIAGO,90000.0,80000.0,,,
NEW BALENO 2021,Puerta Solo Lata,Trasera Izquierda,DISPONIBLE,SANTIAGO,90000.0,80000.0,,,
NEW BALENO 2021,Ramal Completo,,DISPONIBLE,,90000.0,80000.0,,,"Termino especial ""completo""; Sin ubicación"
NEW BALENO 2021,Sensor Abs,,DISPONIBLE,SANTIAGO,15000.0,10000.0,,,
NEW BALENO 2021,Sensor De Oxígeno,,DISPONIBLE,SANTIAGO,25000.0,20000.0,,,
NEW BALENO 2021,Sistema De Freno,Izquierda,DISPONIBLE,SANTIAGO,45000.0,40000.0,,,
NEW BALENO 2021,Sistema De Freno,Derecha,DISPONIBLE,SANTIAGO,45000.0,40000.0,,,
NEW BALENO 2021,Tapabarro,Izquierda,NO DISPONIBLE,N/A,,,,,
NEW BALENO 2021,Tapabarro,Derecha,NO DISPONIBLE,N/A,70000.0,65000.0,,,
NEW BALENO 2021,Telecomando,,DISPONIBLE,SANTIAGO,45000.0,40000.0,,,
NEW BALENO 2021,Vidrio Puerta,Delantera Derecha,DISPONIBLE,SANTIAGO,35000.0,30000.0,,,
NEW BALENO 2021,Vidrio Puerta,Trasera Izquierda,DISPONIBLE,SANTIAGO,35000.0,30000.0,,,
NEW BALENO 2021,Volante,,DISPONIBLE,SANTIAGO,35000.0,30000.0,,,
NEW BALENO 2021,Sinóptico,,VENDIDO,SANTIAGO,50000.0,50000.0,,,
NEW BALENO 2021,,,,,,,,,Nombre vacío; Sin estado de stock; Sin ubicación
NEW BALENO 2021,,,,,,,,,Nombre vacío; Sin estado de stock; Sin ubicación
NEW BALENO 2021,,,,,,,,,Nombre vacío; Sin estado de stock; Sin ubicación
NEW BALENO 2021,,,,,,,,,Nombre vacío; Sin estado de stock; Sin ubicación
NEW BALENO 2021,,,,,,,,,Nombre vacío; Sin estado de stock; Sin ubicación
NEW BALENO 2021,,,,,,,,,Nombre vacío; Sin estado de stock; Sin ubicación
NEW BALENO 2021,,,,,,,,,Nombre vacío; Sin estado de stock; Sin ubicación
NEW BALENO 2021,,,,,,,,,Nombre vacío; Sin estado de stock; Sin ubicación
NEW BALENO 2021,,,,,,,,,Nombre vacío; Sin estado de stock; Sin ubicación
NEW BALENO 2021,,,,,,,,,Nombre vacío; Sin estado de stock; Sin ubicación
NEW BALENO 2021,,,,,,,,,Nombre vacío; Sin estado de stock; Sin ubicación
NEW BALENO 2021,,,,,,,,,Nombre vacío; Sin estado de stock; Sin ubicación
NEW BALENO 2021,,,,,,,,,Nombre vacío; Sin estado de stock; Sin ubicación
NEW BALENO 2021,,,,,,,,,Nombre vacío; Sin estado de stock; Sin ubicación
NEW BALENO 2021,,,,,,,,,Nombre vacío; Sin estado de stock; Sin ubicación
NEW BALENO 2021,,,,,,,,,Nombre vacío; Sin estado de stock; Sin ubicación
NEW BALENO 2021,,,,,,,,,Nombre vacío; Sin estado de stock; Sin ubicación
NEW BALENO 2021,,,,,,,,,Nombre vacío; Sin estado de stock; Sin ubicación
NEW BALENO 2021,,,,,,,,,Nombre vacío; Sin estado de stock; Sin ubicación
NEW BALENO 2021,,,,,,,,,Nombre vacío; Sin estado de stock; Sin ubicación
NEW BALENO 2021,,,,,,,,,Nombre vacío; Sin estado de stock; Sin ubicación
NEW BALENO 2021,,,,,,,,,Nombre vacío; Sin estado de stock; Sin ubicación
NEW BALENO 2021,,,,,,,,,Nombre vacío; Sin estado de stock; Sin ubicación
NEW BALENO 2021,,,,,,,,,Nombre vacío; Sin estado de stock; Sin ubicación
NEW BALENO 2021,,,,,,,,,Nombre vacío; Sin estado de stock; Sin ubicación
NEW BALENO 2021,,,,,,,,,Nombre vacío; Sin estado de stock; Sin ubicación
NEW BALENO 2021,,,,,,,,,Nombre vacío; Sin estado de stock; Sin ubicación
NEW BALENO 2021,,,,,,,,,Nombre vacío; Sin estado de stock; Sin ubicación
NEW BALENO 2021,,,,,,,,,Nombre vacío; Sin estado de stock; Sin ubicación
NEW BALENO 2021,,,,,,,,,Nombre vacío; Sin estado de stock; Sin ubicación
NEW BALENO 2021,,,,,,,,,Nombre vacío; Sin estado de stock; Sin ubicación
NEW BALENO 2021,,,,,,,,,Nombre vacío; Sin estado de stock; Sin ubicación
NEW BALENO 2021,,,,,,,,,Nombre vacío; Sin estado de stock; Sin ubicación
NEW BALENO 2021,,,,,,,,,Nombre vacío; Sin estado de stock; Sin ubicación
NEW BALENO 2021,,,,,,,,,Nombre vacío; Sin estado de stock; Sin ubicación
NEW BALENO 2021,,,,,,,,,Nombre vacío; Sin estado de stock; Sin ubicación
NEW BALENO 2021,,,,,,,,,Nombre vacío; Sin estado de stock; Sin ubicación
NEW BALENO 2021,,,,,,,,,Nombre vacío; Sin estado de stock; Sin ubicación
NEW BALENO 2021,,,,,,,,,Nombre vacío; Sin estado de stock; Sin ubicación
NEW BALENO 2021,,,,,,,,,Nombre vacío; Sin estado de stock; Sin ubicación
NEW BALENO 2021,,,,,,,,,Nombre vacío; Sin estado de stock; Sin ubicación
NEW BALENO 2021,,,,,,,,,Nombre vacío; Sin estado de stock; Sin ubicación
NEW BALENO 2021,,,,,,,,,Nombre vacío; Sin estado de stock; Sin ubicación
NEW BALENO 2021,,,,,,,,,Nombre vacío; Sin estado de stock; Sin ubicación
NEW BALENO 2021,,,,,,,,,Nombre vacío; Sin estado de stock; Sin ubicación
NEW BALENO 2021,,,,,,,,,Nombre vacío; Sin estado de stock; Sin ubicación
NEW BALENO 2021,,,,,,,,,Nombre vacío; Sin estado de stock; Sin ubicación
NEW BALENO 2021,,,,,,,,,Nombre vacío; Sin estado de stock; Sin ubicación
NEW BALENO 2021,,,,,,,,,Nombre vacío; Sin estado de stock; Sin ubicación
NEW BALENO 2021,,,,,,,,,Nombre vacío; Sin estado de stock; Sin ubicación
NEW BALENO 2021,,,,,,,,,Nombre vacío; Sin estado de stock; Sin ubicación
NEW BALENO 2021,,,,,,,,,Nombre vacío; Sin estado de stock; Sin ubicación
NEW BALENO 2021,,,,,,,,,Nombre vacío; Sin estado de stock; Sin ubicación
NEW BALENO 2021,,,,,,,,,Nombre vacío; Sin estado de stock; Sin ubicación
NEW BALENO 2021,,,,,,,,,Nombre vacío; Sin estado de stock; Sin ubicación
NEW BALENO 2021,,,,,,,,,Nombre vacío; Sin estado de stock; Sin ubicación
NEW BALENO 2021,,,,,,,,,Nombre vacío; Sin estado de stock; Sin ubicación
NEW BALENO 2021,,,,,,,,,Nombre vacío; Sin estado de stock; Sin ubicación
NEW BALENO 2021,,,,,,,,,Nombre vacío; Sin estado de stock; Sin ubicación
NEW SAIL 2021,,,VENDIDO,SANTIAGO,60000.0,55000.0,,,Nombre vacío
NEW SAIL 2021,,,DISPONIBLE,SANTIAGO,45000.0,40000.0,,AMORTIGUADOR + ESPIRAL + CAZOLETA,Nombre vacío
NEW SAIL 2021,,,DISPONIBLE,SANTIAGO,,,,,Nombre vacío
NEW SAIL 2021,,,DISPONIBLE,SANTIAGO,45000.0,40000.0,,AMORTIGUADOR + ESPIRAL + CAZOLETA,Nombre vacío
NEW SAIL 2021,,,DISPONIBLE,SANTIAGO,,,,,Nombre vacío
NEW SAIL 2021,,,DISPONIBLE,SANTIAGO,,,,,Nombre vacío
NEW SAIL 2021,,,DISPONIBLE,SANTIAGO,,,,,Nombre vacío
NEW SAIL 2021,,,DISPONIBLE,SANTIAGO,,,,,Nombre vacío
NEW SAIL 2021,,,VENDIDO,SANTIAGO,20000.0,15000.0,,,Nombre vacío
NEW SAIL 2021,,,VENDIDO,SANTIAGO,,,,,Nombre vacío
NEW SAIL 2021,,,VENDIDO,SANTIAGO,25000.0,20000.0,,,Nombre vacío
NEW SAIL 2021,,,VENDIDO,SANTIAGO,30000.0,30000.0,,,Nombre vacío
NEW SAIL 2021,,,DISPONIBLE,SANTIAGO,20000.0,20000.0,,,Nombre vacío
NEW SAIL 2021,,,DISPONIBLE,SANTIAGO,,,,,Nombre vacío
NEW SAIL 2021,,,VENDIDO,SANTIAGO,,,,,Nombre vacío
NEW SAIL 2021,,,DISPONIBLE,SANTIAGO,,,,,Nombre vacío
NEW SAIL 2021,,,DISPONIBLE,SANTIAGO,,,,,Nombre vacío
NEW SAIL 2021,,,DISPONIBLE,SANTIAGO,25000.0,20000.0,,,Nombre vacío
NEW SAIL 2021,,,VENDIDO,SANTIAGO,10000.0,10000.0,,,Nombre vacío
NEW SAIL 2021,,,VENDIDO,SANTIAGO,,,,,Nombre vacío
NEW SAIL 2021,,,VENDIDO,SANTIAGO,,,,,Nombre vacío
NEW SAIL 2021,,,DISPONIBLE,SANTIAGO,20000.0,15000.0,,,Nombre vacío
NEW SAIL 2021,,,VENDIDO,SANTIAGO,25000.0,20000.0,,,Nombre vacío
NEW SAIL 2021,,,VENDIDO,SANTIAGO,,,,,Nombre vacío
NEW SAIL 2021,,,DISPONIBLE,SANTIAGO,15000.0,10000.0,,,Nombre vacío
NEW SAIL 2021,,,DISPONIBLE,SANTIAGO,,,,,Nombre vacío
NEW SAIL 2021,,,DISPONIBLE,SANTIAGO,,,,,Nombre vacío
NEW SAIL 2021,,,VENDIDO,SANTIAGO,95000.0,90000.0,,,Nombre vacío
NEW SAIL 2021,,,DISPONIBLE,SANTIAGO,90000.0,80000.0,,,Nombre vacío
NEW SAIL 2021,,,DISPONIBLE,SANTIAGO,,,,,Nombre vacío
NEW SAIL 2021,,,DISPONIBLE,SANTIAGO,,,,,Nombre vacío
NEW SAIL 2021,,,DISPONIBLE,SANTIAGO,,,,,Nombre vacío
NEW SAIL 2021,,,DISPONIBLE,SANTIAGO,20000.0,15000.0,,,Nombre vacío
NEW SAIL 2021,,,DISPONIBLE,SANTIAGO,20000.0,15000.0,,,Nombre vacío
NEW SAIL 2021,,,DISPONIBLE,SANTIAGO,,,,,Nombre vacío
NEW SAIL 2021,,,DISPONIBLE,SANTIAGO,15000.0,10000.0,,,Nombre vacío
NEW SAIL 2021,,,DISPONIBLE,SANTIAGO,,,,,Nombre vacío
NEW SAIL 2021,,,DISPONIBLE,SANTIAGO,15000.0,10000.0,,,Nombre vacío
NEW SAIL 2021,,,VENDIDO,SANTIAGO,15000.0,10000.0,,,Nombre vacío
NEW SAIL 2021,,,DISPONIBLE,SANTIAGO,,,,,Nombre vacío
NEW SAIL 2021,,,VENDIDO,SANTIAGO,13000.0,10000.0,,,Nombre vacío
NEW SAIL 2021,,,VENDIDO,SANTIAGO,,,,,Nombre vacío
NEW SAIL 2021,,,DISPONIBLE,SANTIAGO,13000.0,10000.0,,,Nombre vacío
NEW SAIL 2021,,,VENDIDO,SANTIAGO,,,,,Nombre vacío
NEW SAIL 2021,,,DISPONIBLE,SANTIAGO,13000.0,10000.0,,,Nombre vacío
NEW SAIL 2021,,,VENDIDO,SANTIAGO,,,,,Nombre vacío
NEW SAIL 2021,,,DISPONIBLE,SANTIAGO,13000.0,10000.0,,,Nombre vacío
NEW SAIL 2021,,,DISPONIBLE,SANTIAGO,,,,,Nombre vacío
NEW SAIL 2021,,,VENDIDO,SANTIAGO,15000.0,10000.0,,,Nombre vacío
NEW SAIL 2021,,,DISPONIBLE,SANTIAGO,20000.0,15000.0,,,Nombre vacío
NEW SAIL 2021,,,DISPONIBLE,SANTIAGO,,,,,Nombre vacío
NEW SAIL 2021,,,DISPONIBLE,SANTIAGO,50000.0,40000.0,,,Nombre vacío
NEW SAIL 2021,,,VENDIDO,SANTIAGO,55000.0,50000.0,,,Nombre vacío
NEW SAIL 2021,,,DISPONIBLE,SANTIAGO,,,,,Nombre vacío
NEW SAIL 2021,,,DISPONIBLE,SANTIAGO,,,,,Nombre vacío
NEW SAIL 2021,,,DISPONIBLE,SANTIAGO,,,,,Nombre vacío
NEW SAIL 2021,,,DISPONIBLE,SANTIAGO,35000.0,30000.0,,,Nombre vacío
NEW SAIL 2021,,,DISPONIBLE,SANTIAGO,,,,,Nombre vacío
NEW SAIL 2021,,,DISPONIBLE,SANTIAGO,,,,,Nombre vacío
NEW SAIL 2021,,,DISPONIBLE,SANTIAGO,,,,,Nombre vacío
NEW SAIL 2021,,,DISPONIBLE,SANTIAGO,,,,,Nombre vacío
NEW SAIL 2021,,,DISPONIBLE,SANTIAGO,,,,,Nombre vacío
NEW SAIL 2021,,,DISPONIBLE,SANTIAGO,25000.0,20000.0,,,Nombre vacío
NEW SAIL 2021,,,DISPONIBLE,SANTIAGO,10000.0,10000.0,,,Nombre vacío
NEW SAIL 2021,,,DISPONIBLE,SANTIAGO,10000.0,10000.0,,,Nombre vacío
NEW SAIL 2021,,,DISPONIBLE,SANTIAGO,,,,,Nombre vacío
NEW SAIL 2021,,,DISPONIBLE,SANTIAGO,45000.0,40000.0,,,Nombre vacío
NEW SAIL 2021,,,DISPONIBLE,SANTIAGO,,,,,Nombre vacío
NEW SAIL 2021,,,DISPONIBLE,SANTIAGO,,,,,Nombre vacío
NEW SAIL 2021,,,DISPONIBLE,SANTIAGO,,,,,Nombre vacío
NEW SAIL 2021,,,DISPONIBLE,SANTIAGO,,,,,Nombre vacío
NEW SAIL 2021,,,DISPONIBLE,SANTIAGO,,,,,Nombre vacío
NEW SAIL 2021,,,DISPONIBLE,SANTIAGO,,,,,Nombre vacío
NEW SAIL 2021,,,VENDIDO,SANTIAGO,280000.0,250000.0,,PRECIO ACTUALIZADO,Nombre vacío
NEW SAIL 2021,,,DISPONIBLE,SANTIAGO,,,,,Nombre vacío
NEW SAIL 2021,,,DISPONIBLE,SANTIAGO,35000.0,30000.0,,,Nombre vacío
NEW SAIL 2021,,,DISPONIBLE,SANTIAGO,,,,,Nombre vacío
NEW SAIL 2021,,,DISPONIBLE,SANTIAGO,35000.0,30000.0,,,Nombre vacío
NEW SAIL 2021,,,DISPONIBLE,SANTIAGO,,,,,Nombre vacío
NEW SAIL 2021,,,DISPONIBLE,SANTIAGO,,,,,Nombre vacío
NEW SAIL 2021,,,VENDIDO,SANTIAGO,45000.0,40000.0,,,Nombre vacío
NEW SAIL 2021,,,DISPONIBLE,SANTIAGO,30000.0,25000.0,,,Nombre vacío
NEW SAIL 2021,,,VENDIDO,SANTIAGO,20000.0,20000.0,,,Nombre vacío
NEW SAIL 2021,,,DISPONIBLE,SANTIAGO,,,,,Nombre vacío
NEW SAIL 2021,,,VENDIDO,SANTIAGO,30000.0,25000.0,,,Nombre vacío
NEW SAIL 2021,,,VENDIDO,SANTIAGO,70000.0,65000.0,,,Nombre vacío
NEW SAIL 2021,,,VENDIDO,SANTIAGO,45000.0,40000.0,,,Nombre vacío
NEW SAIL 2021,,,VENDIDO,SANTIAGO,22500.0,22500.0,,,Nombre vacío
NEW SAIL 2021,,,VENDIDO,SANTIAGO,,,,,Nombre vacío
NEW SAIL 2021,,,DISPONIBLE,SANTIAGO,15000.0,15000.0,,,Nombre vacío
NEW SAIL 2021,,,DISPONIBLE,SANTIAGO,15000.0,10000.0,,,Nombre vacío
NEW SAIL 2021,,,DISPONIBLE,SANTIAGO,,,,,Nombre vacío
NEW SAIL 2021,,,VENDIDO,SANTIAGO,,,,,Nombre vacío
NEW SAIL 2021,,,DISPONIBLE,SANTIAGO,30000.0,25000.0,,,Nombre vacío
NEW SAIL 2021,,,VENDIDO,SANTIAGO,15000.0,15000.0,,,Nombre vacío
NEW SAIL 2021,,,POR CONFIRMAR,SANTIAGO,,,,,Nombre vacío; Estado inusual: POR CONFIRMAR
NEW SAIL 2021,,,VENDIDO,SANTIAGO,25000.0,20000.0,,,Nombre vacío
NEW SAIL 2021,,,DISPONIBLE,SANTIAGO,,,,,Nombre vacío
NEW SAIL 2021,,,DISPONIBLE,SANTIAGO,25000.0,20000.0,,,Nombre vacío
NEW SAIL 2021,,,DISPONIBLE,SANTIAGO,,,,,Nombre vacío
NEW SAIL 2021,,,DISPONIBLE,SANTIAGO,,,,,Nombre vacío
NEW SAIL 2021,,,DISPONIBLE,SANTIAGO,25000.0,20000.0,,,Nombre vacío
NEW SAIL 2021,,,DISPONIBLE,SANTIAGO,25000.0,20000.0,,,Nombre vacío
NEW SAIL 2021,,,DISPONIBLE,SANTIAGO,60000.0,55000.0,,,Nombre vacío
NEW SAIL 2021,,,DISPONIBLE,SANTIAGO,,,,,Nombre vacío
NEW SAIL 2021,,,NO DISPONIBLE,SANTIAGO,,,,,Nombre vacío
NEW SAIL 2021,,,NO DISPONIBLE,SANTIAGO,30000.0,25000.0,,,Nombre vacío
NEW SAIL 2021,,,NO DISPONIBLE,SANTIAGO,30000.0,25000.0,,,Nombre vacío
NEW SAIL 2021,,,DISPONIBLE,SANTIAGO,,,,,Nombre vacío
NEW SAIL 2021,,,DISPONIBLE,SANTIAGO,,,,,Nombre vacío
NEW SAIL 2021,,,VENDIDO,,,,,,Nombre vacío; Sin ubicación
NEW SAIL 2021,,,VENDIDO,SANTIAGO,15000.0,10000.0,,,Nombre vacío
NEW SAIL 2021,,,DISPONIBLE,SANTIAGO,15000.0,10000.0,,,Nombre vacío
NEW SAIL 2021,,,DISPONIBLE,SANTIAGO,,,,,Nombre vacío
NEW SAIL 2021,,,DISPONIBLE,SANTIAGO,,,,,Nombre vacío
NEW SAIL 2021,,,VENDIDO,SANTIAGO,,,,,Nombre vacío
NEW SAIL 2021,,,VENDIDO,SANTIAGO,,,,,Nombre vacío
NEW SAIL 2021,,,VENDIDO,SANTIAGO,,,,,Nombre vacío
NEW SAIL 2021,,,VENDIDO,SANTIAGO,,,,(3ER AUTO),Nombre vacío
NEW SAIL 2021,,,VENDIDO,SANTIAGO,,,,,Nombre vacío
NEW SAIL 2021,,,DISPONIBLE,SANTIAGO,25000.0,20000.0,,,Nombre vacío
NEW SAIL 2021,,,DISPONIBLE,SANTIAGO,40000.0,35000.0,,,Nombre vacío
NEW SAIL 2021,,,DISPONIBLE,SANTIAGO,40000.0,35000.0,,,Nombre vacío
NEW SAIL 2021,,,DISPONIBLE,SANTIAGO,35000.0,30000.0,,,Nombre vacío
NEW SAIL 2021,,,DISPONIBLE,SANTIAGO,35000.0,30000.0,,,Nombre vacío
NEW SAIL 2021,,,DISPONIBLE,SANTIAGO,,,,,Nombre vacío
NEW SAIL 2021,,,DISPONIBLE,SANTIAGO,,,,,Nombre vacío
NEW SAIL 2021,,,DISPONIBLE,SANTIAGO,,,,,Nombre vacío
NEW SAIL 2021,,,DISPONIBLE,SANTIAGO,,,,,Nombre vacío
NEW SAIL 2021,,,VENDIDO,SANTIAGO,75000.0,70000.0,,,Nombre vacío
NEW SAIL 2021,,,VENDIDO,SANTIAGO,75000.0,70000.0,,,Nombre vacío
NEW SAIL 2021,,,VENDIDO,SANTIAGO,25000.0,20000.0,,,Nombre vacío
NEW SAIL 2021,,,VENDIDO,SANTIAGO,35000.0,30000.0,,,Nombre vacío
NEW SAIL 2021,,,POR CONFIRMAR,SANTIAGO,,,,,Nombre vacío; Estado inusual: POR CONFIRMAR
NEW SAIL 2021,,,VENDIDO,SANTIAGO,,,,,Nombre vacío
NEW SAIL 2021,,,VENDIDO,SANTIAGO,55000.0,50000.0,,,Nombre vacío
NEW SAIL 2021,,,DISPONIBLE,SANTIAGO,,,,,Nombre vacío
NEW SAIL 2021,,,DISPONIBLE,SANTIAGO,160000.0,150000.0,,,Nombre vacío
NEW SAIL 2021,,,DISPONIBLE,SANTIAGO,45000.0,40000.0,,,Nombre vacío
NEW SAIL 2021,,,VENDIDO,SANTIAGO,45000.0,40000.0,,,Nombre vacío
NEW SAIL 2021,,,DISPONIBLE,SANTIAGO,45000.0,40000.0,,,Nombre vacío
NEW SAIL 2021,,,DISPONIBLE,SANTIAGO,,,,,Nombre vacío
NEW SAIL 2021,,,VENDIDO,SANTIAGO,15000.0,15000.0,,,Nombre vacío
NEW SAIL 2021,,,DISPONIBLE,SANTIAGO,15000.0,15000.0,,,Nombre vacío
NEW SAIL 2021,,,DISPONIBLE,SANTIAGO,20000.0,20000.0,,,Nombre vacío
NEW SAIL 2021,,,DISPONIBLE,SANTIAGO,,,,,Nombre vacío
NEW SAIL 2021,,,VENDIDO,SANTIAGO,,,,,Nombre vacío
NEW SAIL 2021,,,DISPONIBLE,SANTIAGO,20000.0,15000.0,,,Nombre vacío
NEW SAIL 2021,,,DISPONIBLE,SANTIAGO,15000.0,15000.0,,,Nombre vacío
NEW SAIL 2021,,,DISPONIBLE,SANTIAGO,10000.0,10000.0,,,Nombre vacío
NEW SAIL 2021,,,DISPONIBLE,SANTIAGO,10000.0,10000.0,,,Nombre vacío
NEW SAIL 2021,,,DISPONIBLE,SANTIAGO,,,,,Nombre vacío
NEW SAIL 2021,,,DISPONIBLE,SANTIAGO,,,,,Nombre vacío
NEW SAIL 2021,,,DISPONIBLE,SANTIAGO,110000.0,100000.0,,,Nombre vacío
NEW SAIL 2021,,,VENDIDO,SANTIAGO,115000.0,100000.0,,,Nombre vacío
NEW SAIL 2021,,,DISPONIBLE,SANTIAGO,55000.0,50000.0,,,Nombre vacío
NEW SAIL 2021,,,DISPONIBLE,SANTIAGO,,,,,Nombre vacío
NEW SAIL 2021,,,VENDIDO,SANTIAGO,65000.0,60000.0,,,Nombre vacío
NEW SAIL 2021,,,DISPONIBLE,SANTIAGO,,,,,Nombre vacío
NEW SAIL 2021,,,DISPONIBLE,SANTIAGO,50000.0,45000.0,,,Nombre vacío
NEW SAIL 2021,,,VENDIDO,SANTIAGO,15000.0,10000.0,,ESTÁ CON DETALLE (PARTIDO),Nombre vacío
NEW SAIL 2021,,,DISPONIBLE,SANTIAGO,35000.0,30000.0,,,Nombre vacío
NEW SAIL 2021,,,DISPONIBLE,SANTIAGO,15000.0,10000.0,,,Nombre vacío
NEW SAIL 2021,,,DISPONIBLE,SANTIAGO,,,,,Nombre vacío
NEW SAIL 2021,,,DISPONIBLE,SANTIAGO,,,,REVISAR QUE LLEGÓ,Nombre vacío
NEW SAIL 2021,,,VENDIDO,SANTIAGO,,,,,Nombre vacío
NEW SAIL 2021,,,VENDIDO,SANTIAGO,,,,,Nombre vacío
NEW SAIL 2021,,,VENDIDO,SANTIAGO,,,,,Nombre vacío
NEW SAIL 2021,,,VENDIDO,SANTIAGO,,,,,Nombre vacío
NEW SAIL 2021,,,VENDIDO,SANTIAGO,25000.0,20000.0,,POR CONFIRMAR DONDE ESTÁ,Nombre vacío
NEW SAIL 2021,,,VENDIDO,SANTIAGO,20000.0,15000.0,,,Nombre vacío
NEW SAIL 2021,,,VENDIDO,SANTIAGO,,,,,Nombre vacío
NEW SAIL 2021,,,DISPONIBLE,SANTIAGO,25000.0,20000.0,,,Nombre vacío
NEW SAIL 2021,,,DISPONIBLE,SANTIAGO,30000.0,25000.0,,,Nombre vacío
NEW SAIL 2021,,,VENDIDO,SANTIAGO,20000.0,20000.0,,,Nombre vacío
NEW SAIL 2021,,,NO DISPONIBLE,SANTIAGO,,,,ROTA,Nombre vacío
NEW SAIL 2021,,,VENDIDO,SANTIAGO,,,,,Nombre vacío
NEW SAIL 2021,,,DISPONIBLE,REQUINOA,25000.0,20000.0,,,Nombre vacío
NEW SAIL 2021,,,DISPONIBLE,SANTIAGO,,,,,Nombre vacío
NEW SAIL 2021,,,VENDIDO,SANTIAGO,10000.0,10000.0,,,Nombre vacío
NEW SAIL 2021,,,VENDIDO,SANTIAGO,10000.0,10000.0,,,Nombre vacío
NEW SAIL 2021,,,VENDIDO,SANTIAGO,10000.0,10000.0,,,Nombre vacío
NEW SAIL 2021,,,VENDIDO,SANTIAGO,10000.0,10000.0,,,Nombre vacío
NEW SAIL 2021,,,DISPONIBLE,SANTIAGO,25000.0,20000.0,,,Nombre vacío
NEW SAIL 2021,,,DISPONIBLE,SANTIAGO,,,,,Nombre vacío
NEW SAIL 2021,,,VENDIDO,SANTIAGO,,,,MALO,Nombre vacío
NEW SAIL 2021,,,NO DISPONIBLE,SANTIAGO,,,,MALO,Nombre vacío
NEW SAIL 2021,,,DISPONIBLE,REQUINOA,8000.0,8000.0,,,Nombre vacío
NEW SAIL 2021,,,DISPONIBLE,REQUINOA,8000.0,8000.0,,,Nombre vacío
NEW SAIL 2021,,,VENDIDO,SANTIAGO,,,,,Nombre vacío
NEW SAIL 2021,,,DISPONIBLE,SANTIAGO,,,,,Nombre vacío
NEW SAIL 2021,,,DISPONIBLE,SANTIAGO,15000.0,10000.0,,,Nombre vacío
NEW SAIL 2021,,,DISPONIBLE,SANTIAGO,15000.0,10000.0,,,Nombre vacío
NEW SAIL 2021,,,DISPONIBLE,SANTIAGO,15000.0,10000.0,,,Nombre vacío
NEW SAIL 2021,,,NO DISPONIBLE,SANTIAGO,0.0,0.0,,VEHÍCULO SIN AIRBAG,Nombre vacío
NEW SAIL 2021,,,VENDIDO,SANTIAGO,,,,,Nombre vacío
NEW SAIL 2021,,,DISPONIBLE,SANTIAGO,260000.0,250000.0,,LLEGA LO QUE FALTA 15-11,Nombre vacío
NEW SAIL 2021,,,VENDIDO,SANTIAGO,35000.0,30000.0,,,Nombre vacío
NEW SAIL 2021,,,VENDIDO,SANTIAGO,35000.0,30000.0,,,Nombre vacío
NEW SAIL 2021,,,VENDIDO,SANTIAGO,35000.0,30000.0,,,Nombre vacío
NEW SAIL 2021,,,VENDIDO,SANTIAGO,35000.0,30000.0,,,Nombre vacío
NEW SAIL 2021,,,VENDIDO,SANTIAGO,15000.0,10000.0,,,Nombre vacío
NEW SAIL 2021,,,VENDIDO,SANTIAGO,,,,,Nombre vacío
NEW SAIL 2021,,,VENDIDO,SANTIAGO,15000.0,10000.0,,,Nombre vacío
NEW SAIL 2021,,,VENDIDO,SANTIAGO,55000.0,50000.0,,PARABRISAS TRASERO(GM ORIGINAL),Nombre vacío
NEW SAIL 2021,,,DISPONIBLE,SANTIAGO,,,,NO ESPECIFICA LUGAR (LLEGÓ 25-11),Nombre vacío
NEW SAIL 2021,,,VENDIDO,SANTIAGO,7000.0,5000.0,,,Nombre vacío
NEW SAIL 2021,,,VENDIDO,SANTIAGO,7000.0,5000.0,,,Nombre vacío
NEW SAIL 2021,,,DISPONIBLE,SANTIAGO,,,,,Nombre vacío
NEW SAIL 2021,,,DISPONIBLE,SANTIAGO,7000.0,5000.0,,,Nombre vacío
NEW SAIL 2021,,,DISPONIBLE,SANTIAGO,7000.0,5000.0,,,Nombre vacío
NEW SAIL 2021,,,DISPONIBLE,SANTIAGO,7000.0,5000.0,,,Nombre vacío
NEW SAIL 2021,,,VENDIDO,SANTIAGO,,,,,Nombre vacío
NEW SAIL 2021,,,DISPONIBLE,SANTIAGO,15000.0,10000.0,,,Nombre vacío
NEW SAIL 2021,,,DISPONIBLE,SANTIAGO,,,,,Nombre vacío
NEW SAIL 2021,,,VENDIDO,SANTIAGO,,,,,Nombre vacío
NEW SAIL 2021,,,DISPONIBLE,SANTIAGO,,,,,Nombre vacío
NEW SAIL 2021,,,DISPONIBLE,SANTIAGO,15000.0,10000.0,,,Nombre vacío
NEW SAIL 2021,,,DISPONIBLE,SANTIAGO,15000.0,10000.0,,,Nombre vacío
NEW SAIL 2021,,,DISPONIBLE,SANTIAGO,,,,,Nombre vacío
NEW SAIL 2021,,,DISPONIBLE,SANTIAGO,,,,,Nombre vacío
NEW SAIL 2021,,,DISPONIBLE,SANTIAGO,,,,,Nombre vacío
NEW SAIL 2021,,,VENDIDO,SANTIAGO,25000.0,20000.0,,,Nombre vacío
NEW SAIL 2021,,,,,,,,,Nombre vacío; Sin estado de stock; Sin ubicación
NEW SAIL 2021,,,VENDIDO,SANTIAGO,25000.0,20000.0,,,Nombre vacío
NEW SAIL 2021,,,DISPONIBLE,SANTIAGO,,,,,Nombre vacío
NEW SAIL 2021,,,DISPONIBLE,SANTIAGO,,,,,Nombre vacío
NEW SAIL 2021,,,DISPONIBLE,SANTIAGO,,,,,Nombre vacío
NEW SAIL 2021,,,DISPONIBLE,SANTIAGO,,,,,Nombre vacío
NEW SAIL 2021,,,DISPONIBLE,SANTIAGO,25000.0,20000.0,,,Nombre vacío
NEW SAIL 2021,,,VENDIDO,SANTIAGO,,,,,Nombre vacío
NEW SAIL 2021,,,DISPONIBLE,SANTIAGO,25000.0,20000.0,,,Nombre vacío
NEW SAIL 2021,,,DISPONIBLE,SANTIAGO,,,,,Nombre vacío
NEW SAIL 2021,,,VENDIDO,SANTIAGO,,,,,Nombre vacío
NEW SAIL 2021,,,DISPONIBLE,SANTIAGO,,,,,Nombre vacío
NEW SAIL 2021,,,DISPONIBLE,SANTIAGO,,,,,Nombre vacío
NEW SAIL 2021,,,DISPONIBLE,SANTIAGO,,,,,Nombre vacío
NEW SAIL 2021,,,VENDIDO,SANTIAGO,,,,,Nombre vacío
NEW SAIL 2021,,,VENDIDO,SANTIAGO,30000.0,25000.0,,SIN LOGO,Nombre vacío
NEW SAIL 2021,,,NO DISPONIBLE,SANTIAGO,,,,,Nombre vacío
NEW SAIL 2021,,,VENDIDO,SANTIAGO,,,,,Nombre vacío
NEW SAIL 2021,,,DISPONIBLE,SANTIAGO,7000.0,7000.0,,,Nombre vacío
NEW SAIL 2021,,,VENDIDO,SANTIAGO,7000.0,7000.0,,,Nombre vacío
NEW SAIL 2021,,,DISPONIBLE,SANTIAGO,7000.0,7000.0,,,Nombre vacío
NEW SAIL 2021,,,NO DISPONIBLE,SANTIAGO,,,,,Nombre vacío
NEW SAIL 2021,,,NO DISPONIBLE,SANTIAGO,,,,,Nombre vacío
NEW SAIL 2021,,,DISPONIBLE,SANTIAGO,75000.0,70000.0,,,Nombre vacío
NEW SAIL 2021,,,DISPONIBLE,SANTIAGO,,,,,Nombre vacío
NEW SAIL 2021,,,DISPONIBLE,SANTIAGO,,,,,Nombre vacío
NEW SAIL 2021,,,DISPONIBLE,SANTIAGO,,,,,Nombre vacío
NEW SAIL 2021,,,VENDIDO,SANTIAGO,50000.0,45000.0,,,Nombre vacío
NEW SAIL 2021,,,DISPONIBLE,SANTIAGO,,,,,Nombre vacío
NEW SAIL 2021,,,VENDIDO,SANTIAGO,45000.0,40000.0,,,Nombre vacío
NEW SAIL 2021,,,VENDIDO,SANTIAGO,45000.0,40000.0,,,Nombre vacío
NEW SAIL 2021,,,DISPONIBLE,SANTIAGO,65000.0,60000.0,,,Nombre vacío
NEW SAIL 2021,,,DISPONIBLE,SANTIAGO,,,,,Nombre vacío
NEW SAIL 2021,,,DISPONIBLE,SANTIAGO,,,,,Nombre vacío
NEW SAIL 2021,,,DISPONIBLE,SANTIAGO,,,,,Nombre vacío
NEW SAIL 2021,,,DISPONIBLE,SANTIAGO,,,,,Nombre vacío
NEW SAIL 2021,,,DISPONIBLE,SANTIAGO,50000.0,45000.0,,,Nombre vacío
NEW SAIL 2021,,,DISPONIBLE,SANTIAGO,50000.0,45000.0,,,Nombre vacío
NEW SAIL 2021,,,DISPONIBLE,SANTIAGO,20000.0,20000.0,,,Nombre vacío
NEW SAIL 2021,,,DISPONIBLE,SANTIAGO,20000.0,20000.0,,,Nombre vacío
NEW SAIL 2021,,,DISPONIBLE,SANTIAGO,,,,,Nombre vacío
NEW SAIL 2021,,,DISPONIBLE,SANTIAGO,,,,,Nombre vacío
NEW SAIL 2021,,,VENDIDO,SANTIAGO,20000.0,20000.0,,PATAS QUEBRADAS,Nombre vacío
NEW SAIL 2021,,,VENDIDO,SANTIAGO,35000.0,30000.0,,,Nombre vacío
NEW SAIL 2021,,,VENDIDO,SANTIAGO,20000.0,20000.0,,PATAS QUEBRADAS,Nombre vacío
NEW SAIL 2021,,,VENDIDO,SANTIAGO,35000.0,30000.0,,,Nombre vacío
NEW SAIL 2021,,,DISPONIBLE,SANTIAGO,20000.0,15000.0,,,Nombre vacío
NEW SAIL 2021,,,DISPONIBLE,SANTIAGO,,,,,Nombre vacío
NEW SAIL 2021,,,DISPONIBLE,SANTIAGO,,,,,Nombre vacío
NEW SAIL 2021,,,DISPONIBLE,SANTIAGO,,,,,Nombre vacío
NEW SAIL 2021,,,VENDIDO,SANTIAGO,,,,,Nombre vacío
NEW SAIL 2021,,,NO DISPONIBLE,REQUINOA,,,,TRIZADO,Nombre vacío
NEW SAIL 2021,,,NO DISPONIBLE,SANTIAGO,,,,,Nombre vacío
NEW SAIL 2021,,,DISPONIBLE,SANTIAGO,,,,,Nombre vacío
NEW SAIL 2021,,,DISPONIBLE,SANTIAGO,,,,,Nombre vacío
NEW SAIL 2021,,,DISPONIBLE,SANTIAGO,,,,,Nombre vacío
NEW SAIL 2021,,,DISPONIBLE,SANTIAGO,,,,,Nombre vacío
NEW SAIL 2021,,,VENDIDO,SANTIAGO,40000.0,35000.0,,,Nombre vacío
NEW SAIL 2021,,,DISPONIBLE,SANTIAGO,40000.0,35000.0,,,Nombre vacío
NEW SAIL 2021,,,DISPONIBLE,SANTIAGO,,,,,Nombre vacío
NEW SAIL 2021,,,DISPONIBLE,SANTIAGO,,,,,Nombre vacío
NEW SAIL 2021,,,DISPONIBLE,SANTIAGO,,,,,Nombre vacío
NEW SAIL 2021,,,DISPONIBLE,SANTIAGO,40000.0,35000.0,,,Nombre vacío
NEW SAIL 2021,,,VENDIDO,SANTIAGO,,,,,Nombre vacío
NEW SAIL 2021,,,DISPONIBLE,SANTIAGO,,,,,Nombre vacío
NEW SAIL 2021,,,DISPONIBLE,SANTIAGO,65000.0,60000.0,,,Nombre vacío
NEW SAIL 2021,,,VENDIDO,SANTIAGO,10000.0,10000.0,,CLIENTE IVÁN,Nombre vacío
NEW SAIL 2021,,,VENDIDO,SANTIAGO,10000.0,10000.0,,CLIENTE IVÁN,Nombre vacío
NEW SAIL 2021,,,DISPONIBLE,SANTIAGO,35000.0,30000.0,,,Nombre vacío
NEW SAIL 2021,,,VENDIDO,SANTIAGO,25000.0,20000.0,,,Nombre vacío
NEW SAIL 2021,,,NO DISPONIBLE,SANTIAGO,,,,,Nombre vacío
NEW SAIL 2021,,,VENDIDO,SANTIAGO,75000.0,70000.0,,,Nombre vacío
NEW SAIL 2021,,,VENDIDO,SANTIAGO,65000.0,60000.0,,,Nombre vacío
NEW SAIL 2021,,,VENDIDO,SANTIAGO,75000.0,70000.0,,PRECIO ACTUALIZADO,Nombre vacío
NEW SAIL 2021,,,VENDIDO,SANTIAGO,75000.0,70000.0,,PRECIO ACTUALIZADO,Nombre vacío
NEW SAIL 2021,,,VENDIDO,SANTIAGO,60000.0,50000.0,,SEGÚN FOTO DE CLIENTE IVÁN,Nombre vacío
NEW SAIL 2021,,,VENDIDO,SANTIAGO,30000.0,25000.0,,,Nombre vacío
NEW SAIL 2021,,,VENDIDO,SANTIAGO,,,,,Nombre vacío
NEW SAIL 2021,,,DISPONIBLE,SANTIAGO,35000.0,30000.0,,,Nombre vacío
NEW SAIL 2021,,,VENDIDO,SANTIAGO,,,,,Nombre vacío
NEW SAIL 2021,,,POR CONFIRMAR,SANTIAGO,35000.0,30000.0,,NO ORIGINAL,Nombre vacío; Estado inusual: POR CONFIRMAR
NEW SAIL 2021,,,VENDIDO,SANTIAGO,,,,CON AIRE,Nombre vacío
NEW SAIL 2021,,,DISPONIBLE,SANTIAGO,55000.0,50000.0,,SIN AIRE - CON CONECTORES CORTADOS,Nombre vacío
NEW SAIL 2021,,,DISPONIBLE,SANTIAGO,,,,,Nombre vacío
NEW SAIL 2021,,,DISPONIBLE,SANTIAGO,,,,,Nombre vacío
NEW SAIL 2021,,,DISPONIBLE,SANTIAGO,20000.0,15000.0,,,Nombre vacío
NEW SAIL 2021,,,VENDIDO,SANTIAGO,25000.0,25000.0,,,Nombre vacío
NEW SAIL 2021,,,DISPONIBLE,SANTIAGO,,,,,Nombre vacío
NEW SAIL 2021,,,DISPONIBLE,SANTIAGO,,,,CON DETALLE,Nombre vacío
NEW SAIL 2021,,,VENDIDO,SANTIAGO,,,,,Nombre vacío
NEW SAIL 2021,,,DISPONIBLE,SANTIAGO,25000.0,20000.0,,,Nombre vacío
NEW SAIL 2021,,,DISPONIBLE,SANTIAGO,,,,,Nombre vacío
NEW SAIL 2021,,,DISPONIBLE,SANTIAGO,,,,,Nombre vacío
NEW SAIL 2021,,,DISPONIBLE,SANTIAGO,,,,,Nombre vacío
NEW SAIL 2021,,,DISPONIBLE,SANTIAGO,,,,,Nombre vacío
NEW SAIL 2021,,,VENDIDO,SANTIAGO,,10000.0,,,Nombre vacío
NEW SAIL 2021,,,VENDIDO,SANTIAGO,,10000.0,,,Nombre vacío
NEW SAIL 2021,,,DISPONIBLE,SANTIAGO,,,,,Nombre vacío
NEW SAIL 2021,,,DISPONIBLE,SANTIAGO,,,,,Nombre vacío
NEW SAIL 2021,,,DISPONIBLE,SANTIAGO,,,,,Nombre vacío
NEW SAIL 2021,,,DISPONIBLE,SANTIAGO,,,,,Nombre vacío
NEW SAIL 2021,,,DISPONIBLE,SANTIAGO,,,,,Nombre vacío
NEW SAIL 2021,,,DISPONIBLE,SANTIAGO,,,,,Nombre vacío
NEW SAIL 2021,,,VENDIDO,SANTIAGO,25000.0,25000.0,,,Nombre vacío
NEW SAIL 2021,,,DISPONIBLE,SANTIAGO,25000.0,25000.0,,,Nombre vacío
NEW SAIL 2021,,,VENDIDO,SANTIAGO,55000.0,50000.0,,,Nombre vacío
NEW SAIL 2021,,,DISPONIBLE,SANTIAGO,55000.0,50000.0,,,Nombre vacío
NEW SAIL 2021,,,DISPONIBLE,SANTIAGO,,,,,Nombre vacío
NEW SAIL 2021,,,DISPONIBLE,SANTIAGO,,,,,Nombre vacío
NEW SAIL 2021,,,DISPONIBLE,SANTIAGO,,,,,Nombre vacío
NEW SAIL 2021,,,DISPONIBLE,SANTIAGO,15000.0,15000.0,,,Nombre vacío
NEW SAIL 2021,,,DISPONIBLE,SANTIAGO,15000.0,15000.0,,,Nombre vacío
NEW SAIL 2021,,,VENDIDO,SANTIAGO,,,,,Nombre vacío
NEW SAIL 2021,,,DISPONIBLE,SANTIAGO,15000.0,15000.0,,,Nombre vacío
NEW SAIL 2021,,,VENDIDO,SANTIAGO,20000.0,15000.0,,,Nombre vacío
NEW SAIL 2021,,,DISPONIBLE,SANTIAGO,,,,,Nombre vacío
NEW SAIL 2021,,,DISPONIBLE,SANTIAGO,,,,,Nombre vacío
NEW SAIL 2021,,,DISPONIBLE,SANTIAGO,,,,,Nombre vacío
NEW SAIL 2021,,,DISPONIBLE,,25000.0,20000.0,,,Nombre vacío; Sin ubicación
NEW SAIL 2021,,,VENDIDO,SANTIAGO,20000.0,15000.0,,,Nombre vacío
NEW SAIL 2021,,,DISPONIBLE,SANTIAGO,,,,,Nombre vacío
NEW SAIL 2021,,,DISPONIBLE,SANTIAGO,,,,,Nombre vacío
NEW SAIL 2021,,,DISPONIBLE,SANTIAGO,,,,,Nombre vacío
NEW SAIL 2021,,,DISPONIBLE,SANTIAGO,12000.0,10000.0,,,Nombre vacío
NEW SAIL 2021,,,VENDIDO,SANTIAGO,,,,,Nombre vacío
NEW SAIL 2021,,,DISPONIBLE,SANTIAGO,12000.0,10000.0,,,Nombre vacío
NEW SAIL 2021,,,VENDIDO,SANTIAGO,,,,,Nombre vacío
NEW SAIL 2021,,,VENDIDO,SANTIAGO,10000.0,8000.0,,PREGUNTAR ESTADO Y PEDIR FOTO,Nombre vacío
NEW SAIL 2021,,,VENDIDO,SANTIAGO,,,,,Nombre vacío
NEW SAIL 2021,,,DISPONIBLE,SANTIAGO,,,,,Nombre vacío
NEW SAIL 2021,,,DISPONIBLE,SANTIAGO,,,,,Nombre vacío
NEW SAIL 2021,,,DISPONIBLE,SANTIAGO,55000.0,50000.0,,,Nombre vacío
NEW SAIL 2021,,,DISPONIBLE,SANTIAGO,25000.0,20000.0,,SIN AIRBAG,Nombre vacío
NEW SAIL 2021,,,DISPONIBLE,SANTIAGO,,,,,Nombre vacío
NEW SAIL 2021,,,DISPONIBLE,,,,,,Nombre vacío; Sin ubicación
NEW SAIL 2021,,,VENDIDO,SANTIAGO,25000.0,20000.0,,,Nombre vacío
NEW SAIL 2021,,,VENDIDO,SANTIAGO,25000.0,20000.0,,,Nombre vacío
NEW SAIL 2021,,,DISPONIBLE,SANTIAGO,,,,,Nombre vacío
NEW SAIL 2021,,,DISPONIBLE,SANTIAGO,,,,,Nombre vacío
NEW SAIL 2021,,,DISPONIBLE,SANTIAGO,,,,,Nombre vacío
NEW SAIL 2021,,,VENDIDO,SANTIAGO,20000.0,15000.0,,,Nombre vacío
NEW SAIL 2021,,,VENDIDO,SANTIAGO,,,,,Nombre vacío
NEW SAIL 2021,,,VENDIDO,SANTIAGO,20000.0,15000.0,,,Nombre vacío
NEW SAIL 2021,,,VENDIDO,SANTIAGO,,,,,Nombre vacío
NEW SAIL 2021,,,NO DISPONIBLE,SANTIAGO,20000.0,15000.0,,,Nombre vacío
NEW SAIL 2021,,,VENDIDO,SANTIAGO,,,,,Nombre vacío
NEW SAIL 2021,,,VENDIDO,SANTIAGO,20000.0,15000.0,,,Nombre vacío
NEW SAIL 2021,,,VENDIDO,SANTIAGO,,,,,Nombre vacío
NEW SAIL 2021,,,DISPONIBLE,SANTIAGO,,,,,Nombre vacío
NEW SAIL 2021,,,DISPONIBLE,SANTIAGO,15000.0,15000.0,,,Nombre vacío
NEW SAIL 2021,,,DISPONIBLE,SANTIAGO,15000.0,15000.0,,,Nombre vacío
NEW SAIL 2021,,,DISPONIBLE,SANTIAGO,,,,,Nombre vacío
NEW SAIL 2021,,,DISPONIBLE,SANTIAGO,,,,,Nombre vacío
NEW SAIL 2021,,,VENDIDO,SANTIAGO,80000.0,80000.0,,,Nombre vacío
NEW SAIL 2021,,,DISPONIBLE,SANTIAGO,,,,,Nombre vacío
NEW SAIL 2021,,,DISPONIBLE,SANTIAGO,,,,,Nombre vacío
NEW SAIL 2021,,,DISPONIBLE,SANTIAGO,15000.0,10000.0,,,Nombre vacío
NEW SAIL 2021,,,DISPONIBLE,SANTIAGO,15000.0,10000.0,,,Nombre vacío
NEW SAIL 2021,,,NO DISPONIBLE,N/A,25000.0,20000.0,,,Nombre vacío
NEW SAIL 2021,,,DISPONIBLE,SANTIAGO,10000.0,10000.0,,,Nombre vacío
NEW SAIL 2021,,,VENDIDO,SANTIAGO,15000.0,10000.0,,,Nombre vacío
NEW SAIL 2021,,,DISPONIBLE,SANTIAGO,,,,,Nombre vacío
NEW SAIL 2021,,,DISPONIBLE,SANTIAGO,30000.0,25000.0,,,Nombre vacío
NEW SAIL 2021,,,DISPONIBLE,SANTIAGO,,,,,Nombre vacío
NEW SAIL 2021,,,DISPONIBLE,SANTIAGO,,,,,Nombre vacío
NEW SAIL 2021,,,VENDIDO,SANTIAGO,,,,,Nombre vacío
NEW SAIL 2021,,,VENDIDO,SANTIAGO,35000.0,30000.0,,,Nombre vacío
NEW SAIL 2021,,,VENDIDO,SANTIAGO,35000.0,30000.0,,,Nombre vacío
NEW SAIL 2021,,,NO DISPONIBLE,SANTIAGO,35000.0,30000.0,,,Nombre vacío
NEW SAIL 2021,,,VENDIDO,SANTIAGO,35000.0,30000.0,,,Nombre vacío
NEW SAIL 2021,,,DISPONIBLE,SANTIAGO,25000.0,20000.0,,,Nombre vacío
NEW SAIL 2021,,,DISPONIBLE,SANTIAGO,,,,,Nombre vacío
NEW SAIL 2021,,,DISPONIBLE,SANTIAGO,45000.0,40000.0,,,Nombre vacío
NEW SAIL 2021,,,NO DISPONIBLE,SANTIAGO,,,,,Nombre vacío
NEW SAIL 2021,,,,,,,,,Nombre vacío; Sin estado de stock; Sin ubicación
NEW SAIL 2021,,,,,,,,,Nombre vacío; Sin estado de stock; Sin ubicación
NEW SAIL 2021,,,,,,,,,Nombre vacío; Sin estado de stock; Sin ubicación
NEW SAIL 2021,,,,,,,,,Nombre vacío; Sin estado de stock; Sin ubicación
NEW SAIL 2021,,,,,,,,,Nombre vacío; Sin estado de stock; Sin ubicación
NEW SAIL 2021,,,,,,,,,Nombre vacío; Sin estado de stock; Sin ubicación
NEW SAIL 2021,,,,,,,,,Nombre vacío; Sin estado de stock; Sin ubicación
NEW SAIL 2021,,,,,,,,,Nombre vacío; Sin estado de stock; Sin ubicación
NEW SAIL 2021,,,,,,,,,Nombre vacío; Sin estado de stock; Sin ubicación
NEW SAIL 2021,,,,,,,,,Nombre vacío; Sin estado de stock; Sin ubicación
NEW SAIL 2021,,,,,,,,,Nombre vacío; Sin estado de stock; Sin ubicación
NEW SAIL 2021,,,,,,,,,Nombre vacío; Sin estado de stock; Sin ubicación
NEW SAIL 2021,,,,,,,,,Nombre vacío; Sin estado de stock; Sin ubicación
NEW SAIL 2021,,,,,,,,,Nombre vacío; Sin estado de stock; Sin ubicación
NEW SAIL 2021,,,,,,,,,Nombre vacío; Sin estado de stock; Sin ubicación
NEW SAIL 2021,,,,,,,,,Nombre vacío; Sin estado de stock; Sin ubicación
NEW SAIL 2021,,,,,,,,,Nombre vacío; Sin estado de stock; Sin ubicación
NEW SAIL 2021,,,,,,,,,Nombre vacío; Sin estado de stock; Sin ubicación
NEW SAIL 2021,,,,,,,,,Nombre vacío; Sin estado de stock; Sin ubicación
NEW SAIL 2021,,,,,,,,,Nombre vacío; Sin estado de stock; Sin ubicación
NEW SAIL 2021,,,,,,,,,Nombre vacío; Sin estado de stock; Sin ubicación
NEW SAIL 2021,,,,,,,,,Nombre vacío; Sin estado de stock; Sin ubicación
NEW SAIL 2021,,,,,,,,,Nombre vacío; Sin estado de stock; Sin ubicación
NEW SAIL 2021,,,,,,,,,Nombre vacío; Sin estado de stock; Sin ubicación
NEW SAIL 2021,,,,,,,,,Nombre vacío; Sin estado de stock; Sin ubicación
NEW SAIL 2021,,,,,,,,,Nombre vacío; Sin estado de stock; Sin ubicación
NEW SAIL 2021,,,,,,,,,Nombre vacío; Sin estado de stock; Sin ubicación
NEW SAIL 2021,,,,,,,,,Nombre vacío; Sin estado de stock; Sin ubicación
NEW SAIL 2021,,,,,,,,,Nombre vacío; Sin estado de stock; Sin ubicación
NEW SAIL 2021,,,,,,,,,Nombre vacío; Sin estado de stock; Sin ubicación
NEW SAIL 2021,,,,,,,,,Nombre vacío; Sin estado de stock; Sin ubicación
NEW SAIL 2021,,,,,,,,,Nombre vacío; Sin estado de stock; Sin ubicación
NEW SAIL 2021,,,,,,,,,Nombre vacío; Sin estado de stock; Sin ubicación
NEW SAIL 2021,,,,,,,,,Nombre vacío; Sin estado de stock; Sin ubicación
NEW SAIL 2021,,,,,,,,,Nombre vacío; Sin estado de stock; Sin ubicación
NEW SAIL 2021,,,,,,,,,Nombre vacío; Sin estado de stock; Sin ubicación
NEW SAIL 2021,,,,,,,,,Nombre vacío; Sin estado de stock; Sin ubicación
NEW SAIL 2021,,,,,,,,,Nombre vacío; Sin estado de stock; Sin ubicación
NEW SAIL 2021,,,,,,,,,Nombre vacío; Sin estado de stock; Sin ubicación
NEW SAIL 2021,,,,,,,,,Nombre vacío; Sin estado de stock; Sin ubicación
NEW SAIL 2021,,,,,,,,,Nombre vacío; Sin estado de stock; Sin ubicación
NEW SAIL 2021,,,,,,,,,Nombre vacío; Sin estado de stock; Sin ubicación
NEW SAIL 2021,,,,,,,,,Nombre vacío; Sin estado de stock; Sin ubicación
NEW SAIL 2021,,,,,,,,,Nombre vacío; Sin estado de stock; Sin ubicación
NEW SAIL 2021,,,,,,,,,Nombre vacío; Sin estado de stock; Sin ubicación
NEW SAIL 2021,,,,,,,,,Nombre vacío; Sin estado de stock; Sin ubicación
NEW SAIL 2021,,,,,,,,,Nombre vacío; Sin estado de stock; Sin ubicación
NEW SAIL 2021,,,,,,,,,Nombre vacío; Sin estado de stock; Sin ubicación
NEW SAIL 2021,,,,,,,,,Nombre vacío; Sin estado de stock; Sin ubicación
NEW SAIL 2021,,,,,,,,,Nombre vacío; Sin estado de stock; Sin ubicación
NEW SAIL 2021,,,,,,,,,Nombre vacío; Sin estado de stock; Sin ubicación
NEW SAIL 2021,,,,,,,,,Nombre vacío; Sin estado de stock; Sin ubicación
NEW SAIL 2021,,,,,,,,,Nombre vacío; Sin estado de stock; Sin ubicación
NEW SAIL 2021,,,,,,,,,Nombre vacío; Sin estado de stock; Sin ubicación
NEW SAIL 2021,,,,,,,,,Nombre vacío; Sin estado de stock; Sin ubicación
NEW SAIL 2021,,,,,,,,,Nombre vacío; Sin estado de stock; Sin ubicación
NEW SAIL 2021,,,,,,,,,Nombre vacío; Sin estado de stock; Sin ubicación
NEW SAIL 2021,,,,,,,,,Nombre vacío; Sin estado de stock; Sin ubicación
NEW SAIL 2021,,,,,,,,,Nombre vacío; Sin estado de stock; Sin ubicación
NEW SAIL 2021,,,,,,,,,Nombre vacío; Sin estado de stock; Sin ubicación
NEW SAIL 2021,,,,,,,,,Nombre vacío; Sin estado de stock; Sin ubicación
NEW SAIL 2021,,,,,,,,,Nombre vacío; Sin estado de stock; Sin ubicación
NEW SAIL 2021,,,,,,,,,Nombre vacío; Sin estado de stock; Sin ubicación
NEW SAIL 2021,,,,,,,,,Nombre vacío; Sin estado de stock; Sin ubicación
OPTRA 2009,Amortiguador,Delantera Izquierda,DISPONIBLE,SANTIAGO,25000.0,20000.0,,,
OPTRA 2009,Amortiguador,Delantera Derecha,DISPONIBLE,SANTIAGO,25000.0,20000.0,,,
OPTRA 2009,Bandeja,Delantera Izquierda,DISPONIBLE,SANTIAGO,,,,,
OPTRA 2009,Bandeja,Delantera Derecha,DISPONIBLE,SANTIAGO,,,,,
OPTRA 2009,Bisel Radio Y Control De Aire,,DISPONIBLE,SANTIAGO,,,,,Posible múltiple repuesto
OPTRA 2009,Bomba De Pedal De Embrague,,DISPONIBLE,SANTIAGO,,,,,
OPTRA 2009,Caliper,Delantera Izquierda,DISPONIBLE,SANTIAGO,25000.0,20000.0,,,
OPTRA 2009,Caliper,Delantera Derecha,DISPONIBLE,SANTIAGO,25000.0,20000.0,,,
OPTRA 2009,Caliper,Trasera Izquierda,DISPONIBLE,SANTIAGO,,,,,
OPTRA 2009,Caliper,Trasera Derecha,DISPONIBLE,SANTIAGO,,,,,
OPTRA 2009,Cañerías De Aire Acondicionado,,DISPONIBLE,SANTIAGO,,,,,
OPTRA 2009,Cinta De Airbag,,DISPONIBLE,SANTIAGO,,,,,
OPTRA 2009,Columna De Dirección,,DISPONIBLE,SANTIAGO,,,,,
OPTRA 2009,Cremallera De Dirección,,DISPONIBLE,SANTIAGO,,,,,
OPTRA 2009,Cuerpo De Aceleración,,DISPONIBLE,SANTIAGO,45000.0,40000.0,,,
OPTRA 2009,Cuna,,VENDIDO,SANTIAGO,,,,,
OPTRA 2009,Disco De Freno,Trasera Izquierda,DISPONIBLE,SANTIAGO,15000.0,10000.0,,,
OPTRA 2009,Disco De Freno,Trasera Derecha,DISPONIBLE,SANTIAGO,15000.0,10000.0,,,
OPTRA 2009,Foco Luz Techo,Interior,DISPONIBLE,SANTIAGO,,,,,
OPTRA 2009,Guardafango,Delantera Izquierda,DISPONIBLE,SANTIAGO,,,,,
OPTRA 2009,Guardafango,Delantera Derecha,DISPONIBLE,SANTIAGO,,,,,
OPTRA 2009,Guardafango Lr,Trasera,DISPONIBLE,SANTIAGO,,,,,
OPTRA 2009,Guardafango,Trasera Derecha,DISPONIBLE,SANTIAGO,,,,,
OPTRA 2009,Kit De Airbag,,DISPONIBLE,SANTIAGO,150000.0,140000.0,,,
OPTRA 2009,Llanta Con Neumático,,DISPONIBLE,SANTIAGO,,,,,
OPTRA 2009,Maleta,,VENDIDO,,30000.0,25000.0,,,Sin ubicación
OPTRA 2009,Manilla,Delantera Derecha Exterior,VENDIDO,SANTIAGO,10000.0,10000.0,,,
OPTRA 2009,Manilla Puerta,Delantera Derecha Interior,DISPONIBLE,SANTIAGO,,,,,
OPTRA 2009,Maza Y Rodamiento,Delantera Izquierda,DISPONIBLE,,45000.0,40000.0,,,Posible múltiple repuesto; Sin ubicación
OPTRA 2009,Maza Y Rodamiento,Delantera Derecha,DISPONIBLE,,45000.0,40000.0,,,Posible múltiple repuesto; Sin ubicación
OPTRA 2009,Moldura Puerta,Delantera Izquierda,DISPONIBLE,SANTIAGO,,,,,
OPTRA 2009,Moldura Puerta,Delantera Derecha,DISPONIBLE,SANTIAGO,,,,,
OPTRA 2009,Moldura Puerta,Trasera Izquierda,DISPONIBLE,SANTIAGO,,,,,
OPTRA 2009,Moldura Puerta,Trasera Derecha,DISPONIBLE,SANTIAGO,,,,,
OPTRA 2009,Palanca De Cambios,,DISPONIBLE,SANTIAGO,,,,,
OPTRA 2009,Piolas Palanca De Cambio,,DISPONIBLE,SANTIAGO,,,,,
OPTRA 2009,Puerta Puerta,Delantera Izquierda,VENDIDO,SANTIAGO,,,,,
OPTRA 2009,Puerta Puerta,Delantera Derecha,DISPONIBLE,SANTIAGO,30000.0,25000.0,,,
OPTRA 2009,Puerta,Trasera Izquierda,DISPONIBLE,SANTIAGO,30000.0,25000.0,,,
OPTRA 2009,Puerta,Trasera Derecha,DISPONIBLE,SANTIAGO,30000.0,25000.0,,,
OPTRA 2009,Radio,,VENDIDO,SANTIAGO,,,,,
OPTRA 2009,Tapa De Bencina,Exterior,DISPONIBLE,SANTIAGO,,,,,
OPTRA 2009,Telecomando Intermitentes,,DISPONIBLE,SANTIAGO,,,,,
OPTRA 2009,Telecomando Limpiaparabrisas,,DISPONIBLE,SANTIAGO,,,,,
OPTRA 2009,Vidrio Luneta,Trasera Izquierda,DISPONIBLE,,18000.0,15000.0,,,Sin ubicación
OPTRA 2009,Vidrio Luneta,Trasera Derecha,VENDIDO,SANTIAGO,18000.0,15000.0,,,
OPTRA 2009,Volante,,DISPONIBLE,SANTIAGO,30000.0,25000.0,,,
OPTRA 2009,,,,,,,,,Nombre vacío; Sin estado de stock; Sin ubicación
OPTRA 2009,,,,,,,,,Nombre vacío; Sin estado de stock; Sin ubicación
OPTRA 2009,,,,,,,,,Nombre vacío; Sin estado de stock; Sin ubicación
OPTRA 2009,,,,,,,,,Nombre vacío; Sin estado de stock; Sin ubicación
OPTRA 2009,,,,,,,,,Nombre vacío; Sin estado de stock; Sin ubicación
OPTRA 2009,,,,,,,,,Nombre vacío; Sin estado de stock; Sin ubicación
OPTRA 2009,,,,,,,,,Nombre vacío; Sin estado de stock; Sin ubicación
OPTRA 2009,,,,,,,,,Nombre vacío; Sin estado de stock; Sin ubicación
OUTLANDER 2014,Aleta De Guardafango,Trasera Izquierda,DISPONIBLE,REVISADO,,,,,
OUTLANDER 2014,Aleta De Guardafango,Trasera Derecha,DISPONIBLE,REVISADO,,,,,
OUTLANDER 2014,Alfombra Completa De Piso De Vehículo,,VENDIDO,REVISADO,,,,,
OUTLANDER 2014,Alternador,,VENDIDO,REVISADO,,,,,
OUTLANDER 2014,Alternador,,DISPONIBLE,REVISADO,90000.0,85000.0,,,
OUTLANDER 2014,Amortiguador Completo,Izquierda,VENDIDO,REVISADO,55000.0,50000.0,,,"Termino especial ""completo"""
OUTLANDER 2014,Amortiguador De,Izquierda Portalon,VENDIDO,REVISADO,20000.0,20000.0,,30 EL PAR,
OUTLANDER 2014,Amortiguador De,Derecha Portalon,VENDIDO,REVISADO,20000.0,20000.0,,,
OUTLANDER 2014,Amortiguador,Delantera Izquierda,DISPONIBLE,REVISADO,,,,,
OUTLANDER 2014,Amortiguador,Delantera Derecha,DISPONIBLE,REVISADO,,,,,
OUTLANDER 2014,Amortiguador,Trasera Izquierda,DISPONIBLE,REVISADO,50000.0,45000.0,,,
OUTLANDER 2014,Amortiguador,Trasera Izquierda,DISPONIBLE,REVISADO,30000.0,25000.0,,,
OUTLANDER 2014,Amortiguador,Trasera Derecha,DISPONIBLE,REVISADO,50000.0,45000.0,,,
OUTLANDER 2014,Amortiguador,Trasera Derecha,DISPONIBLE,REVISADO,30000.0,25000.0,,,
OUTLANDER 2014,Antena Tiburón,,DISPONIBLE,REVISADO,,,,,
OUTLANDER 2014,Apoya Brazo Con Detalle,Central,DISPONIBLE,REVISADO,,,,,
OUTLANDER 2014,Argolla De Fijación Metálica,,DISPONIBLE,REVISADO,,,,,
OUTLANDER 2014,Asiento,Delantera Izquierda,VENDIDO,REVISADO,,,,,
OUTLANDER 2014,Asiento,Delantera Derecha,VENDIDO,REVISADO,,,,,
OUTLANDER 2014,Asientos,Trasera,VENDIDO,REVISADO,,,,,
OUTLANDER 2014,Bandeja,Delantera Izquierda,VENDIDO,REVISADO,,,,,
OUTLANDER 2014,Bandeja,Delantera Derecha,DISPONIBLE,REVISADO,,,,,
OUTLANDER 2014,Bandeja,Derecha,NO DISPONIBLE,REVISADO,30000.0,25000.0,,,
OUTLANDER 2014,Bandeja,Izquierda,DISPONIBLE,REVISADO,30000.0,25000.0,,,
OUTLANDER 2014,Bandejas,Trasera,VENDIDO,REVISADO,,,,,
OUTLANDER 2014,Barras De Techo,,DISPONIBLE,REVISADO,60000.0,55000.0,,EL PAR,
OUTLANDER 2014,Base De Batería,,DISPONIBLE,REVISADO,,,,,
OUTLANDER 2014,Base De Termostato,,DISPONIBLE,REVISADO,,,,,
OUTLANDER 2014,Batería,,VENDIDO,REVISADO,30000.0,30000.0,,,
OUTLANDER 2014,Bisagra De Capot,Izquierda,DISPONIBLE,REVISADO,,,,,
OUTLANDER 2014,Bisagra De Capot,Derecha,DISPONIBLE,REVISADO,,,,,
OUTLANDER 2014,Bobina,,DISPONIBLE,REVISADO,,,,,
OUTLANDER 2014,Bobina,,DISPONIBLE,REVISADO,,,,,
OUTLANDER 2014,Bobina,,DISPONIBLE,REVISADO,,,,,
OUTLANDER 2014,Bobina,,DISPONIBLE,REVISADO,,,,,
OUTLANDER 2014,Bobina,,DISPONIBLE,REVISADO,,,,,
OUTLANDER 2014,Bobina,,DISPONIBLE,REVISADO,,,,,
OUTLANDER 2014,Bobina,,DISPONIBLE,REVISADO,,,,,
OUTLANDER 2014,Bobina,,DISPONIBLE,REVISADO,,,,,
OUTLANDER 2014,Bocinas X2,,DISPONIBLE,REVISADO,,,,,Nombre contiene números
OUTLANDER 2014,Bomba De Agua,,DISPONIBLE,REVISADO,,,,,
OUTLANDER 2014,Bomba De Agua,,DISPONIBLE,REVISADO,,,,,
OUTLANDER 2014,Bomba De Bencina,,DISPONIBLE,REVISADO,,,,,
OUTLANDER 2014,Bomba De Bencina,,DISPONIBLE,REVISADO,,,,,
OUTLANDER 2014,Bomba De Freno,,DISPONIBLE,REVISADO,55000.0,50000.0,,,
OUTLANDER 2014,Borner Negativo,,DISPONIBLE,REVISADO,25000.0,20000.0,,,
OUTLANDER 2014,Botón De Alzavidrios Puerta,Delantera Derecha,DISPONIBLE,REVISADO,,,,,
OUTLANDER 2014,Botón De Alzavidrios Puerta,Trasera Derecha,DISPONIBLE,REVISADO,,,,,
OUTLANDER 2014,Botón De Alzavidrios,Trasera Izquierda,DISPONIBLE,REVISADO,,,,,
OUTLANDER 2014,Botón Puerta,Trasera Izquierda,DISPONIBLE,REVISADO,,,,,
OUTLANDER 2014,Botonera Alzavidrios Puerta,Delantera Izquierda,DISPONIBLE,REVISADO,,,,,
OUTLANDER 2014,Botonera De Alzavidrios,Izquierda,DISPONIBLE,REVISADO,,,,,
OUTLANDER 2014,Brazo Limpiaparabrisas,Izquierda,DISPONIBLE,REVISADO,,,,,
OUTLANDER 2014,Brazo Limpiaparabrisas,Derecha,VENDIDO,REVISADO,,,,,
OUTLANDER 2014,Caja,,DISPONIBLE,REVISADO,400000.0,390000.0,,,
OUTLANDER 2014,Caliper,Delantera Izquierda,DISPONIBLE,REVISADO,45000.0,40000.0,,,
OUTLANDER 2014,Caliper,Delantera Izquierda,VENDIDO,REVISADO,,,,,
OUTLANDER 2014,Caliper,Delantera Derecha,DISPONIBLE,REVISADO,45000.0,40000.0,,,
OUTLANDER 2014,Caliper,Delantera Derecha,VENDIDO,REVISADO,,,,,
OUTLANDER 2014,Caliper,Trasera Izquierda,VENDIDO,REVISADO,40000.0,35000.0,,,
OUTLANDER 2014,Caliper,Trasera Derecha,VENDIDO,REVISADO,40000.0,35000.0,,,
OUTLANDER 2014,Canister,,DISPONIBLE,REVISADO,,,,,
OUTLANDER 2014,Cañerías De Aire Acondicionado,,DISPONIBLE,REVISADO,,,,,
OUTLANDER 2014,Capot,,VENDIDO,REVISADO,210000.0,200000.0,,,
OUTLANDER 2014,Chapa Capot,,DISPONIBLE,REVISADO,,,,,
OUTLANDER 2014,Chapa De Contacto,,DISPONIBLE,REVISADO,,,,,
OUTLANDER 2014,Chapa Puerta,Delantera Izquierda,VENDIDO,REVISADO,40000.0,35000.0,,,
OUTLANDER 2014,Chapa Puerta,Delantera Derecha,DISPONIBLE,REVISADO,40000.0,35000.0,,,
OUTLANDER 2014,Chapa Puerta,Trasera Derecha,DISPONIBLE,REVISADO,40000.0,35000.0,,,
OUTLANDER 2014,Cinta De Airbag,,VENDIDO,REVISADO,,,,,
OUTLANDER 2014,Cinta De Airbag,,DISPONIBLE,REVISADO,,,,,
OUTLANDER 2014,Cinturón,Trasera,VENDIDO,REVISADO,,,,,
OUTLANDER 2014,Cinturón,Trasera,DISPONIBLE,REVISADO,,,,,
OUTLANDER 2014,Cinturón,Trasera Central,DISPONIBLE,REVISADO,,,,,
OUTLANDER 2014,Cofia,,DISPONIBLE,REVISADO,,,,,
OUTLANDER 2014,Columna De Dirección,,DISPONIBLE,REVISADO,,,,,
OUTLANDER 2014,Compresor Aire Acondicionado,,VENDIDO,REVISADO,,,,,
OUTLANDER 2014,Compresor De Aire,,DISPONIBLE,REVISADO,125000.0,120000.0,,,
OUTLANDER 2014,Control De Calefacción O De Climatización,,DISPONIBLE,REVISADO,,,,,
OUTLANDER 2014,Control De Espejos,,DISPONIBLE,REVISADO,,,,,
OUTLANDER 2014,Cremallera De Alzavidrios,Delantera Izquierda,DISPONIBLE,REVISADO,,,,,
OUTLANDER 2014,Cremallera De Alzavidrios,Delantera Derecha,DISPONIBLE,REVISADO,,,,,
OUTLANDER 2014,Cremallera De Alzavidrios,Delantera Derecha,DISPONIBLE,REVISADO,,,,,
OUTLANDER 2014,Cremallera De Alzavidrios,Trasera Izquierda,VENDIDO,REVISADO,,,,,
OUTLANDER 2014,Cremallera De Alzavidrios,Trasera Izquierda,DISPONIBLE,REVISADO,,,,,
OUTLANDER 2014,Cremallera De Alzavidrios,Trasera Derecha,DISPONIBLE,REVISADO,,,,,
OUTLANDER 2014,Cremallera De Alzavidrios,Trasera Derecha,DISPONIBLE,REVISADO,,,,,
OUTLANDER 2014,Cremallera De Dirección,,VENDIDO,REVISADO,125000.0,125000.0,,,
OUTLANDER 2014,Cubre Chapa,,DISPONIBLE,REVISADO,,,,,
OUTLANDER 2014,Cubre Equipaje,,DISPONIBLE,REVISADO,55000.0,50000.0,,,
OUTLANDER 2014,Cubre Motor,Delantera Inferior,DISPONIBLE,REVISADO,,,,CONTINUACIÓN DEL PARACHOQUE POR ABAJO,
OUTLANDER 2014,Cubre Motor,Superior,DISPONIBLE,REVISADO,20000.0,20000.0,,,
OUTLANDER 2014,Cubre Torpedo,Exterior,DISPONIBLE,REVISADO,35000.0,30000.0,,,
OUTLANDER 2014,Cubre Zócalo,Derecha,DISPONIBLE,REVISADO,25000.0,25000.0,,,
OUTLANDER 2014,Cuerpo Aceleración,,VENDIDO,REVISADO,0.0,0.0,,,
OUTLANDER 2014,Cuerpo De Aceleración,,DISPONIBLE,REVISADO,,,,,
OUTLANDER 2014,Culata,,VENDIDO,REVISADO,210000.0,200000.0,,,
OUTLANDER 2014,Cuna,,VENDIDO,REVISADO,,,,,
OUTLANDER 2014,Depósito De Agua,,DISPONIBLE,REVISADO,,,,,
OUTLANDER 2014,Depósito Limpiaparabrisas,,VENDIDO,REVISADO,50000.0,50000.0,,,
OUTLANDER 2014,Disco De Freno,Delantera Derecha,DISPONIBLE,REVISADO,,,,,
OUTLANDER 2014,Disco De Freno,Delantera Izquierda,DISPONIBLE,REVISADO,,,,,
OUTLANDER 2014,Disco De Freno,Delantera Izquierda,DISPONIBLE,REVISADO,,,,,
OUTLANDER 2014,Disco De Freno,Delantera Derecha,DISPONIBLE,REVISADO,,,,,
OUTLANDER 2014,Disco De Freno,Trasera Izquierda,VENDIDO,REVISADO,,,,,
OUTLANDER 2014,Disco De Freno,Trasera Derecha,VENDIDO,REVISADO,,,,,
OUTLANDER 2014,Ducto Corrugado,,DISPONIBLE,REVISADO,25000.0,20000.0,,,
OUTLANDER 2014,Ecu,,VENDIDO,REVISADO,180000.0,180000.0,,,
OUTLANDER 2014,Eje O Tren,Trasera,DISPONIBLE,REVISADO,,,,,
OUTLANDER 2014,Eje Palier,Derecha,VENDIDO,REVISADO,100000.0,90000.0,,,
OUTLANDER 2014,Eje Palier,Izquierda,VENDIDO,REVISADO,90000.0,80000.0,,,
OUTLANDER 2014,Eje Palier,Izquierda,VENDIDO,REVISADO,,,,,
OUTLANDER 2014,Eje Palier,Derecha,DISPONIBLE,REVISADO,,,,,
OUTLANDER 2014,Eje Completo,Trasera,VENDIDO,REVISADO,,,,,"Termino especial ""completo"""
OUTLANDER 2014,Eje Del Disponible (Son Iguales),Trasera,DISPONIBLE,REVISADO,,,,,
OUTLANDER 2014,Electroventilador,,DISPONIBLE,REVISADO,,,,,
OUTLANDER 2014,Embellecedor De Sinóptico,,DISPONIBLE,REVISADO,,,,,
OUTLANDER 2014,Encendedor Com Entrada Usb,,DISPONIBLE,REVISADO,,,,,
OUTLANDER 2014,Espejo,Central,DISPONIBLE,REVISADO,,,,,
OUTLANDER 2014,Espejo,Central,DISPONIBLE,REVISADO,,,,,
OUTLANDER 2014,Espejo Con Detalle,Izquierda,VENDIDO,REVISADO,80000.0,75000.0,,detalles,
OUTLANDER 2014,Espejo Con Detalle,Derecha,VENDIDO,REVISADO,,,,,
OUTLANDER 2014,Extensión De Cuna,Izquierda,DISPONIBLE,REVISADO,,,,,
OUTLANDER 2014,Extensión De Cuna,Derecha,DISPONIBLE,REVISADO,,,,,
OUTLANDER 2014,Fijación De Batería,,DISPONIBLE,REVISADO,,,,,
OUTLANDER 2014,Foco Luz Techo,Interior,DISPONIBLE,REVISADO,,,,,
OUTLANDER 2014,Foco,Trasera Izquierda Exterior,VENDIDO,REVISADO,120000.0,110000.0,,,
OUTLANDER 2014,Foco,Trasera Derecha Exterior,VENDIDO,REVISADO,120000.0,110000.0,,,
OUTLANDER 2014,Freno De Mano,,DISPONIBLE,REVISADO,,,,,
OUTLANDER 2014,Frontal Inferior 14,Delantera Inferior,VENDIDO,REVISADO,50000.0,50000.0,,,Nombre contiene números
OUTLANDER 2014,Frontal Superior Central,Delantera Superior Central,VENDIDO,REVISADO,95000.0,95000.0,,,
OUTLANDER 2014,Lateral,Delantera Superior Izquierda,VENDIDO,REVISADO,,,,,
OUTLANDER 2014,Secundario,Delantera Superior,DISPONIBLE,REVISADO,45000.0,45000.0,,,
OUTLANDER 2014,Funda De Parachoque Completa,Delantera,VENDIDO,REVISADO,,,,,
OUTLANDER 2014,Funda De Parachoque,Trasera,VENDIDO,REVISADO,,,,,
OUTLANDER 2014,Fusilera,Interior,DISPONIBLE,REVISADO,,,,,
OUTLANDER 2014,Fusilera,Interior,DISPONIBLE,REVISADO,180000.0,170000.0,,,
OUTLANDER 2014,Gancho De Rueda Con Perno,,VENDIDO,REVISADO,10000.0,10000.0,,,
OUTLANDER 2014,Goma De Puerta,Delantera Derecha,DISPONIBLE,REVISADO,,,,,
OUTLANDER 2014,Goma De Puerta,Trasera Derecha,DISPONIBLE,REVISADO,,,,,
OUTLANDER 2014,Goma,Portalon,VENDIDO,POR REVISAR,,,,,
OUTLANDER 2014,Goma Puerta,Delantera Izquierda,DISPONIBLE,REVISADO,,,,,
OUTLANDER 2014,Goma Puerta,Trasera Izquierda,DISPONIBLE,REVISADO,,,,,
OUTLANDER 2014,Guantera,,DISPONIBLE,REVISADO,,,,,
OUTLANDER 2014,Guardafango,Delantera Izquierda,VENDIDO,REVISADO,,,,,
OUTLANDER 2014,Guardafango,Delantera Derecha,VENDIDO,REVISADO,,,,,
OUTLANDER 2014,Guardafango,Trasera Izquierda,DISPONIBLE,REVISADO,15000.0,10000.0,,,
OUTLANDER 2014,Guardafango,Trasera Izquierda,DISPONIBLE,REVISADO,,,,,
OUTLANDER 2014,Guardafango,Trasera Derecha,DISPONIBLE,REVISADO,15000.0,10000.0,,,
OUTLANDER 2014,Kit De Airbag,,VENDIDO,REVISADO,450000.0,430000.0,,,
OUTLANDER 2014,Kit De Airbag,,VENDIDO,REVISADO,500000.0,450000.0,,,
OUTLANDER 2014,Llanta,,VENDIDO,REVISADO,110000.0,100000.0,,,
OUTLANDER 2014,Llanta,,DISPONIBLE,REVISADO,110000.0,100000.0,,,
OUTLANDER 2014,Llanta,,DISPONIBLE,REVISADO,110000.0,100000.0,,,
OUTLANDER 2014,Llanta,,DISPONIBLE,REVISADO,110000.0,100000.0,,,
OUTLANDER 2014,Llantas Juego X4,,DISPONIBLE,REVISADO,,,,,"Termino especial ""juego""; Nombre contiene números"
OUTLANDER 2014,Luz Tapabarro,,DISPONIBLE,REVISADO,,,,,
OUTLANDER 2014,Luz Techo,Delantera Interior,VENDIDO,REVISADO,,,,,
OUTLANDER 2014,Luz Techo Y,Trasera Interior Central,DISPONIBLE,REVISADO,,,,CONFIRMAR SI VAN SEPARADAS O JUNTAS,Posible múltiple repuesto
OUTLANDER 2014,Mangueras De Agua Gordas,,DISPONIBLE,REVISADO,,,,,
OUTLANDER 2014,Manilla Elantera,Izquierda Exterior,DISPONIBLE,REVISADO,,,,,
OUTLANDER 2014,Manilla Puerta,Delantera Izquierda Exterior,DISPONIBLE,REVISADO,,,,,
OUTLANDER 2014,Manilla Puerta,Delantera Derecha Exterior,DISPONIBLE,REVISADO,,,,,
OUTLANDER 2014,Manilla Puerta,Trasera Derecha Exterior,DISPONIBLE,REVISADO,,,,,
OUTLANDER 2014,Manilla,Trasera Izquierda Exterior,DISPONIBLE,REVISADO,,,,,
OUTLANDER 2014,Manilla De Puerta,Delantera Izquierda Interior,DISPONIBLE,REVISADO,,,,,
OUTLANDER 2014,Manilla De Puerta,Delantera Derecha Interior,DISPONIBLE,REVISADO,,,,,
OUTLANDER 2014,Manilla De Puerta,Trasera Izquierda Interior,DISPONIBLE,REVISADO,,,,,
OUTLANDER 2014,Manilla De Puerta,Trasera Derecha Interior,DISPONIBLE,REVISADO,,,,,
OUTLANDER 2014,Manilla Puerta,Trasera Izquierda Interior,DISPONIBLE,REVISADO,,,,,
OUTLANDER 2014,Máscara Con Logo,,VENDIDO,REVISADO,115000.0,110000.0,,,
OUTLANDER 2014,Ménsula,Delantera Izquierda,DISPONIBLE,REVISADO,20000.0,15000.0,,,
OUTLANDER 2014,Ménsula,Delantera Derecha,DISPONIBLE,REVISADO,20000.0,15000.0,,,
OUTLANDER 2014,Ménsula,Delantera Derecha,DISPONIBLE,REVISADO,,,,,
OUTLANDER 2014,Ménsula,Trasera Izquierda,DISPONIBLE,REVISADO,20000.0,15000.0,,,
OUTLANDER 2014,Ménsula,Trasera Izquierda,DISPONIBLE,REVISADO,,,,,
OUTLANDER 2014,Ménsula,Trasera Derecha,DISPONIBLE,REVISADO,20000.0,15000.0,,,
OUTLANDER 2014,Ménsula,Trasera Derecha,DISPONIBLE,REVISADO,,,,,
OUTLANDER 2014,Módulo Abs,,DISPONIBLE,REVISADO,,,,,
OUTLANDER 2014,Módulo Control De Válvula O Dirección,,DISPONIBLE,REVISADO,,,,,
OUTLANDER 2014,Moldura De Tapabarro,Delantera Izquierda,VENDIDO,REVISADO,30000.0,25000.0,,,
OUTLANDER 2014,Moldura De Tapabarro,Delantera Derecha,VENDIDO,REVISADO,30000.0,25000.0,,,
OUTLANDER 2014,Moldura De Tapabarro,Trasera Izquierda,VENDIDO,REVISADO,20000.0,15000.0,,,
OUTLANDER 2014,Moldura De Tapabarro,Trasera Derecha,VENDIDO,REVISADO,20000.0,15000.0,,,
OUTLANDER 2014,Moldura Puerta,Delantera Izquierda,VENDIDO,REVISADO,,,,,
OUTLANDER 2014,Moldura Puerta,Delantera Derecha,DISPONIBLE,REVISADO,,,,,
OUTLANDER 2014,Moldura Puerta,Trasera Izquierda,VENDIDO,REVISADO,,,,,
OUTLANDER 2014,Moldura Puerta,Trasera Derecha,DISPONIBLE,REVISADO,,,,,
OUTLANDER 2014,Moldura Triángulo Esquina Parabrisas,Izquierda,VENDIDO,REVISADO,15000.0,15000.0,,,
OUTLANDER 2014,Moldura Triángulo Esquina Parabrisas,Derecha,DISPONIBLE,REVISADO,15000.0,15000.0,,,
OUTLANDER 2014,Motor De Partida,,VENDIDO,REVISADO,85000.0,85000.0,,,
OUTLANDER 2014,Motor De Partida,,VENDIDO,REVISADO,80000.0,75000.0,,,
OUTLANDER 2014,Motor Limpiaparabrisas Con Varillaje,,DISPONIBLE,REVISADO,,,,,
OUTLANDER 2014,Múltiple De Admisión,,DISPONIBLE,REVISADO,,,,,
OUTLANDER 2014,Multiple De Admisión,,VENDIDO,REVISADO,,,,,
OUTLANDER 2014,Múltople De Escape Con Catalítico,,DISPONIBLE,REVISADO,,,,,
OUTLANDER 2014,Muñón (Va Con Maza),Delantera Izquierda,DISPONIBLE,REVISADO,,,,,
OUTLANDER 2014,Muñón (Va Con Maza),Delantera Derecha,DISPONIBLE,REVISADO,,,,,
OUTLANDER 2014,Óptico,Izquierda,VENDIDO,REVISADO,190000.0,180000.0,,,
OUTLANDER 2014,Óptico,Derecha,VENDIDO,REVISADO,190000.0,180000.0,,,
OUTLANDER 2014,Palanca De Cambio,,DISPONIBLE,REVISADO,,,,,
OUTLANDER 2014,Palanca De Cambios,,DISPONIBLE,REVISADO,50000.0,40000.0,,,
OUTLANDER 2014,Panel Tapiz O Moldura,Trasera,DISPONIBLE,REVISADO,,,,,
OUTLANDER 2014,Parabrisas,,VENDIDO,REVISADO,80000.0,70000.0,,,
OUTLANDER 2014,Parachoque Completo,Trasera,VENDIDO,REVISADO,320000.0,300000.0,,,"Termino especial ""completo"""
OUTLANDER 2014,Parasol,Izquierda,DISPONIBLE,REVISADO,,20000.0,,,
OUTLANDER 2014,Parasol,Izquierda,DISPONIBLE,REVISADO,,,,,
OUTLANDER 2014,Parasol,Derecha,DISPONIBLE,REVISADO,,20000.0,,,
OUTLANDER 2014,Pedal De Aceleración,,DISPONIBLE,REVISADO,,,,,
OUTLANDER 2014,Pedal De Embrague,,DISPONIBLE,REVISADO,,,,,
OUTLANDER 2014,Pedal De Freno Con Interruptor,,DISPONIBLE,REVISADO,,,,,
OUTLANDER 2014,Piola Con Manilla Tapa De Bencina,,DISPONIBLE,REVISADO,,,,,
OUTLANDER 2014,Piola De Capot Con Manilla,,DISPONIBLE,REVISADO,,,,,
OUTLANDER 2014,Piola Freno De Manos,,VENDIDO,REVISADO,40000.0,40000.0,,,
OUTLANDER 2014,Piola Palanca De Cambios,,VENDIDO,REVISADO,,,,,
OUTLANDER 2014,Piolas De Freno,Trasera,VENDIDO,REVISADO,20000.0,20000.0,,,
OUTLANDER 2014,Pisos De Goma,,VENDIDO,REVISADO,25000.0,25000.0,,,
OUTLANDER 2014,Porta Filtro,,DISPONIBLE,REVISADO,,,,,
OUTLANDER 2014,Porta Filtro,,DISPONIBLE,REVISADO,50000.0,40000.0,,,
OUTLANDER 2014,Completo,Portalon,VENDIDO,REVISADO,470000.0,450000.0,,,"Termino especial ""completo"""
OUTLANDER 2014,Puerta,Delantera Izquierda,VENDIDO,REVISADO,120000.0,110000.0,,,
OUTLANDER 2014,Puerta Solo Lata,Delantera Izquierda,VENDIDO,REVISADO,75000.0,70000.0,,,
OUTLANDER 2014,Puerta Solo Lata,Delantera Derecha,VENDIDO,REVISADO,85000.0,80000.0,,PRECIO ACTUALIZADO,
OUTLANDER 2014,Puerta Solo Lata,Trasera Izquierda,DISPONIBLE,REVISADO,85000.0,80000.0,,PRECIO ACTUALIZADO,
OUTLANDER 2014,Puerta Solo Lata,Trasera Derecha,VENDIDO,REVISADO,75000.0,70000.0,,,
OUTLANDER 2014,Puerta Solo Lata,Trasera Izquierda,DISPONIBLE,REVISADO,120000.0,110000.0,,,
OUTLANDER 2014,Radiador Agua,,VENDIDO,REVISADO,95000.0,95000.0,,,
OUTLANDER 2014,Radiador Aire Acondicionado,,DISPONIBLE,REVISADO,,,,,
OUTLANDER 2014,Radiador De Agua,,VENDIDO,REVISADO,,,,,
OUTLANDER 2014,Radiador De Aire,,DISPONIBLE,REVISADO,,,,,
OUTLANDER 2014,Radiador De Calefacción,Interior,DISPONIBLE,REVISADO,,,,,
OUTLANDER 2014,Radio,,VENDIDO,REVISADO,,,,,
OUTLANDER 2014,Refuerzo De Parachoque,Delantera,VENDIDO,REVISADO,60000.0,60000.0,,,
OUTLANDER 2014,Refuerzo De Parachoque,Superior,DISPONIBLE,REVISADO,55000.0,50000.0,,,
OUTLANDER 2014,Resonador Porta Filtro De Aire,,VENDIDO,REVISADO,,,,,
OUTLANDER 2014,Riel De Inyección,,DISPONIBLE,REVISADO,,,,,
OUTLANDER 2014,Rodamiento Tensor Con Soporte Con Rodillos,,DISPONIBLE,REVISADO,,,,,
OUTLANDER 2014,Sensor Abs,Delantera Izquierda,DISPONIBLE,REVISADO,,,,,
OUTLANDER 2014,Sensor Abs,Delantera Derecha,DISPONIBLE,REVISADO,,,,,
OUTLANDER 2014,Sensor Abs,Izquierda,DISPONIBLE,REVISADO,,,,,
OUTLANDER 2014,Sensor De Oxígeno,,DISPONIBLE,REVISADO,,,,,
OUTLANDER 2014,Sensor De Oxígeno,,DISPONIBLE,REVISADO,,,,,
OUTLANDER 2014,Sensor De Oxígeno Banco,,DISPONIBLE,REVISADO,,,,,
OUTLANDER 2014,Sensor De Oxígeno Banco,,DISPONIBLE,REVISADO,,,,,
OUTLANDER 2014,Sensor De Servo Freno,,DISPONIBLE,REVISADO,,,,,
OUTLANDER 2014,Sensor Maf,,DISPONIBLE,REVISADO,25000.0,20000.0,,,
OUTLANDER 2014,Servo Freno,,DISPONIBLE,REVISADO,,,,,
OUTLANDER 2014,Sinóptico,,DISPONIBLE,REVISADO,,,,,
OUTLANDER 2014,Soporte De Caja,Superior,DISPONIBLE,REVISADO,,,,,
OUTLANDER 2014,Soporte De Motor,Inferior Central,VENDIDO,REVISADO,20000.0,20000.0,,,
OUTLANDER 2014,Soporte De Motor,Izquierda,VENDIDO,REVISADO,,,,,
OUTLANDER 2014,Soporte De Motor,Derecha,VENDIDO,REVISADO,,,,,
OUTLANDER 2014,Soporte De Motor,Derecha,VENDIDO,REVISADO,45000.0,45000.0,,,
OUTLANDER 2014,Tapa De Bencina,Exterior,DISPONIBLE,REVISADO,,,,,
OUTLANDER 2014,Tapa De Bencina,Exterior,DISPONIBLE,REVISADO,,,,,
OUTLANDER 2014,Tapa De Bencina,Interior,DISPONIBLE,REVISADO,,,,,
OUTLANDER 2014,Tapa Fusilera,Exterior,VENDIDO,REVISADO,30000.0,30000.0,,,
OUTLANDER 2014,Tapabarro,Izquierda,VENDIDO,REVISADO,100000.0,100000.0,,,
OUTLANDER 2014,Tapabarro,Derecha,VENDIDO,REVISADO,95000.0,95000.0,,,
OUTLANDER 2014,Tapas De Neblineros,,VENDIDO,REVISADO,,,,,
OUTLANDER 2014,Tapiz De Puerta,Delantera Derecha,DISPONIBLE,REVISADO,,,,,
OUTLANDER 2014,Tapiz De Puerta,Trasera Derecha,DISPONIBLE,REVISADO,,,,,
OUTLANDER 2014,Tapiz Puerta,Delantera Izquierda,DISPONIBLE,REVISADO,,,,,
OUTLANDER 2014,Tapiz Puerta,Trasera Izquierda,DISPONIBLE,REVISADO,,,,,
OUTLANDER 2014,Tapiz Techo,,VENDIDO,REVISADO,,,,,
OUTLANDER 2014,Telecomando,,DISPONIBLE,REVISADO,,,,,
OUTLANDER 2014,Telecomando De Limpiaparabrisas,,DISPONIBLE,REVISADO,,,,,
OUTLANDER 2014,Telecomando De Luces,,DISPONIBLE,REVISADO,,,,,
OUTLANDER 2014,Tirante De Puerta,Delantera Izquierda,DISPONIBLE,REVISADO,,,,,
OUTLANDER 2014,Toma De Aire Porta Filtro,,VENDIDO,REVISADO,,,,,
OUTLANDER 2014,Tubo De Aire,Delantera Superior,VENDIDO,REVISADO,25000.0,20000.0,,,
OUTLANDER 2014,Varilla De Capot,,DISPONIBLE,REVISADO,,,,,
OUTLANDER 2014,Vidrio Luneta Lateral,Trasera Izquierda,VENDIDO,REVISADO,,,,,
OUTLANDER 2014,Vidrio Luneta Lateral,Trasera Derecha,VENDIDO,REVISADO,,,,,
OUTLANDER 2014,Vidrio Puerta,Delantera Izquierda,NO DISPONIBLE,REVISADO,,,,,
OUTLANDER 2014,Vidrio Puerta,Delantera Izquierda,DISPONIBLE,REVISADO,50000.0,45000.0,,,
OUTLANDER 2014,Vidrio Puerta,Delantera Derecha,NO DISPONIBLE,REVISADO,,,,,
OUTLANDER 2014,Vidrio Puerta,Delantera Derecha,DISPONIBLE,REVISADO,50000.0,45000.0,,,
OUTLANDER 2014,Vidrio Puerta,Trasera Izquierda,NO DISPONIBLE,REVISADO,,,,,
OUTLANDER 2014,Vidrio Puerta,Trasera Izquierda,VENDIDO,REVISADO,50000.0,45000.0,,,
OUTLANDER 2014,Vidrio Puerta,Trasera Derecha,NO DISPONIBLE,REVISADO,,,,,
OUTLANDER 2014,Volante,,DISPONIBLE,REVISADO,,,,,
OUTLANDER 2014,Volante,,VENDIDO,REVISADO,35000.0,30000.0,,,
OUTLANDER 2014,Positivo Batería,,VENDIDO,,,,,,Sin ubicación
OUTLANDER 2014,,,DISPONIBLE,,,,,,Nombre vacío; Sin ubicación
OUTLANDER 2014,,,DISPONIBLE,,,,,,Nombre vacío; Sin ubicación
OUTLANDER 2014,,,DISPONIBLE,,,,,,Nombre vacío; Sin ubicación
OUTLANDER 2014,,,DISPONIBLE,,,,,,Nombre vacío; Sin ubicación
OUTLANDER 2014,,,DISPONIBLE,,,,,,Nombre vacío; Sin ubicación
OUTLANDER 2014,,,DISPONIBLE,,,,,,Nombre vacío; Sin ubicación
OUTLANDER 2014,,,DISPONIBLE,,,,,,Nombre vacío; Sin ubicación
OUTLANDER 2014,,,DISPONIBLE,,,,,,Nombre vacío; Sin ubicación
OUTLANDER 2014,,,DISPONIBLE,,,,,,Nombre vacío; Sin ubicación
OUTLANDER 2014,,,DISPONIBLE,,,,,,Nombre vacío; Sin ubicación
OUTLANDER 2014,,,DISPONIBLE,,,,,,Nombre vacío; Sin ubicación
OUTLANDER 2014,,,DISPONIBLE,,,,,,Nombre vacío; Sin ubicación
OUTLANDER 2014,,,DISPONIBLE,,,,,,Nombre vacío; Sin ubicación
OUTLANDER 2014,,,DISPONIBLE,,,,,,Nombre vacío; Sin ubicación
OUTLANDER 2014,,,DISPONIBLE,,,,,,Nombre vacío; Sin ubicación
OUTLANDER 2014,,,DISPONIBLE,,,,,,Nombre vacío; Sin ubicación
OUTLANDER 2014,,,DISPONIBLE,,,,,,Nombre vacío; Sin ubicación
OUTLANDER 2014,,,DISPONIBLE,,,,,,Nombre vacío; Sin ubicación
OUTLANDER 2014,,,DISPONIBLE,,,,,,Nombre vacío; Sin ubicación
OUTLANDER 2014,,,DISPONIBLE,,,,,,Nombre vacío; Sin ubicación
OUTLANDER 2014,,,DISPONIBLE,,,,,,Nombre vacío; Sin ubicación
OUTLANDER 2014,,,DISPONIBLE,,,,,,Nombre vacío; Sin ubicación
OUTLANDER 2014,,,DISPONIBLE,,,,,,Nombre vacío; Sin ubicación
OUTLANDER 2014,,,DISPONIBLE,,,,,,Nombre vacío; Sin ubicación
OUTLANDER 2014,,,DISPONIBLE,,,,,,Nombre vacío; Sin ubicación
OUTLANDER 2014,,,DISPONIBLE,,,,,,Nombre vacío; Sin ubicación
OUTLANDER 2014,,,DISPONIBLE,,,,,,Nombre vacío; Sin ubicación
OUTLANDER 2014,,,DISPONIBLE,,,,,,Nombre vacío; Sin ubicación
OUTLANDER 2014,,,,,,,,,Nombre vacío; Sin estado de stock; Sin ubicación
OUTLANDER 2014,,,,,,,,,Nombre vacío; Sin estado de stock; Sin ubicación
OUTLANDER 2014,,,,,,,,,Nombre vacío; Sin estado de stock; Sin ubicación
OUTLANDER 2014,,,,,,,,,Nombre vacío; Sin estado de stock; Sin ubicación
PASSAT 2003,Alternador,,DISPONIBLE,SANTIAGO,120000.0,100000.0,,,
PASSAT 2003,Amortiguador,Delantera Izquierda,DISPONIBLE,SANTIAGO,55000.0,50000.0,,,
PASSAT 2003,Amortiguador,Delantera Derecha,VENDIDO,SANTIAGO,55000.0,50000.0,,,
PASSAT 2003,Amortiguador,Trasera Izquierda,VENDIDO,SANTIAGO,,,,,
PASSAT 2003,Amortiguador,Trasera Derecha,VENDIDO,SANTIAGO,,,,,
PASSAT 2003,Asiento,Delantera Izquierda,NO DISPONIBLE,SANTIAGO,45000.0,40000.0,,,
PASSAT 2003,Asiento,Delantera Derecha,DISPONIBLE,SANTIAGO,55000.0,50000.0,,,
PASSAT 2003,Asientos,Trasera,DISPONIBLE,REQUINOA,80000.0,70000.0,,,
PASSAT 2003,Bandeja,Delantera Inferior Izquierda Exterior,DISPONIBLE,SANTIAGO,20000.0,15000.0,,30 EL PAR ,"Posición extensa, revisar"
PASSAT 2003,Bandeja,Delantera Inferior Izquierda Interior,DISPONIBLE,SANTIAGO,20000.0,15000.0,,,"Posición extensa, revisar"
PASSAT 2003,Bandeja,Delantera Superior Izquierda Exterior,DISPONIBLE,SANTIAGO,20000.0,15000.0,,30 EL PAR,"Posición extensa, revisar"
PASSAT 2003,Bandeja,Delantera Superior Izquierda Interior,DISPONIBLE,SANTIAGO,20000.0,15000.0,,,"Posición extensa, revisar"
PASSAT 2003,Bandeja,Delantera Inferior Derecha Exterior,DISPONIBLE,SANTIAGO,20000.0,15000.0,,30 EL PAR,"Posición extensa, revisar"
PASSAT 2003,Bandeja,Delantera Inferior Derecha Interior,DISPONIBLE,SANTIAGO,20000.0,15000.0,,,"Posición extensa, revisar"
PASSAT 2003,Bandeja,Delantera Superior Derecha Exterior,VENDIDO,SANTIAGO,,,,,"Posición extensa, revisar"
PASSAT 2003,Bandeja,Delantera Superior Derecha Interior,VENDIDO,SANTIAGO,,,,,"Posición extensa, revisar"
PASSAT 2003,Bandeja,Trasera Inferior Izquierda,DISPONIBLE,SANTIAGO,,,,,
PASSAT 2003,Bandeja,Trasera Inferior Derecha,DISPONIBLE,SANTIAGO,,,,,
PASSAT 2003,Bandeja,Trasera Superior Izquierda,DISPONIBLE,SANTIAGO,,,,,
PASSAT 2003,Bandeja,Trasera Superior Derecha,DISPONIBLE,SANTIAGO,,,,,
PASSAT 2003,Barra Estabilizadora,Delantera,DISPONIBLE,SANTIAGO,,,,,
PASSAT 2003,Barra Estabilizadora,Trasera,DISPONIBLE,SANTIAGO,,,,,
PASSAT 2003,Barra,Trasera Izquierda,NO DISPONIBLE,SANTIAGO,,,,MALA,
PASSAT 2003,Barra,Trasera Derecha,DISPONIBLE,SANTIAGO,,,,,
PASSAT 2003,Base Compresor De Aire,,DISPONIBLE,SANTIAGO,,,,,
PASSAT 2003,Base Soporte,,DISPONIBLE,SANTIAGO,,,,LLEGARON 3 EL 17 DE DIC,
PASSAT 2003,Base Soporte,,DISPONIBLE,SANTIAGO,,,,LLEGARON 3 EL 17 DE DIC,
PASSAT 2003,Base Soporte,,DISPONIBLE,SANTIAGO,,,,LLEGARON 3 EL 17 DE DIC,
PASSAT 2003,Bisagra De Capot,Izquierda,DISPONIBLE,SANTIAGO,,,,,
PASSAT 2003,Bisagra De Capot,Derecha,DISPONIBLE,SANTIAGO,,,,,
PASSAT 2003,Bisagra Puerta,Delantera Inferior Izquierda,DISPONIBLE,SANTIAGO,,,,,
PASSAT 2003,Bisagra Puerta,Delantera Superior Izquierda,DISPONIBLE,SANTIAGO,,,,,
PASSAT 2003,Bisagra Puerta,Delantera Inferior Derecha,DISPONIBLE,SANTIAGO,,,,,
PASSAT 2003,Bisagra Puerta,Delantera Superior Derecha,DISPONIBLE,SANTIAGO,,,,,
PASSAT 2003,Bisagra Puerta,Trasera Superior Izquierda,DISPONIBLE,SANTIAGO,,,,,
PASSAT 2003,Bisel Radio Y Control De Aire,,DISPONIBLE,SANTIAGO,,,,ESCRITO ASÍ EN INVENTARIO (REVISAR),Posible múltiple repuesto
PASSAT 2003,Block Motor,,DISPONIBLE,SANTIAGO,,,,,
PASSAT 2003,Bobinas,,VENDIDO,SANTIAGO,55000.0,50000.0,,,
PASSAT 2003,Bocina De Maleta,,DISPONIBLE,SANTIAGO,,,,,
PASSAT 2003,Bomba De Combustible,,,,75000.0,,,,Sin estado de stock; Sin ubicación
PASSAT 2003,Bomba De Aceite,,VENDIDO,,60000.0,55000.0,,,Sin ubicación
PASSAT 2003,Bomba De Combustible Alta Presión,,DISPONIBLE,SANTIAGO,,,,,
PASSAT 2003,Bomba Hidráulica,,DISPONIBLE,SANTIAGO,70000.0,80000.0,,,
PASSAT 2003,Botón Calienta Asientos,,DISPONIBLE,SANTIAGO,,,,,
PASSAT 2003,Botón Calienta Asientos,,DISPONIBLE,SANTIAGO,,,,,
PASSAT 2003,Botón,Delantera Derecha,DISPONIBLE,,15000.0,10000.0,,,Sin ubicación
PASSAT 2003,Botón,Trasera Izquierda,DISPONIBLE,,15000.0,10000.0,,,Sin ubicación
PASSAT 2003,Botón,Trasera Derecha,DISPONIBLE,,15000.0,10000.0,,,Sin ubicación
PASSAT 2003,Botonera,Delantera Izquierda,DISPONIBLE,,45000.0,40000.0,,"UN BOTÓN MALO, REVISAR PRECIO Y PEDIR FOTO PARA EL CLIENTE",Sin ubicación
PASSAT 2003,Brazo Limpiaparabrisas,Delantera Izquierda,DISPONIBLE,SANTIAGO,,,,,
PASSAT 2003,Brazo Limpiaparabrisas,Delantera Derecha,DISPONIBLE,SANTIAGO,,,,,
PASSAT 2003,Brazo Limpiaparabrisas,Trasera Portalon,DISPONIBLE,SANTIAGO,,,,,
PASSAT 2003,Cable Bujías,,VENDIDO,SANTIAGO,,,,,
PASSAT 2003,Cadena,,DISPONIBLE,SANTIAGO,60000.0,50000.0,,,
PASSAT 2003,Caja,,VENDIDO,SANTIAGO,600000.0,550000.0,,,
PASSAT 2003,Caliper,Delantera Izquierda,DISPONIBLE,SANTIAGO,,,,,
PASSAT 2003,Caliper,Delantera Derecha,DISPONIBLE,SANTIAGO,,,,,
PASSAT 2003,Caliper,Trasera Izquierda,DISPONIBLE,SANTIAGO,,,,,
PASSAT 2003,Caliper,Trasera Derecha,DISPONIBLE,SANTIAGO,,,,,
PASSAT 2003,Canister,,DISPONIBLE,SANTIAGO,,,,,
PASSAT 2003,Cañería De Agua,,DISPONIBLE,SANTIAGO,,,,,
PASSAT 2003,Cañería De Agua (Pasa Por Encima Del Motor),,DISPONIBLE,SANTIAGO,,,,,
PASSAT 2003,Cañería De Aire,,DISPONIBLE,SANTIAGO,,,,,
PASSAT 2003,Cañería Egr,,DISPONIBLE,SANTIAGO,,,,,
PASSAT 2003,Capot,,DISPONIBLE,SANTIAGO,90000.0,85000.0,,,
PASSAT 2003,Cardán,Trasera,VENDIDO,SANTIAGO,100000.0,80000.0,,,
PASSAT 2003,Carter,,VENDIDO,SANTIAGO,80000.0,75000.0,,,
PASSAT 2003,Catalítico,,VENDIDO,SANTIAGO,,,,,
PASSAT 2003,Catalítico,,VENDIDO,SANTIAGO,,,,,
PASSAT 2003,Catalítico,,VENDIDO,SANTIAGO,,,,,
PASSAT 2003,Catalítico,,VENDIDO,SANTIAGO,,,,,
PASSAT 2003,Centrífugo O Viscozo,,DISPONIBLE,SANTIAGO,70000.0,60000.0,,,
PASSAT 2003,Chapa Capot,,DISPONIBLE,SANTIAGO,25000.0,20000.0,,,
PASSAT 2003,Chapa De Contacto,,DISPONIBLE,SANTIAGO,,,,,
PASSAT 2003,Chapa De Puerta,Delantera Derecha,VENDIDO,SANTIAGO,,,,,
PASSAT 2003,Chapa De Puerta Delentera,Izquierda,VENDIDO,SANTIAGO,,,,,
PASSAT 2003,Chapa De Puerta,Trasera Izquierda,DISPONIBLE,SANTIAGO,,,,,
PASSAT 2003,Chapa De Puerta,Trasera Derecha,DISPONIBLE,SANTIAGO,,,,,
PASSAT 2003,Chapa,Portalon,DISPONIBLE,SANTIAGO,,,,,
PASSAT 2003,Cierre Electrónico Tapa De Bencina,,DISPONIBLE,SANTIAGO,,,,,"Termino especial ""nico"""
PASSAT 2003,Cigüeñal,,DISPONIBLE,SANTIAGO,110000.0,100000.0,,,
PASSAT 2003,Cinta De Airbag,,DISPONIBLE,SANTIAGO,,,,,
PASSAT 2003,Cinturón,Trasera Central,DISPONIBLE,SANTIAGO,,,,,
PASSAT 2003,Cinturón,Trasera Izquierda,DISPONIBLE,SANTIAGO,,,,,
PASSAT 2003,Cinturón,Trasera Derecha,DISPONIBLE,SANTIAGO,,,,,
PASSAT 2003,Cofia,,DISPONIBLE,SANTIAGO,,,,,
PASSAT 2003,Compresor De Aire,,DISPONIBLE,SANTIAGO,80000.0,70000.0,,,
PASSAT 2003,Control De Luces,,DISPONIBLE,SANTIAGO,,,,,
PASSAT 2003,Control De Regulación De Luz Tablero Y Ajuste De Luz Exir,,DISPONIBLE,SANTIAGO,,,,,Posible múltiple repuesto
PASSAT 2003,Cremallera De Alzavidrios,Trasera Izquierda,DISPONIBLE,SANTIAGO,,,,,
PASSAT 2003,Cremallera De Alzavidrios,Trasera Derecha,DISPONIBLE,SANTIAGO,,,,,
PASSAT 2003,Cremallera De Dirección,,VENDIDO,SANTIAGO,85000.0,75000.0,,,
PASSAT 2003,Cubre Carter,,NO DISPONIBLE,N/A,,,,,
PASSAT 2003,Cubre Equip'Aje (No Retractil),,DISPONIBLE,SANTIAGO,,,,CON DETALLE,
PASSAT 2003,Cubre Ruedad De Repuesto,,DISPONIBLE,SANTIAGO,,,,,
PASSAT 2003,Cubre Torpedo,Exterior,DISPONIBLE,SANTIAGO,35000.0,30000.0,,,
PASSAT 2003,Cuerpo De Aceleración,,DISPONIBLE,SANTIAGO,,,,,
PASSAT 2003,Culata,,DISPONIBLE,SANTIAGO,,,,,
PASSAT 2003,Cuna,,DISPONIBLE,SANTIAGO,,,,,
PASSAT 2003,Damper,,DISPONIBLE,SANTIAGO,,,,,
PASSAT 2003,Depósito De Agua O Líquido Refrigerante,,DISPONIBLE,SANTIAGO,,,,LLEGÓ LA TAPA,
PASSAT 2003,Depósito De Vacío De Aire,,DISPONIBLE,SANTIAGO,,,,,
PASSAT 2003,Depósito Limpiaparabrisas,,DISPONIBLE,SANTIAGO,50000.0,45000.0,,,
PASSAT 2003,Depósito Líquido Hidráulico,,DISPONIBLE,SANTIAGO,,,,,
PASSAT 2003,Diferencia Con Soportes,Trasera,DISPONIBLE,SANTIAGO,,,,ESCRITO POR SERGIO REPUESTOS LLEGADOS EL 20-DE DICIEMBRE,
PASSAT 2003,Diferencial,,DISPONIBLE,,200000.0,190000.0,,,Sin ubicación
PASSAT 2003,Disco De Freno,Delantera Izquierda,DISPONIBLE,SANTIAGO,,,,,
PASSAT 2003,Disco De Freno,Delantera Derecha,DISPONIBLE,SANTIAGO,,,,,
PASSAT 2003,Disco De Freno,Trasera Izquierda,DISPONIBLE,SANTIAGO,,,,,
PASSAT 2003,Disco De Freno,Trasera Derecha,DISPONIBLE,SANTIAGO,,,,,
PASSAT 2003,Ecu,,DISPONIBLE,SANTIAGO,140000.0,130000.0,,,
PASSAT 2003,Eje Palier,Delantera Izquierda,VENDIDO,SANTIAGO,100000.0,95000.0,,,
PASSAT 2003,Eje Palier,Delantera Derecha,VENDIDO,SANTIAGO,100000.0,95000.0,,,
PASSAT 2003,Eje,Trasera,DISPONIBLE,SANTIAGO,70000.0,60000.0,,,
PASSAT 2003,Eje,Trasera Izquierda,DISPONIBLE,SANTIAGO,,,,,
PASSAT 2003,Eje,Trasera Derecha,DISPONIBLE,SANTIAGO,,,,,
PASSAT 2003,Electroventilador,,DISPONIBLE,SANTIAGO,60000.0,55000.0,,,
PASSAT 2003,Enganches Cinturones,Trasera,DISPONIBLE,SANTIAGO,,,,,
PASSAT 2003,Espejo,Central,DISPONIBLE,SANTIAGO,15000.0,10000.0,,,
PASSAT 2003,Espejo,Izquierda,DISPONIBLE,SANTIAGO,25000.0,20000.0,,CON ESPEJO Y MICA QUEBRADOS,
PASSAT 2003,Espejo,Derecha,VENDIDO,SANTIAGO,50000.0,45000.0,,,
PASSAT 2003,Evaporador Aire Acondicionado,,DISPONIBLE,SANTIAGO,,,,,
PASSAT 2003,Flujómetro,,DISPONIBLE,SANTIAGO,,,,,
PASSAT 2003,Foco,Trasera Izquierda,VENDIDO,SANTIAGO,45000.0,40000.0,,,
PASSAT 2003,Foco,Trasera Derecha,VENDIDO,SANTIAGO,40000.0,35000.0,,,
PASSAT 2003,Completo,Delantera,VENDIDO,SANTIAGO,90000.0,80000.0,,PLÁSTICO ,"Termino especial ""completo"""
PASSAT 2003,Funda De Parachoque Con Rejillas,Delantera,VENDIDO,SANTIAGO,100000.0,95000.0,,,
PASSAT 2003,Funda De Parachoque,Trasera,DISPONIBLE,SANTIAGO,60000.0,50000.0,,,
PASSAT 2003,Goma Contorno De Puerta,Delantera Izquierda,DISPONIBLE,SANTIAGO,,,,,
PASSAT 2003,Goma Contorno De Puerta,Delantera Derecha,DISPONIBLE,SANTIAGO,,,,,
PASSAT 2003,Goma Contorno De Puerta,Trasera Izquierda,DISPONIBLE,SANTIAGO,,,,,
PASSAT 2003,Goma Contorno De Puerta,Trasera Derecha,DISPONIBLE,SANTIAGO,,,,,
PASSAT 2003,Guantera,,VENDIDO,SANTIAGO,50000.0,45000.0,,,
PASSAT 2003,Guardafango,Trasera Izquierda,DISPONIBLE,SANTIAGO,,,,,
PASSAT 2003,Guardafango,Trasera Derecha,DISPONIBLE,SANTIAGO,,,,,
PASSAT 2003,Kit De Airbag,,DISPONIBLE,SANTIAGO,,,,,
PASSAT 2003,Llanta Con Neumático,,DISPONIBLE,SANTIAGO,60000.0,50000.0,,,
PASSAT 2003,Llanta Con Neumático,,DISPONIBLE,SANTIAGO,60000.0,50000.0,,,
PASSAT 2003,Llanta Con Neumático,,DISPONIBLE,SANTIAGO,60000.0,50000.0,,,
PASSAT 2003,Llanta Con Neumático,,DISPONIBLE,SANTIAGO,60000.0,50000.0,,,
PASSAT 2003,Llave,,DISPONIBLE,SANTIAGO,15000.0,10000.0,,,
PASSAT 2003,Logo,Delantera,VENDIDO,SANTIAGO,25000.0,20000.0,,,
PASSAT 2003,Luz,Interior,DISPONIBLE,SANTIAGO,,,,ESCRITO ASÍ POR SERGIO,
PASSAT 2003,Luz,Interior,DISPONIBLE,SANTIAGO,,,,,
PASSAT 2003,Luz,Izquierda Interior,DISPONIBLE,SANTIAGO,,,,,
PASSAT 2003,Luz Mica Rota,Interior,DISPONIBLE,SANTIAGO,,,,,
PASSAT 2003,Luz,Interior Portalon,DISPONIBLE,SANTIAGO,,,,,
PASSAT 2003,Luz Maleta,Izquierda,DISPONIBLE,SANTIAGO,,,,,
PASSAT 2003,Luz Maleta,Derecha,DISPONIBLE,SANTIAGO,,,,,
PASSAT 2003,Luz Patente,Izquierda,DISPONIBLE,SANTIAGO,,,,,
PASSAT 2003,Luz Patente,Derecha,DISPONIBLE,SANTIAGO,,,,,
PASSAT 2003,Manguera De Agua En Y,,DISPONIBLE,SANTIAGO,25000.0,20000.0,,,
PASSAT 2003,Manilla De Techo,Delantera Derecha,DISPONIBLE,SANTIAGO,,,,,
PASSAT 2003,Manilla De Techo,Trasera Izquierda,DISPONIBLE,SANTIAGO,,,,,
PASSAT 2003,Manilla De Techo,Trasera Derecha,DISPONIBLE,SANTIAGO,,,,,
PASSAT 2003,Manilla,Delantera Izquierda Exterior,DISPONIBLE,SANTIAGO,,,,,
PASSAT 2003,Manilla,Delantera Derecha Exterior,DISPONIBLE,SANTIAGO,,,,,
PASSAT 2003,Manilla Puerta,Trasera Izquierda Exterior,DISPONIBLE,SANTIAGO,,,,,
PASSAT 2003,Manilla Puerta,Trasera Derecha Exterior,DISPONIBLE,SANTIAGO,,,,,
PASSAT 2003,Manilla Apertura Capot,Interior,DISPONIBLE,SANTIAGO,,,,,
PASSAT 2003,Manilla Puerta,Delantera Izquierda Interior,DISPONIBLE,SANTIAGO,,,,,
PASSAT 2003,Manilla Puerta,Delantera Derecha Interior,DISPONIBLE,SANTIAGO,,,,,
PASSAT 2003,Manilla Puerta,Trasera Izquierda Interior,DISPONIBLE,SANTIAGO,,,,,
PASSAT 2003,Manilla Puerta,Trasera Derecha Interior,DISPONIBLE,SANTIAGO,,,,,
PASSAT 2003,Manual,,DISPONIBLE,SANTIAGO,,,,LIBRO,
PASSAT 2003,Máscara Con Logo,,VENDIDO,SANTIAGO,60000.0,50000.0,,DETALLE EN LA PUNTA,
PASSAT 2003,Máscara Sin Logo,,VENDIDO,SANTIAGO,50000.0,45000.0,,,
PASSAT 2003,Ménsula,Delantera Izquierda,DISPONIBLE,SANTIAGO,,,,,
PASSAT 2003,Ménsula,Delantera Derecha,DISPONIBLE,SANTIAGO,,,,,
PASSAT 2003,Módulo Abs,,DISPONIBLE,SANTIAGO,75000.0,70000.0,,,
PASSAT 2003,Módulo Control De Calefacción,,DISPONIBLE,SANTIAGO,,,,,
PASSAT 2003,Modulo De Confort,,VENDIDO,SANTIAGO,90000.0,80000.0,,,
PASSAT 2003,Moldura Puerta,Delantera Izquierda,DISPONIBLE,SANTIAGO,25000.0,20000.0,,,
PASSAT 2003,Moldura Puerta,Delantera Derecha,DISPONIBLE,SANTIAGO,25000.0,20000.0,,,
PASSAT 2003,Motor Calefacción,,DISPONIBLE,SANTIAGO,,,,,
PASSAT 2003,Motor De Partida,,DISPONIBLE,SANTIAGO,70000.0,60000.0,,,
PASSAT 2003,Motor Limpiaparabrisas Con Varillaje,,DISPONIBLE,SANTIAGO,45000.0,40000.0,,,
PASSAT 2003,Motor No Facturable,,NO DISPONIBLE,SANTIAGO,0.0,0.0,,SE VENDE POR PIEZAS,
PASSAT 2003,Multiple De Admision,,DISPONIBLE,SANTIAGO,90000.0,80000.0,,,
PASSAT 2003,Múltiple De Escape,,DISPONIBLE,SANTIAGO,,,,,
PASSAT 2003,Múltiple De Escape,,DISPONIBLE,SANTIAGO,,,,,
PASSAT 2003,Muñón (Se Vende El Muñón Y Viene Con Maza,Izquierda,VENDIDO,SANTIAGO,65000.0,55000.0,,,Posible múltiple repuesto
PASSAT 2003,Muñón (Se Vende El Muñón Y Viene Con Maza,Derecha,DISPONIBLE,SANTIAGO,65000.0,55000.0,,,Posible múltiple repuesto
PASSAT 2003,Óptico,Izquierda,DISPONIBLE,SANTIAGO,45000.0,40000.0,,ES ALTERNATIVO Y TIENE DETALLE EN LA REGULACIÓN INTERNA,
PASSAT 2003,Óptico,Derecha,VENDIDO,SANTIAGO,65000.0,60000.0,,ES ALTERNATIVO,
PASSAT 2003,Palanca De Cambio Automática Desarmada,,DISPONIBLE,SANTIAGO,55000.0,50000.0,,,
PASSAT 2003,Palanca De Freno De Mano,,DISPONIBLE,SANTIAGO,,,,,
PASSAT 2003,Panel,Delantera,DISPONIBLE,SANTIAGO,95000.0,90000.0,,,
PASSAT 2003,Parabrisas,,DISPONIBLE,,55000.0,50000.0,,,Sin ubicación
PASSAT 2003,Parasol,Izquierda,DISPONIBLE,SANTIAGO,,,,,
PASSAT 2003,Parasol,Derecha,DISPONIBLE,SANTIAGO,,,,,
PASSAT 2003,Pedal Electrónico De Aceleración,,DISPONIBLE,SANTIAGO,,,,,"Termino especial ""nico"""
PASSAT 2003,Pedalera De Freno,,DISPONIBLE,,,,,CON SENSOR DE FRENO (PREGUNTAR SI VA EN EL PRECIO),Sin ubicación
PASSAT 2003,Piola Palanca De Cambios,,DISPONIBLE,SANTIAGO,,,,,
PASSAT 2003,Polea Arbol De Levas,Izquierda,DISPONIBLE,SANTIAGO,55000.0,50000.0,,,
PASSAT 2003,Polea Arbol De Levas,Derecha,VENDIDO,SANTIAGO,55000.0,50000.0,,,
PASSAT 2003,Polea O Porta Centrífugo,,VENDIDO,,,,,,Sin ubicación
PASSAT 2003,Porta Ecu,,DISPONIBLE,SANTIAGO,,,,,
PASSAT 2003,Porta Filtro,,DISPONIBLE,SANTIAGO,,,,,
PASSAT 2003,Porta Lentes,,DISPONIBLE,SANTIAGO,,,,,
PASSAT 2003,Solo Lata,Portalon,VENDIDO,SANTIAGO,120000.0,110000.0,,,
PASSAT 2003,Pre Carter,,DISPONIBLE,SANTIAGO,60000.0,55000.0,,,
PASSAT 2003,Puente,Trasera,DISPONIBLE,SANTIAGO,,,,,
PASSAT 2003,Puerta Solo Lata,Delantera Izquierda,DISPONIBLE,SANTIAGO,60000.0,55000.0,,,
PASSAT 2003,Puerta Solo Lata,Delantera Derecha,DISPONIBLE,SANTIAGO,60000.0,55000.0,,,
PASSAT 2003,Puerta Solo Lata,Trasera Izquierda,DISPONIBLE,SANTIAGO,60000.0,55000.0,,,
PASSAT 2003,Puerta Solo Lata,Trasera Derecha,DISPONIBLE,SANTIAGO,60000.0,55000.0,,,
PASSAT 2003,Radiador Agua,,VENDIDO,,95000.0,90000.0,,,Sin ubicación
PASSAT 2003,Radiador Aire,,DISPONIBLE,SANTIAGO,80000.0,75000.0,,,
PASSAT 2003,Radiador De Calefacción,,NO DISPONIBLE,N/A,,,,MALO,
PASSAT 2003,Ramal Completo,,DISPONIBLE,SANTIAGO,,,,,"Termino especial ""completo"""
PASSAT 2003,Refuerzo De Parachoque,Delantera,VENDIDO,SANTIAGO,45000.0,40000.0,,,
PASSAT 2003,Sensor De Oxígeno (Revisar),,DISPONIBLE,SANTIAGO,,,,,
PASSAT 2003,Sensor De Oxígeno Banco,Izquierda,DISPONIBLE,SANTIAGO,,,,,
PASSAT 2003,Sensor De Oxígeno Banco,Derecha,DISPONIBLE,SANTIAGO,,,,,
PASSAT 2003,Sensor De Oxígeno Banco,Izquierda,DISPONIBLE,SANTIAGO,,,,,
PASSAT 2003,Sensor De Oxígeno Banco,Derecha,DISPONIBLE,SANTIAGO,,,,,
PASSAT 2003,Servo Freno Con Depósito Y Bomba De Freno,,DISPONIBLE,SANTIAGO,,,,,Posible múltiple repuesto
PASSAT 2003,Sinóptico,,DISPONIBLE,SANTIAGO,75000.0,65000.0,,,
PASSAT 2003,Soporte Bomba De Combustible Alta Presión,,DISPONIBLE,SANTIAGO,,,,,
PASSAT 2003,Soporte De Caja,Izquierda,VENDIDO,SANTIAGO,,,,,
PASSAT 2003,Soporte De Tubo De Escape,Izquierda,DISPONIBLE,SANTIAGO,,,,,
PASSAT 2003,Soporte De Tubo De Escape,Derecha,DISPONIBLE,SANTIAGO,,,,,
PASSAT 2003,Sunroof,,DISPONIBLE,SANTIAGO,75000.0,70000.0,,,
PASSAT 2003,Tapa Cromada Int Cubre Trinquete,Trasera,DISPONIBLE,SANTIAGO,,,,ESCRITO ASÍ POR SERGIO,
PASSAT 2003,Tapa De Batería,,DISPONIBLE,SANTIAGO,,,,,
PASSAT 2003,Tapa De Bencina,Exterior,VENDIDO,SANTIAGO,25000.0,20000.0,,"IVÁN, LLEGA EN EL PRÓXIMO VIAJE A SCL",
PASSAT 2003,Tapa De Bencina,Interior,DISPONIBLE,REQUINOA,15000.0,10000.0,,,
PASSAT 2003,Tapa De Válvula,,DISPONIBLE,SANTIAGO,,,,,
PASSAT 2003,Tapa Porta Filtro De Polen,,DISPONIBLE,SANTIAGO,,,,,
PASSAT 2003,Tapabarro,Izquierda,VENDIDO,SANTIAGO,65000.0,55000.0,,SIN INTERMITENTE,
PASSAT 2003,Tapabarro,Derecha,VENDIDO,SANTIAGO,65000.0,55000.0,,SIN INTERMITENTE,
PASSAT 2003,Tapiz De Puerta,Delantera Izquierda,DISPONIBLE,SANTIAGO,,,,,
PASSAT 2003,Tapiz De Puerta,Delantera Derecha,DISPONIBLE,SANTIAGO,,,,,
PASSAT 2003,Tapiz De Puerta,Trasera Izquierda,DISPONIBLE,SANTIAGO,,,,,
PASSAT 2003,Tapiz De Puerta,Trasera Derecha,DISPONIBLE,SANTIAGO,,,,,
PASSAT 2003,Tapiz,Portalon,DISPONIBLE,SANTIAGO,,,,,
PASSAT 2003,Telecomando,,DISPONIBLE,SANTIAGO,25000.0,20000.0,,,
PASSAT 2003,Tensor,,DISPONIBLE,SANTIAGO,60000.0,50000.0,,,
PASSAT 2003,Tercera Luz De Freno,,DISPONIBLE,SANTIAGO,15000.0,15000.0,,,
PASSAT 2003,Tirante Apertura Capot,,NO DISPONIBLE,REQUINOA,,,,MALO,
PASSAT 2003,Trinquete Maleta,,DISPONIBLE,SANTIAGO,,,,,
PASSAT 2003,Tubo Corrugado,,VENDIDO,SANTIAGO,,,,,
PASSAT 2003,Tubo Porta Filtro,,DISPONIBLE,,,,,,Sin ubicación
PASSAT 2003,Válvula Egr,,DISPONIBLE,SANTIAGO,,,,,
PASSAT 2003,Válvula Egr,,DISPONIBLE,SANTIAGO,,,,,
PASSAT 2003,Válvula Eje R,,DISPONIBLE,SANTIAGO,,,,,
PASSAT 2003,Varilla De Motor,,DISPONIBLE,SANTIAGO,,,,,
PASSAT 2003,Vidrio Puerta,Delantera Izquierda,DISPONIBLE,SANTIAGO,35000.0,30000.0,,,
PASSAT 2003,Vidrio Puerta,Delantera Derecha,DISPONIBLE,SANTIAGO,35000.0,30000.0,,,
PASSAT 2003,Vidrio Puerta,Trasera Izquierda,DISPONIBLE,SANTIAGO,35000.0,30000.0,,,
PASSAT 2003,Vidrio Puerta,Trasera Derecha,DISPONIBLE,SANTIAGO,35000.0,30000.0,,,
PASSAT 2003,Volante,,VENDIDO,SANTIAGO,45000.0,40000.0,,PRECIO ACTUALIZADO ,
PASSAT 2003,,,DISPONIBLE,SANTIAGO,,,,,Nombre vacío
PASSAT 2003,,,DISPONIBLE,SANTIAGO,,,,,Nombre vacío
PASSAT 2003,,,DISPONIBLE,SANTIAGO,,,,,Nombre vacío
PASSAT 2003,,,DISPONIBLE,,,,,,Nombre vacío; Sin ubicación
PASSAT 2003,,,DISPONIBLE,,,,,,Nombre vacío; Sin ubicación
PASSAT 2003,,,DISPONIBLE,,,,,,Nombre vacío; Sin ubicación
PASSAT 2003,,,DISPONIBLE,,,,,,Nombre vacío; Sin ubicación
PASSAT 2003,,,DISPONIBLE,,,,,,Nombre vacío; Sin ubicación
PASSAT 2003,,,DISPONIBLE,,,,,,Nombre vacío; Sin ubicación
PASSAT 2003,,,DISPONIBLE,,,,,,Nombre vacío; Sin ubicación
PASSAT 2003,,,DISPONIBLE,,,,,,Nombre vacío; Sin ubicación
PASSAT 2003,,,DISPONIBLE,,,,,,Nombre vacío; Sin ubicación
PASSAT 2003,,,DISPONIBLE,,,,,,Nombre vacío; Sin ubicación
PASSAT 2003,,,DISPONIBLE,,,,,,Nombre vacío; Sin ubicación
PASSAT 2003,,,DISPONIBLE,,,,,,Nombre vacío; Sin ubicación
PASSAT 2003,,,DISPONIBLE,,,,,,Nombre vacío; Sin ubicación
PASSAT 2003,,,DISPONIBLE,,,,,,Nombre vacío; Sin ubicación
PASSAT 2003,,,DISPONIBLE,,,,,,Nombre vacío; Sin ubicación
PASSAT 2003,,,DISPONIBLE,,,,,,Nombre vacío; Sin ubicación
PASSAT 2003,,,DISPONIBLE,,,,,,Nombre vacío; Sin ubicación
PASSAT 2003,,,DISPONIBLE,,,,,,Nombre vacío; Sin ubicación
PASSAT 2003,,,DISPONIBLE,,,,,,Nombre vacío; Sin ubicación
PASSAT 2003,,,DISPONIBLE,,,,,,Nombre vacío; Sin ubicación
PASSAT 2003,,,DISPONIBLE,,,,,,Nombre vacío; Sin ubicación
PASSAT 2003,,,DISPONIBLE,,,,,,Nombre vacío; Sin ubicación
PASSAT 2003,,,DISPONIBLE,,,,,,Nombre vacío; Sin ubicación
PASSAT 2003,,,DISPONIBLE,,,,,,Nombre vacío; Sin ubicación
PASSAT 2003,,,DISPONIBLE,,,,,,Nombre vacío; Sin ubicación
PASSAT 2003,,,DISPONIBLE,,,,,,Nombre vacío; Sin ubicación
PASSAT 2003,,,DISPONIBLE,,,,,,Nombre vacío; Sin ubicación
PASSAT 2003,,,DISPONIBLE,,,,,,Nombre vacío; Sin ubicación
PASSAT 2003,,,DISPONIBLE,,,,,,Nombre vacío; Sin ubicación
PASSAT 2003,,,DISPONIBLE,,,,,,Nombre vacío; Sin ubicación
PASSAT 2003,,,DISPONIBLE,,,,,,Nombre vacío; Sin ubicación
PASSAT 2003,,,DISPONIBLE,,,,,,Nombre vacío; Sin ubicación
PASSAT 2003,,,DISPONIBLE,,,,,,Nombre vacío; Sin ubicación
PASSAT 2003,,,DISPONIBLE,,,,,,Nombre vacío; Sin ubicación
PASSAT 2003,,,DISPONIBLE,,,,,,Nombre vacío; Sin ubicación
PASSAT 2003,,,DISPONIBLE,,,,,,Nombre vacío; Sin ubicación
PASSAT 2003,,,DISPONIBLE,,,,,,Nombre vacío; Sin ubicación
PASSAT 2003,,,DISPONIBLE,,,,,,Nombre vacío; Sin ubicación
PASSAT 2003,,,DISPONIBLE,,,,,,Nombre vacío; Sin ubicación
PASSAT 2003,,,DISPONIBLE,,,,,,Nombre vacío; Sin ubicación
PASSAT 2003,,,DISPONIBLE,,,,,,Nombre vacío; Sin ubicación
PASSAT 2003,,,DISPONIBLE,,,,,,Nombre vacío; Sin ubicación
PASSAT 2003,,,DISPONIBLE,,,,,,Nombre vacío; Sin ubicación
PASSAT 2003,,,DISPONIBLE,,,,,,Nombre vacío; Sin ubicación
PASSAT 2003,,,DISPONIBLE,,,,,,Nombre vacío; Sin ubicación
PASSAT 2003,,,DISPONIBLE,,,,,,Nombre vacío; Sin ubicación
PASSAT 2003,,,DISPONIBLE,,,,,,Nombre vacío; Sin ubicación
PASSAT 2003,,,DISPONIBLE,,,,,,Nombre vacío; Sin ubicación
PASSAT 2003,,,DISPONIBLE,,,,,,Nombre vacío; Sin ubicación
PASSAT 2003,,,DISPONIBLE,,,,,,Nombre vacío; Sin ubicación
PASSAT 2003,,,DISPONIBLE,,,,,,Nombre vacío; Sin ubicación
PASSAT 2003,,,DISPONIBLE,,,,,,Nombre vacío; Sin ubicación
PASSAT 2003,,,DISPONIBLE,,,,,,Nombre vacío; Sin ubicación
PASSAT 2003,,,DISPONIBLE,,,,,,Nombre vacío; Sin ubicación
PASSAT 2003,,,DISPONIBLE,,,,,,Nombre vacío; Sin ubicación
PASSAT 2003,,,DISPONIBLE,,,,,,Nombre vacío; Sin ubicación
PASSAT 2003,,,DISPONIBLE,,,,,,Nombre vacío; Sin ubicación
PASSAT 2003,,,DISPONIBLE,,,,,,Nombre vacío; Sin ubicación
PASSAT 2003,,,DISPONIBLE,,,,,,Nombre vacío; Sin ubicación
PASSAT 2003,,,DISPONIBLE,,,,,,Nombre vacío; Sin ubicación
PASSAT 2003,,,DISPONIBLE,,,,,,Nombre vacío; Sin ubicación
PASSAT 2003,,,DISPONIBLE,,,,,,Nombre vacío; Sin ubicación
PASSAT 2003,,,DISPONIBLE,,,,,,Nombre vacío; Sin ubicación
PASSAT 2003,,,DISPONIBLE,,,,,,Nombre vacío; Sin ubicación
PASSAT 2003,,,DISPONIBLE,,,,,,Nombre vacío; Sin ubicación
PASSAT 2003,,,DISPONIBLE,,,,,,Nombre vacío; Sin ubicación
PASSAT 2003,,,DISPONIBLE,,,,,,Nombre vacío; Sin ubicación
PASSAT 2003,,,DISPONIBLE,,,,,,Nombre vacío; Sin ubicación
PASSAT 2003,,,DISPONIBLE,,,,,,Nombre vacío; Sin ubicación
PASSAT 2003,,,DISPONIBLE,,,,,,Nombre vacío; Sin ubicación
PASSAT 2003,,,DISPONIBLE,,,,,,Nombre vacío; Sin ubicación
PASSAT 2003,,,DISPONIBLE,,,,,,Nombre vacío; Sin ubicación
PASSAT 2003,,,DISPONIBLE,,,,,,Nombre vacío; Sin ubicación
PASSAT 2003,,,DISPONIBLE,,,,,,Nombre vacío; Sin ubicación
PASSAT 2003,,,DISPONIBLE,,,,,,Nombre vacío; Sin ubicación
PASSAT 2003,,,DISPONIBLE,,,,,,Nombre vacío; Sin ubicación
PASSAT 2003,,,DISPONIBLE,,,,,,Nombre vacío; Sin ubicación
PASSAT 2003,,,DISPONIBLE,,,,,,Nombre vacío; Sin ubicación
PASSAT 2003,,,DISPONIBLE,,,,,,Nombre vacío; Sin ubicación
QASHQAI 2021,Absorbedor De Impacto Parachoque,Delantera,DISPONIBLE,,25000.0,20000.0,,,Sin ubicación
QASHQAI 2021,Airbag De Cortina,Izquierda,DISPONIBLE,,90000.0,80000.0,,,Sin ubicación
QASHQAI 2021,Airbag De Cortina,Derecha,DISPONIBLE,,90000.0,80000.0,,,Sin ubicación
QASHQAI 2021,Alfombra Cubre Rueda De Repuesto,,DISPONIBLE,,30000.0,25000.0,,,Sin ubicación
QASHQAI 2021,Alternador,,DISPONIBLE,SANTIAGO,120000.0,110000.0,,,
QASHQAI 2021,Amortiguador De,Izquierda Portalon,DISPONIBLE,SANTIAGO,25000.0,20000.0,,,
QASHQAI 2021,Amortiguador De,Derecha Portalon,DISPONIBLE,SANTIAGO,25000.0,20000.0,,,
QASHQAI 2021,Amortiguador,Delantera Izquierda,VENDIDO,SANTIAGO,85000.0,80000.0,,,
QASHQAI 2021,Amortiguador,Delantera Derecha,DISPONIBLE,SANTIAGO,85000.0,80000.0,,,
QASHQAI 2021,Amortiguador,Trasera Izquierda,DISPONIBLE,SANTIAGO,,,,,
QASHQAI 2021,Amortiguador,Trasera Derecha,DISPONIBLE,SANTIAGO,,,,,
QASHQAI 2021,Antena (Tiburón) Radio,,DISPONIBLE,SANTIAGO,,,,,
QASHQAI 2021,Asiento,Delantera Izquierda,VENDIDO,REQUINOA,75000.0,70000.0,,,
QASHQAI 2021,Asiento,Delantera Derecha,DISPONIBLE,SANTIAGO,65000.0,60000.0,,,
QASHQAI 2021,Asientos,Trasera,DISPONIBLE,,65000.0,60000.0,,,Sin ubicación
QASHQAI 2021,Bandeja,Delantera Izquierda,DISPONIBLE,SANTIAGO,35000.0,30000.0,,,
QASHQAI 2021,Bandeja,Delantera Derecha,DISPONIBLE,SANTIAGO,35000.0,30000.0,,,
QASHQAI 2021,Bandeja,Trasera Izquierda,DISPONIBLE,SANTIAGO,,,,,
QASHQAI 2021,Bandeja,Trasera Derecha,DISPONIBLE,SANTIAGO,,,,,
QASHQAI 2021,Barra De Techo,Izquierda,DISPONIBLE,SANTIAGO,,,,,
QASHQAI 2021,Barra De Techo,Derecha,DISPONIBLE,SANTIAGO,,,,,
QASHQAI 2021,Barra Estabilizadora,,DISPONIBLE,SANTIAGO,,,,,
QASHQAI 2021,Barra Techo,Izquierda,DISPONIBLE,,50000.0,45000.0,,,Sin ubicación
QASHQAI 2021,Barra Techo,Derecha,DISPONIBLE,,50000.0,45000.0,,,Sin ubicación
QASHQAI 2021,Base Batería,,DISPONIBLE,,35000.0,30000.0,,,Sin ubicación
QASHQAI 2021,Base De Termostato,,DISPONIBLE,SANTIAGO,40000.0,35000.0,,,
QASHQAI 2021,Bisagra Capot,Izquierda,DISPONIBLE,,35000.0,30000.0,,,Sin ubicación
QASHQAI 2021,Bisagra Capot,Derecha,DISPONIBLE,,35000.0,30000.0,,,Sin ubicación
QASHQAI 2021,Bisagras Puerta,Delantera Izquierda,DISPONIBLE,,20000.0,15000.0,,,Sin ubicación
QASHQAI 2021,Bisagras Puerta,Delantera Derecha,DISPONIBLE,,20000.0,15000.0,,,Sin ubicación
QASHQAI 2021,Bisagras Puerta,Trasera Izquierda,DISPONIBLE,,20000.0,15000.0,,,Sin ubicación
QASHQAI 2021,Bisagras Puerta,Trasera Derecha,DISPONIBLE,,20000.0,15000.0,,,Sin ubicación
QASHQAI 2021,Bisel O Bigote,Portalon,DISPONIBLE,,40000.0,35000.0,,,Sin ubicación
QASHQAI 2021,Bisel Radio,,DISPONIBLE,,40000.0,35000.0,,,Sin ubicación
QASHQAI 2021,Bobina,,DISPONIBLE,SANTIAGO,25000.0,20000.0,,,
QASHQAI 2021,Bobina,,DISPONIBLE,SANTIAGO,25000.0,20000.0,,,
QASHQAI 2021,Bobina,,DISPONIBLE,SANTIAGO,25000.0,20000.0,,,
QASHQAI 2021,Bobina,,DISPONIBLE,SANTIAGO,25000.0,20000.0,,,
QASHQAI 2021,Bocinas,,DISPONIBLE,,15000.0,10000.0,,,Sin ubicación
QASHQAI 2021,Boma De Agua,,DISPONIBLE,,50000.0,45000.0,,,Sin ubicación
QASHQAI 2021,Bomba De Alta,,DISPONIBLE,SANTIAGO,60000.0,50000.0,,,
QASHQAI 2021,Bomba De Bencina,,DISPONIBLE,SANTIAGO,165000.0,155000.0,,,
QASHQAI 2021,Bomba De Pedal De Embrague,,DISPONIBLE,SANTIAGO,,,,,
QASHQAI 2021,Bomba De Presión De Alta,,DISPONIBLE,,90000.0,85000.0,,,Sin ubicación
QASHQAI 2021,Botón Apertura,Portalon,DISPONIBLE,,15000.0,10000.0,,,Sin ubicación
QASHQAI 2021,Botón De Alzavidrios,Delantera Derecha,DISPONIBLE,SANTIAGO,20000.0,15000.0,,,
QASHQAI 2021,Botón De Alzavidrios,Trasera Izquierda,DISPONIBLE,SANTIAGO,20000.0,15000.0,,,
QASHQAI 2021,Botón De Alzavidrios,Trasera Derecha,DISPONIBLE,SANTIAGO,20000.0,15000.0,,,
QASHQAI 2021,Botón De Encendido,,DISPONIBLE,SANTIAGO,,,,,
QASHQAI 2021,Botón De Velocidad Crucero,,DISPONIBLE,SANTIAGO,15000.0,10000.0,,,
QASHQAI 2021,Botón Freno De Manos,,DISPONIBLE,SANTIAGO,15000.0,10000.0,,,
QASHQAI 2021,Botonera De Alzavidrios,Delantera Izquierda,DISPONIBLE,SANTIAGO,55000.0,50000.0,,,
QASHQAI 2021,Brazo Cuna,Izquierda,DISPONIBLE,,,,,,Sin ubicación
QASHQAI 2021,Brazo Cuna,Derecha,DISPONIBLE,,,,,,Sin ubicación
QASHQAI 2021,Brazo De Suspensión,Trasera Izquierda,DISPONIBLE,SANTIAGO,,,,,
QASHQAI 2021,Brazo De Suspensión,Trasera Derecha,DISPONIBLE,SANTIAGO,,,,,
QASHQAI 2021,Brazo Limpia Luneta,Trasera,DISPONIBLE,SANTIAGO,35000.0,30000.0,,,
QASHQAI 2021,Brazo Limpia Parabrisas,Izquierda,DISPONIBLE,SANTIAGO,35000.0,30000.0,,,
QASHQAI 2021,Brazo Limpia Parabrisas,Derecha,DISPONIBLE,SANTIAGO,35000.0,30000.0,,,
QASHQAI 2021,Caja De Cambios,,DISPONIBLE,SANTIAGO,440000.0,400000.0,,,
QASHQAI 2021,Caliper,Delantera Izquierda,DISPONIBLE,SANTIAGO,50000.0,45000.0,,,
QASHQAI 2021,Caliper,Delantera Derecha,DISPONIBLE,SANTIAGO,50000.0,45000.0,,,
QASHQAI 2021,Caliper Con Disco De Freno,Trasera Izquierda,DISPONIBLE,SANTIAGO,,,,REVISAR SI SE PUEDEN SEPARAR,
QASHQAI 2021,Caliper Con Disco De Freno,Trasera Izquierda Derecha,DISPONIBLE,SANTIAGO,,,,REVISAR SI SE PUEDEN SEPARAR,
QASHQAI 2021,Cámara De Retroceso,,DISPONIBLE,,35000.0,30000.0,,,Sin ubicación
QASHQAI 2021,Canister,,VENDIDO,SANTIAGO,20000.0,20000.0,,,
QASHQAI 2021,Cañería Aire Acondicionado,,DISPONIBLE,SANTIAGO,40000.0,35000.0,,,
QASHQAI 2021,Capot,,VENDIDO,SANTIAGO,180000.0,170000.0,,,
QASHQAI 2021,Catalítico,,DISPONIBLE,REQUINOA,,,,AL MONTÓN,
QASHQAI 2021,Chapa Capot,,VENDIDO,SANTIAGO,55000.0,50000.0,,,
QASHQAI 2021,Chapa,Portalon,DISPONIBLE,SANTIAGO,35000.0,30000.0,,,
QASHQAI 2021,Chapa Puerta,Delantera Izquierda,DISPONIBLE,,75000.0,70000.0,,,Sin ubicación
QASHQAI 2021,Chapa Puerta,Delantera Derecha,DISPONIBLE,,75000.0,70000.0,,,Sin ubicación
QASHQAI 2021,Chapa Puerta,Trasera Izquierda,DISPONIBLE,,65000.0,60000.0,,,Sin ubicación
QASHQAI 2021,Chapa Puerta,Trasera Derecha,DISPONIBLE,,65000.0,60000.0,,,Sin ubicación
QASHQAI 2021,Cinta De Airbag,,DISPONIBLE,SANTIAGO,60000.0,50000.0,,,
QASHQAI 2021,Cinturón,Trasera Izquierda,DISPONIBLE,SANTIAGO,,,,,
QASHQAI 2021,Cinturón,Trasera Derecha,DISPONIBLE,SANTIAGO,,,,,
QASHQAI 2021,Cofia,,DISPONIBLE,SANTIAGO,,,,,
QASHQAI 2021,Columna De Dirección Electronica,,DISPONIBLE,SANTIAGO,190000.0,180000.0,,,
QASHQAI 2021,Compresor Aire Acondicionado,,DISPONIBLE,SANTIAGO,160000.0,150000.0,,,
QASHQAI 2021,Control Climatizador,,DISPONIBLE,,85000.0,80000.0,,,Sin ubicación
QASHQAI 2021,Control De Espejos,,DISPONIBLE,SANTIAGO,,,,,
QASHQAI 2021,Cremallera De Alzavidrio,Delantera Izquierda,DISPONIBLE,SANTIAGO,45000.0,40000.0,,,
QASHQAI 2021,Cremallera De Alzavidrio,Delantera Derecha,DISPONIBLE,SANTIAGO,45000.0,40000.0,,,
QASHQAI 2021,Cremallera De Alzavidrio Puerta,Trasera Izquierda,DISPONIBLE,SANTIAGO,45000.0,40000.0,,,
QASHQAI 2021,Cremallera De Alzavidrio Puerta,Trasera Derecha,DISPONIBLE,SANTIAGO,45000.0,40000.0,,,
QASHQAI 2021,Cremallera De Dirección Con Terminales Y Axiales,,DISPONIBLE,SANTIAGO,210000.0,200000.0,,,Posible múltiple repuesto
QASHQAI 2021,Cubre Carter,,VENDIDO,SANTIAGO,65000.0,55000.0,,CON DETALLE,
QASHQAI 2021,Cubre Chapa,,DISPONIBLE,,35000.0,30000.0,,,Sin ubicación
QASHQAI 2021,Cubre Maleta,,DISPONIBLE,,,,,,Sin ubicación
QASHQAI 2021,Cubre Torpedo,,DISPONIBLE,,45000.0,40000.0,,,Sin ubicación
QASHQAI 2021,Cuerpo De Aceleración,,DISPONIBLE,SANTIAGO,85000.0,80000.0,,,
QASHQAI 2021,Culata,,DISPONIBLE,SANTIAGO,220000.0,200000.0,,SE VENDE CULATA COMPLETA,
QASHQAI 2021,Cuna,,VENDIDO,SANTIAGO,110000.0,100000.0,,,
QASHQAI 2021,Cuna,Trasera,DISPONIBLE,SANTIAGO,,,,,
QASHQAI 2021,Depósito De Limpia Parabrisas,,DISPONIBLE,SANTIAGO,60000.0,55000.0,,,
QASHQAI 2021,Depósito De Líquido Hidráulico O Electrónica?,,DISPONIBLE,,,,,CONSULTAR CARLITOS,Sin ubicación
QASHQAI 2021,Depósito De Líquido Refrigerante,,DISPONIBLE,,60000.0,55000.0,,,Sin ubicación
QASHQAI 2021,Disco De Freno,Delantera Izquierda,DISPONIBLE,SANTIAGO,25000.0,20000.0,,,
QASHQAI 2021,Disco De Freno,Delantera Derecha,DISPONIBLE,SANTIAGO,25000.0,20000.0,,,
QASHQAI 2021,Ducto De Ventilación,,DISPONIBLE,SANTIAGO,55000.0,50000.0,,,
QASHQAI 2021,Ecu,,DISPONIBLE,SANTIAGO,170000.0,160000.0,,,
QASHQAI 2021,Eje Palier,Izquierda,VENDIDO,SANTIAGO,90000.0,85000.0,,,
QASHQAI 2021,Eje Palier,Derecha,VENDIDO,SANTIAGO,100000.0,95000.0,,,
QASHQAI 2021,Eje,Trasera,DISPONIBLE,,110000.0,100000.0,,,Sin ubicación
QASHQAI 2021,Electroventilador,,VENDIDO,SANTIAGO,55000.0,50000.0,,,
QASHQAI 2021,Encendedor De Cigarros,,DISPONIBLE,SANTIAGO,,,,,
QASHQAI 2021,Espejo,Central,DISPONIBLE,SANTIAGO,15000.0,10000.0,,,
QASHQAI 2021,Espejo,Izquierda,VENDIDO,SANTIAGO,110000.0,105000.0,,,
QASHQAI 2021,Espejo,Derecha,VENDIDO,SANTIAGO,110000.0,105000.0,,,
QASHQAI 2021,Espiral,Trasera Izquierda,DISPONIBLE,,15000.0,10000.0,,,Sin ubicación
QASHQAI 2021,Espiral,Trasera Derecha,DISPONIBLE,,15000.0,10000.0,,,Sin ubicación
QASHQAI 2021,Extensión Bandeja H,Trasera,DISPONIBLE,SANTIAGO,,,,,
QASHQAI 2021,Extensión Bandeja,Trasera Izquierda,DISPONIBLE,SANTIAGO,,,,,
QASHQAI 2021,Foco Experior,Trasera Izquierda,VENDIDO,,110000.0,105000.0,,,Sin ubicación
QASHQAI 2021,Foco,Trasera Derecha Exterior,VENDIDO,,110000.0,105000.0,,,Sin ubicación
QASHQAI 2021,Foco,Trasera Izquierda Interior,DISPONIBLE,,105000.0,95000.0,,,Sin ubicación
QASHQAI 2021,Foco,Trasera Derecha Interior,VENDIDO,,105000.0,95000.0,,,Sin ubicación
QASHQAI 2021,Freno De Manos,,DISPONIBLE,,40000.0,35000.0,,,Sin ubicación
QASHQAI 2021,Frontal Inferior ,Delantera Inferior,DISPONIBLE,SANTIAGO,50000.0,40000.0,,,
QASHQAI 2021,Frontal Superior,Delantera Superior,DISPONIBLE,,65000.0,60000.0,,,Sin ubicación
QASHQAI 2021,Funda Parachoque,Delantera,VENDIDO,SANTIAGO,190000.0,185000.0,,,
QASHQAI 2021,Funda Parachoque,Trasera,DISPONIBLE,SANTIAGO,85000.0,80000.0,,,
QASHQAI 2021,Goma Contorno De,Portalon,DISPONIBLE,SANTIAGO,,,,,
QASHQAI 2021,Goma Contorno Puerta,Delantera Izquierda,DISPONIBLE,SANTIAGO,30000.0,25000.0,,,
QASHQAI 2021,Goma Contorno Puerta,Delantera Derecha,DISPONIBLE,SANTIAGO,30000.0,25000.0,,,
QASHQAI 2021,Goma Contorno Puerta,Trasera Izquierda,DISPONIBLE,SANTIAGO,30000.0,25000.0,,,
QASHQAI 2021,Goma Contorno Puerta,Trasera Derecha,DISPONIBLE,,30000.0,25000.0,,,Sin ubicación
QASHQAI 2021,Guardafango,Delantera Izquierda,VENDIDO,SANTIAGO,55000.0,45000.0,,,
QASHQAI 2021,Guardafango,Delantera Derecha,DISPONIBLE,SANTIAGO,55000.0,50000.0,,,
QASHQAI 2021,Guardafango,Trasera Izquierda,DISPONIBLE,SANTIAGO,,,,,
QASHQAI 2021,Guardafango,Trasera Derecha,DISPONIBLE,SANTIAGO,,,,,
QASHQAI 2021,Inyector,,DISPONIBLE,,90000.0,85000.0,,CADA UNO,Sin ubicación
QASHQAI 2021,Kit De Airbag,,VENDIDO,SANTIAGO,480000.0,460000.0,,,
QASHQAI 2021,Kit De Embrague,,VENDIDO,SANTIAGO,,,,,
QASHQAI 2021,Kit De Encendido,,DISPONIBLE,,330000.0,310000.0,,,Sin ubicación
QASHQAI 2021,Letras Qashqai,,DISPONIBLE,,20000.0,15000.0,,,Sin ubicación
QASHQAI 2021,Llanta Con Neumático,,VENDIDO,SANTIAGO,100000.0,95000.0,,,
QASHQAI 2021,Llanta Con Neumático,,VENDIDO,SANTIAGO,100000.0,95000.0,,,
QASHQAI 2021,Llanta Con Neumático,,VENDIDO,SANTIAGO,100000.0,95000.0,,,
QASHQAI 2021,Llanta Con Neumático,,VENDIDO,SANTIAGO,100000.0,95000.0,,,
QASHQAI 2021,Logo,Delantera,VENDIDO,SANTIAGO,25000.0,20000.0,,,
QASHQAI 2021,Logo,Trasera,DISPONIBLE,,28000.0,25000.0,,TIENE LA PATENTE,Sin ubicación
QASHQAI 2021,Luces Patente,,DISPONIBLE,,25000.0,22000.0,,EL PAR,Sin ubicación
QASHQAI 2021,Luneta,Trasera Izquierda,DISPONIBLE,,35000.0,30000.0,,,Sin ubicación
QASHQAI 2021,Luneta,Trasera Derecha,DISPONIBLE,,35000.0,30000.0,,,Sin ubicación
QASHQAI 2021,Luz De Freno,,DISPONIBLE,,55000.0,50000.0,,,Sin ubicación
QASHQAI 2021,Luz Techo,,DISPONIBLE,SANTIAGO,,,,,
QASHQAI 2021,Luz Techo (Hay,,DISPONIBLE,SANTIAGO,,,,,
QASHQAI 2021,Manilla Puerta,Delantera Izquierda Exterior,VENDIDO,SANTIAGO,35000.0,30000.0,,,
QASHQAI 2021,Manilla Puerta,Delantera Derecha Exterior,DISPONIBLE,SANTIAGO,30000.0,25000.0,,,
QASHQAI 2021,Manilla Puerta,Trasera Derecha Exterior,DISPONIBLE,SANTIAGO,30000.0,25000.0,,,
QASHQAI 2021,Manilla Puerta,Trasera Izquierda Exterior,DISPONIBLE,SANTIAGO,30000.0,25000.0,,,
QASHQAI 2021,Manilla Apertura Capot,Interior,DISPONIBLE,SANTIAGO,,,,,
QASHQAI 2021,Manilla Apertura Tapa De Bencina,Interior,DISPONIBLE,SANTIAGO,,,,,
QASHQAI 2021,Manilla Puerta,Delantera Izquierda Interior,DISPONIBLE,SANTIAGO,20000.0,15000.0,,,
QASHQAI 2021,Manilla Puerta,Delantera Derecha Interior,DISPONIBLE,SANTIAGO,20000.0,15000.0,,,
QASHQAI 2021,Manilla Puerta,Trasera Izquierda Interior,DISPONIBLE,SANTIAGO,20000.0,15000.0,,,
QASHQAI 2021,Manilla Puerta,Trasera Derecha Interior,DISPONIBLE,SANTIAGO,20000.0,15000.0,,,
QASHQAI 2021,Manilla Techo,Delantera Derecha,DISPONIBLE,SANTIAGO,15000.0,12000.0,,,
QASHQAI 2021,Manilla Techo,Trasera Izquierda,DISPONIBLE,SANTIAGO,15000.0,12000.0,,,
QASHQAI 2021,Manilla Techo,Trasera Derecha,DISPONIBLE,SANTIAGO,15000.0,12000.0,,,
QASHQAI 2021,Máscara,,VENDIDO,SANTIAGO,110000.0,100000.0,,,
QASHQAI 2021,Maza,Delantera Izquierda,DISPONIBLE,,40000.0,35000.0,,,Sin ubicación
QASHQAI 2021,Maza,Delantera Derecha,DISPONIBLE,,40000.0,35000.0,,,Sin ubicación
QASHQAI 2021,Maza,Trasera Izquierda,DISPONIBLE,,25000.0,20000.0,,,Sin ubicación
QASHQAI 2021,Maza,Trasera Derecha,DISPONIBLE,,25000.0,20000.0,,,Sin ubicación
QASHQAI 2021,Maza Y Rodamiento,Trasera Izquierda,DISPONIBLE,SANTIAGO,,,,,Posible múltiple repuesto
QASHQAI 2021,Maza Y Rodamiento,Trasera Derecha,DISPONIBLE,SANTIAGO,,,,,Posible múltiple repuesto
QASHQAI 2021,Mensula,Delantera Izquierda,VENDIDO,SANTIAGO,20000.0,18000.0,,,
QASHQAI 2021,Mensula,Delantera Derecha,VENDIDO,SANTIAGO,20000.0,18000.0,,,
QASHQAI 2021,Ménsula,Trasera Izquierda,DISPONIBLE,SANTIAGO,,,,,
QASHQAI 2021,Ménsula,Trasera Derecha,DISPONIBLE,SANTIAGO,,,,,
QASHQAI 2021,Módulo Abs,,DISPONIBLE,SANTIAGO,,,,,
QASHQAI 2021,Módulo Freno De Mano,,DISPONIBLE,,115000.0,110000.0,,,Sin ubicación
QASHQAI 2021,Moldura Puerta,Delantera Izquierda,VENDIDO,SANTIAGO,30000.0,25000.0,,,
QASHQAI 2021,Moldura Puerta,Delantera Derecha,VENDIDO,SANTIAGO,30000.0,25000.0,,,
QASHQAI 2021,Moldura Puerta,Trasera Izquierda,DISPONIBLE,SANTIAGO,30000.0,25000.0,,,
QASHQAI 2021,Moldura Puerta,Trasera Derecha,VENDIDO,SANTIAGO,30000.0,25000.0,,,
QASHQAI 2021,Moldura Tapabarro,Delantera Izquierda,VENDIDO,SANTIAGO,45000.0,40000.0,,,
QASHQAI 2021,Moldura Tapabarro,Delantera Derecha,VENDIDO,SANTIAGO,45000.0,40000.0,,,
QASHQAI 2021,Moldura Tapabarro,Trasera Izquierda,DISPONIBLE,,45000.0,40000.0,,,Sin ubicación
QASHQAI 2021,Moldura Tapabarro,Trasera Derecha,VENDIDO,SANTIAGO,45000.0,40000.0,,,
QASHQAI 2021,Motor De Calefacción,,DISPONIBLE,SANTIAGO,,,,,
QASHQAI 2021,Motor De Partida,,DISPONIBLE,SANTIAGO,100000.0,90000.0,,,
QASHQAI 2021,Motor Limpia Parabrisas,Delantera,DISPONIBLE,,55000.0,50000.0,,CON VARILLAJE,Sin ubicación
QASHQAI 2021,Motor No Facturable,,DISPONIBLE,,550000.0,520000.0,,,Sin ubicación
QASHQAI 2021,Muñon,Delantera Izquierda,DISPONIBLE,,60000.0,50000.0,,,Sin ubicación
QASHQAI 2021,Muñon,Delantera Derecha,DISPONIBLE,,60000.0,50000.0,,,Sin ubicación
QASHQAI 2021,Óptico,Izquierda,VENDIDO,SANTIAGO,200000.0,195000.0,,,
QASHQAI 2021,Óptico,Derecha,VENDIDO,SANTIAGO,200000.0,195000.0,,,
QASHQAI 2021,Palanca De Cambios,,DISPONIBLE,SANTIAGO,80000.0,75000.0,,,
QASHQAI 2021,Parabrisas,,VENDIDO,SANTIAGO,220000.0,210000.0,,,
QASHQAI 2021,Parasol,Izquierda,DISPONIBLE,SANTIAGO,25000.0,20000.0,,,
QASHQAI 2021,Parasol,Derecha,DISPONIBLE,SANTIAGO,25000.0,20000.0,,,
QASHQAI 2021,Pedal De Aceleración,,DISPONIBLE,SANTIAGO,70000.0,60000.0,,,
QASHQAI 2021,Pedal De Ambrague,,DISPONIBLE,,30000.0,25000.0,,,Sin ubicación
QASHQAI 2021,Pedal De Freno,,DISPONIBLE,,30000.0,25000.0,,,Sin ubicación
QASHQAI 2021,Piola Capot,,DISPONIBLE,,20000.0,15000.0,,,Sin ubicación
QASHQAI 2021,Piola Freno De Manos,Izquierda,DISPONIBLE,,25000.0,20000.0,,,Sin ubicación
QASHQAI 2021,Piola Freno De Manos,Derecha,DISPONIBLE,,25000.0,20000.0,,,Sin ubicación
QASHQAI 2021,Piolas Palanca De Cambios,,DISPONIBLE,,60000.0,55000.0,,,Sin ubicación
QASHQAI 2021,Porta Filtro,,DISPONIBLE,SANTIAGO,75000.0,70000.0,,,
QASHQAI 2021,Solo Lata Con Vidrio,Portalon,DISPONIBLE,SANTIAGO,120000.0,110000.0,,,
QASHQAI 2021,Protector Parachoque,Inferior,DISPONIBLE,,35000.0,30000.0,,,Sin ubicación
QASHQAI 2021,Protector Rueda De Repuesto,,DISPONIBLE,SANTIAGO,,,,,
QASHQAI 2021,Puente,Trasera,DISPONIBLE,SANTIAGO,55000.0,50000.0,,,
QASHQAI 2021,Puerta Solo Lata,Delantera Izquierda,VENDIDO,SANTIAGO,195000.0,180000.0,,,
QASHQAI 2021,Puerta Solo Lata,Delantera Derecha,DISPONIBLE,SANTIAGO,85000.0,80000.0,,PRECIO ACTUALIZADO,
QASHQAI 2021,Puerta Solo Lata,Trasera Izquierda,VENDIDO,SANTIAGO,180000.0,170000.0,,,
QASHQAI 2021,Puerta Solo Lata,Trasera Derecha,VENDIDO,SANTIAGO,85000.0,80000.0,,PRECIO ACTUALIZADO,
QASHQAI 2021,Puerto Usb Y Auxiliar,,VENDIDO,SANTIAGO,15000.0,10000.0,,,Posible múltiple repuesto
QASHQAI 2021,Radiador Aire Acondicionado,,VENDIDO,SANTIAGO,90000.0,80000.0,,,
QASHQAI 2021,Radiador Calefacción,,DISPONIBLE,,50000.0,45000.0,,,Sin ubicación
QASHQAI 2021,Radiador De Agua,,VENDIDO,SANTIAGO,70000.0,60000.0,,,
QASHQAI 2021,Radiador De Calefacción,,DISPONIBLE,SANTIAGO,,,,,
QASHQAI 2021,Radiador De Enfriador De Aceite,,VENDIDO,SANTIAGO,30000.0,30000.0,,,
QASHQAI 2021,Radio,,VENDIDO,SANTIAGO,75000.0,70000.0,,,
QASHQAI 2021,Ramal,Exterior,DISPONIBLE,SANTIAGO,,,,,
QASHQAI 2021,Ramal,Interior,DISPONIBLE,SANTIAGO,55000.0,50000.0,,,
QASHQAI 2021,Reflectante,Trasera Izquierda,DISPONIBLE,SANTIAGO,,,,,
QASHQAI 2021,Reflectante,Trasera Derecha,DISPONIBLE,SANTIAGO,,,,,
QASHQAI 2021,Refuerzo De Parachoque,Delantera,VENDIDO,SANTIAGO,55000.0,55000.0,,,
QASHQAI 2021,Refuerzo De Parachoque,Trasera,DISPONIBLE,SANTIAGO,,,,,
QASHQAI 2021,Refuerzo,Inferior,DISPONIBLE,SANTIAGO,,,,,
QASHQAI 2021,Riel De Inyección,,DISPONIBLE,,48000.0,40000.0,,,Sin ubicación
QASHQAI 2021,Rodamiento Tensor De Accesorios,,DISPONIBLE,SANTIAGO,,,,,
QASHQAI 2021,Rosca De Bomba De Bencina,,DISPONIBLE,SANTIAGO,,,,,
QASHQAI 2021,Rueda De Repuesto,,NO DISPONIBLE,N/A,,,,,
QASHQAI 2021,Sensor Abs,Delantera Izquierda,DISPONIBLE,SANTIAGO,,,,,
QASHQAI 2021,Sensor Abs,Trasera Izquierda,DISPONIBLE,SANTIAGO,,,,,
QASHQAI 2021,Sensor Abs,Trasera Derecha,DISPONIBLE,SANTIAGO,,,,,
QASHQAI 2021,Sensor Cmp,,DISPONIBLE,,25000.0,25000.0,,,Sin ubicación
QASHQAI 2021,Sensor De Ángulo De Giro,,DISPONIBLE,SANTIAGO,,,,,
QASHQAI 2021,Sensor De Estacionamiento,Delantera Izquierda,DISPONIBLE,,30000.0,25000.0,,,Sin ubicación
QASHQAI 2021,Sensor De Estacionamiento,Delantera Derecha,DISPONIBLE,,30000.0,25000.0,,,Sin ubicación
QASHQAI 2021,Sensor De Oxígeno Banco,,DISPONIBLE,SANTIAGO,,,,,
QASHQAI 2021,Sensor De Oxígeno Banco,,DISPONIBLE,SANTIAGO,,,,,
QASHQAI 2021,Sensor Temperatura Ambiente,,DISPONIBLE,,30000.0,25000.0,,,Sin ubicación
QASHQAI 2021,Sensores De Estacionamientos,Delantera,DISPONIBLE,,,,,,Sin ubicación
QASHQAI 2021,Sensores De Estacionamientos,Trasera,DISPONIBLE,,,,,,Sin ubicación
QASHQAI 2021,Sinóptico,,DISPONIBLE,,90000.0,80000.0,,,Sin ubicación
QASHQAI 2021,Soporte Motor (Hueso),Central,DISPONIBLE,,60000.0,50000.0,,,Sin ubicación
QASHQAI 2021,Soporte Motor (Caja),Izquierda,DISPONIBLE,,55000.0,50000.0,,,Sin ubicación
QASHQAI 2021,Soporte Motor (Distribución),Derecha,DISPONIBLE,,85000.0,80000.0,,,Sin ubicación
QASHQAI 2021,Soporte Radiador,Superior,VENDIDO,SANTIAGO,,,,,
QASHQAI 2021,Tapa Bencina,Exterior,DISPONIBLE,SANTIAGO,20000.0,15000.0,,,
QASHQAI 2021,Tapa Bencina,Interior,DISPONIBLE,SANTIAGO,15000.0,10000.0,,,
QASHQAI 2021,Tapa Cubre Motor,,DISPONIBLE,,40000.0,35000.0,,GORDITO O INFLADO 😊,Sin ubicación
QASHQAI 2021,Tapa De Remolque,,NO DISPONIBLE,,,,,,Sin ubicación
QASHQAI 2021,Tapa Filtro De Polen,,VENDIDO,SANTIAGO,,,,,
QASHQAI 2021,Tapa Neblinero,Izquierda,VENDIDO,SANTIAGO,40000.0,35000.0,,SIN SENSOR,
QASHQAI 2021,Tapa Neblinero,Derecha,DISPONIBLE,,40000.0,35000.0,,SIN SENSOR,Sin ubicación
QASHQAI 2021,Tapabarro,Delantera Izquierda,VENDIDO,SANTIAGO,160000.0,155000.0,,,
QASHQAI 2021,Tapabarro,Delantera Derecha,VENDIDO,SANTIAGO,90000.0,90000.0,,,
QASHQAI 2021,Tapiz,Portalon,DISPONIBLE,SANTIAGO,,,,,
QASHQAI 2021,Tapiz Puerta,Delantera Izquierda,DISPONIBLE,,30000.0,25000.0,,,Sin ubicación
QASHQAI 2021,Tapiz Puerta,Delantera Derecha,DISPONIBLE,,30000.0,25000.0,,,Sin ubicación
QASHQAI 2021,Tapiz Puerta,Trasera Izquierda,DISPONIBLE,,25000.0,20000.0,,,Sin ubicación
QASHQAI 2021,Tapiz Puerta,Trasera Derecha,DISPONIBLE,,25000.0,20000.0,,,Sin ubicación
QASHQAI 2021,Tapiz Techo,,DISPONIBLE,,55000.0,50000.0,,,Sin ubicación
QASHQAI 2021,Telecomando,,DISPONIBLE,SANTIAGO,100000.0,90000.0,,"por separado 55,000 c/u",
QASHQAI 2021,Tercera Luz De Freno,,DISPONIBLE,SANTIAGO,25000.0,20000.0,,,
QASHQAI 2021,Toma De Aire Porta Filtro,,VENDIDO,SANTIAGO,45000.0,40000.0,,,
QASHQAI 2021,Trinquete Capot,,VENDIDO,SANTIAGO,,,,,
QASHQAI 2021,Trinquete Puerta Delanterta,Izquierda,DISPONIBLE,,10000.0,8000.0,,15 EL PAR,Sin ubicación
QASHQAI 2021,Trinquete Puerta Delanterta,Derecha,DISPONIBLE,,10000.0,8000.0,,16 EL PAR,Sin ubicación
QASHQAI 2021,Trinquete Puerta,Trasera Izquierda,DISPONIBLE,,10000.0,8000.0,,17 EL PAR,Sin ubicación
QASHQAI 2021,Trinquete Puerta,Trasera Derecha,DISPONIBLE,,10000.0,8000.0,,18 EL PAR,Sin ubicación
QASHQAI 2021,Tubo De Aire,,DISPONIBLE,,35000.0,30000.0,,ENTRE FILTRO Y CUERPO DE ACELERACIÓN ,Sin ubicación
QASHQAI 2021,Varilla Capot,,VENDIDO,SANTIAGO,,,,,
QASHQAI 2021,Vidrio Puerta,Delantera Izquierda,DISPONIBLE,SANTIAGO,35000.0,30000.0,,PATENTE MARCADA,
QASHQAI 2021,Vidrio Puerta,Delantera Derecha,DISPONIBLE,SANTIAGO,35000.0,30000.0,,PATENTE MARCADA,
QASHQAI 2021,Vidrio Puerta,Trasera Izquierda,DISPONIBLE,SANTIAGO,35000.0,30000.0,,PATENTE MARCADA,
QASHQAI 2021,Vidrio Puerta,Trasera Derecha,DISPONIBLE,SANTIAGO,35000.0,30000.0,,PATENTE MARCADA,
QASHQAI 2021,Volante,,DISPONIBLE,SANTIAGO,60000.0,60000.0,,,
QASHQAI 2021,Volante De Inercia,,VENDIDO,SANTIAGO,,,,,
QASHQAI 2021,,,DISPONIBLE,,,,,,Nombre vacío; Sin ubicación
QASHQAI 2021,,,DISPONIBLE,,,,,,Nombre vacío; Sin ubicación
QASHQAI 2021,,,DISPONIBLE,,,,,,Nombre vacío; Sin ubicación
QASHQAI 2021,,,DISPONIBLE,,,,,,Nombre vacío; Sin ubicación
QASHQAI 2021,,,DISPONIBLE,,,,,,Nombre vacío; Sin ubicación
QASHQAI 2021,,,DISPONIBLE,,,,,,Nombre vacío; Sin ubicación
QASHQAI 2021,,,DISPONIBLE,,,,,,Nombre vacío; Sin ubicación
QASHQAI 2021,,,DISPONIBLE,,,,,,Nombre vacío; Sin ubicación
QASHQAI 2021,,,DISPONIBLE,,,,,,Nombre vacío; Sin ubicación
QASHQAI 2021,,,DISPONIBLE,,,,,,Nombre vacío; Sin ubicación
QASHQAI 2021,,,DISPONIBLE,,,,,,Nombre vacío; Sin ubicación
QASHQAI 2021,,,DISPONIBLE,,,,,,Nombre vacío; Sin ubicación
QASHQAI 2021,,,DISPONIBLE,,,,,,Nombre vacío; Sin ubicación
QASHQAI 2021,,,DISPONIBLE,,,,,,Nombre vacío; Sin ubicación
QASHQAI 2021,,,DISPONIBLE,,,,,,Nombre vacío; Sin ubicación
QASHQAI 2021,,,DISPONIBLE,,,,,,Nombre vacío; Sin ubicación
QASHQAI 2021,,,DISPONIBLE,,,,,,Nombre vacío; Sin ubicación
QASHQAI 2021,,,DISPONIBLE,,,,,,Nombre vacío; Sin ubicación
QASHQAI 2021,,,DISPONIBLE,,,,,,Nombre vacío; Sin ubicación
QASHQAI 2021,,,DISPONIBLE,,,,,,Nombre vacío; Sin ubicación
QASHQAI 2021,,,DISPONIBLE,,,,,,Nombre vacío; Sin ubicación
QASHQAI 2021,,,DISPONIBLE,,,,,,Nombre vacío; Sin ubicación
QASHQAI 2021,,,DISPONIBLE,,,,,,Nombre vacío; Sin ubicación
QASHQAI 2021,,,DISPONIBLE,,,,,,Nombre vacío; Sin ubicación
QASHQAI 2021,,,DISPONIBLE,,,,,,Nombre vacío; Sin ubicación
QASHQAI 2021,,,DISPONIBLE,,,,,,Nombre vacío; Sin ubicación
QASHQAI 2021,,,DISPONIBLE,,,,,,Nombre vacío; Sin ubicación
QASHQAI 2021,,,DISPONIBLE,,,,,,Nombre vacío; Sin ubicación
QASHQAI 2021,,,DISPONIBLE,,,,,,Nombre vacío; Sin ubicación
QASHQAI 2021,,,DISPONIBLE,,,,,,Nombre vacío; Sin ubicación
QASHQAI 2021,,,DISPONIBLE,,,,,,Nombre vacío; Sin ubicación
QASHQAI 2021,,,DISPONIBLE,,,,,,Nombre vacío; Sin ubicación
QASHQAI 2021,,,DISPONIBLE,,,,,,Nombre vacío; Sin ubicación
QASHQAI 2021,,,DISPONIBLE,,,,,,Nombre vacío; Sin ubicación
QASHQAI 2021,,,DISPONIBLE,,,,,,Nombre vacío; Sin ubicación
QASHQAI 2021,,,DISPONIBLE,,,,,,Nombre vacío; Sin ubicación
QASHQAI 2021,,,DISPONIBLE,,,,,,Nombre vacío; Sin ubicación
QASHQAI 2021,,,DISPONIBLE,,,,,,Nombre vacío; Sin ubicación
QASHQAI 2021,,,DISPONIBLE,,,,,,Nombre vacío; Sin ubicación
QASHQAI 2021,,,DISPONIBLE,,,,,,Nombre vacío; Sin ubicación
QASHQAI 2021,,,DISPONIBLE,,,,,,Nombre vacío; Sin ubicación
QASHQAI 2021,,,DISPONIBLE,,,,,,Nombre vacío; Sin ubicación
QASHQAI 2021,,,DISPONIBLE,,,,,,Nombre vacío; Sin ubicación
QASHQAI 2021,,,DISPONIBLE,,,,,,Nombre vacío; Sin ubicación
QASHQAI 2021,,,DISPONIBLE,,,,,,Nombre vacío; Sin ubicación
QASHQAI 2021,,,DISPONIBLE,,,,,,Nombre vacío; Sin ubicación
QASHQAI 2021,,,DISPONIBLE,,,,,,Nombre vacío; Sin ubicación
QASHQAI 2021,,,DISPONIBLE,,,,,,Nombre vacío; Sin ubicación
QASHQAI 2021,,,DISPONIBLE,,,,,,Nombre vacío; Sin ubicación
QASHQAI 2021,,,DISPONIBLE,,,,,,Nombre vacío; Sin ubicación
QASHQAI 2021,,,DISPONIBLE,,,,,,Nombre vacío; Sin ubicación
QASHQAI 2021,,,DISPONIBLE,,,,,,Nombre vacío; Sin ubicación
QASHQAI 2021,,,DISPONIBLE,,,,,,Nombre vacío; Sin ubicación
QASHQAI 2021,,,DISPONIBLE,,,,,,Nombre vacío; Sin ubicación
RCZ 2010,Alternador,,DISPONIBLE,SANTIAGO,100000.0,90000.0,,,
RCZ 2010,Amortiguador Capot,,VENDIDO,SANTIAGO,,,,,
RCZ 2010,Amortiguador,Delantera Izquierda,DISPONIBLE,SANTIAGO,70000.0,60000.0,,,
RCZ 2010,Amortiguador,Delantera Derecha,DISPONIBLE,SANTIAGO,70000.0,60000.0,,,
RCZ 2010,Amortiguador Maleta,Izquierda,DISPONIBLE,SANTIAGO,,,,,
RCZ 2010,Amortiguador Maleta,Derecha,DISPONIBLE,SANTIAGO,,,,,
RCZ 2010,Amortiguador,Trasera Izquierda,POR CONFIRMAR,,35000.0,30000.0,,,Estado inusual: POR CONFIRMAR; Sin ubicación
RCZ 2010,Amortiguador,Trasera Derecha,POR CONFIRMAR,,35000.0,30000.0,,,Estado inusual: POR CONFIRMAR; Sin ubicación
RCZ 2010,Amplificador Radio,,DISPONIBLE,SANTIAGO,,,,,
RCZ 2010,Apoya Brazos,,POR CONFIRMAR,,,,,,Estado inusual: POR CONFIRMAR; Sin ubicación
RCZ 2010,Asiento,Delantera Izquierda,VENDIDO,SANTIAGO,120000.0,110000.0,,,
RCZ 2010,Asiento,Delantera Derecha,VENDIDO,SANTIAGO,80000.0,75000.0,,,
RCZ 2010,Bandeja,Delantera Izquierda,DISPONIBLE,SANTIAGO,40000.0,35000.0,,,
RCZ 2010,Bandeja,Delantera Derecha,VENDIDO,SANTIAGO,40000.0,35000.0,,,
RCZ 2010,Base Batería,,POR CONFIRMAR,,,,,,Estado inusual: POR CONFIRMAR; Sin ubicación
RCZ 2010,Base De Ecu Y Bcm,,POR CONFIRMAR,,,,,,Posible múltiple repuesto; Estado inusual: POR CONFIRMAR; Sin ubicación
RCZ 2010,Base Termostato,,POR CONFIRMAR,,,,,,Estado inusual: POR CONFIRMAR; Sin ubicación
RCZ 2010,Bisagra Capot,Izquierda,POR CONFIRMAR,,,,,,Estado inusual: POR CONFIRMAR; Sin ubicación
RCZ 2010,Bisagra Capot,Derecha,POR CONFIRMAR,,,,,,Estado inusual: POR CONFIRMAR; Sin ubicación
RCZ 2010,Bisagras Puerta,Izquierda,POR CONFIRMAR,,,,,,Estado inusual: POR CONFIRMAR; Sin ubicación
RCZ 2010,Bobina,,DISPONIBLE,SANTIAGO,20000.0,15000.0,,,
RCZ 2010,Bobina,,DISPONIBLE,SANTIAGO,20000.0,15000.0,,,
RCZ 2010,Bobina,,DISPONIBLE,SANTIAGO,20000.0,15000.0,,,
RCZ 2010,Bobina,,DISPONIBLE,SANTIAGO,20000.0,15000.0,,,
RCZ 2010,Bocina,,VENDIDO,SANTIAGO,20000.0,20000.0,,,
RCZ 2010,Bomba De Agua,,DISPONIBLE,SANTIAGO,,,,,
RCZ 2010,Bomba De Alta,,POR CONFIRMAR,,220000.0,200000.0,,,Estado inusual: POR CONFIRMAR; Sin ubicación
RCZ 2010,Bomba De Combustible De Alta,,POR CONFIRMAR,,,,,,Estado inusual: POR CONFIRMAR; Sin ubicación
RCZ 2010,Bomba De Combustible O Bencina,,DISPONIBLE,SANTIAGO,,,,,
RCZ 2010,Bomba De Freno Con Depósitos,,POR CONFIRMAR,,,,,,Estado inusual: POR CONFIRMAR; Sin ubicación
RCZ 2010,Bomba Electrohidráulica,,DISPONIBLE,SANTIAGO,200000.0,190000.0,,,
RCZ 2010,Borner Negativo Con Módulo,,DISPONIBLE,SANTIAGO,,,,,
RCZ 2010,Botón Alerón,,POR CONFIRMAR,,,,,,Estado inusual: POR CONFIRMAR; Sin ubicación
RCZ 2010,Botón Hazard,,POR CONFIRMAR,,,,,,Estado inusual: POR CONFIRMAR; Sin ubicación
RCZ 2010,Botón Puerta,Derecha,POR CONFIRMAR,,,,,,Estado inusual: POR CONFIRMAR; Sin ubicación
RCZ 2010,Botonera Puerta,Izquierda,POR CONFIRMAR,,,,,,Estado inusual: POR CONFIRMAR; Sin ubicación
RCZ 2010,Brazo Limpiaparabrisas,Izquierda,POR CONFIRMAR,,,,,,Estado inusual: POR CONFIRMAR; Sin ubicación
RCZ 2010,Brazo Limpiaparabrisas,Derecha,POR CONFIRMAR,,,,,,Estado inusual: POR CONFIRMAR; Sin ubicación
RCZ 2010,Bsi,,DISPONIBLE,SANTIAGO,150000.0,140000.0,,,
RCZ 2010,Bsm O Caja De Fusibles,,DISPONIBLE,SANTIAGO,,,,,
RCZ 2010,Caja,,DISPONIBLE,SANTIAGO,,,,,
RCZ 2010,Caja Protectora De Fusibles,,DISPONIBLE,SANTIAGO,,,,,
RCZ 2010,Caliper,Delantera Izquierda,DISPONIBLE,SANTIAGO,,,,,
RCZ 2010,Caliper,Delantera Derecha,DISPONIBLE,SANTIAGO,,,,,
RCZ 2010,Caliper,Trasera Izquierda,DISPONIBLE,SANTIAGO,,,,,
RCZ 2010,Caliper,Trasera Derecha,DISPONIBLE,SANTIAGO,,,,,
RCZ 2010,Cañería Plástica Desde Depósito Al Radiador,,POR CONFIRMAR,,,,,,Estado inusual: POR CONFIRMAR; Sin ubicación
RCZ 2010,Cañerías De Aire Acondicionado,,POR CONFIRMAR,,,,,,Estado inusual: POR CONFIRMAR; Sin ubicación
RCZ 2010,Cañerías De Cremallera De Dirección,,POR CONFIRMAR,,,,,,Estado inusual: POR CONFIRMAR; Sin ubicación
RCZ 2010,Capot,,POR CONFIRMAR,,250000.0,230000.0,,,Estado inusual: POR CONFIRMAR; Sin ubicación
RCZ 2010,Chapa Capot,,POR CONFIRMAR,,35000.0,30000.0,,,Estado inusual: POR CONFIRMAR; Sin ubicación
RCZ 2010,Chapa De Contacto,,POR CONFIRMAR,,,,,,Estado inusual: POR CONFIRMAR; Sin ubicación
RCZ 2010,Chapa Puerta,Izquierda,POR CONFIRMAR,,,,,,Estado inusual: POR CONFIRMAR; Sin ubicación
RCZ 2010,Chapa Puerta,Derecha,DISPONIBLE,SANTIAGO,,,,,
RCZ 2010,Cinturones,Trasera,POR CONFIRMAR,,,,,,Estado inusual: POR CONFIRMAR; Sin ubicación
RCZ 2010,Cofia,,POR CONFIRMAR,,,,,,Estado inusual: POR CONFIRMAR; Sin ubicación
RCZ 2010,Columna De Dirección,,POR CONFIRMAR,,,,,,Estado inusual: POR CONFIRMAR; Sin ubicación
RCZ 2010,Compresor De Aire Acondicionado,,DISPONIBLE,SANTIAGO,120000.0,110000.0,,,
RCZ 2010,Control De Calefacción,,VENDIDO,SANTIAGO,45000.0,45000.0,,,
RCZ 2010,Control Hazard,,DISPONIBLE,SANTIAGO,,,,,
RCZ 2010,Cremallera De Alzavidrios Con Motor,Izquierda,DISPONIBLE,SANTIAGO,55000.0,50000.0,,,
RCZ 2010,Cremallera De Alzavidrios Con Motor,Derecha,DISPONIBLE,SANTIAGO,55000.0,50000.0,,,
RCZ 2010,Cremallera De Dirección,,DISPONIBLE,SANTIAGO,,,,,
RCZ 2010,Cuerpo De Aceleración,,VENDIDO,SANTIAGO,,,,,
RCZ 2010,Cuna,Delantera,POR CONFIRMAR,,,,,,Estado inusual: POR CONFIRMAR; Sin ubicación
RCZ 2010,Depósito De Agua,,DISPONIBLE,SANTIAGO,,,,,
RCZ 2010,Depósito De Limpiaparabrisas,,DISPONIBLE,SANTIAGO,,,,,
RCZ 2010,Depósito De Vacío,,DISPONIBLE,SANTIAGO,,,,,
RCZ 2010,Disco De Freno,Delantera Izquierda,DISPONIBLE,SANTIAGO,35000.0,30000.0,,,
RCZ 2010,Disco De Freno,Delantera Derecha,DISPONIBLE,SANTIAGO,35000.0,30000.0,,,
RCZ 2010,Disco De Freno,Trasera Izquierda,DISPONIBLE,SANTIAGO,25000.0,20000.0,,,
RCZ 2010,Disco De Freno,Trasera Derecha,DISPONIBLE,SANTIAGO,25000.0,20000.0,,,
RCZ 2010,Ecu,,DISPONIBLE,SANTIAGO,150000.0,140000.0,,,
RCZ 2010,Eje Palier,Izquierda,DISPONIBLE,SANTIAGO,,,,,
RCZ 2010,Eje Palier,Derecha,DISPONIBLE,SANTIAGO,,,,,
RCZ 2010,Embellecedor De Calefacción,,POR CONFIRMAR,,,,,,Estado inusual: POR CONFIRMAR; Sin ubicación
RCZ 2010,Embellecedor De Palanca De Cambios,,POR CONFIRMAR,,,,,,Estado inusual: POR CONFIRMAR; Sin ubicación
RCZ 2010,Enganche De Radiador,Superior Izquierda,POR CONFIRMAR,,,,,,Estado inusual: POR CONFIRMAR; Sin ubicación
RCZ 2010,Enganche De Radiador,Superior Derecha,POR CONFIRMAR,,,,,,Estado inusual: POR CONFIRMAR; Sin ubicación
RCZ 2010,Espejo Con Sensor,Central,DISPONIBLE,SANTIAGO,,,,,
RCZ 2010,Espejo,Izquierda,VENDIDO,SANTIAGO,95000.0,90000.0,,,
RCZ 2010,Espejo,Derecha,DISPONIBLE,SANTIAGO,95000.0,90000.0,,,
RCZ 2010,Espiral,Trasera Izquierda,POR CONFIRMAR,,,,,,Estado inusual: POR CONFIRMAR; Sin ubicación
RCZ 2010,Espiral,Trasera Derecha,POR CONFIRMAR,,,,,,Estado inusual: POR CONFIRMAR; Sin ubicación
RCZ 2010,Foco,Trasera Izquierda,VENDIDO,,200000.0,190000.0,,,Sin ubicación
RCZ 2010,Foco,Trasera Derecha,POR CONFIRMAR,,200000.0,190000.0,,,Estado inusual: POR CONFIRMAR; Sin ubicación
RCZ 2010,Freno De Mano,,POR CONFIRMAR,,,,,,Estado inusual: POR CONFIRMAR; Sin ubicación
RCZ 2010,Frontal,Delantera,POR CONFIRMAR,,80000.0,75000.0,,,Estado inusual: POR CONFIRMAR; Sin ubicación
RCZ 2010,Metálico,Delantera Inferior,POR CONFIRMAR,,,,,,Estado inusual: POR CONFIRMAR; Sin ubicación
RCZ 2010,Funda Completa,Delantera,VENDIDO,SANTIAGO,400000.0,380000.0,,,
RCZ 2010,Funda Completa,Trasera,VENDIDO,SANTIAGO,300000.0,280000.0,,,
RCZ 2010,Fusibles Positivo De Batería,,DISPONIBLE,SANTIAGO,,,,,
RCZ 2010,Guantera,,DISPONIBLE,SANTIAGO,,,,,
RCZ 2010,Guardafango Con Detalle,Delantera Izquierda,VENDIDO,SANTIAGO,20000.0,15000.0,,,
RCZ 2010,Guardafango Con Detalle,Delantera Derecha,VENDIDO,SANTIAGO,20000.0,15000.0,,,
RCZ 2010,Guardafango,Trasera Izquierda,POR CONFIRMAR,,,,,,Estado inusual: POR CONFIRMAR; Sin ubicación
RCZ 2010,Guardafango,Trasera Derecha,POR CONFIRMAR,,,,,,Estado inusual: POR CONFIRMAR; Sin ubicación
RCZ 2010,Intercooler Con Mangueras,,POR CONFIRMAR,,,,,,Estado inusual: POR CONFIRMAR; Sin ubicación
RCZ 2010,Kit De Airbag,,DISPONIBLE,SANTIAGO,450000.0,430000.0,,,
RCZ 2010,Llanta,,VENDIDO,SANTIAGO,140000.0,130000.0,,,
RCZ 2010,Llanta,,VENDIDO,SANTIAGO,140000.0,130000.0,,,
RCZ 2010,Llanta,,VENDIDO,SANTIAGO,140000.0,130000.0,,,
RCZ 2010,Llanta,,VENDIDO,SANTIAGO,70000.0,60000.0,,,
RCZ 2010,Luz De Techo,,POR CONFIRMAR,,,,,,Estado inusual: POR CONFIRMAR; Sin ubicación
RCZ 2010,Luz Tapiz De Puerta,Izquierda,POR CONFIRMAR,,,,,,Estado inusual: POR CONFIRMAR; Sin ubicación
RCZ 2010,Luz Tapiz De Puerta,Derecha,POR CONFIRMAR,,,,,,Estado inusual: POR CONFIRMAR; Sin ubicación
RCZ 2010,Maleta Completa,,VENDIDO,SANTIAGO,300000.0,280000.0,,,
RCZ 2010,Mangueras Hidráulico,,POR CONFIRMAR,,,,,,Estado inusual: POR CONFIRMAR; Sin ubicación
RCZ 2010,Manilla,Izquierda Exterior,DISPONIBLE,SANTIAGO,,,,,
RCZ 2010,Manilla,Derecha Exterior,DISPONIBLE,SANTIAGO,,,,,
RCZ 2010,Manilla,Izquierda Interior,DISPONIBLE,SANTIAGO,,,,,
RCZ 2010,Manilla,Derecha Interior,DISPONIBLE,SANTIAGO,,,,,
RCZ 2010,Máscara O Rejilla,Inferior,VENDIDO,SANTIAGO,,,,,
RCZ 2010,Ménsula,Delantera Izquierda,POR CONFIRMAR,,,,,,Estado inusual: POR CONFIRMAR; Sin ubicación
RCZ 2010,Ménsula,Delantera Derecha,POR CONFIRMAR,,,,,,Estado inusual: POR CONFIRMAR; Sin ubicación
RCZ 2010,Ménsula,Trasera Central,VENDIDO,SANTIAGO,,,,,
RCZ 2010,Ménsula,Trasera Izquierda,DISPONIBLE,SANTIAGO,,,,,
RCZ 2010,Ménsula,Trasera Derecha,VENDIDO,SANTIAGO,,,,,
RCZ 2010,Módulo Abs,,POR CONFIRMAR,,,,,,Estado inusual: POR CONFIRMAR; Sin ubicación
RCZ 2010,Módulo Bluetooth,,DISPONIBLE,SANTIAGO,,,,,
RCZ 2010,Módulo De Estacionamiento,,DISPONIBLE,SANTIAGO,,,,,
RCZ 2010,Módulo De Memoria De Control De Asiento,,DISPONIBLE,SANTIAGO,,,,,
RCZ 2010,Moldura Asiento Con Botón Del,Derecha,VENDIDO,SANTIAGO,20000.0,20000.0,,,
RCZ 2010,Motor De Calefacción,,DISPONIBLE,SANTIAGO,,,,,
RCZ 2010,Motor De Partida,,DISPONIBLE,SANTIAGO,,,,,
RCZ 2010,Motor Limpiaparabrisas,Izquierda,POR CONFIRMAR,,,,,,Estado inusual: POR CONFIRMAR; Sin ubicación
RCZ 2010,Motor Limpiaparabrisas,Derecha,POR CONFIRMAR,,,,,,Estado inusual: POR CONFIRMAR; Sin ubicación
RCZ 2010,Motor Limpiaparabrisas,Trasera,DISPONIBLE,SANTIAGO,,,,,
RCZ 2010,Múltiple De Admisión,,DISPONIBLE,SANTIAGO,,,,,
RCZ 2010,Muñón Con Maza,Delantera Izquierda,DISPONIBLE,SANTIAGO,,,,,
RCZ 2010,Muñón Con Maza,Delantera Derecha,DISPONIBLE,SANTIAGO,,,,REVISAR SI TIENE LA MAZA,
RCZ 2010,Neblineros,,VENDIDO,SANTIAGO,,,,,
RCZ 2010,Óptico (Sin Balat),Izquierda,DISPONIBLE,SANTIAGO,75000.0,70000.0,,,
RCZ 2010,Óptico (Sin Balat),Derecha,DISPONIBLE,SANTIAGO,75000.0,70000.0,,,
RCZ 2010,Palanca De Cambios,,DISPONIBLE,SANTIAGO,,,,,
RCZ 2010,Palanca Freno De Mano,,DISPONIBLE,SANTIAGO,,,,,
RCZ 2010,Pantalla,,POR CONFIRMAR,,,,,,Estado inusual: POR CONFIRMAR; Sin ubicación
RCZ 2010,Parabrisas,,NO DISPONIBLE,,0.0,0.0,,,Sin ubicación
RCZ 2010,Parachoque Completo,Delantera,VENDIDO,SANTIAGO,0.0,0.0,,,"Termino especial ""completo"""
RCZ 2010,Parasol,Izquierda,POR CONFIRMAR,,,,,,Estado inusual: POR CONFIRMAR; Sin ubicación
RCZ 2010,Parasol (Con Detalle),Derecha,POR CONFIRMAR,,,,,,Estado inusual: POR CONFIRMAR; Sin ubicación
RCZ 2010,Pedal De Aceleración,,DISPONIBLE,SANTIAGO,,,,,
RCZ 2010,Pedal De Freno,,POR CONFIRMAR,,,,,,Estado inusual: POR CONFIRMAR; Sin ubicación
RCZ 2010,Piola Capot,,DISPONIBLE,SANTIAGO,,,,,
RCZ 2010,Piolas De Freno,,POR CONFIRMAR,,,,,,Estado inusual: POR CONFIRMAR; Sin ubicación
RCZ 2010,Porta Electroventilador O Panel,Delantera,DISPONIBLE,SANTIAGO,,,,,
RCZ 2010,Porta Filtro,,DISPONIBLE,SANTIAGO,,,,,
RCZ 2010,Porta Filtro De Aceite Con Enfriador,,DISPONIBLE,SANTIAGO,,,,,
RCZ 2010,Porta Radiador,,DISPONIBLE,SANTIAGO,,,,,
RCZ 2010,Puerta Solo Lata,Izquierda,DISPONIBLE,REQUINOA,120000.0,110000.0,,,
RCZ 2010,Puerta Solo Lata,Derecha,DISPONIBLE,REQUINOA,120000.0,110000.0,,,
RCZ 2010,Punta De Cuna De Aluminio,Izquierda,POR CONFIRMAR,,,,,,Estado inusual: POR CONFIRMAR; Sin ubicación
RCZ 2010,Punta De Cuna De Aluminio,Derecha,POR CONFIRMAR,,,,,,Estado inusual: POR CONFIRMAR; Sin ubicación
RCZ 2010,Radiador De Agua,,DISPONIBLE,SANTIAGO,,,,,
RCZ 2010,Radiador De Aire,,DISPONIBLE,SANTIAGO,80000.0,75000.0,,,
RCZ 2010,Radio (Alternativa),,POR CONFIRMAR,,,,,,Estado inusual: POR CONFIRMAR; Sin ubicación
RCZ 2010,Ramal Motor,,POR CONFIRMAR,,,,,,Estado inusual: POR CONFIRMAR; Sin ubicación
RCZ 2010,Refuerzo De Parachoque,Delantera,VENDIDO,SANTIAGO,,,,,
RCZ 2010,Refuerzo De Parachoque,Trasera,POR CONFIRMAR,,,,,,Estado inusual: POR CONFIRMAR; Sin ubicación
RCZ 2010,Refuerzo De Parachoque,Delantera Inferior,DISPONIBLE,SANTIAGO,45000.0,40000.0,,,
RCZ 2010,Reloj,Central,POR CONFIRMAR,,25000.0,25000.0,,,Estado inusual: POR CONFIRMAR; Sin ubicación
RCZ 2010,Resistencia Electroventilador,,DISPONIBLE,SANTIAGO,,,,,
RCZ 2010,Resistencia Motor De Calefacción,,DISPONIBLE,SANTIAGO,,,,,
RCZ 2010,Resistencia Motor De Calefacción,,DISPONIBLE,SANTIAGO,,,,,
RCZ 2010,Riel De Inyección Con Inyectores,,DISPONIBLE,SANTIAGO,,,,,
RCZ 2010,Rodamiento Tensor Correa De Accesorios,,POR CONFIRMAR,,,,,,Estado inusual: POR CONFIRMAR; Sin ubicación
RCZ 2010,Rosca O Argolla Bomba De Bencina,,POR CONFIRMAR,,,,,,Estado inusual: POR CONFIRMAR; Sin ubicación
RCZ 2010,Salida Tubo De Escape,,POR CONFIRMAR,,35000.0,30000.0,,,Estado inusual: POR CONFIRMAR; Sin ubicación
RCZ 2010,Sensor De Oxígeno Banco,,POR CONFIRMAR,,,,,,Estado inusual: POR CONFIRMAR; Sin ubicación
RCZ 2010,Sensor De Oxígeno Banco,,POR CONFIRMAR,,,,,,Estado inusual: POR CONFIRMAR; Sin ubicación
RCZ 2010,Sensor Evap,,POR CONFIRMAR,,,,,,Estado inusual: POR CONFIRMAR; Sin ubicación
RCZ 2010,Sinóptico,,DISPONIBLE,SANTIAGO,,,,,
RCZ 2010,Soporte De Caja,Izquierda,POR CONFIRMAR,,,,,,Estado inusual: POR CONFIRMAR; Sin ubicación
RCZ 2010,Soporte De Motor,Inferior,DISPONIBLE,SANTIAGO,,,,,
RCZ 2010,Soporte De Motor,Derecha,NO DISPONIBLE,,,,,,Sin ubicación
RCZ 2010,Suitch De Freno,,POR CONFIRMAR,,,,,,Estado inusual: POR CONFIRMAR; Sin ubicación
RCZ 2010,Tapa De Bencina,Exterior,DISPONIBLE,SANTIAGO,,,,,
RCZ 2010,Tapa De Fusibles,Interior,POR CONFIRMAR,,,,,,Estado inusual: POR CONFIRMAR; Sin ubicación
RCZ 2010,Tapa De Válvula,,DISPONIBLE,SANTIAGO,,,,,
RCZ 2010,Tapa Entre Tapabarro Y Puerta,Izquierda,POR CONFIRMAR,,,,,,Posible múltiple repuesto; Estado inusual: POR CONFIRMAR; Sin ubicación
RCZ 2010,Tapa Entre Tapabarro Y Puerta,Derecha,POR CONFIRMAR,,,,,,Posible múltiple repuesto; Estado inusual: POR CONFIRMAR; Sin ubicación
RCZ 2010,Tapabarro,Izquierda,DISPONIBLE,SANTIAGO,90000.0,80000.0,,,
RCZ 2010,Tapabarro,Derecha,DISPONIBLE,SANTIAGO,90000.0,80000.0,,,
RCZ 2010,Tapiz De Puerta,Izquierda,POR CONFIRMAR,,40000.0,35000.0,,,Estado inusual: POR CONFIRMAR; Sin ubicación
RCZ 2010,Tapiz De Puerta,Derecha,POR CONFIRMAR,,40000.0,35000.0,,,Estado inusual: POR CONFIRMAR; Sin ubicación
RCZ 2010,Telecomandos,,DISPONIBLE,SANTIAGO,,,,,
RCZ 2010,Tensor,,DISPONIBLE,SANTIAGO,,,,,
RCZ 2010,Tercera Luz De Freno,,POR CONFIRMAR,,60000.0,55000.0,,,Estado inusual: POR CONFIRMAR; Sin ubicación
RCZ 2010,Turbo,,VENDIDO,SANTIAGO,,,,,
RCZ 2010,Vidrio Luneta Lateral,Trasera Izquierda,VENDIDO,SANTIAGO,,,,,
RCZ 2010,Vidrio Luneta Lateral,Trasera Derecha,VENDIDO,SANTIAGO,,,,,
RCZ 2010,Vidrio Luneta Parabrisas,Trasera,VENDIDO,SANTIAGO,,,,,
RCZ 2010,Vidrio Puerta,Delantera Izquierda,VENDIDO,SANTIAGO,,,,,
RCZ 2010,Vidrio Puerta,Delantera Derecha,VENDIDO,SANTIAGO,,,,,
RCZ 2010,Volante,,DISPONIBLE,SANTIAGO,45000.0,40000.0,,,
RCZ 2010,Tensor De Correa,,DISPONIBLE,SANTIAGO,,,,,
RCZ 2010,Válvula Vvt,,DISPONIBLE,SANTIAGO,,,,,
RCZ 2010,,,,,,,,,Nombre vacío; Sin estado de stock; Sin ubicación
RCZ 2010,,,,,,,,,Nombre vacío; Sin estado de stock; Sin ubicación
RCZ 2010,,,,,,,,,Nombre vacío; Sin estado de stock; Sin ubicación
RCZ 2010,,,,,,,,,Nombre vacío; Sin estado de stock; Sin ubicación
RCZ 2010,,,,,,,,,Nombre vacío; Sin estado de stock; Sin ubicación
RCZ 2010,,,,,,,,,Nombre vacío; Sin estado de stock; Sin ubicación
RCZ 2010,,,,,,,,,Nombre vacío; Sin estado de stock; Sin ubicación
RCZ 2010,,,,,,,,,Nombre vacío; Sin estado de stock; Sin ubicación
RCZ 2010,,,,,,,,,Nombre vacío; Sin estado de stock; Sin ubicación
RCZ 2010,,,,,,,,,Nombre vacío; Sin estado de stock; Sin ubicación
RCZ 2010,,,,,,,,,Nombre vacío; Sin estado de stock; Sin ubicación
RCZ 2010,,,,,,,,,Nombre vacío; Sin estado de stock; Sin ubicación
RCZ 2010,,,,,,,,,Nombre vacío; Sin estado de stock; Sin ubicación
RCZ 2010,,,,,,,,,Nombre vacío; Sin estado de stock; Sin ubicación
RCZ 2010,,,,,,,,,Nombre vacío; Sin estado de stock; Sin ubicación
RCZ 2010,,,,,,,,,Nombre vacío; Sin estado de stock; Sin ubicación
RCZ 2010,,,,,,,,,Nombre vacío; Sin estado de stock; Sin ubicación
RCZ 2010,,,,,,,,,Nombre vacío; Sin estado de stock; Sin ubicación
RCZ 2010,,,,,,,,,Nombre vacío; Sin estado de stock; Sin ubicación
RCZ 2010,,,,,,,,,Nombre vacío; Sin estado de stock; Sin ubicación
RCZ 2010,,,,,,,,,Nombre vacío; Sin estado de stock; Sin ubicación
RCZ 2010,,,,,,,,,Nombre vacío; Sin estado de stock; Sin ubicación
RCZ 2010,,,,,,,,,Nombre vacío; Sin estado de stock; Sin ubicación
RCZ 2010,,,,,,,,,Nombre vacío; Sin estado de stock; Sin ubicación
RCZ 2010,,,,,,,,,Nombre vacío; Sin estado de stock; Sin ubicación
RCZ 2010,,,,,,,,,Nombre vacío; Sin estado de stock; Sin ubicación
RCZ 2010,,,,,,,,,Nombre vacío; Sin estado de stock; Sin ubicación
RCZ 2010,,,,,,,,,Nombre vacío; Sin estado de stock; Sin ubicación
RCZ 2010,,,,,,,,,Nombre vacío; Sin estado de stock; Sin ubicación
RCZ 2010,,,,,,,,,Nombre vacío; Sin estado de stock; Sin ubicación
RCZ 2010,,,,,,,,,Nombre vacío; Sin estado de stock; Sin ubicación
RCZ 2010,,,,,,,,,Nombre vacío; Sin estado de stock; Sin ubicación
RCZ 2010,,,,,,,,,Nombre vacío; Sin estado de stock; Sin ubicación
RCZ 2010,,,,,,,,,Nombre vacío; Sin estado de stock; Sin ubicación
RCZ 2010,,,,,,,,,Nombre vacío; Sin estado de stock; Sin ubicación
RCZ 2010,,,,,,,,,Nombre vacío; Sin estado de stock; Sin ubicación
RCZ 2010,,,,,,,,,Nombre vacío; Sin estado de stock; Sin ubicación
RCZ 2010,,,,,,,,,Nombre vacío; Sin estado de stock; Sin ubicación
RCZ 2010,,,,,,,,,Nombre vacío; Sin estado de stock; Sin ubicación
RCZ 2010,,,,,,,,,Nombre vacío; Sin estado de stock; Sin ubicación
RCZ 2010,,,,,,,,,Nombre vacío; Sin estado de stock; Sin ubicación
RCZ 2010,,,,,,,,,Nombre vacío; Sin estado de stock; Sin ubicación
RCZ 2010,,,,,,,,,Nombre vacío; Sin estado de stock; Sin ubicación
RCZ 2010,,,,,,,,,Nombre vacío; Sin estado de stock; Sin ubicación
RCZ 2010,,,,,,,,,Nombre vacío; Sin estado de stock; Sin ubicación
RCZ 2010,,,,,,,,,Nombre vacío; Sin estado de stock; Sin ubicación
RCZ 2010,,,,,,,,,Nombre vacío; Sin estado de stock; Sin ubicación
RCZ 2010,,,,,,,,,Nombre vacío; Sin estado de stock; Sin ubicación
RCZ 2010,,,,,,,,,Nombre vacío; Sin estado de stock; Sin ubicación
RCZ 2010,,,,,,,,,Nombre vacío; Sin estado de stock; Sin ubicación
RCZ 2010,,,,,,,,,Nombre vacío; Sin estado de stock; Sin ubicación
S2 2019,Alternador,,DISPONIBLE,SANTIAGO,80000.0,70000.0,,,
S2 2019,Amortiguador,Delantera Derecha,DISPONIBLE,SANTIAGO,65000.0,60000.0,,CONFIRMAR LADO,
S2 2019,Amortiguador,Trasera Izquierda,DISPONIBLE,SANTIAGO,20000.0,15000.0,,,
S2 2019,Amortiguador,Trasera Derecha,DISPONIBLE,SANTIAGO,20000.0,15000.0,,,
S2 2019,Barra Techo,Izquierda,DISPONIBLE,SANTIAGO,45000.0,40000.0,,"EL PAR EN 70,000",
S2 2019,Barra Techo,Derecha,DISPONIBLE,SANTIAGO,45000.0,40000.0,,,
S2 2019,Bobina,,DISPONIBLE,SANTIAGO,15000.0,15000.0,,,
S2 2019,Bobina,,DISPONIBLE,SANTIAGO,15000.0,15000.0,,,
S2 2019,Bobina,,DISPONIBLE,SANTIAGO,15000.0,15000.0,,,
S2 2019,Bobina,,DISPONIBLE,SANTIAGO,15000.0,15000.0,,,
S2 2019,Bomba De Bencina,,DISPONIBLE,SANTIAGO,45000.0,40000.0,,,
S2 2019,Bomba De Embrague De Caja,,DISPONIBLE,SANTIAGO,,,,,
S2 2019,Bomba De Pedal De Embrague,,DISPONIBLE,SANTIAGO,,,,,
S2 2019,Brazo Limpiaparabrisas,Izquierda,DISPONIBLE,SANTIAGO,,,,,
S2 2019,Brazo Limpiaparabrisas,Derecha,DISPONIBLE,SANTIAGO,,,,,
S2 2019,Caja De Cambios,,DISPONIBLE,,350000.0,320000.0,,,Sin ubicación
S2 2019,Caliper,Delantera Izquierda,DISPONIBLE,SANTIAGO,35000.0,30000.0,,,
S2 2019,Caliper,Delantera Derecha,DISPONIBLE,SANTIAGO,35000.0,30000.0,,,
S2 2019,Caliper,Trasera Izquierda,DISPONIBLE,SANTIAGO,35000.0,30000.0,,,
S2 2019,Caliper,Trasera Derecha,DISPONIBLE,SANTIAGO,35000.0,30000.0,,,
S2 2019,Cañerías De Aire,,DISPONIBLE,SANTIAGO,,,,,
S2 2019,Chapa Capot,,DISPONIBLE,SANTIAGO,25000.0,20000.0,,,
S2 2019,Chapa Puerta,Delantera Izquierda,DISPONIBLE,SANTIAGO,,,,,
S2 2019,Cinta De Airbag,,DISPONIBLE,SANTIAGO,25000.0,20000.0,,,
S2 2019,Columna De Dirección Electronica,,DISPONIBLE,SANTIAGO,160000.0,150000.0,,,
S2 2019,Compresor Aire Acondicionado,,VENDIDO,SANTIAGO,100000.0,80000.0,,,
S2 2019,Control De Calefacción,,VENDIDO,SANTIAGO,,,,,
S2 2019,Cremallera De Alzavidrio,Delantera,DISPONIBLE,SANTIAGO,30000.0,25000.0,,,
S2 2019,Cremallera De Alzavidrio,Trasera Izquierda,DISPONIBLE,SANTIAGO,30000.0,25000.0,,,
S2 2019,Cremallera De Alzavidrio,Trasera Derecha,DISPONIBLE,SANTIAGO,30000.0,25000.0,,,
S2 2019,Cremallera De Dirección,,DISPONIBLE,SANTIAGO,120000.0,110000.0,,,
S2 2019,Cuerpo De Aceleración,,DISPONIBLE,SANTIAGO,70000.0,60000.0,,,
S2 2019,Cuna,,DISPONIBLE,,72000.0,60000.0,,COMPARAR CON FOTO,Sin ubicación
S2 2019,Ecu,,DISPONIBLE,SANTIAGO,,,,,
S2 2019,Eje Palier,Derecha,DISPONIBLE,SANTIAGO,85000.0,80000.0,,,
S2 2019,Eje Palier Detalle,Izquierda,DISPONIBLE,SANTIAGO,75000.0,70000.0,,LE FALTA UN EXTREMO,
S2 2019,Espejo,Central,DISPONIBLE,SANTIAGO,15000.0,10000.0,,,
S2 2019,Espejo,Izquierda,VENDIDO,SANTIAGO,,,,PATENTE GRABADA,
S2 2019,Luz De Techo,Interior,DISPONIBLE,SANTIAGO,25000.0,20000.0,,,
S2 2019,Manilla,Trasera Derecha Exterior,DISPONIBLE,SANTIAGO,20000.0,15000.0,,,
S2 2019,Manilla Para Abrir Tapa De Bencina,,DISPONIBLE,SANTIAGO,15000.0,10000.0,,,
S2 2019,Maza,Delantera Derecha,DISPONIBLE,,65000.0,60000.0,,,Sin ubicación
S2 2019,Maza,Trasera Derecha,DISPONIBLE,,45000.0,40000.0,,,Sin ubicación
S2 2019,Maza,Trasera Izquierda,DISPONIBLE,,45000.0,40000.0,,,Sin ubicación
S2 2019,Ménsula,Trasera Derecha,DISPONIBLE,SANTIAGO,,,,,
S2 2019,Motor De Partida,,DISPONIBLE,SANTIAGO,55000.0,45000.0,,,
S2 2019,Palanca De Cambios,,DISPONIBLE,SANTIAGO,60000.0,55000.0,,,
S2 2019,Parasol,Izquierda,NO DISPONIBLE,,,,,,Sin ubicación
S2 2019,Parasol,Derecha,NO DISPONIBLE,,,,,,Sin ubicación
S2 2019,Parlante,,DISPONIBLE,,15000.0,12000.0,,,Sin ubicación
S2 2019,Parlante,,DISPONIBLE,,15000.0,12000.0,,,Sin ubicación
S2 2019,Piolas Palanca De Cambio,,DISPONIBLE,SANTIAGO,45000.0,40000.0,,,
S2 2019,Puerta,Trasera Derecha,VENDIDO,SANTIAGO,35000.0,35000.0,,CON DETALLE LEVE,
S2 2019,Refuerzo De Parachoque (Plástico),Delantera,DISPONIBLE,SANTIAGO,35700.0,30000.0,,,
S2 2019,Sensor Abs,,DISPONIBLE,SANTIAGO,,,,,
S2 2019,Sensor De Oxígeno,,DISPONIBLE,SANTIAGO,15000.0,10000.0,,,
S2 2019,Sinóptico,,VENDIDO,SANTIAGO,,,,,
S2 2019,Tapa De Bencina,Exterior,DISPONIBLE,SANTIAGO,,,,,
S2 2019,Tapa De Bencina,Interior,DISPONIBLE,SANTIAGO,,,,,
S2 2019,Telecomando,,DISPONIBLE,SANTIAGO,75000.0,70000.0,,,
S2 2019,Volante,,DISPONIBLE,SANTIAGO,35700.0,30000.0,,,
S2 2019,,,DISPONIBLE,,,,,,Nombre vacío; Sin ubicación
S2 2019,,,DISPONIBLE,,,,,,Nombre vacío; Sin ubicación
S2 2019,,,DISPONIBLE,,,,,,Nombre vacío; Sin ubicación
S2 2019,,,DISPONIBLE,,,,,,Nombre vacío; Sin ubicación
S2 2019,,,DISPONIBLE,,,,,,Nombre vacío; Sin ubicación
S2 2019,,,DISPONIBLE,,,,,,Nombre vacío; Sin ubicación
S2 2019,,,DISPONIBLE,,,,,,Nombre vacío; Sin ubicación
S2 2019,,,DISPONIBLE,,,,,,Nombre vacío; Sin ubicación
S2 2019,,,DISPONIBLE,,,,,,Nombre vacío; Sin ubicación
S2 2019,,,DISPONIBLE,,,,,,Nombre vacío; Sin ubicación
S2 2019,,,DISPONIBLE,,,,,,Nombre vacío; Sin ubicación
S2 2019,,,DISPONIBLE,,,,,,Nombre vacío; Sin ubicación
S2 2019,,,DISPONIBLE,,,,,,Nombre vacío; Sin ubicación
S2 2019,,,DISPONIBLE,,,,,,Nombre vacío; Sin ubicación
S2 2019,,,DISPONIBLE,,,,,,Nombre vacío; Sin ubicación
S2 2019,,,DISPONIBLE,,,,,,Nombre vacío; Sin ubicación
S2 2019,,,DISPONIBLE,,,,,,Nombre vacío; Sin ubicación
S2 2019,,,DISPONIBLE,,,,,,Nombre vacío; Sin ubicación
S2 2019,,,DISPONIBLE,,,,,,Nombre vacío; Sin ubicación
S2 2019,,,DISPONIBLE,,,,,,Nombre vacío; Sin ubicación
S2 2019,,,DISPONIBLE,,,,,,Nombre vacío; Sin ubicación
S2 2019,,,DISPONIBLE,,,,,,Nombre vacío; Sin ubicación
S2 2019,,,DISPONIBLE,,,,,,Nombre vacío; Sin ubicación
S2 2019,,,DISPONIBLE,,,,,,Nombre vacío; Sin ubicación
S2 2019,,,DISPONIBLE,,,,,,Nombre vacío; Sin ubicación
S2 2019,,,DISPONIBLE,,,,,,Nombre vacío; Sin ubicación
S2 2019,,,DISPONIBLE,,,,,,Nombre vacío; Sin ubicación
S2 2019,,,DISPONIBLE,,,,,,Nombre vacío; Sin ubicación
S2 2019,,,DISPONIBLE,,,,,,Nombre vacío; Sin ubicación
S2 2019,,,DISPONIBLE,,,,,,Nombre vacío; Sin ubicación
S2 2019,,,DISPONIBLE,,,,,,Nombre vacío; Sin ubicación
S2 2019,,,DISPONIBLE,,,,,,Nombre vacío; Sin ubicación
S2 2019,,,DISPONIBLE,,,,,,Nombre vacío; Sin ubicación
S2 2019,,,DISPONIBLE,,,,,,Nombre vacío; Sin ubicación
S2 2019,,,DISPONIBLE,,,,,,Nombre vacío; Sin ubicación
S2 2019,,,DISPONIBLE,,,,,,Nombre vacío; Sin ubicación
S2 2019,,,DISPONIBLE,,,,,,Nombre vacío; Sin ubicación
S2 2019,,,DISPONIBLE,,,,,,Nombre vacío; Sin ubicación
S2 2019,,,DISPONIBLE,,,,,,Nombre vacío; Sin ubicación
S2 2019,,,DISPONIBLE,,,,,,Nombre vacío; Sin ubicación
S2 2019,,,DISPONIBLE,,,,,,Nombre vacío; Sin ubicación
S2 2019,,,DISPONIBLE,,,,,,Nombre vacío; Sin ubicación
S2 2019,,,DISPONIBLE,,,,,,Nombre vacío; Sin ubicación
S2 2019,,,DISPONIBLE,,,,,,Nombre vacío; Sin ubicación
S2 2019,,,DISPONIBLE,,,,,,Nombre vacío; Sin ubicación
S2 2019,,,DISPONIBLE,,,,,,Nombre vacío; Sin ubicación
S2 2019,,,DISPONIBLE,,,,,,Nombre vacío; Sin ubicación
S2 2019,,,DISPONIBLE,,,,,,Nombre vacío; Sin ubicación
S2 2019,,,DISPONIBLE,,,,,,Nombre vacío; Sin ubicación
S2 2019,,,DISPONIBLE,,,,,,Nombre vacío; Sin ubicación
S2 2019,,,DISPONIBLE,,,,,,Nombre vacío; Sin ubicación
S2 2019,,,DISPONIBLE,,,,,,Nombre vacío; Sin ubicación
S2 2019,,,DISPONIBLE,,,,,,Nombre vacío; Sin ubicación
S2 2019,,,DISPONIBLE,,,,,,Nombre vacío; Sin ubicación
S2 2019,,,DISPONIBLE,,,,,,Nombre vacío; Sin ubicación
S2 2019,,,DISPONIBLE,,,,,,Nombre vacío; Sin ubicación
S2 2019,,,DISPONIBLE,,,,,,Nombre vacío; Sin ubicación
S2 2019,,,DISPONIBLE,,,,,,Nombre vacío; Sin ubicación
S2 2019,,,DISPONIBLE,,,,,,Nombre vacío; Sin ubicación
S2 2019,,,DISPONIBLE,,,,,,Nombre vacío; Sin ubicación
S2 2019,,,DISPONIBLE,,,,,,Nombre vacío; Sin ubicación
S2 2019,,,DISPONIBLE,,,,,,Nombre vacío; Sin ubicación
S2 2019,,,DISPONIBLE,,,,,,Nombre vacío; Sin ubicación
S2 2019,,,DISPONIBLE,,,,,,Nombre vacío; Sin ubicación
S2 2019,,,DISPONIBLE,,,,,,Nombre vacío; Sin ubicación
S2 2019,,,DISPONIBLE,,,,,,Nombre vacío; Sin ubicación
S2 2019,,,DISPONIBLE,,,,,,Nombre vacío; Sin ubicación
S2 2019,,,DISPONIBLE,,,,,,Nombre vacío; Sin ubicación
S3 2017,Airbag Tablero,,VENDIDO,SANTIAGO,100000.0,100000.0,,,
S3 2017,Airbag Volante,,VENDIDO,SANTIAGO,80000.0,80000.0,,,
S3 2017,Alternador,,DISPONIBLE,SANTIAGO,85000.0,80000.0,,MALO,
S3 2017,Amortiguador,Trasera,DISPONIBLE,SANTIAGO,20000.0,15000.0,,CONFIRMAR LADO,
S3 2017,Asiento,Delantera Izquierda,VENDIDO,SANTIAGO,50000.0,40000.0,,,
S3 2017,Asiento,Delantera Derecha,VENDIDO,SANTIAGO,50000.0,40000.0,,,
S3 2017,Asientos,Trasera,VENDIDO,SANTIAGO,50000.0,40000.0,,,
S3 2017,Bobina,,DISPONIBLE,SANTIAGO,20000.0,15000.0,,,
S3 2017,Bobina,,DISPONIBLE,SANTIAGO,20000.0,15000.0,,,
S3 2017,Bobina,,DISPONIBLE,SANTIAGO,20000.0,15000.0,,,
S3 2017,Bomba De Bencina,,DISPONIBLE,SANTIAGO,45000.0,40000.0,,,
S3 2017,Bomba De Embrague De Caja,,DISPONIBLE,SANTIAGO,,,,,
S3 2017,Brazo Limpiaparabrisas,Izquierda,DISPONIBLE,SANTIAGO,,,,,
S3 2017,Brazo Limpiaparabrisas,Derecha,DISPONIBLE,SANTIAGO,,,,,
S3 2017,Caja,,VENDIDO,SANTIAGO,400000.0,370000.0,,,
S3 2017,Caliper,Delantera Izquierda,DISPONIBLE,SANTIAGO,35000.0,30000.0,,,
S3 2017,Caliper,Delantera Derecha,DISPONIBLE,SANTIAGO,35000.0,30000.0,,,
S3 2017,Catalítico,,DISPONIBLE,SANTIAGO,,,,,
S3 2017,Chapa,Portalon,DISPONIBLE,SANTIAGO,25000.0,20000.0,,,
S3 2017,Chapa Puerta,Delantera Izquierda,VENDIDO,SANTIAGO,35000.0,35000.0,,,
S3 2017,Cinta De Airbag,,DISPONIBLE,SANTIAGO,25000.0,20000.0,,,
S3 2017,Cinturón,Delantera Derecha,VENDIDO,,,,,,Sin ubicación
S3 2017,Cinturón,Trasera Izquierda,DISPONIBLE,SANTIAGO,25000.0,20000.0,,,
S3 2017,Cinturón,Trasera Derecha,DISPONIBLE,SANTIAGO,25000.0,20000.0,,,
S3 2017,Columna De Dirección,,VENDIDO,SANTIAGO,150000.0,150000.0,,,
S3 2017,Compresor De Aire Acondicionado,,VENDIDO,SANTIAGO,120000.0,110000.0,,,
S3 2017,Cremallera De Alzavidrio,Delantera Izquierda,DISPONIBLE,,30000.0,25000.0,,,Sin ubicación
S3 2017,Cremallera De Alzavidrio,Delantera Derecha,DISPONIBLE,,30000.0,25000.0,,,Sin ubicación
S3 2017,Cremallera De Alzavidrio,Trasera Izquierda,DISPONIBLE,,30000.0,25000.0,,,Sin ubicación
S3 2017,Cremallera De Dirección,,DISPONIBLE,SANTIAGO,120000.0,110000.0,,,
S3 2017,Cubre Equipaje,,DISPONIBLE,SANTIAGO,25000.0,20000.0,,,
S3 2017,Cubre Zócalo,,DISPONIBLE,SANTIAGO,25000.0,20000.0,,CONFIRMAR LADO,
S3 2017,Depósito De Agua O Líquido Refrigerante,,DISPONIBLE,SANTIAGO,25000.0,20000.0,,SIN TAPA,
S3 2017,Depósito De Limpiaparabrisas,,DISPONIBLE,SANTIAGO,25000.0,20000.0,,,
S3 2017,Eje Palier,Derecha,DISPONIBLE,SANTIAGO,90000.0,85000.0,,,
S3 2017,Electroventilador,,DISPONIBLE,SANTIAGO,55000.0,50000.0,,,
S3 2017,Espejo,Central,DISPONIBLE,SANTIAGO,,,,,
S3 2017,Foco Luz Techo,Interior Central,DISPONIBLE,SANTIAGO,15000.0,10000.0,,,
S3 2017,Foco Luz Techo,Delantera Interior,DISPONIBLE,SANTIAGO,2500.0,20000.0,,,
S3 2017,Guardafango,Delantera Izquierda,DISPONIBLE,SANTIAGO,20000.0,15000.0,,,
S3 2017,Guardafango,Trasera Izquierda,DISPONIBLE,SANTIAGO,20000.0,15000.0,,,
S3 2017,Guardafango,Trasera Derecha,DISPONIBLE,SANTIAGO,20000.0,15000.0,,,
S3 2017,Llanta Con Neumático,,DISPONIBLE,SANTIAGO,60000.0,50000.0,,,
S3 2017,Luz Techo,Interior,DISPONIBLE,SANTIAGO,25000.0,20000.0,,,
S3 2017,Manilla,Delantera Izquierda Exterior,VENDIDO,SANTIAGO,20000.0,15000.0,,,
S3 2017,Manilla,Delantera Derecha Exterior,DISPONIBLE,SANTIAGO,20000.0,15000.0,,,
S3 2017,Manilla,Trasera Derecha Exterior,DISPONIBLE,SANTIAGO,20000.0,15000.0,,,
S3 2017,Manilla Para Abrir Capot,,DISPONIBLE,SANTIAGO,15000.0,10000.0,,,
S3 2017,Manilla Para Abrir Tapa De Bencina,,DISPONIBLE,SANTIAGO,15000.0,10000.0,,,
S3 2017,Maza Con Muñón,Izquierda,DISPONIBLE,,55000.0,45000.0,,,Sin ubicación
S3 2017,Maza Con Muñón,Derecha,DISPONIBLE,,55000.0,45000.0,,,Sin ubicación
S3 2017,Ménsula,Trasera Derecha,DISPONIBLE,,,,,,Sin ubicación
S3 2017,Motor De Partida,,VENDIDO,SANTIAGO,50000.0,40000.0,,,
S3 2017,Neblinero,Derecha,VENDIDO,SANTIAGO,15000.0,15000.0,,,
S3 2017,Palanca De Cambios,,DISPONIBLE,SANTIAGO,,,,,
S3 2017,Sensor Abs,,DISPONIBLE,SANTIAGO,,,,,
S3 2017,Sensor Abs,,DISPONIBLE,SANTIAGO,,,,,
S3 2017,Sensor Abs,,DISPONIBLE,SANTIAGO,,,,,
S3 2017,Sensor De Oxígeno,,DISPONIBLE,SANTIAGO,15000.0,10000.0,,,
S3 2017,Tapa De Bencina,Exterior,DISPONIBLE,SANTIAGO,,,,,
S3 2017,Tapa De Bencina,Interior,DISPONIBLE,SANTIAGO,,,,,
S3 2017,Telecomando,,DISPONIBLE,SANTIAGO,50000.0,40000.0,,COMPLETO,
S3 2017,Tirante De Puerta,,DISPONIBLE,SANTIAGO,15000.0,10000.0,,SIN ESPECIFICAR LADO,
S3 2017,Varilla Capot,,DISPONIBLE,SANTIAGO,,,,,
S3 2017,Vidrio Puerta,Trasera Derecha,DISPONIBLE,SANTIAGO,25000.0,20000.0,,,
S3 2017,Volante,,DISPONIBLE,SANTIAGO,45000.0,40000.0,,,
S3 2017,,,DISPONIBLE,,,,,,Nombre vacío; Sin ubicación
S3 2017,,,DISPONIBLE,,,,,,Nombre vacío; Sin ubicación
S3 2017,,,DISPONIBLE,,,,,,Nombre vacío; Sin ubicación
S3 2017,,,DISPONIBLE,,,,,,Nombre vacío; Sin ubicación
S3 2017,,,DISPONIBLE,,,,,,Nombre vacío; Sin ubicación
S3 2017,,,DISPONIBLE,,,,,,Nombre vacío; Sin ubicación
S3 2017,,,DISPONIBLE,,,,,,Nombre vacío; Sin ubicación
S3 2017,,,DISPONIBLE,,,,,,Nombre vacío; Sin ubicación
S3 2017,,,DISPONIBLE,,,,,,Nombre vacío; Sin ubicación
S3 2017,,,DISPONIBLE,,,,,,Nombre vacío; Sin ubicación
S3 2017,,,DISPONIBLE,,,,,,Nombre vacío; Sin ubicación
S3 2017,,,DISPONIBLE,,,,,,Nombre vacío; Sin ubicación
S3 2017,,,DISPONIBLE,,,,,,Nombre vacío; Sin ubicación
S3 2017,,,DISPONIBLE,,,,,,Nombre vacío; Sin ubicación
S3 2017,,,DISPONIBLE,,,,,,Nombre vacío; Sin ubicación
S3 2017,,,DISPONIBLE,,,,,,Nombre vacío; Sin ubicación
S3 2017,,,DISPONIBLE,,,,,,Nombre vacío; Sin ubicación
S3 2017,,,DISPONIBLE,,,,,,Nombre vacío; Sin ubicación
S3 2017,,,DISPONIBLE,,,,,,Nombre vacío; Sin ubicación
S3 2017,,,DISPONIBLE,,,,,,Nombre vacío; Sin ubicación
S3 2017,,,DISPONIBLE,,,,,,Nombre vacío; Sin ubicación
S3 2017,,,DISPONIBLE,,,,,,Nombre vacío; Sin ubicación
S3 2017,,,DISPONIBLE,,,,,,Nombre vacío; Sin ubicación
S3 2017,,,DISPONIBLE,,,,,,Nombre vacío; Sin ubicación
S3 2017,,,DISPONIBLE,,,,,,Nombre vacío; Sin ubicación
S3 2017,,,DISPONIBLE,,,,,,Nombre vacío; Sin ubicación
S3 2017,,,DISPONIBLE,,,,,,Nombre vacío; Sin ubicación
S3 2017,,,DISPONIBLE,,,,,,Nombre vacío; Sin ubicación
S3 2017,,,DISPONIBLE,,,,,,Nombre vacío; Sin ubicación
S3 2017,,,DISPONIBLE,,,,,,Nombre vacío; Sin ubicación
S3 2017,,,DISPONIBLE,,,,,,Nombre vacío; Sin ubicación
S3 2017,,,DISPONIBLE,,,,,,Nombre vacío; Sin ubicación
S3 2017,,,DISPONIBLE,,,,,,Nombre vacío; Sin ubicación
S3 2017,,,DISPONIBLE,,,,,,Nombre vacío; Sin ubicación
S3 2017,,,DISPONIBLE,,,,,,Nombre vacío; Sin ubicación
S3 2017,,,DISPONIBLE,,,,,,Nombre vacío; Sin ubicación
S3 2017,,,DISPONIBLE,,,,,,Nombre vacío; Sin ubicación
S3 2017,,,DISPONIBLE,,,,,,Nombre vacío; Sin ubicación
S3 2017,,,DISPONIBLE,,,,,,Nombre vacío; Sin ubicación
S3 2017,,,DISPONIBLE,,,,,,Nombre vacío; Sin ubicación
S3 2017,,,DISPONIBLE,,,,,,Nombre vacío; Sin ubicación
S3 2017,,,DISPONIBLE,,,,,,Nombre vacío; Sin ubicación
S3 2017,,,DISPONIBLE,,,,,,Nombre vacío; Sin ubicación
S3 2017,,,DISPONIBLE,,,,,,Nombre vacío; Sin ubicación
S3 2017,,,DISPONIBLE,,,,,,Nombre vacío; Sin ubicación
S3 2017,,,DISPONIBLE,,,,,,Nombre vacío; Sin ubicación
S3 2017,,,DISPONIBLE,,,,,,Nombre vacío; Sin ubicación
S3 2017,,,DISPONIBLE,,,,,,Nombre vacío; Sin ubicación
S3 2017,,,DISPONIBLE,,,,,,Nombre vacío; Sin ubicación
S3 2017,,,DISPONIBLE,,,,,,Nombre vacío; Sin ubicación
S3 2017,,,DISPONIBLE,,,,,,Nombre vacío; Sin ubicación
S3 2017,,,DISPONIBLE,,,,,,Nombre vacío; Sin ubicación
S3 2017,,,DISPONIBLE,,,,,,Nombre vacío; Sin ubicación
S3 2017,,,DISPONIBLE,,,,,,Nombre vacío; Sin ubicación
S3 2017,,,DISPONIBLE,,,,,,Nombre vacío; Sin ubicación
S3 2017,,,,,,,,,Nombre vacío; Sin estado de stock; Sin ubicación
S3 2017,,,,,,,,,Nombre vacío; Sin estado de stock; Sin ubicación
S3 2017,,,,,,,,,Nombre vacío; Sin estado de stock; Sin ubicación
S3 2017,,,,,,,,,Nombre vacío; Sin estado de stock; Sin ubicación
S3 2017,,,,,,,,,Nombre vacío; Sin estado de stock; Sin ubicación
S3 2017,,,,,,,,,Nombre vacío; Sin estado de stock; Sin ubicación
S3 2017,,,,,,,,,Nombre vacío; Sin estado de stock; Sin ubicación
S3 2017,,,,,,,,,Nombre vacío; Sin estado de stock; Sin ubicación
S3 2017,,,,,,,,,Nombre vacío; Sin estado de stock; Sin ubicación
S3 2017,,,,,,,,,Nombre vacío; Sin estado de stock; Sin ubicación
S3 2017,,,,,,,,,Nombre vacío; Sin estado de stock; Sin ubicación
S3 2017,,,,,,,,,Nombre vacío; Sin estado de stock; Sin ubicación
S3 2017,,,,,,,,,Nombre vacío; Sin estado de stock; Sin ubicación
S3 2017,,,,,,,,,Nombre vacío; Sin estado de stock; Sin ubicación
S3 2017,,,,,,,,,Nombre vacío; Sin estado de stock; Sin ubicación
S3 2017,,,,,,,,,Nombre vacío; Sin estado de stock; Sin ubicación
S3 2017,,,,,,,,,Nombre vacío; Sin estado de stock; Sin ubicación
S3 2017,,,,,,,,,Nombre vacío; Sin estado de stock; Sin ubicación
S3 2017,,,,,,,,,Nombre vacío; Sin estado de stock; Sin ubicación
S3 2017,,,,,,,,,Nombre vacío; Sin estado de stock; Sin ubicación
S3 2017,,,,,,,,,Nombre vacío; Sin estado de stock; Sin ubicación
S3 2017,,,,,,,,,Nombre vacío; Sin estado de stock; Sin ubicación
S3 2017,,,,,,,,,Nombre vacío; Sin estado de stock; Sin ubicación
S3 2017,,,,,,,,,Nombre vacío; Sin estado de stock; Sin ubicación
S3 2017,,,,,,,,,Nombre vacío; Sin estado de stock; Sin ubicación
S3 2017,,,,,,,,,Nombre vacío; Sin estado de stock; Sin ubicación
S3 2017,,,,,,,,,Nombre vacío; Sin estado de stock; Sin ubicación
S3 2017,,,,,,,,,Nombre vacío; Sin estado de stock; Sin ubicación
S3 2017,,,,,,,,,Nombre vacío; Sin estado de stock; Sin ubicación
S40 2008,Absorvedor De Impacto,Trasera,DISPONIBLE,,,,,,Sin ubicación
S40 2008,Alternador,,VENDIDO,,80000.0,70000.0,,,Sin ubicación
S40 2008,Amortiguador Capot,,DISPONIBLE,,15000.0,10000.0,,,Sin ubicación
S40 2008,Amortiguador Maleta,Izquierda,NO DISPONIBLE,,,,,MALO,Sin ubicación
S40 2008,Amortiguador Maleta,Derecha,NO DISPONIBLE,,,,,MALO,Sin ubicación
S40 2008,Amortiguador,Trasera Izquierda,DISPONIBLE,,,,,,Sin ubicación
S40 2008,Amortiguador,Trasera Derecha,NO DISPONIBLE,,,,,,Sin ubicación
S40 2008,Amortiguadr,Delantera Derecha,DISPONIBLE,,,,,,Sin ubicación
S40 2008,Amortiguadr,Delantera Izquierda,DISPONIBLE,,,,,,Sin ubicación
S40 2008,Apoya Brazos,,DISPONIBLE,,,,,,Sin ubicación
S40 2008,Bandeja,Delantera Izquierda,NO DISPONIBLE,,,,,MALA,Sin ubicación
S40 2008,Bandeja,Delantera Derecha,NO DISPONIBLE,,,,,MALA,Sin ubicación
S40 2008,Base Termostato Con Manguera Gruesa,,DISPONIBLE,,,,,,Sin ubicación
S40 2008,Bisagra De Capot,Izquierda,DISPONIBLE,,,,,,Sin ubicación
S40 2008,Bisagra De Capot,Derecha,DISPONIBLE,,,,,,Sin ubicación
S40 2008,Bisagra Maleta,Izquierda,DISPONIBLE,,,,,,Sin ubicación
S40 2008,Bisagra Maleta,Derecha,DISPONIBLE,,,,,,Sin ubicación
S40 2008,Bobina,,DISPONIBLE,,25000.0,,,,Sin ubicación
S40 2008,Bobina,,DISPONIBLE,,,,,,Sin ubicación
S40 2008,Bobina,,DISPONIBLE,,,,,,Sin ubicación
S40 2008,Bobina,,DISPONIBLE,,,,,,Sin ubicación
S40 2008,Bobina,,DISPONIBLE,,,,,,Sin ubicación
S40 2008,Bocinas,,DISPONIBLE,,,,,,Sin ubicación
S40 2008,Bomba De Aceite,,VENDIDO,,,,,,Sin ubicación
S40 2008,Bomba De Agua,,VENDIDO,,,,,,Sin ubicación
S40 2008,Bomba De Freno Con Depósito,,DISPONIBLE,,,,,,Sin ubicación
S40 2008,Bomba Electrohidráulica,,DISPONIBLE,,150000.0,140000.0,,,Sin ubicación
S40 2008,Botón Puerta,Delantera Derecha,DISPONIBLE,,,,,,Sin ubicación
S40 2008,Botón Puerta,Trasera Izquierda,DISPONIBLE,,,,,,Sin ubicación
S40 2008,Botón Puerta,Trasera Derecha,DISPONIBLE,,,,,,Sin ubicación
S40 2008,Botonera Puerta,Delantera Izquierda,DISPONIBLE,,,,,,Sin ubicación
S40 2008,Brazo Limpiaparabrisas,Izquierda,DISPONIBLE,,,,,,Sin ubicación
S40 2008,Brazo Limpiaparabrisas,Derecha,DISPONIBLE,,,,,,Sin ubicación
S40 2008,Caja Automática,,DISPONIBLE,,750000.0,700000.0,,,Sin ubicación
S40 2008,Caliper,Delantera Izquierda,DISPONIBLE,,,,,,Sin ubicación
S40 2008,Caliper,Delantera Derecha,DISPONIBLE,,,,,,Sin ubicación
S40 2008,Caliper,Trasera Izquierda,DISPONIBLE,,,,,,Sin ubicación
S40 2008,Caliper,Trasera Derecha,DISPONIBLE,,,,,,Sin ubicación
S40 2008,Cañería De Líquido Hidráulico,,DISPONIBLE,,,,,,Sin ubicación
S40 2008,Cañerías De Aire Acondicionado,,DISPONIBLE,,,,,,Sin ubicación
S40 2008,Capot,,VENDIDO,,90000.0,85000.0,,,Sin ubicación
S40 2008,Carter,,VENDIDO,,,,,,Sin ubicación
S40 2008,Chapa Capot,,DISPONIBLE,,,,,,Sin ubicación
S40 2008,Chapa Maleta,,DISPONIBLE,,,,,,Sin ubicación
S40 2008,Chapa Puerta,Delantera Izquierda,DISPONIBLE,,,,,,Sin ubicación
S40 2008,Chapa Puerta,Delantera Derecha,DISPONIBLE,,,,,,Sin ubicación
S40 2008,Chapa Puerta,Trasera Izquierda,DISPONIBLE,,,,,,Sin ubicación
S40 2008,Chapa Puerta,Trasera Derecha,DISPONIBLE,,,,,,Sin ubicación
S40 2008,Cigüeñal,,VENDIDO,,65000.0,60000.0,,,Sin ubicación
S40 2008,Cinturón,Trasera Central,POR CONFIRMAR,,,,,,Estado inusual: POR CONFIRMAR; Sin ubicación
S40 2008,Cinturón,Trasera Izquierda,POR CONFIRMAR,,,,,,Estado inusual: POR CONFIRMAR; Sin ubicación
S40 2008,Cinturón,Trasera Derecha,POR CONFIRMAR,,,,,,Estado inusual: POR CONFIRMAR; Sin ubicación
S40 2008,Cofia (Parte),,DISPONIBLE,,,,,,Sin ubicación
S40 2008,Columna De Dirección,,DISPONIBLE,,,,,,Sin ubicación
S40 2008,Compresor De Aire,,VENDIDO,,100000.0,90000.0,,,Sin ubicación
S40 2008,Control De Luces,,DISPONIBLE,,,,,,Sin ubicación
S40 2008,Cremallera De Alzavidrios,Delantera Izquierda,DISPONIBLE,,,,,,Sin ubicación
S40 2008,Cremallera De Alzavidrios,Delantera Derecha,DISPONIBLE,,,,,,Sin ubicación
S40 2008,Cremallera De Alzavidrios,Trasera Izquierda,DISPONIBLE,,,,,,Sin ubicación
S40 2008,Cremallera De Alzavidrios,Trasera Derecha,DISPONIBLE,,,,,,Sin ubicación
S40 2008,Cremallera De Dirección,,VENDIDO,,130000.0,120000.0,,,Sin ubicación
S40 2008,Cubre Carter,,NO DISPONIBLE,,,,,,Sin ubicación
S40 2008,Cubre Chapa,Delantera,DISPONIBLE,,,,,,Sin ubicación
S40 2008,Cubre Panel,Trasera,DISPONIBLE,,,,,,Sin ubicación
S40 2008,Cubre Torpedo,Exterior,DISPONIBLE,,,,,,Sin ubicación
S40 2008,Cubre Zócalo Corner,Trasera Izquierda,DISPONIBLE,,,,,,Sin ubicación
S40 2008,Cubre Zócalo Corner,Trasera Derecha,DISPONIBLE,,,,,,Sin ubicación
S40 2008,Cuerpo De Aceleración,,VENDIDO,,75000.0,70000.0,,,Sin ubicación
S40 2008,Cuerpo De Radio,,DISPONIBLE,,,,,,Sin ubicación
S40 2008,Culata,,VENDIDO,,115000.0,110000.0,,,Sin ubicación
S40 2008,Depósito De Agua,,VENDIDO,,25000.0,2000.0,,,Sin ubicación
S40 2008,Depósito Limpiaparabrisas,,DISPONIBLE,,,,,,Sin ubicación
S40 2008,Disco De Freno,Delantera Izquierda,DISPONIBLE,,,,,,Sin ubicación
S40 2008,Disco De Freno,Delantera Derecha,DISPONIBLE,,,,,,Sin ubicación
S40 2008,Disco De Freno (En Muñón),Trasera Derecha,VENDIDO,,,,,,Sin ubicación
S40 2008,Ecu,,DISPONIBLE,,170000.0,160000.0,,,Sin ubicación
S40 2008,Eje Palier,Izquierda,DISPONIBLE,,110000.0,100000.0,,,Sin ubicación
S40 2008,Eje Palier,Derecha,VENDIDO,,110000.0,100000.0,,,Sin ubicación
S40 2008,Eje Completo Con Bandejas,Trasera,VENDIDO,,,,,,"Termino especial ""completo""; Sin ubicación"
S40 2008,Electroventilador,,VENDIDO,,90000.0,90000.0,,,Sin ubicación
S40 2008,Embellecedor Sinóptico,,DISPONIBLE,,,,,,Sin ubicación
S40 2008,Enfriador De Aceite,,DISPONIBLE,,,,,,Sin ubicación
S40 2008,Espejo,Central,DISPONIBLE,,,,,,Sin ubicación
S40 2008,Espejo,Izquierda,DISPONIBLE,,,,,,Sin ubicación
S40 2008,Espejo Malo,Derecha,NO DISPONIBLE,,,,,,"Termino especial ""malo""; Sin ubicación"
S40 2008,Foco,Trasera Izquierda,DISPONIBLE,,35000.0,30000.0,,Trizadura ,Sin ubicación
S40 2008,Foco,Trasera Derecha,DISPONIBLE,,45000.0,40000.0,,,Sin ubicación
S40 2008,Freno De Mano,,DISPONIBLE,,,,,,Sin ubicación
S40 2008,Frontal Inferior,Delantera Inferior,DISPONIBLE,,,,,,Sin ubicación
S40 2008,Frontal Superior,Delantera Superior,VENDIDO,,100000.0,90000.0,,,Sin ubicación
S40 2008,Funda De Parachoque Se Vende Completo),Delantera,VENDIDO,,,,,,"Termino especial ""completo""; Sin ubicación"
S40 2008,Funda De Parachoque,Trasera,DISPONIBLE,,,,,,Sin ubicación
S40 2008,Fusilera,Interior,DISPONIBLE,,,,,,Sin ubicación
S40 2008,Goma Contorno Maleta,,DISPONIBLE,,,,,,Sin ubicación
S40 2008,Goma Puerta,Delantera Izquierda,DISPONIBLE,,,,,,Sin ubicación
S40 2008,Goma Puerta,Delantera Derecha,DISPONIBLE,,,,,,Sin ubicación
S40 2008,Goma Puerta,Trasera Izquierda,DISPONIBLE,,,,,,Sin ubicación
S40 2008,Goma Puerta,Trasera Derecha,DISPONIBLE,,,,,,Sin ubicación
S40 2008,Guantera,,DISPONIBLE,,,,,,Sin ubicación
S40 2008,Guardafango,Delantera Izquierda,DISPONIBLE,,,,,,Sin ubicación
S40 2008,Lava Ópticos,,DISPONIBLE,,,,,,Sin ubicación
S40 2008,Llanta,,VENDIDO,,85000.0,80000.0,,,Sin ubicación
S40 2008,Llanta,,DISPONIBLE,,85000.0,80000.0,,,Sin ubicación
S40 2008,Llanta,,DISPONIBLE,,85000.0,80000.0,,,Sin ubicación
S40 2008,Llanta,,DISPONIBLE,,85000.0,80000.0,,,Sin ubicación
S40 2008,Luneta Lateral,Izquierda,DISPONIBLE,,,,,,Sin ubicación
S40 2008,Luneta Lateral,Derecha,NO DISPONIBLE,,,,,,Sin ubicación
S40 2008,Luz De Techo,,DISPONIBLE,,,,,,Sin ubicación
S40 2008,Luz,Interior,DISPONIBLE,,,,,,Sin ubicación
S40 2008,Maleta,,DISPONIBLE,,,,,,Sin ubicación
S40 2008,Manguera Radiador Pulpo,,VENDIDO,,35000.0,35000.0,,,Sin ubicación
S40 2008,Mangueras Cliente Porta Filtro De Aceite,,VENDIDO,,,,,,Sin ubicación
S40 2008,Manilla De Techo,,DISPONIBLE,,,,,,Sin ubicación
S40 2008,Manilla De Techo,,DISPONIBLE,,,,,,Sin ubicación
S40 2008,Manilla De Techo,,DISPONIBLE,,,,,,Sin ubicación
S40 2008,Manilla Puerta,Delantera Izquierda Exterior,DISPONIBLE,,,,,,Sin ubicación
S40 2008,Manilla Puerta,Delantera Derecha Exterior,DISPONIBLE,,,,,,Sin ubicación
S40 2008,Manilla Puerta,Trasera Izquierda Exterior,DISPONIBLE,,,,,,Sin ubicación
S40 2008,Manilla Puerta,Trasera Derecha Exterior,DISPONIBLE,,,,,,Sin ubicación
S40 2008,Manilla Puerta,Delantera Izquierda Interior,DISPONIBLE,,,,,ESTÁ CON EL TAPIZ,Sin ubicación
S40 2008,Manilla Puerta,Delantera Derecha Interior,DISPONIBLE,,,,,ESTÁ CON EL TAPIZ,Sin ubicación
S40 2008,Manilla Puerta,Trasera Izquierda Interior,DISPONIBLE,,,,,ESTÁ CON EL TAPIZ,Sin ubicación
S40 2008,Manilla Puerta,Trasera Derecha Interior,DISPONIBLE,,,,,ESTÁ CON EL TAPIZ,Sin ubicación
S40 2008,Máscara,,VENDIDO,,70000.0,65000.0,,,Sin ubicación
S40 2008,Ménsula Partes),Trasera Izquierda,DISPONIBLE,,,,,,Sin ubicación
S40 2008,Ménsula Partes),Trasera Derecha,DISPONIBLE,,,,,,Sin ubicación
S40 2008,Módulo De Bomba De Combustible,,DISPONIBLE,,,,,,Sin ubicación
S40 2008,Motor Alzavidrios Con Varillaje,,DISPONIBLE,,,,,,Sin ubicación
S40 2008,Motor De Alzavidrios Puerta,Delantera Izquierda,DISPONIBLE,,,,,,Sin ubicación
S40 2008,Motor De Alzavidrios Puerta,Delantera Derecha,DISPONIBLE,,,,,,Sin ubicación
S40 2008,Motor De Alzavidrios Puerta,Trasera Izquierda,DISPONIBLE,,,,,,Sin ubicación
S40 2008,Motor De Alzavidrios Puerta,Trasera Derecha,DISPONIBLE,,,,,,Sin ubicación
S40 2008,Motor De Calefacción,,DISPONIBLE,,,,,,Sin ubicación
S40 2008,Motor De Partida,,DISPONIBLE,,65000.0,60000.0,,,Sin ubicación
S40 2008,Múltiple De Admisión,,DISPONIBLE,,,,,,Sin ubicación
S40 2008,Múltiple De Escape,,DISPONIBLE,,,,,,Sin ubicación
S40 2008,Muñón Con Maza,Delantera Izquierda,DISPONIBLE,,,,,,Sin ubicación
S40 2008,Muñón Con Maza,Derecha,DISPONIBLE,,,,,,Sin ubicación
S40 2008,Muñón Con Maza (Incluye Disco),Trasera Izquierda,DISPONIBLE,,,,,,Sin ubicación
S40 2008,Muñón Con Maza (Incluye Disco),Trasera Derecha,VENDIDO,,,,,,Sin ubicación
S40 2008,Neblinero,Delantera Izquierda,VENDIDO,,25000.0,20000.0,,,Sin ubicación
S40 2008,Neblinero,Delantera Derecha,VENDIDO,,25000.0,20000.0,,,Sin ubicación
S40 2008,Obturador,Inferior,DISPONIBLE,,,,,,Sin ubicación
S40 2008,Obturador,Superior,DISPONIBLE,,,,,,Sin ubicación
S40 2008,Óptico,Izquierda,DISPONIBLE,,80000.0,75000.0,,,Sin ubicación
S40 2008,Óptico,Derecha,VENDIDO,,80000.0,75000.0,,,Sin ubicación
S40 2008,Palanca De Cambios,,DISPONIBLE,,,,,,Sin ubicación
S40 2008,Pantalla,,DISPONIBLE,,,,,,Sin ubicación
S40 2008,Parabrisas,Delantera,VENDIDO,,,,,,Sin ubicación
S40 2008,Parabrisas,Trasera,VENDIDO,,,,,,Sin ubicación
S40 2008,Parachoque Completo,Delantera,VENDIDO,,220000.0,200000.0,,,"Termino especial ""completo""; Sin ubicación"
S40 2008,Pedal De Aceleración,,DISPONIBLE,,,,,,Sin ubicación
S40 2008,Pedal De Freno,,DISPONIBLE,,,,,,Sin ubicación
S40 2008,Piola De Freno,,DISPONIBLE,,,,,,Sin ubicación
S40 2008,Pistón,,VENDIDO,,35000.0,30000.0,,,Sin ubicación
S40 2008,Pistón,,VENDIDO,,35000.0,30000.0,,,Sin ubicación
S40 2008,Pistón,,NO DISPONIBLE,,0.0,0.0,,,Sin ubicación
S40 2008,Pistón,,DISPONIBLE,,35000.0,30000.0,,,Sin ubicación
S40 2008,Pistón,,DISPONIBLE,,35000.0,30000.0,,,Sin ubicación
S40 2008,Pistón Con Biela,,VENDIDO,,,,,,Sin ubicación
S40 2008,Plástico De Distribución,,DISPONIBLE,,,,,,Sin ubicación
S40 2008,Plástico Rodillera,,DISPONIBLE,,,,,,Sin ubicación
S40 2008,Porta Batería,,DISPONIBLE,,,,,,Sin ubicación
S40 2008,Porta Filtro Con Sensor Maf,,DISPONIBLE,,,,,,Sin ubicación
S40 2008,Porta Filtro De Aceite,,VENDIDO,,45000.0,45000.0,,,Sin ubicación
S40 2008,Porta Placa,,DISPONIBLE,,,,,,Sin ubicación
S40 2008,Puerta Solo Lata,Delantera Izquierda,DISPONIBLE,,65000.0,60000.0,,,Sin ubicación
S40 2008,Puerta Solo Lata,Delantera Derecha,DISPONIBLE,,65000.0,60000.0,,,Sin ubicación
S40 2008,Puerta Solo Lata,Trasera Izquierda,DISPONIBLE,,65000.0,60000.0,,,Sin ubicación
S40 2008,Puerta Solo Lata,Trasera Derecha,DISPONIBLE,,65000.0,60000.0,,,Sin ubicación
S40 2008,Radiador De Agua,,DISPONIBLE,,,,,,Sin ubicación
S40 2008,Radiador De Aire,,DISPONIBLE,,,,,,Sin ubicación
S40 2008,Radiador De Calefacción,,DISPONIBLE,,30000.0,25000.0,,,Sin ubicación
S40 2008,Radiador De Aire Acondicionado,Interior,DISPONIBLE,,,,,,Sin ubicación
S40 2008,Ramal Que Llega A La Ecu (De Motor),,VENDIDO,,45000.0,40000.0,,,Sin ubicación
S40 2008,Refuerzo De Parachoque,Delantera,DISPONIBLE,,,,,,Sin ubicación
S40 2008,Refuerzo De Parachoque,Trasera,DISPONIBLE,,,,,,Sin ubicación
S40 2008,Rejillas Inferiores,,VENDIDO,,35000.0,30000.0,,,Sin ubicación
S40 2008,Rodamiento Tensor,,VENDIDO,,,,,,Sin ubicación
S40 2008,Sensor Ckp,,VENDIDO,,,,,,Sin ubicación
S40 2008,Sensor De Golpe,,VENDIDO,,10000.0,10000.0,,,Sin ubicación
S40 2008,Sensor Levas,,VENDIDO,,35000.0,35000.0,,,Sin ubicación
S40 2008,Sensor Maf,,VENDIDO,,,,,,Sin ubicación
S40 2008,Servo Freno,,DISPONIBLE,,,,,,Sin ubicación
S40 2008,Sinóptico (Automático) (Hay Que Decirle Al Cliente),,DISPONIBLE,,60000.0,55000.0,,,Sin ubicación
S40 2008,Soporte Compresor De Aire Con Rodamientos Tensores,,DISPONIBLE,,,,,,Sin ubicación
S40 2008,Soporte De Maza,Trasera Derecha,DISPONIBLE,,,,,,Sin ubicación
S40 2008,"Soporte De Motor Malo, Base Buena",Inferior,NO DISPONIBLE,,,,,,"Posible múltiple repuesto; Termino especial ""malo""; Sin ubicación"
S40 2008,Soporte De Motor O Caja,Izquierda,NO DISPONIBLE,,,,,MALO,Sin ubicación
S40 2008,Soporte De Motor,Derecha,VENDIDO,,45000.0,40000.0,,,Sin ubicación
S40 2008,Soporte Metálico De Batería,,DISPONIBLE,,,,,,Sin ubicación
S40 2008,Tapa De Batería,,DISPONIBLE,,,,,,Sin ubicación
S40 2008,Tapa De Bencina,Exterior,DISPONIBLE,,,,,,Sin ubicación
S40 2008,Tapa De Bencina,Interior,VENDIDO,,,,,,Sin ubicación
S40 2008,Tapa De Remolque,Trasera,DISPONIBLE,,,,,,Sin ubicación
S40 2008,Tapa De Válvula,,DISPONIBLE,,65000.0,60000.0,,,Sin ubicación
S40 2008,Tapa Neblinero,Izquierda,VENDIDO,,25000.0,20000.0,,,Sin ubicación
S40 2008,Tapa Neblinero,Derecha,VENDIDO,,25000.0,20000.0,,,Sin ubicación
S40 2008,Tapabarro,Izquierda,DISPONIBLE,,80000.0,,,,Sin ubicación
S40 2008,Tapabarro,Derecha,DISPONIBLE,,80000.0,,,,Sin ubicación
S40 2008,Tapiz Maleta,,DISPONIBLE,,,,,,Sin ubicación
S40 2008,Tapiz Puerta,Delantera Izquierda,DISPONIBLE,,,,,DETALLE REJILLA PARLANTE CON BOTON DE CIERRE,Sin ubicación
S40 2008,Tapiz Puerta,Delantera Derecha,DISPONIBLE,,,,,DETALLE REJILLA PARLANTE CON BOTON DE CIERRE,Sin ubicación
S40 2008,Tapiz Puerta,Trasera Izquierda,DISPONIBLE,,,,,DETALLE REJILLA PARLANTE,Sin ubicación
S40 2008,Tapiz Puerta,Trasera Derecha,DISPONIBLE,,,,,DETALLE REJILLA PARLANTE,Sin ubicación
S40 2008,Tapiz Techo,,VENDIDO,,,,,,Sin ubicación
S40 2008,Telecomando Con Cinta De Airbag,,DISPONIBLE,,,,,,Sin ubicación
S40 2008,Toma De Aire,,DISPONIBLE,,,,,,Sin ubicación
S40 2008,Va Con Disco,,DISPONIBLE,,,,,,Sin ubicación
S40 2008,Válvula Vvt C U,,DISPONIBLE,,40000.0,35000.0,,,Posible múltiple repuesto; Sin ubicación
S40 2008,Vidrio,Delantera Izquierda,DISPONIBLE,,45000.0,40000.0,,,Sin ubicación
S40 2008,Vidrio,Delantera Derecha,DISPONIBLE,,45000.0,40000.0,,,Sin ubicación
S40 2008,Vidrio Luneta,Trasera Izquierda,VENDIDO,,,,,,Sin ubicación
S40 2008,Vidrio,Trasera Izquierda,VENDIDO,,45000.0,40000.0,,,Sin ubicación
S40 2008,Vidrio,Trasera Derecha,DISPONIBLE,,45000.0,40000.0,,,Sin ubicación
S40 2008,Volante,,DISPONIBLE,,,,,,Sin ubicación
S40 2008,Volante De Inercia,,DISPONIBLE,,,,,,Sin ubicación
S40 2008,Sensor De Oxígeno Banco,,DISPONIBLE,,,,,,Sin ubicación
S40 2008,Sensro De Oxígeno Banco,,VENDIDO,,,,,,Sin ubicación
S40 2008,,,,,,,,,Nombre vacío; Sin estado de stock; Sin ubicación
S40 2008,,,,,,,,,Nombre vacío; Sin estado de stock; Sin ubicación
S40 2008,,,,,,,,,Nombre vacío; Sin estado de stock; Sin ubicación
S40 2008,,,,,,,,,Nombre vacío; Sin estado de stock; Sin ubicación
S40 2008,,,,,,,,,Nombre vacío; Sin estado de stock; Sin ubicación
S40 2008,,,,,,,,,Nombre vacío; Sin estado de stock; Sin ubicación
S40 2008,,,,,,,,,Nombre vacío; Sin estado de stock; Sin ubicación
S40 2008,,,,,,,,,Nombre vacío; Sin estado de stock; Sin ubicación
S40 2008,,,,,,,,,Nombre vacío; Sin estado de stock; Sin ubicación
S40 2008,,,,,,,,,Nombre vacío; Sin estado de stock; Sin ubicación
S40 2008,,,,,,,,,Nombre vacío; Sin estado de stock; Sin ubicación
S40 2008,,,,,,,,,Nombre vacío; Sin estado de stock; Sin ubicación
S40 2008,,,,,,,,,Nombre vacío; Sin estado de stock; Sin ubicación
S40 2008,,,,,,,,,Nombre vacío; Sin estado de stock; Sin ubicación
S40 2008,,,,,,,,,Nombre vacío; Sin estado de stock; Sin ubicación
S40 2008,,,,,,,,,Nombre vacío; Sin estado de stock; Sin ubicación
S40 2008,,,,,,,,,Nombre vacío; Sin estado de stock; Sin ubicación
S40 2008,,,,,,,,,Nombre vacío; Sin estado de stock; Sin ubicación
S40 2008,,,,,,,,,Nombre vacío; Sin estado de stock; Sin ubicación
S60 2012,Absorbedor De Impacto,,DISPONIBLE,,35700.0,30000.0,,,Sin ubicación
S60 2012,Airbag De Cortina,Izquierda,VENDIDO,SANTIAGO,90000.0,85000.0,,,
S60 2012,Airbag De Cortina,Derecha,DISPONIBLE,SANTIAGO,,,,,
S60 2012,Alerón O Bisel Maleta,,VENDIDO,SANTIAGO,60000.0,55000.0,,,
S60 2012,Alternador,,VENDIDO,SANTIAGO,180000.0,170000.0,,,
S60 2012,Amortiguador,Delantera Izquierda,DISPONIBLE,SANTIAGO,115000.0,110000.0,,,
S60 2012,Amortiguador,Delantera Derecha,VENDIDO,SANTIAGO,115000.0,110000.0,,,
S60 2012,Amortiguador,Trasera Izquierda,NO DISPONIBLE,SANTIAGO,65000.0,60000.0,,como el hoyo,
S60 2012,Amortiguador,Trasera Derecha,NO DISPONIBLE,SANTIAGO,65000.0,60000.0,,como el hoyo,
S60 2012,Asiento,Delantera Izquierda,DISPONIBLE,SANTIAGO,75000.0,70000.0,,,
S60 2012,Asiento,Delantera Derecha,DISPONIBLE,SANTIAGO,75000.0,70000.0,,,
S60 2012,Asiento,Trasera,DISPONIBLE,,110000.0,100000.0,,,Sin ubicación
S60 2012,Axial,Izquierda,DISPONIBLE,,40000.0,35000.0,,,Sin ubicación
S60 2012,Axial,Derecha,DISPONIBLE,,40000.0,35000.0,,,Sin ubicación
S60 2012,Bandeja,Delantera Izquierda,VENDIDO,SANTIAGO,140000.0,130000.0,,PRECIO ACTUALIZADO,
S60 2012,Bandeja,Delantera Derecha,VENDIDO,SANTIAGO,115000.0,110000.0,,,
S60 2012,Bandeja Horquilla,Trasera Izquierda,DISPONIBLE,SANTIAGO,,,,,
S60 2012,Bandeja Horquilla,Trasera Derecha,DISPONIBLE,SANTIAGO,,,,,
S60 2012,Bandeja,Trasera Izquierda,DISPONIBLE,SANTIAGO,90000.0,85000.0,,,
S60 2012,Bandeja,Trasera Derecha,DISPONIBLE,SANTIAGO,90000.0,85000.0,,,
S60 2012,Base Soporte,Inferior,DISPONIBLE,,25000.0,20000.0,,,Sin ubicación
S60 2012,Base Termostato,,DISPONIBLE,,40000.0,35000.0,,,Sin ubicación
S60 2012,Bisagra De Maleta Con Amortiguador (Bombín),Izquierda,DISPONIBLE,SANTIAGO,35700.0,30000.0,,,
S60 2012,Bisagra De Maleta Con Amortiguador (Bombín),Derecha,DISPONIBLE,SANTIAGO,35700.0,30000.0,,,
S60 2012,Bisagra Puerta,Delantera Inferior Izquierda,DISPONIBLE,SANTIAGO,,,,,
S60 2012,Bisagra Puerta,Delantera Superior Izquierda,DISPONIBLE,SANTIAGO,,,,,
S60 2012,Bisagra Puerta,Delantera Inferior Derecha,DISPONIBLE,SANTIAGO,,,,,
S60 2012,Bisagra Puerta,Delantera Superior Derecha,DISPONIBLE,SANTIAGO,,,,,
S60 2012,Bisagra Puerta,Trasera Inferior Izquierda,DISPONIBLE,SANTIAGO,,,,,
S60 2012,Bisagra Puerta,Trasera Superior Izquierda,DISPONIBLE,SANTIAGO,,,,,
S60 2012,Bisagra Puerta,Trasera Inferior Derecha,DISPONIBLE,SANTIAGO,,,,,
S60 2012,Bisagra Puerta,Trasera Superior Derecha,DISPONIBLE,SANTIAGO,,,,,
S60 2012,Bisel De Luz De Patente Y Camara,Trasera,DISPONIBLE,,60000.0,50000.0,,,Posible múltiple repuesto; Sin ubicación
S60 2012,Bisel Radio,,DISPONIBLE,,60000.0,50000.0,,,Sin ubicación
S60 2012,Bisel Radio Y Control De Aire,,DISPONIBLE,SANTIAGO,,,,ESCRITO ASÍ EN INVENTARIO (REVISAR),Posible múltiple repuesto
S60 2012,Bobina,,VENDIDO,SANTIAGO,25000.0,20000.0,,,
S60 2012,Bobina,,VENDIDO,SANTIAGO,25000.0,20000.0,,,
S60 2012,Bobina,,VENDIDO,SANTIAGO,25000.0,20000.0,,,
S60 2012,Bobina,,NO DISPONIBLE,SANTIAGO,25000.0,20000.0,,,
S60 2012,Bobina,,DISPONIBLE,SANTIAGO,25000.0,20000.0,,,
S60 2012,Bobina,,DISPONIBLE,SANTIAGO,25000.0,20000.0,,,
S60 2012,Bocinas,,DISPONIBLE,,,,,,Sin ubicación
S60 2012,Bomba De Agua,,DISPONIBLE,,,,,,Sin ubicación
S60 2012,Bomba De Bencina (Queda La Parte Del Flotador),,DISPONIBLE,SANTIAGO,55000.0,50000.0,,,
S60 2012,Bomba De Freno Con Depósito,,DISPONIBLE,,,,,,Sin ubicación
S60 2012,Bomba De Freno Con Depósito,,DISPONIBLE,SANTIAGO,,,,,
S60 2012,Bomba Hidráulica,,VENDIDO,,195000.0,190000.0,,,Sin ubicación
S60 2012,Botón De Alzavidrios,Delantera Izquierda,VENDIDO,SANTIAGO,50000.0,45000.0,,,
S60 2012,Boton De Apertura Maleta,Exterior,DISPONIBLE,,25000.0,20000.0,,,Sin ubicación
S60 2012,Botón De Arranque,,DISPONIBLE,SANTIAGO,30000.0,25000.0,,,
S60 2012,Botón De Freno De Manos,,DISPONIBLE,SANTIAGO,,,,,
S60 2012,Botonera De Alzavidrios,Delantera Izquierda,DISPONIBLE,SANTIAGO,60000.0,55000.0,,,
S60 2012,Brazo De Control De Suspension,Trasera Izquierda,DISPONIBLE,,65000.0,60000.0,,,Sin ubicación
S60 2012,Brazo De Control De Suspension,Trasera Derecha,DISPONIBLE,,65000.0,60000.0,,,Sin ubicación
S60 2012,Brazo De Control,Trasera Izquierda,DISPONIBLE,,40000.0,35000.0,,,Sin ubicación
S60 2012,Brazo De Control,Trasera Derecha,DISPONIBLE,,40000.0,35000.0,,,Sin ubicación
S60 2012,Brazo Limpiaparbrisas,Izquierda,DISPONIBLE,SANTIAGO,,,,,
S60 2012,Brazo Limpiaparbrisas,Derecha,DISPONIBLE,SANTIAGO,,,,,
S60 2012,Caja,,DISPONIBLE,SANTIAGO,800000.0,750000.0,,PRECIO ACTUALIZADO ,
S60 2012,Caliper,Delantera Izquierda,DISPONIBLE,SANTIAGO,,,,,
S60 2012,Caliper,Delantera Derecha,DISPONIBLE,SANTIAGO,,,,,
S60 2012,Caliper,Trasera Izquierda,DISPONIBLE,SANTIAGO,95000.0,90000.0,,,
S60 2012,Caliper,Trasera Derecha,VENDIDO,SANTIAGO,,,,,
S60 2012,Canister,,DISPONIBLE,SANTIAGO,,,,,
S60 2012,Cañería De Agua,,DISPONIBLE,SANTIAGO,,,,,
S60 2012,Capot,,VENDIDO,SANTIAGO,250000.0,240000.0,,,
S60 2012,Cardán,Trasera,VENDIDO,SANTIAGO,140000.0,120000.0,,,
S60 2012,Carter,,DISPONIBLE,,140000.0,135000.0,,,Sin ubicación
S60 2012,Catalítico,,VENDIDO,SANTIAGO,,,,REVISAR SERGIO,
S60 2012,Chapa Capot,Izquierda,DISPONIBLE,SANTIAGO,,,,,
S60 2012,Chapa Capot,Derecha,DISPONIBLE,SANTIAGO,,,,,
S60 2012,Chapa Maleta,,DISPONIBLE,SANTIAGO,,,,,
S60 2012,Chapa Puerta,Delantera Izquierda,DISPONIBLE,SANTIAGO,55000.0,50000.0,,,
S60 2012,Chapa Puerta,Delantera Derecha,VENDIDO,SANTIAGO,55000.0,50000.0,,,
S60 2012,Chapa Puerta,Trasera Izquierda,VENDIDO,SANTIAGO,50000.0,45000.0,,,
S60 2012,Chapa Puerta,Trasera Derecha,VENDIDO,SANTIAGO,50000.0,45000.0,,,
S60 2012,Cinta De Airbag,,DISPONIBLE,SANTIAGO,35000.0,30000.0,,,
S60 2012,Cinturón,Trasera Central,VENDIDO,SANTIAGO,40000.0,35000.0,,,
S60 2012,Cinturón,Trasera Izquierda,VENDIDO,SANTIAGO,40000.0,35000.0,,,
S60 2012,Cinturón,Trasera Derecha,VENDIDO,SANTIAGO,40000.0,35000.0,,,
S60 2012,Cofia Parte,Superior,VENDIDO,SANTIAGO,,,,,
S60 2012,Columna De Dirección Con Módulo,,VENDIDO,,,,,,Sin ubicación
S60 2012,Compresor Aire,,DISPONIBLE,SANTIAGO,190000.0,180000.0,,,
S60 2012,Corte,Delantera Izquierda,DISPONIBLE,,,,,,Sin ubicación
S60 2012,Corte,Delantera Derecha,DISPONIBLE,,,,,,Sin ubicación
S60 2012,Cremallera De Dirección No Electrónica,,VENDIDO,SANTIAGO,130000.0,120000.0,,,
S60 2012,Cubre Carter,,DISPONIBLE,SANTIAGO,65000.0,60000.0,,,
S60 2012,Cubre Zócalo,Izquierda,DISPONIBLE,SANTIAGO,40000.0,35000.0,,PRECIO ACTUALIZADO,
S60 2012,Cubre Zócalo,Derecha,POR CONFIRMAR,,40000.0,35000.0,,PRECIO ACTUALIZADO,Estado inusual: POR CONFIRMAR; Sin ubicación
S60 2012,Cuerpo De Aceleración,,DISPONIBLE,SANTIAGO,,,,,
S60 2012,Cuna,,VENDIDO,SANTIAGO,215000.0,210000.0,,,
S60 2012,Depósito De Agua O Líquido Refrigerante,,VENDIDO,SANTIAGO,35000.0,30000.0,,,
S60 2012,Depósito Limpia Parabrisas,,VENDIDO,SANTIAGO,50000.0,45000.0,,,
S60 2012,Depósito Líquido Hidráulico,,DISPONIBLE,,50000.0,45000.0,,,Sin ubicación
S60 2012,Diferencial,,VENDIDO,SANTIAGO,,,,,
S60 2012,Disco De Freno,Delantera Izquierda,DISPONIBLE,SANTIAGO,40000.0,35000.0,,,
S60 2012,Disco De Freno,Delantera Derecha,VENDIDO,SANTIAGO,40000.0,35000.0,,,
S60 2012,Disco De Freno,Trasera Izquierda,DISPONIBLE,SANTIAGO,30000.0,25000.0,,,
S60 2012,Disco De Freno,Trasera Derecha,DISPONIBLE,SANTIAGO,30000.0,25000.0,,,
S60 2012,Ecu,,VENDIDO,SANTIAGO,180000.0,180000.0,,,
S60 2012,Eje Palier,Derecha,DISPONIBLE,SANTIAGO,130000.0,125000.0,,,
S60 2012,Eje Palier,Izquierda,DISPONIBLE,SANTIAGO,110000.0,105000.0,,,
S60 2012,Eje,Trasera,DISPONIBLE,,190000.0,190000.0,,,Sin ubicación
S60 2012,Electroventilador,,DISPONIBLE,SANTIAGO,160000.0,150000.0,,,
S60 2012,Embellecedor Parachoque,,DISPONIBLE,,,,,,Sin ubicación
S60 2012,Enfriador De Aceite Caja,,DISPONIBLE,SANTIAGO,,,,,
S60 2012,Enfriador De Aceite Motor,,DISPONIBLE,SANTIAGO,55000.0,50000.0,,,
S60 2012,Enganche O Chapa De Seguridad Capot,,DISPONIBLE,,,,,,Sin ubicación
S60 2012,Espejo,Central,DISPONIBLE,SANTIAGO,,,,,
S60 2012,Espejo,Izquierda,DISPONIBLE,SANTIAGO,90000.0,80000.0,,,
S60 2012,Espejo,Derecha,VENDIDO,SANTIAGO,90000.0,80000.0,,,
S60 2012,Flotador Bomba De Bencina,,VENDIDO,SANTIAGO,,,,,
S60 2012,Foco,Trasera Izquierda Exterior,VENDIDO,SANTIAGO,85000.0,80000.0,,,
S60 2012,Foco,Trasera Derecha Exterior,VENDIDO,SANTIAGO,85000.0,80000.0,,,
S60 2012,Foco,Trasera Izquierda Interior,DISPONIBLE,,55000.0,50000.0,,,Sin ubicación
S60 2012,Foco,Trasera Derecha Interior,DISPONIBLE,,55000.0,50000.0,,,Sin ubicación
S60 2012,Frontal Inferior,Delantera Inferior,DISPONIBLE,,,,,,Sin ubicación
S60 2012,Frontal Superior,Delantera Superior,VENDIDO,SANTIAGO,260000.0,255000.0,,,
S60 2012,Funda De Parachoque,Delantera,DISPONIBLE,SANTIAGO,150000.0,140000.0,,PRECIO ACTUALIZADO,
S60 2012,Funda De Parachoque,Trasera,VENDIDO,SANTIAGO,90000.0,80000.0,,,
S60 2012,Fusilera De Borne Positivo,,DISPONIBLE,,40000.0,35000.0,,,Sin ubicación
S60 2012,Gata,,DISPONIBLE,,,,,,Sin ubicación
S60 2012,Goma Contorno De Puerta,Delantera Izquierda,DISPONIBLE,SANTIAGO,,,,,
S60 2012,Goma Contorno De Puerta Th,Delantera,DISPONIBLE,SANTIAGO,,,,,
S60 2012,Goma Contorno De Puerta,Trasera Derecha,DISPONIBLE,SANTIAGO,,,,,
S60 2012,Guantera,,DISPONIBLE,,65000.0,60000.0,,,Sin ubicación
S60 2012,Guardafango,Delantera Izquierda,NO DISPONIBLE,SANTIAGO,60000.0,55000.0,,CON DETALLE,
S60 2012,Guardafango,Delantera Derecha,NO DISPONIBLE,SANTIAGO,60000.0,55000.0,,CON DETALLE,
S60 2012,Guardafango,Trasera Izquierda,DISPONIBLE,,50000.0,45000.0,,,Sin ubicación
S60 2012,Guardafango,Trasera Derecha,DISPONIBLE,SANTIAGO,50000.0,45000.0,,,
S60 2012,Guías De Sujeción Óptico,Izquierda,VENDIDO,SANTIAGO,25000.0,20000.0,,2.0,
S60 2012,Guías De Sujeción Óptico,Derecha,DISPONIBLE,SANTIAGO,25000.0,20000.0,,2.0,
S60 2012,Intercooler,,DISPONIBLE,SANTIAGO,90000.0,90000.0,,,
S60 2012,Inyector,,DISPONIBLE,SANTIAGO,30000.0,25000.0,,,
S60 2012,Inyector,,DISPONIBLE,SANTIAGO,30000.0,25000.0,,,
S60 2012,Inyector,,DISPONIBLE,SANTIAGO,30000.0,25000.0,,,
S60 2012,Inyector,,DISPONIBLE,SANTIAGO,30000.0,25000.0,,,
S60 2012,Inyector,,DISPONIBLE,SANTIAGO,30000.0,25000.0,,,
S60 2012,Inyector,,DISPONIBLE,SANTIAGO,30000.0,25000.0,,,
S60 2012,Kit De Airbag,,VENDIDO,SANTIAGO,520000.0,500000.0,,,
S60 2012,Kit De Encendido,,DISPONIBLE,,,,,,Sin ubicación
S60 2012,Letras Maleta,,VENDIDO,SANTIAGO,15000.0,15000.0,,,
S60 2012,Línea De Escape,,DISPONIBLE,,75000.0,65000.0,,SIN CATALÍTICO ,Sin ubicación
S60 2012,Llanta,,VENDIDO,SANTIAGO,170000.0,160000.0,,,
S60 2012,Llanta,,VENDIDO,SANTIAGO,170000.0,160000.0,,,
S60 2012,Llanta,,VENDIDO,SANTIAGO,90000.0,80000.0,,,
S60 2012,Llanta Detalle,,VENDIDO,SANTIAGO,35000.0,30000.0,,TRIZADA REPARADA (MANDAR FOTO),
S60 2012,Llave,,DISPONIBLE,SANTIAGO,,,,,
S60 2012,Luneta,Trasera,DISPONIBLE,REQUINOA,220000.0,210000.0,,,
S60 2012,Luz Techo,Central,DISPONIBLE,SANTIAGO,,,,,
S60 2012,Luz Techo,Trasera,DISPONIBLE,SANTIAGO,,,,,
S60 2012,Maleta,,DISPONIBLE,,240000.0,230000.0,,SOLO LATA,Sin ubicación
S60 2012,Manguera Plástica De Depósito De Agua Con Acople Rápido,,NO DISPONIBLE,,,,,,Sin ubicación
S60 2012,Manilla De Techo,Delantera Derecha,DISPONIBLE,SANTIAGO,,,,,
S60 2012,Manilla De Techo,Trasera Izquierda,DISPONIBLE,SANTIAGO,,,,,
S60 2012,Manilla De Techo,Trasera Derecha,DISPONIBLE,SANTIAGO,,,,,
S60 2012,Manilla Puerta,Delantera Izquierda Exterior,DISPONIBLE,SANTIAGO,45000.0,40000.0,,SIN CILINDRO,
S60 2012,Manilla Puerta,Delantera Derecha Exterior,NO DISPONIBLE,,45000.0,40000.0,,,Sin ubicación
S60 2012,Manilla Puerta,Trasera Izquierda Exterior,DISPONIBLE,SANTIAGO,45000.0,40000.0,,,
S60 2012,Manilla Puerta,Trasera Derecha Exterior,DISPONIBLE,SANTIAGO,45000.0,40000.0,,,
S60 2012,Manilla Capot Con Piola,Interior,DISPONIBLE,SANTIAGO,,,,,
S60 2012,Manilla Puerta,Delantera Izquierda Interior,DISPONIBLE,,25000.0,20000.0,,,Sin ubicación
S60 2012,Manilla Puerta,Delantera Derecha Interior,DISPONIBLE,,25000.0,20000.0,,,Sin ubicación
S60 2012,Manilla Puerta,Trasera Izquierda Interior,DISPONIBLE,,20000.0,15000.0,,,Sin ubicación
S60 2012,Manilla Puerta,Trasera Derecha Interior,DISPONIBLE,,20000.0,15000.0,,,Sin ubicación
S60 2012,Manilla Para Destrabar Y Cerrar Respaldos,Trasera,DISPONIBLE,SANTIAGO,,,,,Posible múltiple repuesto
S60 2012,Máscara,,VENDIDO,SANTIAGO,90000.0,85000.0,,LOGO CON DETALLE,
S60 2012,Maza (Se Vende Con Muñon),Derecha,DISPONIBLE,,65000.0,60000.0,,,Sin ubicación
S60 2012,Maza (Se Vende Con Muñon),Izquierda,DISPONIBLE,,65000.0,60000.0,,,Sin ubicación
S60 2012,Ménsula,Delantera Izquierda,DISPONIBLE,SANTIAGO,25000.0,20000.0,,,
S60 2012,Ménsula,Delantera Derecha,VENDIDO,SANTIAGO,25000.0,20000.0,,,
S60 2012,Ménsula,Trasera,DISPONIBLE,,25000.0,20000.0,,,Sin ubicación
S60 2012,Ménsula,Trasera Izquierda,DISPONIBLE,SANTIAGO,25000.0,20000.0,,,
S60 2012,Ménsula,Trasera Derecha,DISPONIBLE,SANTIAGO,25000.0,20000.0,,,
S60 2012,Módulo Abs,,DISPONIBLE,,950000.0,90000.0,,,Sin ubicación
S60 2012,Módulo Control De Antena Radio,,DISPONIBLE,SANTIAGO,15000.0,10000.0,,,
S60 2012,Módulo Control De Freno De Mano Eléctrico,,DISPONIBLE,SANTIAGO,35000.0,30000.0,,,
S60 2012,Módulo De Antena Llave,,DISPONIBLE,SANTIAGO,25000.0,20000.0,,,
S60 2012,Módulo De Estanque,,DISPONIBLE,SANTIAGO,,,,,
S60 2012,Módulo Electroventilador,,NO DISPONIBLE,,,,,ESTÁ MALO,Sin ubicación
S60 2012,Módulo Óptico,Izquierda,VENDIDO,,90000.0,55000.0,,,Sin ubicación
S60 2012,Módulo Óptico,Derecha,VENDIDO,,90000.0,55000.0,,,Sin ubicación
S60 2012,Moldura Costado Parabrisa,Derecha,DISPONIBLE,,50000.0,45000.0,,,Sin ubicación
S60 2012,Moldura Costado Parabrisas,Izquierda,DISPONIBLE,,50000.0,45000.0,,,Sin ubicación
S60 2012,Moldura Pisadera De Puerta,,DISPONIBLE,SANTIAGO,,,,NO SE DESCRIBE CUANTAS HAY,
S60 2012,Motor De Calefacción,,DISPONIBLE,SANTIAGO,,,,,
S60 2012,Motor De Partida,,DISPONIBLE,SANTIAGO,95000.0,90000.0,,,
S60 2012,Motor Facturable,,VENDIDO,SANTIAGO,1300000.0,1100000.0,,,
S60 2012,Motor Limpiaparabrisas,,DISPONIBLE,,,,,CON VARILLAJE,Sin ubicación
S60 2012,Múltiple De Admisión,,DISPONIBLE,,190000.0,180000.0,,,Sin ubicación
S60 2012,Múltiple De Escape,,DISPONIBLE,SANTIAGO,35000.0,30000.0,,,
S60 2012,Muñón,Trasera Izquierda,DISPONIBLE,SANTIAGO,70000.0,60000.0,,,
S60 2012,Muñón,Trasera Derecha,DISPONIBLE,SANTIAGO,70000.0,60000.0,,,
S60 2012,Neblineros,,NO DISPONIBLE,,,,,,Sin ubicación
S60 2012,Optico (Sin Balat),Izquierda,VENDIDO,SANTIAGO,100000.0,90000.0,,PRECIO ACTUALIZADO,
S60 2012,Optico,Derecha,VENDIDO,SANTIAGO,160000.0,155000.0,,,
S60 2012,Palanca De Cambio,,DISPONIBLE,SANTIAGO,155000.0,150000.0,,,
S60 2012,Pantalla Radio,,DISPONIBLE,SANTIAGO,50000.0,45000.0,,,
S60 2012,Parabrisas,,NO DISPONIBLE,REQUINOA,100000.0,90000.0,,,
S60 2012,Parasol,Izquierda,DISPONIBLE,SANTIAGO,30000.0,25000.0,,,
S60 2012,Parasol,Derecha,DISPONIBLE,SANTIAGO,30000.0,25000.0,,,
S60 2012,Parlante,,VENDIDO,SANTIAGO,25000.0,20000.0,,,
S60 2012,Parlante,,VENDIDO,SANTIAGO,25000.0,20000.0,,,
S60 2012,Pata Refuerzo De Parachoque,Derecha,DISPONIBLE,,,,,,Sin ubicación
S60 2012,Pata Refuerzo De Parachoque,Izquierda,DISPONIBLE,,,,,,Sin ubicación
S60 2012,Piolas Palanca De Cambio,,DISPONIBLE,SANTIAGO,,,,,
S60 2012,Plástico Pilar,,DISPONIBLE,,,,,PREGUNTAR A CUBITA EL LADO VENDIDO,Sin ubicación
S60 2012,Porta Filtro De Aceite,,DISPONIBLE,SANTIAGO,,,,,
S60 2012,Porta Filtro De Aire,,VENDIDO,SANTIAGO,60000.0,50000.0,,,
S60 2012,Porta Lentes,,DISPONIBLE,SANTIAGO,,,,,
S60 2012,Porta Placa,Trasera,VENDIDO,SANTIAGO,5000.0,5000.0,,,
S60 2012,Prensa,,DISPONIBLE,,,,,,Sin ubicación
S60 2012,Puerta Solo Lata,Delantera Derecha,DISPONIBLE,SANTIAGO,80000.0,75000.0,,,
S60 2012,Puerta Delanteralh Solo Lata,,DISPONIBLE,SANTIAGO,80000.0,75000.0,,,
S60 2012,Puerta Solo Lata,Trasera Izquierda,DISPONIBLE,SANTIAGO,80000.0,75000.0,,,
S60 2012,Puerta Solo Lata,Trasera Derecha,DISPONIBLE,SANTIAGO,80000.0,75000.0,,,
S60 2012,Radiador Agua,,DISPONIBLE,SANTIAGO,95000.0,90000.0,,,
S60 2012,Radiador Aire,,DISPONIBLE,,95000.0,90000.0,,,Sin ubicación
S60 2012,Radiador De Calefacción,,DISPONIBLE,SANTIAGO,,,,,
S60 2012,Radio,,DISPONIBLE,,,,,,Sin ubicación
S60 2012,Ramal De Inyección,,VENDIDO,SANTIAGO,75000.0,70000.0,,,
S60 2012,Ramal De Motor,,DISPONIBLE,SANTIAGO,70000.0,65000.0,,,
S60 2012,Refuerzo De Parachoque,Delantera,VENDIDO,SANTIAGO,80000.0,70000.0,,,
S60 2012,Refuerzo De Parachoque,Trasera,DISPONIBLE,SANTIAGO,,,,,
S60 2012,Rejilla,Inferior Central,VENDIDO,SANTIAGO,60000.0,50000.0,,,
S60 2012,Rejilla De La Radio),Superior Interior Central,VENDIDO,SANTIAGO,25000.0,25000.0,,SE VENDÍO COMPLETA,
S60 2012,Rejilla Lateral,Izquierda,DISPONIBLE,,45000.0,40000.0,,,Sin ubicación
S60 2012,Rejilla Lateral,Derecha,DISPONIBLE,,45000.0,40000.0,,,Sin ubicación
S60 2012,Resistencia De Calefacción,,DISPONIBLE,SANTIAGO,25000.0,20000.0,,,
S60 2012,Riel De Inyección,,DISPONIBLE,,180000.0,170000.0,,,Sin ubicación
S60 2012,Rodamiento Tensor Correa Accesorios,,DISPONIBLE,SANTIAGO,50000.0,45000.0,,,
S60 2012,Sensor Abs,,DISPONIBLE,,,,,,Sin ubicación
S60 2012,Sensor Abs,Trasera Derecha,DISPONIBLE,,,,,,Sin ubicación
S60 2012,Sensor Banco,,VENDIDO,SANTIAGO,,,,,
S60 2012,Sensor Banco,,DISPONIBLE,SANTIAGO,,,,,
S60 2012,Sensor De Estacionamiento,Trasera,DISPONIBLE,,25000.0,20000.0,,CADA UNO,Sin ubicación
S60 2012,Sensor De Presión Del Riel De Bencina,,VENDIDO,SANTIAGO,20000.0,20000.0,,,
S60 2012,Sensor Maf Con Flujómetro,,VENDIDO,,60000.0,55000.0,,,Sin ubicación
S60 2012,Sensor Map,,VENDIDO,SANTIAGO,35000.0,30000.0,,,
S60 2012,Servo Freno,,DISPONIBLE,SANTIAGO,,,,,
S60 2012,Soporte (Hueso),Central,DISPONIBLE,,45000.0,40000.0,,,Sin ubicación
S60 2012,Soporte De Motor O De Caja,Izquierda,VENDIDO,SANTIAGO,90000.0,85000.0,,,
S60 2012,Soporte De Motor,Derecha,DISPONIBLE,,115000.0,105000.0,,,Sin ubicación
S60 2012,Soporte De Soporte,Inferior,VENDIDO,SANTIAGO,,,,,
S60 2012,Soporte De Batería,Superior,DISPONIBLE,,,,,,Sin ubicación
S60 2012,Tapa De Bencina,Exterior,DISPONIBLE,SANTIAGO,,,,,
S60 2012,Tapa De Bencina,Interior,DISPONIBLE,SANTIAGO,,,,,
S60 2012,Tapa Neblinero,Izquierda,DISPONIBLE,,25000.0,20000.0,,,Sin ubicación
S60 2012,Tapa Neblinero,Derecha,DISPONIBLE,,25000.0,20000.0,,,Sin ubicación
S60 2012,Tapa Remolque,Delantera,NO DISPONIBLE,,,,,,Sin ubicación
S60 2012,Tapabarro,Delantera Izquierda,DISPONIBLE,SANTIAGO,100000.0,90000.0,,,
S60 2012,Tapabarro,Delantera Derecha,VENDIDO,SANTIAGO,100000.0,90000.0,,,
S60 2012,Tapiz Techo (Con Detalle),,DISPONIBLE,,60000.0,50000.0,,,Sin ubicación
S60 2012,Telecomando,,DISPONIBLE,SANTIAGO,,,,,
S60 2012,Tensor Correa De Accesorios,,DISPONIBLE,SANTIAGO,35000.0,30000.0,,,
S60 2012,Tirante De Puerta,Delantera Izquierda,DISPONIBLE,SANTIAGO,15000.0,10000.0,,,
S60 2012,Tirante De Puerta,Delantera Derecha,DISPONIBLE,SANTIAGO,15000.0,10000.0,,,
S60 2012,Turbo,,DISPONIBLE,SANTIAGO,,,,,
S60 2012,Varilla De Aceite,,DISPONIBLE,SANTIAGO,,,,LLEGÓ EL 11-12-2024,
S60 2012,Vidrio Puerta,Delantera Izquierda,VENDIDO,SANTIAGO,50000.0,45000.0,,,
S60 2012,Vidrio Puerta,Delantera Derecha,VENDIDO,SANTIAGO,50000.0,45000.0,,,
S60 2012,Vidrio Puerta,Trasera Izquierda,VENDIDO,SANTIAGO,50000.0,45000.0,,,
S60 2012,Vidrio Puerta,Trasera Derecha,VENDIDO,SANTIAGO,50000.0,45000.0,,,
S60 2012,Vieleta,Izquierda,DISPONIBLE,,30000.0,25000.0,,,Sin ubicación
S60 2012,Vieleta,Derecha,VENDIDO,SANTIAGO,30000.0,25000.0,,,
S60 2012,Volante,,DISPONIBLE,SANTIAGO,80000.0,75000.0,,,
S60 2012,,,DISPONIBLE,,,,,,Nombre vacío; Sin ubicación
S60 2012,,,DISPONIBLE,,,,,,Nombre vacío; Sin ubicación
S60 2012,,,DISPONIBLE,,,,,,Nombre vacío; Sin ubicación
S60 2012,,,DISPONIBLE,,,,,,Nombre vacío; Sin ubicación
S60 2012,,,DISPONIBLE,,,,,,Nombre vacío; Sin ubicación
S60 2012,,,DISPONIBLE,,,,,,Nombre vacío; Sin ubicación
S60 2012,,,DISPONIBLE,,,,,,Nombre vacío; Sin ubicación
S60 2012,,,DISPONIBLE,,,,,,Nombre vacío; Sin ubicación
S60 2012,,,DISPONIBLE,,,,,,Nombre vacío; Sin ubicación
S60 2012,,,DISPONIBLE,,,,,,Nombre vacío; Sin ubicación
S60 2012,,,DISPONIBLE,,,,,,Nombre vacío; Sin ubicación
S60 2012,,,DISPONIBLE,,,,,,Nombre vacío; Sin ubicación
SM3 2011,Alternador,,DISPONIBLE,REVISADO,,,,,
SM3 2011,Amortiguador,Delantera Izquierda,DISPONIBLE,REVISADO,,,,,
SM3 2011,Amortiguador,Delantera Derecha,DISPONIBLE,REVISADO,,,,,
SM3 2011,Asiento,Delantera Izquierda,DISPONIBLE,REVISADO,,,,,
SM3 2011,Asiento,Delantera Derecha,DISPONIBLE,REVISADO,,,,,
SM3 2011,Bandeja,Delantera Izquierda,DISPONIBLE,REVISADO,,,,,
SM3 2011,Baneja,Delantera Derecha,DISPONIBLE,REVISADO,,,,,
SM3 2011,Baseplástica De Batería,,DISPONIBLE,REVISADO,,,,,
SM3 2011,Bazos Limpiaparabrisas,,DISPONIBLE,REVISADO,,,,,
SM3 2011,Bisagra Capot,Izquierda,DISPONIBLE,REVISADO,,,,,
SM3 2011,Bisagra Capot,Derecha,DISPONIBLE,REVISADO,,,,,
SM3 2011,Bobina,,DISPONIBLE,REVISADO,,,,,
SM3 2011,Bobina,,DISPONIBLE,REVISADO,,,,,
SM3 2011,Bobina,,DISPONIBLE,REVISADO,,,,,
SM3 2011,Bobina,,DISPONIBLE,REVISADO,,,,,
SM3 2011,Bocina,,DISPONIBLE,REVISADO,,,,,
SM3 2011,Bomba De Freno Con Depósito,,DISPONIBLE,REVISADO,,,,,
SM3 2011,Bomba De Pedal De Embrague,,DISPONIBLE,REVISADO,,,,,
SM3 2011,Bomba Hidráulica Con Base Y Tensor,,DISPONIBLE,REVISADO,,,,,Posible múltiple repuesto
SM3 2011,Botón Alzavidrios Puerta,Delantera Derecha,DISPONIBLE,REVISADO,,,,,
SM3 2011,Botón Alzavidrios Puerta,Trasera Derecha,DISPONIBLE,REVISADO,,,,,
SM3 2011,Botón De Alzavidrios,Trasera Izquierda,DISPONIBLE,REVISADO,,,,,
SM3 2011,Botonera De Alzavidrios,Delantera Izquierda,DISPONIBLE,REVISADO,,,,,
SM3 2011,Bsi,,DISPONIBLE,REVISADO,,,,,
SM3 2011,Caja,,VENDIDO,REVISADO,230000.0,230000.0,,,
SM3 2011,Caliper,Delantera Izquierda,DISPONIBLE,REVISADO,,,,,
SM3 2011,Caliper,Delantera Derecha,DISPONIBLE,REVISADO,,,,,
SM3 2011,Canister,,DISPONIBLE,REVISADO,,,,,
SM3 2011,Cañerías De Aire Acondicionado,,DISPONIBLE,REVISADO,,,,,
SM3 2011,Capot Con Detalle,,DISPONIBLE,REVISADO,10000.0,10000.0,,,
SM3 2011,Chapa Maleta,,DISPONIBLE,REVISADO,,,,,
SM3 2011,Chapa Puerta,Delantera Izquierda,DISPONIBLE,REVISADO,,,,,
SM3 2011,Chapa Puerta,Delantera Derecha,DISPONIBLE,REVISADO,,,,,
SM3 2011,Chapa Puerta,Trasera Derecha,DISPONIBLE,REVISADO,,,,,
SM3 2011,Cinta De Airbag,,DISPONIBLE,REVISADO,,,,,
SM3 2011,Cofia,,DISPONIBLE,REVISADO,,,,,
SM3 2011,Columna De Dirección,,DISPONIBLE,REVISADO,,,,,
SM3 2011,Control De Calefacción,,DISPONIBLE,REVISADO,,,,,
SM3 2011,Cremallera De Alzavidrio Puerta,Trasera Derecha,DISPONIBLE,REVISADO,,,,,
SM3 2011,Cremallera De Alzavidrios,Delantera Izquierda,DISPONIBLE,REVISADO,,,,,
SM3 2011,Cremallera De Alzavidrios,Trasera Izquierda,DISPONIBLE,REVISADO,,,,,
SM3 2011,Cremallera De Dirección,,DISPONIBLE,REVISADO,,,,,
SM3 2011,Cuerpo De Aceleración,,DISPONIBLE,REVISADO,,,,,
SM3 2011,Cuna,,DISPONIBLE,REVISADO,,,,,
SM3 2011,Depósito De Agua Auxiliar Radiador,,DISPONIBLE,REVISADO,,,,,
SM3 2011,Depósito Limpiaparabrisas Sin Tubo,,DISPONIBLE,REVISADO,,,,,
SM3 2011,Depósito Líquido Hidráulico Con Base,,DISPONIBLE,REVISADO,,,,,
SM3 2011,Disco De Freno,Delantera Izquierda,DISPONIBLE,REVISADO,,,,,
SM3 2011,Disco De Freno,Delantera Derecha,DISPONIBLE,REVISADO,,,,,
SM3 2011,Ecu,,DISPONIBLE,REVISADO,90000.0,85000.0,,,
SM3 2011,Eje Palier,Izquierda,DISPONIBLE,REVISADO,,,,,
SM3 2011,Eje Palier,Derecha,DISPONIBLE,REVISADO,,,,,
SM3 2011,Electroventilador,,DISPONIBLE,REVISADO,,,,,
SM3 2011,Embellecedor Con Rejillas De Ventilación Y Hazard,Central,DISPONIBLE,REVISADO,,,,,Posible múltiple repuesto
SM3 2011,Embellecedor Radio,,DISPONIBLE,REVISADO,,,,,
SM3 2011,Embellecedor Sinóptico,,DISPONIBLE,REVISADO,,,,,
SM3 2011,Espejo,Izquierda,DISPONIBLE,REVISADO,,,,,
SM3 2011,Fijación Radiador,Superior,DISPONIBLE,REVISADO,,,,,
SM3 2011,Flujómetro,,DISPONIBLE,REVISADO,,,,,
SM3 2011,Foco,Trasera Derecha,DISPONIBLE,REVISADO,,,,,
SM3 2011,Mangueras Agua,,DISPONIBLE,REVISADO,,,,,
SM3 2011,Manilla Puerta,Delantera Izquierda Exterior,DISPONIBLE,REVISADO,,,,,
SM3 2011,Manilla Puerta,Delantera Derecha Exterior,DISPONIBLE,REVISADO,,,,,
SM3 2011,Manilla Puerta,Trasera Izquierda Exterior,DISPONIBLE,REVISADO,,,,,
SM3 2011,Manilla Puerta,Trasera Derecha Exterior,DISPONIBLE,REVISADO,,,,,
SM3 2011,Manilla Puerta,Delantera Izquierda Interior,DISPONIBLE,REVISADO,,,,,
SM3 2011,Manilla Puerta,Delantera Derecha Interior,DISPONIBLE,REVISADO,,,,,
SM3 2011,Manilla Puerta,Trasera Izquierda Interior,DISPONIBLE,REVISADO,,,,,
SM3 2011,Manilla Puerta,Trasera Derecha Interior,DISPONIBLE,REVISADO,,,,,
SM3 2011,Máscara Con Detalle,,DISPONIBLE,REVISADO,10000.0,10000.0,,,
SM3 2011,Maza,Delantera Izquierda,DISPONIBLE,REVISADO,,,,,
SM3 2011,Moldura Zócalo,Izquierda Interior,VENDIDO,REVISADO,5000.0,5000.0,,,
SM3 2011,Moldura Triángulo Atrás De Espejo Del-Rh,Interior,DISPONIBLE,REVISADO,,,,,
SM3 2011,Motor De Partida,,DISPONIBLE,REVISADO,,,,,
SM3 2011,Múltiple De Admisión (Es Metálico),,DISPONIBLE,REVISADO,,,,,
SM3 2011,Neblinero,Delantera Izquierda,NO DISPONIBLE,REVISADO,,,,,
SM3 2011,Neblinero,Delantera Derecha,DISPONIBLE,REVISADO,,,,,
SM3 2011,Óptico Con Detalles Patas,Derecha,POR CONFIRMAR,REVISADO,10000.0,10000.0,,,Estado inusual: POR CONFIRMAR
SM3 2011,Parasol,Izquierda,DISPONIBLE,REVISADO,,,,,
SM3 2011,Parasol,Derecha,DISPONIBLE,REVISADO,,,,,
SM3 2011,Parlante Puerta,Delantera Derecha,DISPONIBLE,REVISADO,,,,,
SM3 2011,Pedal De Aceleración,,DISPONIBLE,REVISADO,,,,,
SM3 2011,Pedal De Embrague,,DISPONIBLE,REVISADO,,,,,
SM3 2011,Pedal De Freno,,DISPONIBLE,REVISADO,,,,,
SM3 2011,Piola Capot Con Manilla,,DISPONIBLE,REVISADO,,,,,
SM3 2011,Porta Filtro Con Detalle,,DISPONIBLE,REVISADO,,,,,
SM3 2011,Posa Vasos,Delantera,DISPONIBLE,REVISADO,,,,,
SM3 2011,Prensa Y Disco De Embrague,,DISPONIBLE,REVISADO,,,,,Posible múltiple repuesto
SM3 2011,Protector,Delantera Inferior,DISPONIBLE,REVISADO,,,,,
SM3 2011,Puerta Solo Lata,Delantera Derecha,DISPONIBLE,REVISADO,25000.0,20000.0,,,
SM3 2011,Puerta Solo Lata,Delantera Izquierda,DISPONIBLE,REVISADO,25000.0,20000.0,,,
SM3 2011,Puerta Solo Lata,Trasera Derecha,DISPONIBLE,REVISADO,,,,,
SM3 2011,Puerta Solo Lata,Trasera Izquierda,DISPONIBLE,REVISADO,25000.0,20000.0,,,
SM3 2011,Radiador De Agua,,DISPONIBLE,REVISADO,,,,,
SM3 2011,Ramal,Exterior,DISPONIBLE,REVISADO,,,,,
SM3 2011,Rejilla Parachoque,Delantera Inferior,DISPONIBLE,REVISADO,,,,,
SM3 2011,Resistencia De Calefacción,,DISPONIBLE,REVISADO,,,,,
SM3 2011,Resonador Filtro De Aire,,DISPONIBLE,REVISADO,,,,,
SM3 2011,Riel Con Inyectores,,DISPONIBLE,REVISADO,,,,,
SM3 2011,Sensor De Oxígeno Banco,,DISPONIBLE,REVISADO,,,,,
SM3 2011,Sensor Maf,,DISPONIBLE,REVISADO,,,,,
SM3 2011,Servo Freno,,DISPONIBLE,REVISADO,,,,,
SM3 2011,Sinóptico,,DISPONIBLE,REVISADO,,,,,
SM3 2011,Tapa De Bencina,Exterior,DISPONIBLE,REVISADO,,,,,
SM3 2011,Tapa De Bencina,Interior,DISPONIBLE,REVISADO,,,,,
SM3 2011,Tapa De Filtro De Aire,,DISPONIBLE,REVISADO,,,,,
SM3 2011,Tapa De Volante,,DISPONIBLE,REVISADO,,,,,
SM3 2011,Tapabarro Con Detalle,Izquierda,DISPONIBLE,REVISADO,10000.0,10000.0,,,
SM3 2011,Tapabarro Con Detalle,Derecha,DISPONIBLE,REVISADO,10000.0,10000.0,,,
SM3 2011,Telecomandos,,DISPONIBLE,REVISADO,,,,,
SM3 2011,Tensor Correa De Accesorios,,DISPONIBLE,REVISADO,,,,,
SM3 2011,Tubo Corrugado Con Porta Filtro De Aire,,DISPONIBLE,REVISADO,,,,,
SM3 2011,Válvula Evap,,DISPONIBLE,REVISADO,,,,,
SM3 2011,Varilla Capot,,DISPONIBLE,REVISADO,,,,,
SM3 2011,Ventilador De Calefacción,,DISPONIBLE,REVISADO,,,,,
SM3 2011,Vidrio Luneta Puerta,Trasera Izquierda,VENDIDO,REVISADO,25000.0,20000.0,,,
SM3 2011,Vidrio Luneta Puerta,Trasera Derecha,DISPONIBLE,REVISADO,,,,,
SM3 2011,Vidrio Puerta,Delantera Derecha,DISPONIBLE,REVISADO,,,,,
SM3 2011,Vidrio Puerta,Trasera Derecha,DISPONIBLE,REVISADO,,,,,
SM3 2011,Volante,,DISPONIBLE,REVISADO,,,,,
SM3 2011,Volante Bimasa,,DISPONIBLE,REVISADO,,,,,
SM3 2011,,,,,,,,,Nombre vacío; Sin estado de stock; Sin ubicación
SM3 2011,,,,,,,,,Nombre vacío; Sin estado de stock; Sin ubicación
SM3 2011,,,,,,,,,Nombre vacío; Sin estado de stock; Sin ubicación
SM3 2011,,,,,,,,,Nombre vacío; Sin estado de stock; Sin ubicación
SM3 2011,,,,,,,,,Nombre vacío; Sin estado de stock; Sin ubicación
SM3 2011,,,,,,,,,Nombre vacío; Sin estado de stock; Sin ubicación
SM3 2011,,,,,,,,,Nombre vacío; Sin estado de stock; Sin ubicación
SM3 2011,,,,,,,,,Nombre vacío; Sin estado de stock; Sin ubicación
SM3 2011,,,,,,,,,Nombre vacío; Sin estado de stock; Sin ubicación
SM3 2011,,,,,,,,,Nombre vacío; Sin estado de stock; Sin ubicación
SM3 2011,,,,,,,,,Nombre vacío; Sin estado de stock; Sin ubicación
SM3 2011,,,,,,,,,Nombre vacío; Sin estado de stock; Sin ubicación
SM3 2011,,,,,,,,,Nombre vacío; Sin estado de stock; Sin ubicación
SM3 2011,,,,,,,,,Nombre vacío; Sin estado de stock; Sin ubicación
SM3 2011,,,,,,,,,Nombre vacío; Sin estado de stock; Sin ubicación
SM3 2011,,,,,,,,,Nombre vacío; Sin estado de stock; Sin ubicación
SM3 2011,,,,,,,,,Nombre vacío; Sin estado de stock; Sin ubicación
SM3 2011,,,,,,,,,Nombre vacío; Sin estado de stock; Sin ubicación
SM3 2011,,,,,,,,,Nombre vacío; Sin estado de stock; Sin ubicación
SM3 2011,,,,,,,,,Nombre vacío; Sin estado de stock; Sin ubicación
SM3 2011,,,,,,,,,Nombre vacío; Sin estado de stock; Sin ubicación
SM3 2011,,,,,,,,,Nombre vacío; Sin estado de stock; Sin ubicación
SM3 2011,,,,,,,,,Nombre vacío; Sin estado de stock; Sin ubicación
SM3 2011,,,,,,,,,Nombre vacío; Sin estado de stock; Sin ubicación
SM3 2011,,,,,,,,,Nombre vacío; Sin estado de stock; Sin ubicación
SM3 2011,,,,,,,,,Nombre vacío; Sin estado de stock; Sin ubicación
SM3 2011,,,,,,,,,Nombre vacío; Sin estado de stock; Sin ubicación
SM3 2011,,,,,,,,,Nombre vacío; Sin estado de stock; Sin ubicación
SM3 2011,,,,,,,,,Nombre vacío; Sin estado de stock; Sin ubicación
SM3 2011,,,,,,,,,Nombre vacío; Sin estado de stock; Sin ubicación
SM3 2011,,,,,,,,,Nombre vacío; Sin estado de stock; Sin ubicación
SM3 2011,,,,,,,,,Nombre vacío; Sin estado de stock; Sin ubicación
SM3 2011,,,,,,,,,Nombre vacío; Sin estado de stock; Sin ubicación
SM3 2011,,,,,,,,,Nombre vacío; Sin estado de stock; Sin ubicación
SM3 2011,,,,,,,,,Nombre vacío; Sin estado de stock; Sin ubicación
SM3 2011,,,,,,,,,Nombre vacío; Sin estado de stock; Sin ubicación
SM3 2011,,,,,,,,,Nombre vacío; Sin estado de stock; Sin ubicación
SM3 2011,,,,,,,,,Nombre vacío; Sin estado de stock; Sin ubicación
SM3 2011,,,,,,,,,Nombre vacío; Sin estado de stock; Sin ubicación
SM3 2011,,,,,,,,,Nombre vacío; Sin estado de stock; Sin ubicación
SM3 2011,,,,,,,,,Nombre vacío; Sin estado de stock; Sin ubicación
SM3 2011,,,,,,,,,Nombre vacío; Sin estado de stock; Sin ubicación
SM3 2011,,,,,,,,,Nombre vacío; Sin estado de stock; Sin ubicación
SM3 2011,,,,,,,,,Nombre vacío; Sin estado de stock; Sin ubicación
SM3 2011,,,,,,,,,Nombre vacío; Sin estado de stock; Sin ubicación
SM3 2011,,,,,,,,,Nombre vacío; Sin estado de stock; Sin ubicación
SM3 2011,,,,,,,,,Nombre vacío; Sin estado de stock; Sin ubicación
SM3 2011,,,,,,,,,Nombre vacío; Sin estado de stock; Sin ubicación
SM3 2011,,,,,,,,,Nombre vacío; Sin estado de stock; Sin ubicación
SM3 2011,,,,,,,,,Nombre vacío; Sin estado de stock; Sin ubicación
SM3 2011,,,,,,,,,Nombre vacío; Sin estado de stock; Sin ubicación
SM3 2011,,,,,,,,,Nombre vacío; Sin estado de stock; Sin ubicación
SM3 2011,,,,,,,,,Nombre vacío; Sin estado de stock; Sin ubicación
SM3 2011,,,,,,,,,Nombre vacío; Sin estado de stock; Sin ubicación
SM3 2011,,,,,,,,,Nombre vacío; Sin estado de stock; Sin ubicación
SM3 2011,,,,,,,,,Nombre vacío; Sin estado de stock; Sin ubicación
SM3 2011,,,,,,,,,Nombre vacío; Sin estado de stock; Sin ubicación
SM3 2011,,,,,,,,,Nombre vacío; Sin estado de stock; Sin ubicación
SM3 2011,,,,,,,,,Nombre vacío; Sin estado de stock; Sin ubicación
SM3 2011,,,,,,,,,Nombre vacío; Sin estado de stock; Sin ubicación
SM3 2011,,,,,,,,,Nombre vacío; Sin estado de stock; Sin ubicación
SM3 2011,,,,,,,,,Nombre vacío; Sin estado de stock; Sin ubicación
SM3 2011,,,,,,,,,Nombre vacío; Sin estado de stock; Sin ubicación
SM3 2011,,,,,,,,,Nombre vacío; Sin estado de stock; Sin ubicación
SM3 2011,,,,,,,,,Nombre vacío; Sin estado de stock; Sin ubicación
SM3 2011,,,,,,,,,Nombre vacío; Sin estado de stock; Sin ubicación
SM3 2011,,,,,,,,,Nombre vacío; Sin estado de stock; Sin ubicación
SM3 2011,,,,,,,,,Nombre vacío; Sin estado de stock; Sin ubicación
SM3 2011,,,,,,,,,Nombre vacío; Sin estado de stock; Sin ubicación
SM3 2011,,,,,,,,,Nombre vacío; Sin estado de stock; Sin ubicación
SM3 2011,,,,,,,,,Nombre vacío; Sin estado de stock; Sin ubicación
SM3 2011,,,,,,,,,Nombre vacío; Sin estado de stock; Sin ubicación
SM3 2011,,,,,,,,,Nombre vacío; Sin estado de stock; Sin ubicación
SM3 2011,,,,,,,,,Nombre vacío; Sin estado de stock; Sin ubicación
SM3 2011,,,,,,,,,Nombre vacío; Sin estado de stock; Sin ubicación
SM3 2011,,,,,,,,,Nombre vacío; Sin estado de stock; Sin ubicación
SM3 2011,,,,,,,,,Nombre vacío; Sin estado de stock; Sin ubicación
SM3 2011,,,,,,,,,Nombre vacío; Sin estado de stock; Sin ubicación
SM3 2011,,,,,,,,,Nombre vacío; Sin estado de stock; Sin ubicación
SM3 2011,,,,,,,,,Nombre vacío; Sin estado de stock; Sin ubicación
SM3 2011,,,,,,,,,Nombre vacío; Sin estado de stock; Sin ubicación
SM3 2011,,,,,,,,,Nombre vacío; Sin estado de stock; Sin ubicación
SM3 2011,,,,,,,,,Nombre vacío; Sin estado de stock; Sin ubicación
SM3 2011,,,,,,,,,Nombre vacío; Sin estado de stock; Sin ubicación
SM3 2011,,,,,,,,,Nombre vacío; Sin estado de stock; Sin ubicación
SM3 2011,,,,,,,,,Nombre vacío; Sin estado de stock; Sin ubicación
SM3 2011,,,,,,,,,Nombre vacío; Sin estado de stock; Sin ubicación
SM3 2011,,,,,,,,,Nombre vacío; Sin estado de stock; Sin ubicación
SM3 2011,,,,,,,,,Nombre vacío; Sin estado de stock; Sin ubicación
SM3 2011,,,,,,,,,Nombre vacío; Sin estado de stock; Sin ubicación
SM3 2011,,,,,,,,,Nombre vacío; Sin estado de stock; Sin ubicación
SM3 2011,,,,,,,,,Nombre vacío; Sin estado de stock; Sin ubicación
SM3 2011,,,,,,,,,Nombre vacío; Sin estado de stock; Sin ubicación
SM3 2011,,,,,,,,,Nombre vacío; Sin estado de stock; Sin ubicación
SM3 2011,,,,,,,,,Nombre vacío; Sin estado de stock; Sin ubicación
SM3 2011,,,,,,,,,Nombre vacío; Sin estado de stock; Sin ubicación
SM3 2011,,,,,,,,,Nombre vacío; Sin estado de stock; Sin ubicación
SM3 2011,,,,,,,,,Nombre vacío; Sin estado de stock; Sin ubicación
SM3 2011,,,,,,,,,Nombre vacío; Sin estado de stock; Sin ubicación
SM3 2011,,,,,,,,,Nombre vacío; Sin estado de stock; Sin ubicación
SM3 2011,,,,,,,,,Nombre vacío; Sin estado de stock; Sin ubicación
SM3 2011,,,,,,,,,Nombre vacío; Sin estado de stock; Sin ubicación
SM3 2011,,,,,,,,,Nombre vacío; Sin estado de stock; Sin ubicación
SM3 2011,,,,,,,,,Nombre vacío; Sin estado de stock; Sin ubicación
SM3 2011,,,,,,,,,Nombre vacío; Sin estado de stock; Sin ubicación
SM3 2011,,,,,,,,,Nombre vacío; Sin estado de stock; Sin ubicación
SM3 2011,,,,,,,,,Nombre vacío; Sin estado de stock; Sin ubicación
SM3 2011,,,,,,,,,Nombre vacío; Sin estado de stock; Sin ubicación
SM3 2011,,,,,,,,,Nombre vacío; Sin estado de stock; Sin ubicación
SOUL 2013,Alternador,,DISPONIBLE,SANTIAGO,95000.0,85000.0,,,
SOUL 2013,Amortiguador,Delantera Izquierda,DISPONIBLE,SANTIAGO,55000.0,50000.0,,,
SOUL 2013,Amortiguador,Delantera Derecha,DISPONIBLE,SANTIAGO,55000.0,50000.0,,,
SOUL 2013,Amortiguador,Trasera Izquierda,DISPONIBLE,SANTIAGO,15000.0,10000.0,,,
SOUL 2013,Amortiguador,Trasera Derecha,DISPONIBLE,SANTIAGO,15000.0,10000.0,,,
SOUL 2013,Arbol De Leva,,DISPONIBLE,SANTIAGO,,,,,
SOUL 2013,Arbol De Leva,,DISPONIBLE,SANTIAGO,,,,,
SOUL 2013,Asiento,Delantera Izquierda,VENDIDO,SANTIAGO,40000.0,35000.0,,,
SOUL 2013,Asiento,Delantera Derecha,VENDIDO,SANTIAGO,40000.0,35000.0,,,
SOUL 2013,Auxiliar Usb,,DISPONIBLE,SANTIAGO,,,,,
SOUL 2013,Bandeja,Delantera Izquierda,NO DISPONIBLE,REQUINOA,,,,,
SOUL 2013,Bandeja,Delantera Derecha,NO DISPONIBLE,REQUINOA,,,,,
SOUL 2013,Barra Estabilizadora Con Bieletas,,DISPONIBLE,SANTIAGO,,,,,
SOUL 2013,Barra Techo,Izquierda,DISPONIBLE,SANTIAGO,35000.0,30000.0,,"60,000 EL PAR",
SOUL 2013,Barra Techo,Derecha,DISPONIBLE,SANTIAGO,35000.0,30000.0,,,
SOUL 2013,Base De Batería,,VENDIDO,SANTIAGO,15000.0,10000.0,,,
SOUL 2013,Base De Soporte,,DISPONIBLE,SANTIAGO,25000.0,20000.0,,,
SOUL 2013,Base De Termostato,,DISPONIBLE,SANTIAGO,,,,,
SOUL 2013,Bcm,,DISPONIBLE,SANTIAGO,,,,,
SOUL 2013,Bisagra Capot,Izquierda,DISPONIBLE,REQUINOA,35000.0,30000.0,,,
SOUL 2013,Bisagra Capot,Derecha,DISPONIBLE,REQUINOA,35000.0,30000.0,,,
SOUL 2013,Bisel De Sinóptico,,DISPONIBLE,SANTIAGO,,,,,
SOUL 2013,Bisel Radio,,DISPONIBLE,SANTIAGO,,,,,
SOUL 2013,Bisel Radio Y Control De Aire,,DISPONIBLE,SANTIAGO,,,,ESCRITO ASÍ EN INVENTARIO (REVISAR),Posible múltiple repuesto
SOUL 2013,Bomba De Bencina,,DISPONIBLE,SANTIAGO,90000.0,80000.0,,,
SOUL 2013,Bomba De Freno Y Depósito,,VENDIDO,SANTIAGO,,,,,Posible múltiple repuesto
SOUL 2013,Botón De Alzavidrios,Delantera Derecha,DISPONIBLE,SANTIAGO,,,,,
SOUL 2013,Botón De Alzavidrios,Trasera Izquierda,VENDIDO,SANTIAGO,,,,,
SOUL 2013,Botón De Alzavidrios,Trasera Derecha,DISPONIBLE,SANTIAGO,,,,,
SOUL 2013,Botonera De Alzavidrios,Delantera Izquierda,VENDIDO,SANTIAGO,35000.0,30000.0,,,
SOUL 2013,Brazo Limpiaparabrisas,Izquierda,DISPONIBLE,SANTIAGO,,,,,
SOUL 2013,Brazo Limpiaparabrisas,Derecha,DISPONIBLE,SANTIAGO,,,,,
SOUL 2013,Brazo Limpiaparabrisas,Trasera,DISPONIBLE,SANTIAGO,25000.0,20000.0,,,
SOUL 2013,Caja,,VENDIDO,SANTIAGO,600000.0,550000.0,,INCLUYE CONVERTIDOR,
SOUL 2013,Caliper,Delantera Izquierda,DISPONIBLE,SANTIAGO,,,,,
SOUL 2013,Caliper,Delantera Derecha,DISPONIBLE,SANTIAGO,,,,,
SOUL 2013,Cañería De Agua Chica,,DISPONIBLE,SANTIAGO,,,,,
SOUL 2013,Cañería De Agua Que Rodea El Motor,,DISPONIBLE,SANTIAGO,,,,,
SOUL 2013,Cañería Foto Iván,,DISPONIBLE,REQUINOA,35000.0,30000.0,,,
SOUL 2013,Cañerías De Aire Acondocionado,,NO DISPONIBLE,N/A,,,,,
SOUL 2013,Capot,,VENDIDO,SANTIAGO,70000.0,60000.0,,,
SOUL 2013,Catalítico,,NO DISPONIBLE,SANTIAGO,,,,,
SOUL 2013,Chapa De Contacto Sin Llave,,DISPONIBLE,SANTIAGO,110000.0,100000.0,,,
SOUL 2013,Chapa Puerta,Delantera Izquierda,DISPONIBLE,SANTIAGO,45000.0,40000.0,,,
SOUL 2013,Chapa Puerta,Delantera Derecha,DISPONIBLE,SANTIAGO,45000.0,40000.0,,,
SOUL 2013,Chapa Puerta (Potalón),Trasera,DISPONIBLE,SANTIAGO,30000.0,25000.0,,,
SOUL 2013,Chapa Puerta,Trasera Izquierda,DISPONIBLE,SANTIAGO,45000.0,40000.0,,revisar si esta,
SOUL 2013,Chapa Puerta,Trasera Derecha,DISPONIBLE,SANTIAGO,45000.0,40000.0,,,
SOUL 2013,Cigüeñal,,DISPONIBLE,SANTIAGO,,,,,
SOUL 2013,Cinta De Airbag,,VENDIDO,SANTIAGO,35000.0,30000.0,,,
SOUL 2013,Cinturón,Trasera Izquierda,DISPONIBLE,SANTIAGO,,,,,
SOUL 2013,Cinturón,Trasera Derecha,DISPONIBLE,SANTIAGO,,,,,
SOUL 2013,Columna De Dirección Soul,,VENDIDO,SANTIAGO,190000.0,180000.0,,,
SOUL 2013,Compresor Aire,,NO DISPONIBLE,REQUINOA,,,,MALO,
SOUL 2013,Control De Calefacción,,DISPONIBLE,SANTIAGO,50000.0,40000.0,,,
SOUL 2013,Control Espejo,,DISPONIBLE,SANTIAGO,,,,,
SOUL 2013,Corte Costado,Trasera Derecha,DISPONIBLE,REQUINOA,85000.0,80000.0,,,
SOUL 2013,Cremallera De Alzavidrio Con Panel,Delantera Izquierda,VENDIDO,SANTIAGO,50000.0,40000.0,,,
SOUL 2013,Cremallera De Alzavidrio Con Panel,Delantera Derecha,DISPONIBLE,SANTIAGO,50000.0,40000.0,,,
SOUL 2013,Cremallera De Alzavidrio Con Panel,Trasera Izquierda,DISPONIBLE,SANTIAGO,50000.0,40000.0,,,
SOUL 2013,Cremallera De Alzavidrio Con Panel,Trasera Derecha,DISPONIBLE,SANTIAGO,50000.0,40000.0,,,
SOUL 2013,Cremallera De Dirección,,VENDIDO,SANTIAGO,85000.0,80000.0,,,
SOUL 2013,Cubre Equipaje,,NO DISPONIBLE,N/A,,,,,
SOUL 2013,Cubre Torpedo,Exterior,DISPONIBLE,SANTIAGO,45000.0,40000.0,,,
SOUL 2013,Cuerpo De Aceleración,,DISPONIBLE,SANTIAGO,90000.0,80000.0,,,
SOUL 2013,Culata,,DISPONIBLE,SANTIAGO,165000.0,160000.0,,,
SOUL 2013,Cuna Sola,,DISPONIBLE,SANTIAGO,80000.0,75000.0,,,
SOUL 2013,Damper,,DISPONIBLE,SANTIAGO,35000.0,30000.0,,,
SOUL 2013,Depósito Limpiaparabrisas,,NO DISPONIBLE,N/A,,,,,
SOUL 2013,Disco De Freno,Delantera Izquierda,DISPONIBLE,SANTIAGO,15000.0,10000.0,,,
SOUL 2013,Disco De Freno,Delantera Derecha,DISPONIBLE,SANTIAGO,15000.0,10000.0,,DA LO MISMO SON LADOS IGUALES,
SOUL 2013,Ecu,,DISPONIBLE,SANTIAGO,170000.0,160000.0,,,
SOUL 2013,Eje Palier,Izquierda,POR CONFIRMAR,SANTIAGO,75000.0,70000.0,,,Estado inusual: POR CONFIRMAR
SOUL 2013,Eje Palier,Derecha,DISPONIBLE,SANTIAGO,85000.0,80000.0,,,
SOUL 2013,Eje,Trasera,DISPONIBLE,SANTIAGO,,,,,
SOUL 2013,Encendedor De Cigarros,,DISPONIBLE,SANTIAGO,,,,,
SOUL 2013,Enganche Metálico T Para Remolcar,,DISPONIBLE,SANTIAGO,,,,,
SOUL 2013,Espejo,Central,DISPONIBLE,SANTIAGO,15000.0,10000.0,,,
SOUL 2013,Espejo Con Detalle,Izquierda,VENDIDO,SANTIAGO,35000.0,30000.0,,,
SOUL 2013,Espejo,Derecha,VENDIDO,SANTIAGO,70000.0,65000.0,,CON PATENTE MARCADA,
SOUL 2013,Foco,Trasera Izquierda,VENDIDO,SANTIAGO,50000.0,45000.0,,,
SOUL 2013,Foco,Trasera Derecha,VENDIDO,SANTIAGO,45000.0,45000.0,,,
SOUL 2013,Funda Parachoque,Delantera,NO DISPONIBLE,,,,,,Sin ubicación
SOUL 2013,Funda Parachoque,Trasera,VENDIDO,SANTIAGO,100000.0,90000.0,,CON DETALLE,
SOUL 2013,Fusilera Con Ramal,Delantera,VENDIDO,SANTIAGO,100000.0,90000.0,,,
SOUL 2013,Fusilera,Interior,DISPONIBLE,REQUINOA,95000.0,85000.0,,,
SOUL 2013,Goma De Contorno De Puerta,Delantera Izquierda,DISPONIBLE,SANTIAGO,,,,,
SOUL 2013,Goma De Contorno De Puerta,Delantera Izquierda,DISPONIBLE,SANTIAGO,,,,,
SOUL 2013,Goma De Contorno De Puerta,Trasera Izquierda,NO DISPONIBLE,N/A,,,,,
SOUL 2013,Goma De Contorno De Puerta,Trasera Derecha,DISPONIBLE,SANTIAGO,,,,,
SOUL 2013,Guantera,,DISPONIBLE,SANTIAGO,35000.0,30000.0,,,
SOUL 2013,Guardafango,Delantera Izquierda,NO DISPONIBLE,N/A,,,,,
SOUL 2013,Guardafango,Delantera Derecha,NO DISPONIBLE,N/A,,,,,
SOUL 2013,Interruptor De Aceite,,NO DISPONIBLE,N/A,,,,,
SOUL 2013,"Letras ""Soul""",Trasera,DISPONIBLE,SANTIAGO,15000.0,10000.0,,,
SOUL 2013,Llanta Y Rueda De Repuesto,,DISPONIBLE,SANTIAGO,,,,,Posible múltiple repuesto
SOUL 2013,Logo Volante,,VENDIDO,SANTIAGO,10000.0,10000.0,,,
SOUL 2013,Luneta,Trasera Izquierda,DISPONIBLE,REQUINOA,45000.0,40000.0,,,
SOUL 2013,Luneta (Patente Marcada),Trasera Derecha,DISPONIBLE,SANTIAGO,45000.0,40000.0,,VIDRIO ATRÁS DE LA PUERTA TRASERA,
SOUL 2013,Luz Techo,,DISPONIBLE,SANTIAGO,,,,,
SOUL 2013,Manguera De Bencina,,DISPONIBLE,SANTIAGO,,,,,
SOUL 2013,Manguera Porta Filtro,,DISPONIBLE,SANTIAGO,45000.0,40000.0,,,
SOUL 2013,Manilla De Techo,Delantera Derecha,DISPONIBLE,SANTIAGO,,,,,
SOUL 2013,Manilla De Techo,Trasera Izquierda,DISPONIBLE,SANTIAGO,,,,,
SOUL 2013,Manilla De Techo,Trasera Derecha,DISPONIBLE,SANTIAGO,,,,,
SOUL 2013,Manilla,Delantera Izquierda Exterior,DISPONIBLE,SANTIAGO,,,,,
SOUL 2013,Manilla,Delantera Derecha Exterior,DISPONIBLE,SANTIAGO,,,,,
SOUL 2013,Manilla,Trasera Izquierda Exterior,DISPONIBLE,SANTIAGO,,,,,
SOUL 2013,Manilla,Trasera Derecha Exterior,DISPONIBLE,SANTIAGO,,,,,
SOUL 2013,Manilla,Trasera Derecha Interior,DISPONIBLE,SANTIAGO,,,,,
SOUL 2013,Ménsula,Delantera Izquierda,NO DISPONIBLE,SANTIAGO,,,,,
SOUL 2013,Ménsula,Delantera Derecha,VENDIDO,SANTIAGO,13000.0,10000.0,,,
SOUL 2013,Ménsula,Trasera Izquierda,DISPONIBLE,SANTIAGO,15000.0,10000.0,,,
SOUL 2013,Ménsula,Trasera Derecha,DISPONIBLE,SANTIAGO,15000.0,10000.0,,,
SOUL 2013,Mica,,NO DISPONIBLE,,,,,,Sin ubicación
SOUL 2013,Módulo Abs,,VENDIDO,SANTIAGO,100000.0,90000.0,,,
SOUL 2013,Moldura De Tapabarro,Izquierda,VENDIDO,SANTIAGO,10000.0,10000.0,,,
SOUL 2013,Moldura De Tapabarro,Derecha,VENDIDO,SANTIAGO,10000.0,10000.0,,,
SOUL 2013,Módulo Dirección,,VENDIDO,,,,,,Sin ubicación
SOUL 2013,Moldura Pilar (Parabrisas),Delantera Izquierda,DISPONIBLE,SANTIAGO,25000.0,20000.0,,EXTERIOR,
SOUL 2013,Moldura Pilar (Parabrisas),Delantera Derecha,VENDIDO,SANTIAGO,15000.0,15000.0,,EXTERIOR,
SOUL 2013,Moldura Puerta,Delantera Izquierda,VENDIDO,SANTIAGO,35000.0,30000.0,,,
SOUL 2013,Moldura Puerta,Delantera Derecha,VENDIDO,SANTIAGO,35000.0,30000.0,,,
SOUL 2013,Moldura Puerta,Trasera Izquierda,DISPONIBLE,SANTIAGO,30000.0,25000.0,,,
SOUL 2013,Moldura Puerta,Trasera Derecha,VENDIDO,SANTIAGO,10000.0,10000.0,,CON DETALLE,
SOUL 2013,Moldura Triángulo,Delantera Izquierda,DISPONIBLE,SANTIAGO,,,,REVISAR CUALES SON,
SOUL 2013,Moldura Triángulo,Delantera Derecha,DISPONIBLE,SANTIAGO,,,,REVISAR CUALES SON,
SOUL 2013,Motor,,NO DISPONIBLE,,,,,MALO,Sin ubicación
SOUL 2013,Motor De Calefacción,,DISPONIBLE,SANTIAGO,,,,,
SOUL 2013,Motor De Partida,,DISPONIBLE,SANTIAGO,70000.0,65000.0,,,
SOUL 2013,Motor Limpiaparabrisas Con Varillaje,,DISPONIBLE,SANTIAGO,85000.0,80000.0,,,
SOUL 2013,Múltiple De Escape Con Catalítico,,NO DISPONIBLE,SANTIAGO,,,,,
SOUL 2013,Muñón (Viene Con La Maza),Delantera Izquierda,DISPONIBLE,SANTIAGO,55000.0,50000.0,,,
SOUL 2013,Muñón (Viene Con La Maza),Delantera Derecha,VENDIDO,SANTIAGO,55000.0,50000.0,,,
SOUL 2013,Neblinero O Reflectante,Trasera Derecha,VENDIDO,SANTIAGO,,,,,
SOUL 2013,Óptico,Izquierda,VENDIDO,SANTIAGO,65000.0,60000.0,,PATAS ROTAS PERO ESTÁN,
SOUL 2013,Óptico,Derecha,VENDIDO,SANTIAGO,65000.0,60000.0,,PATAS CORTADAS,
SOUL 2013,Palanca De Cambios,,DISPONIBLE,SANTIAGO,65000.0,60000.0,,,
SOUL 2013,Palanca De Freno De Manos,,DISPONIBLE,SANTIAGO,,,,,
SOUL 2013,Parasol,Izquierda,DISPONIBLE,SANTIAGO,20000.0,15000.0,,,
SOUL 2013,Parasol,Derecha,DISPONIBLE,SANTIAGO,20000.0,15000.0,,,
SOUL 2013,Parlante Puerta,,VENDIDO,SANTIAGO,,,,,
SOUL 2013,Pedal De Freno,,DISPONIBLE,SANTIAGO,,,,,
SOUL 2013,Piola De Capot,,DISPONIBLE,SANTIAGO,,,,,
SOUL 2013,Piola Palanca De Cambio,,DISPONIBLE,SANTIAGO,95000.0,90000.0,,,
SOUL 2013,Pistones (Juego),,DISPONIBLE,SANTIAGO,,,,,"Termino especial ""juego"""
SOUL 2013,Porta Filtro Soul,,NO DISPONIBLE,REQUINOA,,,,MALO,
SOUL 2013,Solo Lata,Portalon,VENDIDO,SANTIAGO,110000.0,100000.0,,INCLUYE VIDRIO,
SOUL 2013,Puerta Solo Lata,Delantera Izquierda,VENDIDO,SANTIAGO,70000.0,65000.0,,,
SOUL 2013,Puerta Solo Lata,Delantera Derecha,DISPONIBLE,SANTIAGO,55000.0,50000.0,,CON DETALLE,
SOUL 2013,Puerta Solo Lata,Trasera Izquierda,DISPONIBLE,SANTIAGO,75000.0,70000.0,,,
SOUL 2013,Puerta Solo Lata,Trasera Derecha,NO DISPONIBLE,REQUINOA,,,,,
SOUL 2013,Radiador De Calefacción,,DISPONIBLE,SANTIAGO,40000.0,35000.0,,,
SOUL 2013,Radio,,DISPONIBLE,SANTIAGO,35000.0,30000.0,,,
SOUL 2013,Refuerzo Parachoque,Trasera,VENDIDO,SANTIAGO,70000.0,60000.0,,,
SOUL 2013,Rejilla De Tablero,Izquierda Interior,DISPONIBLE,SANTIAGO,15000.0,10000.0,,,
SOUL 2013,Rejilla De Tablero,Derecha Interior,DISPONIBLE,SANTIAGO,15000.0,10000.0,,,
SOUL 2013,Rejillas Interiores Centrales,,DISPONIBLE,SANTIAGO,20000.0,15000.0,,,
SOUL 2013,Resistencia De Calefacción,,DISPONIBLE,SANTIAGO,,,,,
SOUL 2013,Sensor Abs,Trasera Izquierda,DISPONIBLE,SANTIAGO,,,,,
SOUL 2013,Sensor Abs,Trasera Derecha,DISPONIBLE,SANTIAGO,,,,,
SOUL 2013,Sensor De Oxígeno Banco,,DISPONIBLE,SANTIAGO,,,,,
SOUL 2013,Sensores De Estacionamientos,Trasera,DISPONIBLE,SANTIAGO,,,,,
SOUL 2013,Servofreno,,DISPONIBLE,SANTIAGO,,,,,
SOUL 2013,Sinóptico,,VENDIDO,SANTIAGO,65000.0,60000.0,,,
SOUL 2013,Sistema De Freno,Trasera Izquierda,DISPONIBLE,SANTIAGO,25000.0,20000.0,,SIN TAMBOR,
SOUL 2013,Sistema De Freno,Trasera Derecha,VENDIDO,SANTIAGO,25000.0,20000.0,,SIN TAMBOR,
SOUL 2013,Soporte De Motor O Caja,Izquierda,DISPONIBLE,SANTIAGO,30000.0,25000.0,,,
SOUL 2013,Soporte De Motor,Derecha,DISPONIBLE,SANTIAGO,25000.0,20000.0,,,
SOUL 2013,Tapa De Bencina,Exterior,DISPONIBLE,SANTIAGO,,,,,
SOUL 2013,Tapa De Bencina,Interior,DISPONIBLE,SANTIAGO,,,,,
SOUL 2013,Tapabarro,Izquierda,VENDIDO,SANTIAGO,45000.0,40000.0,,,
SOUL 2013,Tapabarro,Derecha,NO DISPONIBLE,SANTIAGO,0.0,,,,
SOUL 2013,Tapiz De Puerta,Delantera Izquierda,DISPONIBLE,SANTIAGO,,,,,
SOUL 2013,Tapiz De Puerta,Delantera Derecha,DISPONIBLE,SANTIAGO,,,,,
SOUL 2013,Tapiz De Puerta,Trasera Izquierda,DISPONIBLE,SANTIAGO,,,,,
SOUL 2013,Tapiz De Puerta,Trasera Derecha,DISPONIBLE,SANTIAGO,,,,,
SOUL 2013,Tapíz,Portalon,DISPONIBLE,SANTIAGO,,,,,
SOUL 2013,Telecomando,,DISPONIBLE,SANTIAGO,55000.0,50000.0,,,
SOUL 2013,Toma De Porta Filtro,Delantera,VENDIDO,SANTIAGO,25000.0,20000.0,,,
SOUL 2013,Vacío De Porta Filtro,,DISPONIBLE,SANTIAGO,20000.0,15000.0,,,
SOUL 2013,Varilla Capot,,DISPONIBLE,SANTIAGO,,,,,
SOUL 2013,Vidrio Puerta,Delantera Izquierda,NO DISPONIBLE,SANTIAGO,,,,,
SOUL 2013,Vidrio Puerta,Delantera Derecha,DISPONIBLE,SANTIAGO,,,,,
SOUL 2013,Vidrio Puerta,Trasera Izquierda,DISPONIBLE,SANTIAGO,40000.0,35000.0,,,
SOUL 2013,Vidrio Puerta,Trasera Derecha,DISPONIBLE,SANTIAGO,,,,,
SOUL 2013,Volante (Manubrio),,DISPONIBLE,SANTIAGO,,,,,
SOUL 2013,Neblinero O Reflectante,Trasera Izquierda,NO DISPONIBLE,SANTIAGO,,,,,
SOUL 2013,,,,,,,,,Nombre vacío; Sin estado de stock; Sin ubicación
SOUL 2013,,,,,,,,,Nombre vacío; Sin estado de stock; Sin ubicación
SOUL 2013,,,,,,,,,Nombre vacío; Sin estado de stock; Sin ubicación
SOUL 2013,,,,,,,,,Nombre vacío; Sin estado de stock; Sin ubicación
SOUL 2013,,,,,,,,,Nombre vacío; Sin estado de stock; Sin ubicación
SOUL 2013,,,,,,,,,Nombre vacío; Sin estado de stock; Sin ubicación
SOUL 2013,,,,,,,,,Nombre vacío; Sin estado de stock; Sin ubicación
SOUL 2013,,,,,,,,,Nombre vacío; Sin estado de stock; Sin ubicación
SOUL 2013,,,,,,,,,Nombre vacío; Sin estado de stock; Sin ubicación
SOUL 2013,,,,,,,,,Nombre vacío; Sin estado de stock; Sin ubicación
SOUL 2013,,,,,,,,,Nombre vacío; Sin estado de stock; Sin ubicación
SOUL 2013,,,,,,,,,Nombre vacío; Sin estado de stock; Sin ubicación
SOUL 2013,,,,,,,,,Nombre vacío; Sin estado de stock; Sin ubicación
SOUL 2013,,,,,,,,,Nombre vacío; Sin estado de stock; Sin ubicación
SOUL 2013,,,,,,,,,Nombre vacío; Sin estado de stock; Sin ubicación
SOUL 2013,,,,,,,,,Nombre vacío; Sin estado de stock; Sin ubicación
SOUL 2013,,,,,,,,,Nombre vacío; Sin estado de stock; Sin ubicación
SOUL 2013,,,,,,,,,Nombre vacío; Sin estado de stock; Sin ubicación
SOUL 2013,,,,,,,,,Nombre vacío; Sin estado de stock; Sin ubicación
SOUL 2013,,,,,,,,,Nombre vacío; Sin estado de stock; Sin ubicación
SOUL 2013,,,,,,,,,Nombre vacío; Sin estado de stock; Sin ubicación
SOUL 2013,,,,,,,,,Nombre vacío; Sin estado de stock; Sin ubicación
SOUL 2013,,,,,,,,,Nombre vacío; Sin estado de stock; Sin ubicación
SOUL 2013,,,,,,,,,Nombre vacío; Sin estado de stock; Sin ubicación
SOUL 2013,,,,,,,,,Nombre vacío; Sin estado de stock; Sin ubicación
SOUL 2013,,,,,,,,,Nombre vacío; Sin estado de stock; Sin ubicación
SOUL 2013,,,,,,,,,Nombre vacío; Sin estado de stock; Sin ubicación
SOUL 2013,,,,,,,,,Nombre vacío; Sin estado de stock; Sin ubicación
SOUL 2013,,,,,,,,,Nombre vacío; Sin estado de stock; Sin ubicación
SOUL 2013,,,,,,,,,Nombre vacío; Sin estado de stock; Sin ubicación
SOUL 2013,,,,,,,,,Nombre vacío; Sin estado de stock; Sin ubicación
SOUL 2013,,,,,,,,,Nombre vacío; Sin estado de stock; Sin ubicación
SOUL 2013,,,,,,,,,Nombre vacío; Sin estado de stock; Sin ubicación
SOUL 2013,,,,,,,,,Nombre vacío; Sin estado de stock; Sin ubicación
SOUL 2013,,,,,,,,,Nombre vacío; Sin estado de stock; Sin ubicación
SOUL 2013,,,,,,,,,Nombre vacío; Sin estado de stock; Sin ubicación
SOUL 2013,,,,,,,,,Nombre vacío; Sin estado de stock; Sin ubicación
SOUL 2013,,,,,,,,,Nombre vacío; Sin estado de stock; Sin ubicación
SOUL 2013,,,,,,,,,Nombre vacío; Sin estado de stock; Sin ubicación
SOUL 2013,,,,,,,,,Nombre vacío; Sin estado de stock; Sin ubicación
SOUL 2013,,,,,,,,,Nombre vacío; Sin estado de stock; Sin ubicación
SOUL 2013,,,,,,,,,Nombre vacío; Sin estado de stock; Sin ubicación
SOUL 2013,,,,,,,,,Nombre vacío; Sin estado de stock; Sin ubicación
SOUL 2013,,,,,,,,,Nombre vacío; Sin estado de stock; Sin ubicación
SOUL 2013,,,,,,,,,Nombre vacío; Sin estado de stock; Sin ubicación
SOUL 2013,,,,,,,,,Nombre vacío; Sin estado de stock; Sin ubicación
SOUL 2013,,,,,,,,,Nombre vacío; Sin estado de stock; Sin ubicación
SOUL 2013,,,,,,,,,Nombre vacío; Sin estado de stock; Sin ubicación
SOUL 2013,,,,,,,,,Nombre vacío; Sin estado de stock; Sin ubicación
SOUL 2013,,,,,,,,,Nombre vacío; Sin estado de stock; Sin ubicación
SOUL 2013,,,,,,,,,Nombre vacío; Sin estado de stock; Sin ubicación
SOUL 2013,,,,,,,,,Nombre vacío; Sin estado de stock; Sin ubicación
TIIDA 2014,Alternador,,DISPONIBLE,,65000.0,60000.0,,,Sin ubicación
TIIDA 2014,Amortiguador,Delantera Derecha,DISPONIBLE,,,,,,Sin ubicación
TIIDA 2014,Amortiguador,Trasera Izquierda,NO DISPONIBLE,,,,,MALO,Sin ubicación
TIIDA 2014,Amortiguador,Trasera Derecha,NO DISPONIBLE,,,,,MALO,Sin ubicación
TIIDA 2014,Asiento,Delantera Izquierda,DISPONIBLE,,20000.0,20000.0,,,Sin ubicación
TIIDA 2014,Asiento,Delantera Derecha,VENDIDO,,,,,,Sin ubicación
TIIDA 2014,Asientos,Trasera,NO DISPONIBLE,,,,,,Sin ubicación
TIIDA 2014,Bandeja,Delantera Izquierda,DISPONIBLE,,,,,,Sin ubicación
TIIDA 2014,Bandeja,Delantera Derecha,NO DISPONIBLE,,,,,MALA,Sin ubicación
TIIDA 2014,Bci,,DISPONIBLE,,,,,,Sin ubicación
TIIDA 2014,Bcm (Se Vendió Con El Kit De Encendido),,VENDIDO,,,,,,Sin ubicación
TIIDA 2014,Bieleta,Izquierda,DISPONIBLE,,,,,,Sin ubicación
TIIDA 2014,Bisagra Puerta,Delantera Inferior Derecha,DISPONIBLE,,,,,,Sin ubicación
TIIDA 2014,Bisagra Puerta,Delantera Superior Derecha,DISPONIBLE,,,,,,Sin ubicación
TIIDA 2014,Bisagras Capot Y,Izquierda Derecha,DISPONIBLE,,45000.0,40000.0,,,Posible múltiple repuesto; Sin ubicación
TIIDA 2014,Bobina,,DISPONIBLE,,,,,,Sin ubicación
TIIDA 2014,Bobina,,DISPONIBLE,,,,,,Sin ubicación
TIIDA 2014,Bobina,,DISPONIBLE,,,,,,Sin ubicación
TIIDA 2014,Bobina,,DISPONIBLE,,,,,,Sin ubicación
TIIDA 2014,Bocina,,NO DISPONIBLE,,,,,,Sin ubicación
TIIDA 2014,Bomba De Freno,,DISPONIBLE,,,,,,Sin ubicación
TIIDA 2014,Bomba De Pedal De Embrague,,DISPONIBLE,,,,,,Sin ubicación
TIIDA 2014,Borner Positivo,,VENDIDO,,25000.0,20000.0,,,Sin ubicación
TIIDA 2014,Botón De Alzavidrio,Delantera Derecha,NO DISPONIBLE,,,,,MALO,Sin ubicación
TIIDA 2014,Botón De Alzavidrio,Trasera Izquierda,NO DISPONIBLE,,,,,MALO,Sin ubicación
TIIDA 2014,Botón De Alzavidrio,Trasera Derecha,NO DISPONIBLE,,,,,MALO,Sin ubicación
TIIDA 2014,Botonera De Alzavidrio,Delantera Izquierda,VENDIDO,,,,,,Sin ubicación
TIIDA 2014,Brazo Limpiaparabrisas,Izquierda,DISPONIBLE,,,,,,Sin ubicación
TIIDA 2014,Brazo Limpiaparabrisas,Derecha,DISPONIBLE,,,,,,Sin ubicación
TIIDA 2014,Caja De Cambios,,VENDIDO,,250000.0,230000.0,,,Sin ubicación
TIIDA 2014,Cajetín,,DISPONIBLE,,,,,,Sin ubicación
TIIDA 2014,Caliper,Delantera Derecha,DISPONIBLE,,,,,,Sin ubicación
TIIDA 2014,Capot,,VENDIDO,,55000.0,50000.0,,"CON DETALLE, PEDIR FOTOS",Sin ubicación
TIIDA 2014,Chapa Capot,,VENDIDO,,,,,,Sin ubicación
TIIDA 2014,Chapa De Contacto (Se Vendió Con El Kit De Encendido),,VENDIDO,,,,,,Sin ubicación
TIIDA 2014,Chapa Maleta,Exterior,DISPONIBLE,,,,,,Sin ubicación
TIIDA 2014,Chapa Maleta (Detalle),,DISPONIBLE,,10000.0,10000.0,,ABRE SOLO CON LLAVE ( NO TIENE PARA ABRIR DESDE ADENTRO),Sin ubicación
TIIDA 2014,Chapa Puerta,Delantera Izquierda,VENDIDO,,25000.0,20000.0,,,Sin ubicación
TIIDA 2014,Chapa Puerta,Delantera Derecha,NO DISPONIBLE,,25000.0,20000.0,,,Sin ubicación
TIIDA 2014,Chapa Puerta,Trasera Izquierda,DISPONIBLE,,25000.0,20000.0,,,Sin ubicación
TIIDA 2014,Chapa Puerta,Trasera Derecha,DISPONIBLE,,25000.0,20000.0,,,Sin ubicación
TIIDA 2014,Columna De Dirección,,VENDIDO,,120000.0,100000.0,,,Sin ubicación
TIIDA 2014,Compresor Aire Acondicionado,,DISPONIBLE,,,,,,Sin ubicación
TIIDA 2014,Control De Calefacción,,DISPONIBLE,,,,,,Sin ubicación
TIIDA 2014,Cremallera De Alzavidrios,Delantera Izquierda,VENDIDO,,25000.0,20000.0,,,Sin ubicación
TIIDA 2014,Cremallera De Alzavidrios,Delantera Derecha,DISPONIBLE,,25000.0,20000.0,,,Sin ubicación
TIIDA 2014,Cremallera De Alzavidrios,Trasera Derecha,DISPONIBLE,,25000.0,20000.0,,,Sin ubicación
TIIDA 2014,Cubre Chapa,,DISPONIBLE,,,,,,Sin ubicación
TIIDA 2014,Cubre Torpedo,Exterior,DISPONIBLE,,,,,,Sin ubicación
TIIDA 2014,Cuerpo De Aceleración,,VENDIDO,,,,,,Sin ubicación
TIIDA 2014,Cuna,,DISPONIBLE,,35000.0,30000.0,,,Sin ubicación
TIIDA 2014,Depósito De Agua Radiador,,DISPONIBLE,,10000.0,10000.0,,,Sin ubicación
TIIDA 2014,Depósito Limpiaparabrisas,,DISPONIBLE,,20000.0,20000.0,,,Sin ubicación
TIIDA 2014,Disco De Freno,Delantera Izquierda,NO DISPONIBLE,,,,,,Sin ubicación
TIIDA 2014,Disco De Freno,Delantera Derecha,NO DISPONIBLE,,,,,,Sin ubicación
TIIDA 2014,Ecu (Se Vendió Con El Kit De Encendido),,VENDIDO,,,,,,Sin ubicación
TIIDA 2014,Electroventilador,,DISPONIBLE,,25000.0,20000.0,,,Sin ubicación
TIIDA 2014,Espejo,Central,NO DISPONIBLE,,,,,MALO,Sin ubicación
TIIDA 2014,Espejo,Izquierda,DISPONIBLE,,25000.0,20000.0,,,Sin ubicación
TIIDA 2014,Espejo C Detalle,Derecha,VENDIDO,,20000.0,15000.0,,,Posible múltiple repuesto; Sin ubicación
TIIDA 2014,Espiral,Trasera Izquierda,DISPONIBLE,,,,,,Sin ubicación
TIIDA 2014,Espiral,Trasera Derecha,DISPONIBLE,,,,,,Sin ubicación
TIIDA 2014,Foco Con Detalle,Trasera Izquierda,DISPONIBLE,,,,,PEDIR FOTOS,Sin ubicación
TIIDA 2014,Con Detalle,Delantera Inferior,DISPONIBLE,,25000.0,20000.0,,CON DETALLE,Sin ubicación
TIIDA 2014,Frontal Superior,Delantera Superior,VENDIDO,,40000.0,35000.0,,,Sin ubicación
TIIDA 2014,Funda De Parachoque,Delantera,NO DISPONIBLE,,,,,,Sin ubicación
TIIDA 2014,Funda De Parachoque,Trasera,VENDIDO,,,,,,Sin ubicación
TIIDA 2014,Guantera,,DISPONIBLE,,,,,,Sin ubicación
TIIDA 2014,Kit De Embrague (Disco Y Prensa),,DISPONIBLE,,,,,,Posible múltiple repuesto; Sin ubicación
TIIDA 2014,Kit De Encendido,,VENDIDO,,,,,,Sin ubicación
TIIDA 2014,Llave (Se Vendió Con El Kit De Encendido),,VENDIDO,,,,,,Sin ubicación
TIIDA 2014,Luz Techo,Interior,DISPONIBLE,,,,,,Sin ubicación
TIIDA 2014,Manilla,Delantera Izquierda Exterior,NO DISPONIBLE,,,,,,Sin ubicación
TIIDA 2014,Manilla,Delantera Derecha Exterior,DISPONIBLE,,,,,,Sin ubicación
TIIDA 2014,Manilla,Trasera Izquierda Exterior,DISPONIBLE,,,,,,Sin ubicación
TIIDA 2014,Manilla,Trasera Derecha Exterior,DISPONIBLE,,,,,,Sin ubicación
TIIDA 2014,Manilla Apertura De Bencina Y Capot,Interior,DISPONIBLE,,,,,,Posible múltiple repuesto; Sin ubicación
TIIDA 2014,Manilla,Delantera Izquierda Interior,DISPONIBLE,,,,,,Sin ubicación
TIIDA 2014,Manilla,Delantera Derecha Interior,DISPONIBLE,,,,,,Sin ubicación
TIIDA 2014,Manilla,Trasera Izquierda Interior,DISPONIBLE,,,,,,Sin ubicación
TIIDA 2014,Manilla,Trasera Derecha Interior,DISPONIBLE,,,,,,Sin ubicación
TIIDA 2014,Máscara Con Logo,,VENDIDO,,25000.0,20000.0,,,Sin ubicación
TIIDA 2014,Maza Con Tambor Y Freno,Trasera Izquierda,DISPONIBLE,,,,,,Posible múltiple repuesto; Sin ubicación
TIIDA 2014,Maza Con Tambor Y Freno,Trasera Derecha,DISPONIBLE,,,,,,Posible múltiple repuesto; Sin ubicación
TIIDA 2014,Módulo Abs,,NO DISPONIBLE,,,,,NO TRAÍA ABS,Sin ubicación
TIIDA 2014,Moldura De Techo,Delantera Izquierda,DISPONIBLE,,,,,,Sin ubicación
TIIDA 2014,Moldura De Techo,Delantera Derecha,DISPONIBLE,,,,,,Sin ubicación
TIIDA 2014,Moldura Triángulo Parabrisas,Izquierda,NO DISPONIBLE,,,,,,Sin ubicación
TIIDA 2014,Moldura Triángulo Parabrisas,Derecha,NO DISPONIBLE,,,,,,Sin ubicación
TIIDA 2014,Motor De Calefacción,,DISPONIBLE,,,,,,Sin ubicación
TIIDA 2014,Motor De Partida,,DISPONIBLE,,45000.0,40000.0,,,Sin ubicación
TIIDA 2014,Motor Facturable,,VENDIDO,,650000.0,600000.0,,,Sin ubicación
TIIDA 2014,Motor Limpiaparabrisas Con Varillaje?,,DISPONIBLE,,,,,,Sin ubicación
TIIDA 2014,Múltiple De Admisión,,DISPONIBLE,,,,,,Sin ubicación
TIIDA 2014,Múltiple De Escape,,DISPONIBLE,,,,,,Sin ubicación
TIIDA 2014,Muñón,Delantera Izquierda,DISPONIBLE,,,,,INCLUYE MAZA PERO SE VENDE EL MUÑON,Sin ubicación
TIIDA 2014,Muñon,Delantera Derecha,DISPONIBLE,,,,,INCLUYE MAZA PERO SE VENDE EL MUÑON,Sin ubicación
TIIDA 2014,Neblinero,,DISPONIBLE,,,,,,Sin ubicación
TIIDA 2014,Neblinero,,NO DISPONIBLE,,,,,,Sin ubicación
TIIDA 2014,Neblinero,Delantera Izquierda,DISPONIBLE,,12000.0,10000.0,,,Sin ubicación
TIIDA 2014,Neblinero,Delantera Derecha,DISPONIBLE,,12000.0,10000.0,,,Sin ubicación
TIIDA 2014,Óptico C Detalle,Izquierda,DISPONIBLE,,20000.0,15000.0,,,Posible múltiple repuesto; Sin ubicación
TIIDA 2014,Óptico C Detalle,Derecha,DISPONIBLE,,20000.0,15000.0,,,Posible múltiple repuesto; Sin ubicación
TIIDA 2014,Palanca De Cambio Con Piola,,DISPONIBLE,,55000.0,50000.0,,NO SE PUEDE SACAR,Sin ubicación
TIIDA 2014,Palanca De Freno De Manos,,DISPONIBLE,,,,,,Sin ubicación
TIIDA 2014,Parabrisas,,NO DISPONIBLE,,,,,,Sin ubicación
TIIDA 2014,Parasol,Izquierda,DISPONIBLE,,25000.0,20000.0,,,Sin ubicación
TIIDA 2014,Parasol,Derecha,DISPONIBLE,,25000.0,20000.0,,,Sin ubicación
TIIDA 2014,Pedal De Aceleración,,DISPONIBLE,,,,,,Sin ubicación
TIIDA 2014,Pedal De Embrague,,DISPONIBLE,,,,,,Sin ubicación
TIIDA 2014,Pedal De Freno,,DISPONIBLE,,,,,,Sin ubicación
TIIDA 2014,Piola Chapa Capot,,VENDIDO,,,,,,Sin ubicación
TIIDA 2014,Portafiltro De Aire,,DISPONIBLE,,,,,,Sin ubicación
TIIDA 2014,Puerta Solo Lata,Delantera Izquierda,DISPONIBLE,,65000.0,60000.0,,PRECIO ACTUALIZADO,Sin ubicación
TIIDA 2014,Puerta Solo Lata,Delantera Derecha,VENDIDO,,30000.0,30000.0,,PRECIO ACTUALIZADO,Sin ubicación
TIIDA 2014,Puerta Solo Lata,Trasera Izquierda,DISPONIBLE,,35000.0,50000.0,,PRECIO ACTUALIZADO,Sin ubicación
TIIDA 2014,Puerta Solo Lata,Trasera Derecha,DISPONIBLE,,35000.0,45000.0,,PRECIO ACTUALIZADO,Sin ubicación
TIIDA 2014,Radiador Agua,,DISPONIBLE,,,,,,Sin ubicación
TIIDA 2014,Radiador Aire Acondicionado,Delantera Exterior,NO DISPONIBLE,,,,,,Sin ubicación
TIIDA 2014,Radiador De Aire Acondicionado,Interior,DISPONIBLE,,,,,,Sin ubicación
TIIDA 2014,Radiador De Calefacción,,DISPONIBLE,,,,,,Sin ubicación
TIIDA 2014,Ramal,Interior,VENDIDO,,,,,,Sin ubicación
TIIDA 2014,Ramal Motor Con Fusilera,,DISPONIBLE,,50000.0,45000.0,,,Sin ubicación
TIIDA 2014,Refuerzo De Parachoque (Metálico),Delantera,DISPONIBLE,,,,,,Sin ubicación
TIIDA 2014,Refuerzo De Parachoque,Trasera,NO DISPONIBLE,,,,,,Sin ubicación
TIIDA 2014,Refuerzo Plástico,Delantera Inferior,DISPONIBLE,,,,,,Sin ubicación
TIIDA 2014,Rejilla De Ventilación Con Hazard Y Dispensador,Central,DISPONIBLE,,,,,,Posible múltiple repuesto; Sin ubicación
TIIDA 2014,Resistencia De Calefacción,,DISPONIBLE,,,,,,Sin ubicación
TIIDA 2014,Resistencia Electroventilador,,DISPONIBLE,,,,,,Sin ubicación
TIIDA 2014,Riel De Bencina Con Inyectores,,DISPONIBLE,,,,,,Sin ubicación
TIIDA 2014,Sensor De Oxígeno Banco,,DISPONIBLE,,,,,,Sin ubicación
TIIDA 2014,Sensor De Oxígeno Banco,,DISPONIBLE,,,,,,Sin ubicación
TIIDA 2014,Sensor Maf,,VENDIDO,,15000.0,10000.0,,,Sin ubicación
TIIDA 2014,Servo Freno,,VENDIDO,,25000.0,25000.0,,,Sin ubicación
TIIDA 2014,Soporte Chapa,,DISPONIBLE,,,,,CUÁL?,Sin ubicación
TIIDA 2014,Soporte De Correa De Accesorios Con Tensor,,VENDIDO,,,,,,Sin ubicación
TIIDA 2014,Soporte De Motor (Caja),Central,NO DISPONIBLE,,,,,,Sin ubicación
TIIDA 2014,Soporte De Motor (Caja),Izquierda,DISPONIBLE,,,,,,Sin ubicación
TIIDA 2014,Soporte De Motor,Derecha,VENDIDO,,20000.0,20000.0,,,Sin ubicación
TIIDA 2014,Tapa De Bencina,Exterior,DISPONIBLE,,18000.0,15000.0,,,Sin ubicación
TIIDA 2014,Tapa De Neblinero (Lado Piloto),Izquierda,DISPONIBLE,,12000.0,10000.0,,,Sin ubicación
TIIDA 2014,Tapa De Neblinero,Derecha,NO DISPONIBLE,,0.0,0.0,,,Sin ubicación
TIIDA 2014,Tapabarro Con Detalle,Delantera Izquierda,DISPONIBLE,,20000.0,15000.0,,CON DETALLE - PEDIR FOTOS,Sin ubicación
TIIDA 2014,Tapabarro Con Detalles,Delantera Derecha,VENDIDO,,20000.0,15000.0,,,Sin ubicación
TIIDA 2014,Tapiz Techo,,NO DISPONIBLE,,,,,,Sin ubicación
TIIDA 2014,Telecomando,,DISPONIBLE,,,,,,Sin ubicación
TIIDA 2014,Tercera Luz De Freno,,DISPONIBLE,,,,,,Sin ubicación
TIIDA 2014,Toma De Aire Porta Filtro,,DISPONIBLE,,,,,,Sin ubicación
TIIDA 2014,Tubo Corrugado Porta Filtro,,DISPONIBLE,,,,,,Sin ubicación
TIIDA 2014,Válvula Evap,,DISPONIBLE,,15000.0,10000.0,,,Sin ubicación
TIIDA 2014,Varilla Capot Con Enganches,,DISPONIBLE,,18000.0,15000.0,,,Sin ubicación
TIIDA 2014,Vidrio Luneta,Delantera Izquierda,VENDIDO,,,,,,Sin ubicación
TIIDA 2014,Vidrio Luneta,Delantera Derecha,DISPONIBLE,,,,,,Sin ubicación
TIIDA 2014,Volante (Manubrio),,NO DISPONIBLE,,,,,,Sin ubicación
TIIDA 2014,Volante De Inercia,,DISPONIBLE,,,,,,Sin ubicación
TIIDA 2014,,,,,,,,,Nombre vacío; Sin estado de stock; Sin ubicación
TIIDA 2014,,,,,,,,,Nombre vacío; Sin estado de stock; Sin ubicación
TIIDA 2014,,,,,,,,,Nombre vacío; Sin estado de stock; Sin ubicación
TIIDA 2014,,,,,,,,,Nombre vacío; Sin estado de stock; Sin ubicación
TIIDA 2014,,,,,,,,,Nombre vacío; Sin estado de stock; Sin ubicación
TIIDA 2014,,,,,,,,,Nombre vacío; Sin estado de stock; Sin ubicación
TIIDA 2014,,,,,,,,,Nombre vacío; Sin estado de stock; Sin ubicación
TIIDA 2014,,,,,,,,,Nombre vacío; Sin estado de stock; Sin ubicación
TIIDA 2014,,,,,,,,,Nombre vacío; Sin estado de stock; Sin ubicación
TIIDA 2014,,,,,,,,,Nombre vacío; Sin estado de stock; Sin ubicación
TIIDA 2014,,,,,,,,,Nombre vacío; Sin estado de stock; Sin ubicación
TIIDA 2014,,,,,,,,,Nombre vacío; Sin estado de stock; Sin ubicación
TIIDA 2014,,,,,,,,,Nombre vacío; Sin estado de stock; Sin ubicación
TIIDA 2014,,,,,,,,,Nombre vacío; Sin estado de stock; Sin ubicación
TIIDA 2014,,,,,,,,,Nombre vacío; Sin estado de stock; Sin ubicación
TIIDA 2014,,,,,,,,,Nombre vacío; Sin estado de stock; Sin ubicación
TIIDA 2014,,,,,,,,,Nombre vacío; Sin estado de stock; Sin ubicación
TIIDA 2014,,,,,,,,,Nombre vacío; Sin estado de stock; Sin ubicación
TIIDA 2014,,,,,,,,,Nombre vacío; Sin estado de stock; Sin ubicación
TIIDA 2014,,,,,,,,,Nombre vacío; Sin estado de stock; Sin ubicación
TIIDA 2014,,,,,,,,,Nombre vacío; Sin estado de stock; Sin ubicación
TIIDA 2014,,,,,,,,,Nombre vacío; Sin estado de stock; Sin ubicación
TIIDA 2014,,,,,,,,,Nombre vacío; Sin estado de stock; Sin ubicación
TIIDA 2014,,,,,,,,,Nombre vacío; Sin estado de stock; Sin ubicación
TIIDA 2014,,,,,,,,,Nombre vacío; Sin estado de stock; Sin ubicación
TIIDA 2014,,,,,,,,,Nombre vacío; Sin estado de stock; Sin ubicación
TIIDA 2014,,,,,,,,,Nombre vacío; Sin estado de stock; Sin ubicación
TIIDA 2014,,,,,,,,,Nombre vacío; Sin estado de stock; Sin ubicación
TIIDA 2014,,,,,,,,,Nombre vacío; Sin estado de stock; Sin ubicación
TIIDA 2014,,,,,,,,,Nombre vacío; Sin estado de stock; Sin ubicación
TIIDA 2014,,,,,,,,,Nombre vacío; Sin estado de stock; Sin ubicación
TIIDA 2014,,,,,,,,,Nombre vacío; Sin estado de stock; Sin ubicación
TIIDA 2014,,,,,,,,,Nombre vacío; Sin estado de stock; Sin ubicación
TIIDA 2014,,,,,,,,,Nombre vacío; Sin estado de stock; Sin ubicación
TIIDA 2014,,,,,,,,,Nombre vacío; Sin estado de stock; Sin ubicación
TIIDA 2014,,,,,,,,,Nombre vacío; Sin estado de stock; Sin ubicación
TIIDA 2014,,,,,,,,,Nombre vacío; Sin estado de stock; Sin ubicación
TIIDA 2014,,,,,,,,,Nombre vacío; Sin estado de stock; Sin ubicación
TIIDA 2014,,,,,,,,,Nombre vacío; Sin estado de stock; Sin ubicación
TIIDA 2014,,,,,,,,,Nombre vacío; Sin estado de stock; Sin ubicación
TIIDA 2014,,,,,,,,,Nombre vacío; Sin estado de stock; Sin ubicación
TIIDA 2014,,,,,,,,,Nombre vacío; Sin estado de stock; Sin ubicación
TIIDA 2014,,,,,,,,,Nombre vacío; Sin estado de stock; Sin ubicación
TIIDA 2014,,,,,,,,,Nombre vacío; Sin estado de stock; Sin ubicación
TIIDA 2014,,,,,,,,,Nombre vacío; Sin estado de stock; Sin ubicación
TIIDA 2014,,,,,,,,,Nombre vacío; Sin estado de stock; Sin ubicación
TIIDA 2014,,,,,,,,,Nombre vacío; Sin estado de stock; Sin ubicación
TIIDA 2014,,,,,,,,,Nombre vacío; Sin estado de stock; Sin ubicación
TIIDA 2014,,,,,,,,,Nombre vacío; Sin estado de stock; Sin ubicación
TIIDA 2014,,,,,,,,,Nombre vacío; Sin estado de stock; Sin ubicación
TIIDA 2014,,,,,,,,,Nombre vacío; Sin estado de stock; Sin ubicación
TIIDA 2014,,,,,,,,,Nombre vacío; Sin estado de stock; Sin ubicación
TIIDA 2014,,,,,,,,,Nombre vacío; Sin estado de stock; Sin ubicación
TIIDA 2014,,,,,,,,,Nombre vacío; Sin estado de stock; Sin ubicación
TIIDA 2014,,,,,,,,,Nombre vacío; Sin estado de stock; Sin ubicación
TIIDA 2014,,,,,,,,,Nombre vacío; Sin estado de stock; Sin ubicación
TIIDA 2014,,,,,,,,,Nombre vacío; Sin estado de stock; Sin ubicación
TIIDA 2014,,,,,,,,,Nombre vacío; Sin estado de stock; Sin ubicación
TIIDA 2014,,,,,,,,,Nombre vacío; Sin estado de stock; Sin ubicación
TIIDA 2014,,,,,,,,,Nombre vacío; Sin estado de stock; Sin ubicación
TIIDA 2014,,,,,,,,,Nombre vacío; Sin estado de stock; Sin ubicación
TIIDA 2014,,,,,,,,,Nombre vacío; Sin estado de stock; Sin ubicación
TIIDA 2014,,,,,,,,,Nombre vacío; Sin estado de stock; Sin ubicación
TIIDA 2014,,,,,,,,,Nombre vacío; Sin estado de stock; Sin ubicación
TIIDA 2014,,,,,,,,,Nombre vacío; Sin estado de stock; Sin ubicación
TIIDA 2014,,,,,,,,,Nombre vacío; Sin estado de stock; Sin ubicación
TIIDA 2014,,,,,,,,,Nombre vacío; Sin estado de stock; Sin ubicación
TIIDA 2014,,,,,,,,,Nombre vacío; Sin estado de stock; Sin ubicación
TIIDA 2014,,,,,,,,,Nombre vacío; Sin estado de stock; Sin ubicación
TIIDA 2014,,,,,,,,,Nombre vacío; Sin estado de stock; Sin ubicación
TIIDA 2014,,,,,,,,,Nombre vacío; Sin estado de stock; Sin ubicación
TIIDA 2014,,,,,,,,,Nombre vacío; Sin estado de stock; Sin ubicación
TIIDA 2014,,,,,,,,,Nombre vacío; Sin estado de stock; Sin ubicación
TIIDA 2014,,,,,,,,,Nombre vacío; Sin estado de stock; Sin ubicación
TIIDA 2014,,,,,,,,,Nombre vacío; Sin estado de stock; Sin ubicación
TIIDA 2014,,,,,,,,,Nombre vacío; Sin estado de stock; Sin ubicación
TIIDA 2014,,,,,,,,,Nombre vacío; Sin estado de stock; Sin ubicación
TIIDA 2014,,,,,,,,,Nombre vacío; Sin estado de stock; Sin ubicación
TIIDA 2014,,,,,,,,,Nombre vacío; Sin estado de stock; Sin ubicación
TIIDA 2014,,,,,,,,,Nombre vacío; Sin estado de stock; Sin ubicación
TIIDA 2014,,,,,,,,,Nombre vacío; Sin estado de stock; Sin ubicación
TIIDA 2014,,,,,,,,,Nombre vacío; Sin estado de stock; Sin ubicación
TIIDA 2014,,,,,,,,,Nombre vacío; Sin estado de stock; Sin ubicación
TIIDA 2014,,,,,,,,,Nombre vacío; Sin estado de stock; Sin ubicación
TIIDA 2014,,,,,,,,,Nombre vacío; Sin estado de stock; Sin ubicación
TIIDA 2014,,,,,,,,,Nombre vacío; Sin estado de stock; Sin ubicación
TIIDA 2014,,,,,,,,,Nombre vacío; Sin estado de stock; Sin ubicación
TIIDA 2014,,,,,,,,,Nombre vacío; Sin estado de stock; Sin ubicación
TIIDA 2014,,,,,,,,,Nombre vacío; Sin estado de stock; Sin ubicación
TIIDA 2014,,,,,,,,,Nombre vacío; Sin estado de stock; Sin ubicación
TIIDA 2014,,,,,,,,,Nombre vacío; Sin estado de stock; Sin ubicación
TIIDA 2014,,,,,,,,,Nombre vacío; Sin estado de stock; Sin ubicación
TIIDA 2014,,,,,,,,,Nombre vacío; Sin estado de stock; Sin ubicación
TIIDA 2014,,,,,,,,,Nombre vacío; Sin estado de stock; Sin ubicación
TIIGO 2019,,,DISPONIBLE,SANTIAGO,35700.0,30000.0,,,Nombre vacío
TIIGO 2019,,,DISPONIBLE,SANTIAGO,80000.0,75000.0,,,Nombre vacío
TIIGO 2019,,,DISPONIBLE,SANTIAGO,15000.0,10000.0,,,Nombre vacío
TIIGO 2019,,,DISPONIBLE,SANTIAGO,15000.0,10000.0,,,Nombre vacío
TIIGO 2019,,,DISPONIBLE,SANTIAGO,50000.0,45000.0,,,Nombre vacío
TIIGO 2019,,,DISPONIBLE,SANTIAGO,50000.0,45000.0,,,Nombre vacío
TIIGO 2019,,,DISPONIBLE,SANTIAGO,30000.0,25000.0,,,Nombre vacío
TIIGO 2019,,,DISPONIBLE,SANTIAGO,30000.0,25000.0,,,Nombre vacío
TIIGO 2019,,,VENDIDO,SANTIAGO,20000.0,15000.0,,CON TAPIZ MALO,Nombre vacío
TIIGO 2019,,,VENDIDO,SANTIAGO,25000.0,20000.0,,CON TAPIZ MALO,Nombre vacío
TIIGO 2019,,,NO DISPONIBLE,N/A,,,,,Nombre vacío
TIIGO 2019,,,NO DISPONIBLE,N/A,,,,,Nombre vacío
TIIGO 2019,,,DISPONIBLE,SANTIAGO,,,,,Nombre vacío
TIIGO 2019,,,DISPONIBLE,SANTIAGO,,,,,Nombre vacío
TIIGO 2019,,,DISPONIBLE,SANTIAGO,,,,,Nombre vacío
TIIGO 2019,,,DISPONIBLE,SANTIAGO,20000.0,15000.0,,,Nombre vacío
TIIGO 2019,,,DISPONIBLE,SANTIAGO,25000.0,20000.0,,,Nombre vacío
TIIGO 2019,,,DISPONIBLE,SANTIAGO,15000.0,10000.0,,,Nombre vacío
TIIGO 2019,,,DISPONIBLE,SANTIAGO,95000.0,90000.0,,,Nombre vacío
TIIGO 2019,,,DISPONIBLE,SANTIAGO,20000.0,15000.0,,,Nombre vacío
TIIGO 2019,,,DISPONIBLE,SANTIAGO,20000.0,15000.0,,,Nombre vacío
TIIGO 2019,,,DISPONIBLE,SANTIAGO,,,,,Nombre vacío
TIIGO 2019,,,DISPONIBLE,SANTIAGO,,,,,Nombre vacío
TIIGO 2019,,,DISPONIBLE,SANTIAGO,,,,,Nombre vacío
TIIGO 2019,,,DISPONIBLE,SANTIAGO,,,,,Nombre vacío
TIIGO 2019,,,DISPONIBLE,SANTIAGO,,,,,Nombre vacío
TIIGO 2019,,,DISPONIBLE,SANTIAGO,,,,,Nombre vacío
TIIGO 2019,,,DISPONIBLE,SANTIAGO,,,,,Nombre vacío
TIIGO 2019,,,DISPONIBLE,SANTIAGO,,,,,Nombre vacío
TIIGO 2019,,,DISPONIBLE,SANTIAGO,35000.0,30000.0,,,Nombre vacío
TIIGO 2019,,,DISPONIBLE,SANTIAGO,,,,,Nombre vacío
TIIGO 2019,,,VENDIDO,SANTIAGO,25000.0,20000.0,,,Nombre vacío
TIIGO 2019,,,VENDIDO,SANTIAGO,25000.0,20000.0,,,Nombre vacío
TIIGO 2019,,,DISPONIBLE,SANTIAGO,25000.0,20000.0,,,Nombre vacío
TIIGO 2019,,,DISPONIBLE,SANTIAGO,25000.0,20000.0,,,Nombre vacío
TIIGO 2019,,,DISPONIBLE,SANTIAGO,75000.0,70000.0,,,Nombre vacío
TIIGO 2019,,,DISPONIBLE,SANTIAGO,,,,,Nombre vacío
TIIGO 2019,,,DISPONIBLE,SANTIAGO,35700.0,30000.0,,,Nombre vacío
TIIGO 2019,,,DISPONIBLE,SANTIAGO,25000.0,20000.0,,HAY 2,Nombre vacío
TIIGO 2019,,,DISPONIBLE,SANTIAGO,25000.0,20000.0,,HAY 2,Nombre vacío
TIIGO 2019,,,VENDIDO,SANTIAGO,55000.0,50000.0,,,Nombre vacío
TIIGO 2019,,,DISPONIBLE,SANTIAGO,,,,,Nombre vacío
TIIGO 2019,,,DISPONIBLE,SANTIAGO,15000.0,10000.0,,,Nombre vacío
TIIGO 2019,,,DISPONIBLE,SANTIAGO,15000.0,10000.0,,,Nombre vacío
TIIGO 2019,,,DISPONIBLE,SANTIAGO,15000.0,10000.0,,,Nombre vacío
TIIGO 2019,,,DISPONIBLE,SANTIAGO,40000.0,35000.0,,,Nombre vacío
TIIGO 2019,,,VENDIDO,SANTIAGO,15000.0,10000.0,,,Nombre vacío
TIIGO 2019,,,DISPONIBLE,SANTIAGO,20000.0,15000.0,,,Nombre vacío
TIIGO 2019,,,DISPONIBLE,SANTIAGO,20000.0,15000.0,,,Nombre vacío
TIIGO 2019,,,DISPONIBLE,,15000.0,10000.0,,,Nombre vacío; Sin ubicación
TIIGO 2019,,,DISPONIBLE,,15000.0,10000.0,,,Nombre vacío; Sin ubicación
TIIGO 2019,,,VENDIDO,SANTIAGO,390000.0,350000.0,,,Nombre vacío
TIIGO 2019,,,DISPONIBLE,SANTIAGO,30000.0,25000.0,,,Nombre vacío
TIIGO 2019,,,DISPONIBLE,SANTIAGO,30000.0,25000.0,,,Nombre vacío
TIIGO 2019,,,DISPONIBLE,SANTIAGO,30000.0,25000.0,,,Nombre vacío
TIIGO 2019,,,DISPONIBLE,SANTIAGO,30000.0,25000.0,,,Nombre vacío
TIIGO 2019,,,VENDIDO,SANTIAGO,15000.0,15000.0,,,Nombre vacío
TIIGO 2019,,,DISPONIBLE,SANTIAGO,30000.0,25000.0,,,Nombre vacío
TIIGO 2019,,,VENDIDO,SANTIAGO,,,,,Nombre vacío
TIIGO 2019,,,VENDIDO,SANTIAGO,25000.0,20000.0,,,Nombre vacío
TIIGO 2019,,,DISPONIBLE,SANTIAGO,,,,,Nombre vacío
TIIGO 2019,,,DISPONIBLE,SANTIAGO,,,,,Nombre vacío
TIIGO 2019,,,DISPONIBLE,SANTIAGO,53550.0,45000.0,,,Nombre vacío
TIIGO 2019,,,VENDIDO,SANTIAGO,155000.0,150000.0,,,Nombre vacío
TIIGO 2019,,,NO DISPONIBLE,SANTIAGO,70000.0,60000.0,,,Nombre vacío
TIIGO 2019,,,DISPONIBLE,SANTIAGO,20000.0,15000.0,,,Nombre vacío
TIIGO 2019,,,POR CONFIRMAR,SANTIAGO,50000.0,45000.0,,SOLA,Nombre vacío; Estado inusual: POR CONFIRMAR
TIIGO 2019,,,DISPONIBLE,SANTIAGO,15000.0,10000.0,,,Nombre vacío
TIIGO 2019,,,DISPONIBLE,SANTIAGO,30000.0,25000.0,,,Nombre vacío
TIIGO 2019,,,DISPONIBLE,SANTIAGO,35000.0,30000.0,,,Nombre vacío
TIIGO 2019,,,DISPONIBLE,SANTIAGO,35000.0,30000.0,,,Nombre vacío
TIIGO 2019,,,DISPONIBLE,SANTIAGO,35000.0,30000.0,,,Nombre vacío
TIIGO 2019,,,VENDIDO,SANTIAGO,35000.0,30000.0,,,Nombre vacío
TIIGO 2019,,,DISPONIBLE,,90000.0,80000.0,,,Nombre vacío; Sin ubicación
TIIGO 2019,,,DISPONIBLE,SANTIAGO,25000.0,20000.0,,,Nombre vacío
TIIGO 2019,,,DISPONIBLE,SANTIAGO,,,,,Nombre vacío
TIIGO 2019,,,DISPONIBLE,SANTIAGO,35000.0,30000.0,,,Nombre vacío
TIIGO 2019,,,DISPONIBLE,SANTIAGO,90000.0,80000.0,,,Nombre vacío
TIIGO 2019,,,DISPONIBLE,SANTIAGO,35000.0,30000.0,,,Nombre vacío
TIIGO 2019,,,DISPONIBLE,SANTIAGO,35000.0,30000.0,,,Nombre vacío
TIIGO 2019,,,VENDIDO,SANTIAGO,35000.0,30000.0,,,Nombre vacío
TIIGO 2019,,,DISPONIBLE,SANTIAGO,35000.0,30000.0,,,Nombre vacío
TIIGO 2019,,,NO DISPONIBLE,SANTIAGO,90000.0,80000.0,,,Nombre vacío
TIIGO 2019,,,DISPONIBLE,REQUINOA,80000.0,70000.0,,,Nombre vacío
TIIGO 2019,,,DISPONIBLE,REQUINOA,80000.0,70000.0,,,Nombre vacío
TIIGO 2019,,,VENDIDO,SANTIAGO,15000.0,15000.0,,,Nombre vacío
TIIGO 2019,,,DISPONIBLE,SANTIAGO,35000.0,30000.0,,,Nombre vacío
TIIGO 2019,,,DISPONIBLE,SANTIAGO,15000.0,10000.0,,,Nombre vacío
TIIGO 2019,,,DISPONIBLE,SANTIAGO,30000.0,25000.0,,,Nombre vacío
TIIGO 2019,,,DISPONIBLE,SANTIAGO,35000.0,30000.0,,POR CONFIRMAR,Nombre vacío
TIIGO 2019,,,DISPONIBLE,SANTIAGO,35000.0,30000.0,,,Nombre vacío
TIIGO 2019,,,DISPONIBLE,SANTIAGO,75000.0,70000.0,,,Nombre vacío
TIIGO 2019,,,VENDIDO,SANTIAGO,80000.0,80000.0,,,Nombre vacío
TIIGO 2019,,,VENDIDO,SANTIAGO,25000.0,20000.0,,DE LÍQUIDO REFRIGERANTE,Nombre vacío
TIIGO 2019,,,VENDIDO,SANTIAGO,15000.0,10000.0,,,Nombre vacío
TIIGO 2019,,,DISPONIBLE,SANTIAGO,25000.0,20000.0,,,Nombre vacío
TIIGO 2019,,,DISPONIBLE,SANTIAGO,20000.0,15000.0,,,Nombre vacío
TIIGO 2019,,,VENDIDO,SANTIAGO,,,,,Nombre vacío
TIIGO 2019,,,VENDIDO,SANTIAGO,,,,,Nombre vacío
TIIGO 2019,,,DISPONIBLE,SANTIAGO,20000.0,15000.0,,,Nombre vacío
TIIGO 2019,,,DISPONIBLE,SANTIAGO,20000.0,15000.0,,,Nombre vacío
TIIGO 2019,,,DISPONIBLE,SANTIAGO,15000.0,10000.0,,,Nombre vacío
TIIGO 2019,,,DISPONIBLE,SANTIAGO,15000.0,10000.0,,,Nombre vacío
TIIGO 2019,,,VENDIDO,SANTIAGO,180000.0,170000.0,,,Nombre vacío
TIIGO 2019,,,DISPONIBLE,SANTIAGO,80000.0,75000.0,,,Nombre vacío
TIIGO 2019,,,VENDIDO,SANTIAGO,70000.0,65000.0,,,Nombre vacío
TIIGO 2019,,,VENDIDO,SANTIAGO,65000.0,60000.0,,,Nombre vacío
TIIGO 2019,,,DISPONIBLE,SANTIAGO,65000.0,60000.0,,,Nombre vacío
TIIGO 2019,,,DISPONIBLE,SANTIAGO,,,,,Nombre vacío
TIIGO 2019,,,VENDIDO,SANTIAGO,40000.0,35000.0,,,Nombre vacío
TIIGO 2019,,,VENDIDO,SANTIAGO,40000.0,35000.0,,PATENTE GRABADA,Nombre vacío
TIIGO 2019,,,DISPONIBLE,,15000.0,10000.0,,,Nombre vacío; Sin ubicación
TIIGO 2019,,,VENDIDO,SANTIAGO,30000.0,25000.0,,,Nombre vacío
TIIGO 2019,,,VENDIDO,SANTIAGO,30000.0,25000.0,,,Nombre vacío
TIIGO 2019,,,VENDIDO,SANTIAGO,35000.0,30000.0,,,Nombre vacío
TIIGO 2019,,,VENDIDO,SANTIAGO,35000.0,30000.0,,,Nombre vacío
TIIGO 2019,,,DISPONIBLE,SANTIAGO,60000.0,50000.0,,,Nombre vacío
TIIGO 2019,,,VENDIDO,SANTIAGO,60000.0,55000.0,,,Nombre vacío
TIIGO 2019,,,VENDIDO,SANTIAGO,50000.0,45000.0,,,Nombre vacío
TIIGO 2019,,,DISPONIBLE,,75000.0,70000.0,,SIN CAJA PORTA FUSIBLES NI TAPA,Nombre vacío; Sin ubicación
TIIGO 2019,,,DISPONIBLE,SANTIAGO,25000.0,20000.0,,,Nombre vacío
TIIGO 2019,,,DISPONIBLE,,20000.0,20000.0,,,Nombre vacío; Sin ubicación
TIIGO 2019,,,DISPONIBLE,SANTIAGO,15000.0,15000.0,,,Nombre vacío
TIIGO 2019,,,VENDIDO,SANTIAGO,15000.0,15000.0,,,Nombre vacío
TIIGO 2019,,,DISPONIBLE,,15000.0,10000.0,,,Nombre vacío; Sin ubicación
TIIGO 2019,,,DISPONIBLE,,15000.0,10000.0,,,Nombre vacío; Sin ubicación
TIIGO 2019,,,DISPONIBLE,SANTIAGO,10000.0,10000.0,,,Nombre vacío
TIIGO 2019,,,DISPONIBLE,SANTIAGO,10000.0,10000.0,,,Nombre vacío
TIIGO 2019,,,VENDIDO,SANTIAGO,450000.0,400000.0,,,Nombre vacío
TIIGO 2019,,,VENDIDO,SANTIAGO,85000.0,80000.0,,,Nombre vacío
TIIGO 2019,,,VENDIDO,SANTIAGO,70000.0,60000.0,,,Nombre vacío
TIIGO 2019,,,VENDIDO,SANTIAGO,70000.0,60000.0,,,Nombre vacío
TIIGO 2019,,,VENDIDO,SANTIAGO,70000.0,60000.0,,,Nombre vacío
TIIGO 2019,,,VENDIDO,SANTIAGO,40000.0,35000.0,,"ESTÁ RALLADA, DE CUNETAZO, PEDIR FOTOS",Nombre vacío
TIIGO 2019,,,DISPONIBLE,,35000.0,30000.0,,,Nombre vacío; Sin ubicación
TIIGO 2019,,,DISPONIBLE,,35000.0,30000.0,,,Nombre vacío; Sin ubicación
TIIGO 2019,,,DISPONIBLE,SANTIAGO,20000.0,15000.0,,,Nombre vacío
TIIGO 2019,,,VENDIDO,SANTIAGO,7000.0,5000.0,,,Nombre vacío
TIIGO 2019,,,DISPONIBLE,SANTIAGO,7000.0,5000.0,,,Nombre vacío
TIIGO 2019,,,DISPONIBLE,SANTIAGO,35000.0,30000.0,,,Nombre vacío
TIIGO 2019,,,DISPONIBLE,SANTIAGO,20000.0,20000.0,,PRECIO SIN CILINDRO NI TRIÁNGULO,Nombre vacío
TIIGO 2019,,,DISPONIBLE,SANTIAGO,25000.0,20000.0,,,Nombre vacío
TIIGO 2019,,,DISPONIBLE,SANTIAGO,25000.0,20000.0,,,Nombre vacío
TIIGO 2019,,,DISPONIBLE,SANTIAGO,25000.0,20000.0,,,Nombre vacío
TIIGO 2019,,,DISPONIBLE,SANTIAGO,12000.0,10000.0,,,Nombre vacío
TIIGO 2019,,,DISPONIBLE,SANTIAGO,12000.0,10000.0,,,Nombre vacío
TIIGO 2019,,,DISPONIBLE,SANTIAGO,12000.0,10000.0,,,Nombre vacío
TIIGO 2019,,,DISPONIBLE,SANTIAGO,12000.0,10000.0,,,Nombre vacío
TIIGO 2019,,,DISPONIBLE,SANTIAGO,12000.0,10000.0,,,Nombre vacío
TIIGO 2019,,,DISPONIBLE,SANTIAGO,12000.0,10000.0,,,Nombre vacío
TIIGO 2019,,,DISPONIBLE,SANTIAGO,12000.0,10000.0,,,Nombre vacío
TIIGO 2019,,,DISPONIBLE,SANTIAGO,10000.0,10000.0,,,Nombre vacío
TIIGO 2019,,,DISPONIBLE,SANTIAGO,10000.0,10000.0,,,Nombre vacío
TIIGO 2019,,,DISPONIBLE,SANTIAGO,,,,,Nombre vacío
TIIGO 2019,,,DISPONIBLE,SANTIAGO,,,,,Nombre vacío
TIIGO 2019,,,DISPONIBLE,SANTIAGO,,,,,Nombre vacío
TIIGO 2019,,,VENDIDO,SANTIAGO,60000.0,55000.0,,,Nombre vacío
TIIGO 2019,,,DISPONIBLE,SANTIAGO,30000.0,25000.0,,,Nombre vacío
TIIGO 2019,,,DISPONIBLE,SANTIAGO,30000.0,25000.0,,,Nombre vacío
TIIGO 2019,,,VENDIDO,SANTIAGO,8000.0,8000.0,,,Nombre vacío
TIIGO 2019,,,VENDIDO,SANTIAGO,8000.0,8000.0,,,Nombre vacío
TIIGO 2019,,,DISPONIBLE,SANTIAGO,10000.0,10000.0,,,Nombre vacío
TIIGO 2019,,,DISPONIBLE,SANTIAGO,10000.0,10000.0,,,Nombre vacío
TIIGO 2019,,,DISPONIBLE,SANTIAGO,80000.0,75000.0,,,Nombre vacío
TIIGO 2019,,,VENDIDO,SANTIAGO,20000.0,15000.0,,,Nombre vacío
TIIGO 2019,,,VENDIDO,SANTIAGO,15000.0,10000.0,,,Nombre vacío
TIIGO 2019,,,DISPONIBLE,SANTIAGO,10000.0,10000.0,,TRIÁNGULO,Nombre vacío
TIIGO 2019,,,DISPONIBLE,SANTIAGO,10000.0,10000.0,,TRIÁNGULO,Nombre vacío
TIIGO 2019,,,VENDIDO,SANTIAGO,30000.0,25000.0,,,Nombre vacío
TIIGO 2019,,,VENDIDO,SANTIAGO,20000.0,20000.0,,,Nombre vacío
TIIGO 2019,,,DISPONIBLE,SANTIAGO,20000.0,15000.0,,,Nombre vacío
TIIGO 2019,,,DISPONIBLE,SANTIAGO,20000.0,15000.0,,,Nombre vacío
TIIGO 2019,,,DISPONIBLE,SANTIAGO,20000.0,15000.0,,,Nombre vacío
TIIGO 2019,,,DISPONIBLE,SANTIAGO,20000.0,15000.0,,,Nombre vacío
TIIGO 2019,,,DISPONIBLE,SANTIAGO,20000.0,15000.0,,,Nombre vacío
TIIGO 2019,,,DISPONIBLE,SANTIAGO,20000.0,15000.0,,,Nombre vacío
TIIGO 2019,,,DISPONIBLE,SANTIAGO,20000.0,15000.0,,,Nombre vacío
TIIGO 2019,,,DISPONIBLE,SANTIAGO,55000.0,50000.0,,,Nombre vacío
TIIGO 2019,,,DISPONIBLE,SANTIAGO,35000.0,30000.0,,,Nombre vacío
TIIGO 2019,,,DISPONIBLE,SANTIAGO,25000.0,20000.0,,,Nombre vacío
TIIGO 2019,,,DISPONIBLE,SANTIAGO,550000.0,500000.0,,PRENDA,Nombre vacío
TIIGO 2019,,,DISPONIBLE,SANTIAGO,,,,,Nombre vacío
TIIGO 2019,,,VENDIDO,SANTIAGO,90000.0,80000.0,,,Nombre vacío
TIIGO 2019,,,DISPONIBLE,SANTIAGO,,,,,Nombre vacío
TIIGO 2019,,,DISPONIBLE,SANTIAGO,,,,,Nombre vacío
TIIGO 2019,,,DISPONIBLE,SANTIAGO,,,,,Nombre vacío
TIIGO 2019,,,DISPONIBLE,SANTIAGO,,,,,Nombre vacío
TIIGO 2019,,,NO DISPONIBLE,SANTIAGO,70000.0,65000.0,,,Nombre vacío
TIIGO 2019,,,DISPONIBLE,SANTIAGO,70000.0,65000.0,,,Nombre vacío
TIIGO 2019,,,VENDIDO,SANTIAGO,18000.0,15000.0,,CON DETALLE,Nombre vacío
TIIGO 2019,,,NO DISPONIBLE,SANTIAGO,18000.0,15000.0,,CON DETALLE,Nombre vacío
TIIGO 2019,,,VENDIDO,SANTIAGO,,,,REVISAR ESTADO PARA PONER PRECIO,Nombre vacío
TIIGO 2019,,,VENDIDO,SANTIAGO,10000.0,10000.0,,,Nombre vacío
TIIGO 2019,,,VENDIDO,,55000.0,45000.0,,,Nombre vacío; Sin ubicación
TIIGO 2019,,,VENDIDO,,55000.0,45000.0,,,Nombre vacío; Sin ubicación
TIIGO 2019,,,DISPONIBLE,SANTIAGO,60000.0,55000.0,,,Nombre vacío
TIIGO 2019,,,NO DISPONIBLE,REQUINOA,,,,TRIZADO,Nombre vacío
TIIGO 2019,,,DISPONIBLE,SANTIAGO,25000.0,20000.0,,,Nombre vacío
TIIGO 2019,,,DISPONIBLE,SANTIAGO,20000.0,15000.0,,,Nombre vacío
TIIGO 2019,,,DISPONIBLE,SANTIAGO,25000.0,20000.0,,,Nombre vacío
TIIGO 2019,,,DISPONIBLE,SANTIAGO,,,,,Nombre vacío
TIIGO 2019,,,DISPONIBLE,SANTIAGO,,,,,Nombre vacío
TIIGO 2019,,,VENDIDO,SANTIAGO,,,,,Nombre vacío
TIIGO 2019,,,DISPONIBLE,SANTIAGO,,,,,Nombre vacío
TIIGO 2019,,,DISPONIBLE,SANTIAGO,,,,,Nombre vacío
TIIGO 2019,,,DISPONIBLE,,90000.0,85000.0,,,Nombre vacío; Sin ubicación
TIIGO 2019,,,DISPONIBLE,,50000.0,45000.0,,,Nombre vacío; Sin ubicación
TIIGO 2019,,,DISPONIBLE,SANTIAGO,35000.0,30000.0,,,Nombre vacío
TIIGO 2019,,,DISPONIBLE,SANTIAGO,35000.0,30000.0,,,Nombre vacío
TIIGO 2019,,,DISPONIBLE,SANTIAGO,35000.0,30000.0,,,Nombre vacío
TIIGO 2019,,,DISPONIBLE,SANTIAGO,35000.0,30000.0,,,Nombre vacío
TIIGO 2019,,,DISPONIBLE,,15000.0,10000.0,,,Nombre vacío; Sin ubicación
TIIGO 2019,,,DISPONIBLE,SANTIAGO,15000.0,10000.0,,ENTRE TAPABARRO Y PUERTA,Nombre vacío
TIIGO 2019,,,DISPONIBLE,SANTIAGO,15000.0,10000.0,,,Nombre vacío
TIIGO 2019,,,DISPONIBLE,SANTIAGO,75000.0,70000.0,,,Nombre vacío
TIIGO 2019,,,DISPONIBLE,SANTIAGO,30000.0,25000.0,,NO SIRVE PARA AUTOMÁTICA,Nombre vacío
TIIGO 2019,,,VENDIDO,SANTIAGO,200000.0,190000.0,,,Nombre vacío
TIIGO 2019,,,VENDIDO,SANTIAGO,140000.0,130000.0,,,Nombre vacío
TIIGO 2019,,,DISPONIBLE,SANTIAGO,65000.0,60000.0,,,Nombre vacío
TIIGO 2019,,,VENDIDO,SANTIAGO,55000.0,50000.0,,,Nombre vacío
TIIGO 2019,,,DISPONIBLE,SANTIAGO,55000.0,50000.0,,,Nombre vacío
TIIGO 2019,,,DISPONIBLE,SANTIAGO,75000.0,70000.0,,,Nombre vacío
TIIGO 2019,,,VENDIDO,SANTIAGO,40000.0,35000.0,,,Nombre vacío
TIIGO 2019,,,DISPONIBLE,SANTIAGO,25000.0,20000.0,,,Nombre vacío
TIIGO 2019,,,VENDIDO,SANTIAGO,80000.0,70000.0,,,Nombre vacío
TIIGO 2019,,,DISPONIBLE,SANTIAGO,,,,,Nombre vacío
TIIGO 2019,,,VENDIDO,SANTIAGO,,,,,Nombre vacío
TIIGO 2019,,,DISPONIBLE,SANTIAGO,,,,,Nombre vacío
TIIGO 2019,,,DISPONIBLE,,20000.0,15000.0,,,Nombre vacío; Sin ubicación
TIIGO 2019,,,DISPONIBLE,,20000.0,15000.0,,,Nombre vacío; Sin ubicación
TIIGO 2019,,,DISPONIBLE,SANTIAGO,65000.0,55000.0,,,Nombre vacío
TIIGO 2019,,,DISPONIBLE,SANTIAGO,35000.0,30000.0,,,Nombre vacío
TIIGO 2019,,,DISPONIBLE,SANTIAGO,25000.0,20000.0,,PUESTA EN TABLERO,Nombre vacío
TIIGO 2019,,,DISPONIBLE,SANTIAGO,25000.0,20000.0,,,Nombre vacío
TIIGO 2019,,,DISPONIBLE,SANTIAGO,80000.0,70000.0,,CON INYECTORES,Nombre vacío
TIIGO 2019,,,DISPONIBLE,SANTIAGO,15000.0,10000.0,,,Nombre vacío
TIIGO 2019,,,DISPONIBLE,SANTIAGO,,,,,Nombre vacío
TIIGO 2019,,,DISPONIBLE,SANTIAGO,35000.0,30000.0,,,Nombre vacío
TIIGO 2019,,,DISPONIBLE,SANTIAGO,15000.0,15000.0,,REVISADO,Nombre vacío
TIIGO 2019,,,DISPONIBLE,SANTIAGO,15000.0,15000.0,,REVISADO,Nombre vacío
TIIGO 2019,,,DISPONIBLE,SANTIAGO,15000.0,15000.0,,REVISADO,Nombre vacío
TIIGO 2019,,,DISPONIBLE,SANTIAGO,15000.0,15000.0,,REVISADO ,Nombre vacío
TIIGO 2019,,,DISPONIBLE,SANTIAGO,15000.0,15000.0,,REVISADO,Nombre vacío
TIIGO 2019,,,DISPONIBLE,SANTIAGO,15000.0,15000.0,,REVISADO,Nombre vacío
TIIGO 2019,,,DISPONIBLE,SANTIAGO,15000.0,15000.0,,REVISADO,Nombre vacío
TIIGO 2019,,,DISPONIBLE,SANTIAGO,15000.0,15000.0,,REVISADO,Nombre vacío
TIIGO 2019,,,VENDIDO,SANTIAGO,,,,,Nombre vacío
TIIGO 2019,,,VENDIDO,SANTIAGO,25000.0,25000.0,,,Nombre vacío
TIIGO 2019,,,DISPONIBLE,,15000.0,15000.0,,,Nombre vacío; Sin ubicación
TIIGO 2019,,,DISPONIBLE,SANTIAGO,40000.0,35000.0,,,Nombre vacío
TIIGO 2019,,,VENDIDO,,25000.0,20000.0,,,Nombre vacío; Sin ubicación
TIIGO 2019,,,DISPONIBLE,,20000.0,20000.0,,,Nombre vacío; Sin ubicación
TIIGO 2019,,,DISPONIBLE,SANTIAGO,,,,,Nombre vacío
TIIGO 2019,,,DISPONIBLE,SANTIAGO,,,,,Nombre vacío
TIIGO 2019,,,DISPONIBLE,SANTIAGO,20000.0,15000.0,,,Nombre vacío
TIIGO 2019,,,DISPONIBLE,SANTIAGO,20000.0,15000.0,,,Nombre vacío
TIIGO 2019,,,DISPONIBLE,SANTIAGO,20000.0,15000.0,,,Nombre vacío
TIIGO 2019,,,DISPONIBLE,SANTIAGO,,,,,Nombre vacío
TIIGO 2019,,,DISPONIBLE,SANTIAGO,,,,,Nombre vacío
TIIGO 2019,,,VENDIDO,SANTIAGO,25000.0,20000.0,,INCLUYE CROMADO,Nombre vacío
TIIGO 2019,,,VENDIDO,SANTIAGO,25000.0,20000.0,,INCLUYE CROMADO,Nombre vacío
TIIGO 2019,,,VENDIDO,SANTIAGO,45000.0,40000.0,,,Nombre vacío
TIIGO 2019,,,VENDIDO,SANTIAGO,45000.0,40000.0,,,Nombre vacío
TIIGO 2019,,,DISPONIBLE,SANTIAGO,20000.0,15000.0,,,Nombre vacío
TIIGO 2019,,,DISPONIBLE,SANTIAGO,20000.0,15000.0,,,Nombre vacío
TIIGO 2019,,,DISPONIBLE,REQUINOA,90000.0,80000.0,,,Nombre vacío
TIIGO 2019,,,DISPONIBLE,SANTIAGO,60000.0,50000.0,,,Nombre vacío
TIIGO 2019,,,VENDIDO,SANTIAGO,15000.0,10000.0,,,Nombre vacío
TIIGO 2019,,,VENDIDO,SANTIAGO,40000.0,35000.0,,,Nombre vacío
TIIGO 2019,,,DISPONIBLE,SANTIAGO,,,,,Nombre vacío
TIIGO 2019,,,DISPONIBLE,SANTIAGO,40000.0,35000.0,,,Nombre vacío
TIIGO 2019,,,DISPONIBLE,SANTIAGO,40000.0,35000.0,,,Nombre vacío
TIIGO 2019,,,DISPONIBLE,SANTIAGO,40000.0,35000.0,,,Nombre vacío
TIIGO 2019,,,VENDIDO,SANTIAGO,50000.0,45000.0,,,Nombre vacío
TIIGO 2019,,,,,,,,,Nombre vacío; Sin estado de stock; Sin ubicación
TIIGO 2019,,,,,,,,,Nombre vacío; Sin estado de stock; Sin ubicación
TIIGO 2019,,,,,,,,,Nombre vacío; Sin estado de stock; Sin ubicación
TIIGO 2019,,,,,,,,,Nombre vacío; Sin estado de stock; Sin ubicación
TIIGO 2019,,,,,,,,,Nombre vacío; Sin estado de stock; Sin ubicación
TIIGO 2019,,,,,,,,,Nombre vacío; Sin estado de stock; Sin ubicación
TIIGO 2019,,,,,,,,,Nombre vacío; Sin estado de stock; Sin ubicación
TIIGO 2019,,,,,,,,,Nombre vacío; Sin estado de stock; Sin ubicación
TIIGO 2019,,,,,,,,,Nombre vacío; Sin estado de stock; Sin ubicación
TIIGO 2019,,,,,,,,,Nombre vacío; Sin estado de stock; Sin ubicación
TIIGO 2019,,,,,,,,,Nombre vacío; Sin estado de stock; Sin ubicación
TIIGO 2019,,,,,,,,,Nombre vacío; Sin estado de stock; Sin ubicación
TIIGO 2019,,,,,,,,,Nombre vacío; Sin estado de stock; Sin ubicación
TIIGO 2019,,,,,,,,,Nombre vacío; Sin estado de stock; Sin ubicación
TIIGO 2019,,,,,,,,,Nombre vacío; Sin estado de stock; Sin ubicación
TIIGO 2019,,,,,,,,,Nombre vacío; Sin estado de stock; Sin ubicación
TIIGO 2019,,,,,,,,,Nombre vacío; Sin estado de stock; Sin ubicación
TIIGO 2019,,,,,,,,,Nombre vacío; Sin estado de stock; Sin ubicación
TIIGO 2019,,,,,,,,,Nombre vacío; Sin estado de stock; Sin ubicación
TIIGO 2019,,,,,,,,,Nombre vacío; Sin estado de stock; Sin ubicación
TIIGO 2019,,,,,,,,,Nombre vacío; Sin estado de stock; Sin ubicación
TIIGO 2019,,,,,,,,,Nombre vacío; Sin estado de stock; Sin ubicación
TIIGO 2019,,,,,,,,,Nombre vacío; Sin estado de stock; Sin ubicación
TIIGO 2019,,,,,,,,,Nombre vacío; Sin estado de stock; Sin ubicación
TIIGO 2019,,,,,,,,,Nombre vacío; Sin estado de stock; Sin ubicación
TIIGO 2019,,,,,,,,,Nombre vacío; Sin estado de stock; Sin ubicación
TIIGO 2019,,,,,,,,,Nombre vacío; Sin estado de stock; Sin ubicación
TIIGO 2019,,,,,,,,,Nombre vacío; Sin estado de stock; Sin ubicación
TIIGO 2019,,,,,,,,,Nombre vacío; Sin estado de stock; Sin ubicación
TIIGO 2019,,,,,,,,,Nombre vacío; Sin estado de stock; Sin ubicación
TIIGO 2019,,,,,,,,,Nombre vacío; Sin estado de stock; Sin ubicación
TIIGO 2019,,,,,,,,,Nombre vacío; Sin estado de stock; Sin ubicación
TIIGO 2019,,,,,,,,,Nombre vacío; Sin estado de stock; Sin ubicación
TIIGO 2019,,,,,,,,,Nombre vacío; Sin estado de stock; Sin ubicación
TIIGO 2019,,,,,,,,,Nombre vacío; Sin estado de stock; Sin ubicación
TIIGO 2019,,,,,,,,,Nombre vacío; Sin estado de stock; Sin ubicación
TIIGO 2019,,,,,,,,,Nombre vacío; Sin estado de stock; Sin ubicación
TIIGO 2019,,,,,,,,,Nombre vacío; Sin estado de stock; Sin ubicación
TIIGO 2019,,,VENDIDO,SANTIAGO,,,,,Nombre vacío
TRACKER,Alternador,,DISPONIBLE,SANTIAGO,75000.0,70000.0,,,
TRACKER,Amortiguador,Delantera Izquierda,DISPONIBLE,SANTIAGO,60000.0,50000.0,,,
TRACKER,Amortiguador,Delantera Derecha,DISPONIBLE,SANTIAGO,60000.0,50000.0,,,
TRACKER,Amortiguador,Trasera Izquierda,DISPONIBLE,SANTIAGO,25000.0,20000.0,,,
TRACKER,Amortiguador,Trasera Derecha,DISPONIBLE,SANTIAGO,25000.0,20000.0,,,
TRACKER,Auxiliar De Usb,,DISPONIBLE,SANTIAGO,15000.0,10000.0,,,
TRACKER,Bandeja,Delantera Izquierda,DISPONIBLE,SANTIAGO,20000.0,15000.0,,,
TRACKER,Bandeja,Delantera Izquierda,DISPONIBLE,SANTIAGO,20000.0,15000.0,,,
TRACKER,Barra Techo,Izquierda,DISPONIBLE,SANTIAGO,25000.0,20000.0,,,
TRACKER,Barra Techo,Derecha,DISPONIBLE,SANTIAGO,25000.0,20000.0,,,
TRACKER,Base De Termostato,,DISPONIBLE,SANTIAGO,,,,,
TRACKER,Bomba De Alta,,DISPONIBLE,SANTIAGO,,,,,
TRACKER,Bomba De Bencina,,VENDIDO,SANTIAGO,55000.0,50000.0,,,
TRACKER,Caliper,Delantera Izquierda,DISPONIBLE,SANTIAGO,,,,,
TRACKER,Caliper,Delantera Derecha,DISPONIBLE,SANTIAGO,,,,,
TRACKER,Chapa Capot,,DISPONIBLE,SANTIAGO,25000.0,20000.0,,,
TRACKER,Columna De Dirección,,DISPONIBLE,SANTIAGO,45000.0,40000.0,,,
TRACKER,Cremallera De Alzavidrio,Delantera Izquierda,DISPONIBLE,SANTIAGO,25000.0,20000.0,,,
TRACKER,Cremallera De Alzavidrio,Delantera Derecha,DISPONIBLE,SANTIAGO,25000.0,20000.0,,,
TRACKER,Cremallera De Alzavidrio,Trasera Izquierda,DISPONIBLE,SANTIAGO,25000.0,20000.0,,,
TRACKER,Cremallera De Alzavidrio,Trasera Derecha,DISPONIBLE,SANTIAGO,25000.0,20000.0,,,
TRACKER,Cremallera De Dirección,,DISPONIBLE,SANTIAGO,130000.0,120000.0,,,
TRACKER,Cubre Rueda De Repuesto,,DISPONIBLE,SANTIAGO,,,,,
TRACKER,Encendedor De Cigarros,,DISPONIBLE,SANTIAGO,15000.0,10000.0,,,
TRACKER,Foco Luz Techo,Interior,DISPONIBLE,SANTIAGO,15000.0,10000.0,,,
TRACKER,Frontal Inferior ,Delantera Inferior,DISPONIBLE,SANTIAGO,,,,,
TRACKER,Guardafango,Delantera Izquierda,VENDIDO,,,,,,Sin ubicación
TRACKER,Guardafango,Trasera Derecha,VENDIDO,,,,,,Sin ubicación
TRACKER,Kit De Airbag,,VENDIDO,SANTIAGO,390000.0,370000.0,,,
TRACKER,Llanta,,VENDIDO,,60000.0,55000.0,,,Sin ubicación
TRACKER,Llanta,,VENDIDO,SANTIAGO,60000.0,55000.0,,,
TRACKER,Llanta,,DISPONIBLE,SANTIAGO,60000.0,55000.0,,,
TRACKER,Llanta,,DISPONIBLE,SANTIAGO,60000.0,55000.0,,,
TRACKER,Manilla Experior,Trasera Izquierda,DISPONIBLE,SANTIAGO,25000.0,20000.0,,,
TRACKER,Manilla Experior,Trasera Derecha,DISPONIBLE,SANTIAGO,25000.0,20000.0,,,
TRACKER,Manilla,Delantera Izquierda Exterior,DISPONIBLE,SANTIAGO,25000.0,20000.0,,,
TRACKER,Manilla,Delantera Derecha Exterior,DISPONIBLE,SANTIAGO,25000.0,20000.0,,,
TRACKER,Ménsula,Delantera Izquierda,DISPONIBLE,SANTIAGO,,,,,
TRACKER,Ménsula,Delantera Derecha,DISPONIBLE,SANTIAGO,,,,,
TRACKER,Ménsula,Trasera Izquierda,DISPONIBLE,SANTIAGO,,,,,
TRACKER,Ménsula,Trasera Derecha,DISPONIBLE,SANTIAGO,,,,,
TRACKER,Moldura Puerta,Delantera Izquierda,DISPONIBLE,SANTIAGO,,,,,
TRACKER,Moldura Puerta,Trasera Izquierda,DISPONIBLE,SANTIAGO,,,,,
TRACKER,Motor De Partida,,DISPONIBLE,SANTIAGO,45000.0,40000.0,,,
TRACKER,Radiador Agua,,DISPONIBLE,SANTIAGO,60000.0,50000.0,,,
TRACKER,Refuerzo De Parachoque,Delantera,DISPONIBLE,SANTIAGO,,,,,
TRACKER,Rueda De Repuesto,,DISPONIBLE,SANTIAGO,35000.0,30000.0,,,
TRACKER,Sinóptico,,VENDIDO,SANTIAGO,45000.0,45000.0,,,
TRACKER,Soporte Foto Yasna,,DISPONIBLE,SANTIAGO,25000.0,20000.0,,,
TRACKER,Tapabarro,Derecha,DISPONIBLE,SANTIAGO,25000.0,20000.0,,,
TRACKER,Telecomando,,DISPONIBLE,SANTIAGO,,,,,
TRACKER,Volante,,VENDIDO,SANTIAGO,50000.0,40000.0,,,
TRACKER,,,,,,,,,Nombre vacío; Sin estado de stock; Sin ubicación
TRACKER,,,,,,,,,Nombre vacío; Sin estado de stock; Sin ubicación
TRACKER,,,,,,,,,Nombre vacío; Sin estado de stock; Sin ubicación
TRACKER,,,,,,,,,Nombre vacío; Sin estado de stock; Sin ubicación
TRACKER,,,,,,,,,Nombre vacío; Sin estado de stock; Sin ubicación
TRACKER,,,,,,,,,Nombre vacío; Sin estado de stock; Sin ubicación
TRACKER,,,,,,,,,Nombre vacío; Sin estado de stock; Sin ubicación
TRACKER,,,,,,,,,Nombre vacío; Sin estado de stock; Sin ubicación
TRACKER,,,,,,,,,Nombre vacío; Sin estado de stock; Sin ubicación
TRACKER,,,,,,,,,Nombre vacío; Sin estado de stock; Sin ubicación
TRACKER,,,,,,,,,Nombre vacío; Sin estado de stock; Sin ubicación
TRACKER,,,,,,,,,Nombre vacío; Sin estado de stock; Sin ubicación
TRACKER,,,,,,,,,Nombre vacío; Sin estado de stock; Sin ubicación
TRACKER,,,,,,,,,Nombre vacío; Sin estado de stock; Sin ubicación
TRACKER,,,,,,,,,Nombre vacío; Sin estado de stock; Sin ubicación
TRACKER,,,,,,,,,Nombre vacío; Sin estado de stock; Sin ubicación
TRACKER,,,,,,,,,Nombre vacío; Sin estado de stock; Sin ubicación
TRACKER,,,,,,,,,Nombre vacío; Sin estado de stock; Sin ubicación
TRACKER,,,,,,,,,Nombre vacío; Sin estado de stock; Sin ubicación
TRACKER,,,,,,,,,Nombre vacío; Sin estado de stock; Sin ubicación
TRACKER,,,,,,,,,Nombre vacío; Sin estado de stock; Sin ubicación
TRACKER,,,,,,,,,Nombre vacío; Sin estado de stock; Sin ubicación
TRACKER,,,,,,,,,Nombre vacío; Sin estado de stock; Sin ubicación
TRACKER,,,,,,,,,Nombre vacío; Sin estado de stock; Sin ubicación
TRACKER,,,,,,,,,Nombre vacío; Sin estado de stock; Sin ubicación
TRACKER,,,,,,,,,Nombre vacío; Sin estado de stock; Sin ubicación
TRACKER,,,,,,,,,Nombre vacío; Sin estado de stock; Sin ubicación
TRACKER,,,,,,,,,Nombre vacío; Sin estado de stock; Sin ubicación
TRACKER,,,,,,,,,Nombre vacío; Sin estado de stock; Sin ubicación
TRACKER,,,,,,,,,Nombre vacío; Sin estado de stock; Sin ubicación
TRACKER,,,,,,,,,Nombre vacío; Sin estado de stock; Sin ubicación
TRACKER,,,,,,,,,Nombre vacío; Sin estado de stock; Sin ubicación
TRACKER,,,,,,,,,Nombre vacío; Sin estado de stock; Sin ubicación
UNO WAY 20149,Alternador,,VENDIDO,SANTIAGO,80000.0,70000.0,,,
UNO WAY 20149,Amortiguador O,Delantera Izquierda Derecha,DISPONIBLE,SANTIAGO,70000.0,60000.0,,CONFIRMAR CON FOTO,
UNO WAY 20149,Amortiguador,Delantera Derecha,VENDIDO,SANTIAGO,70000.0,60000.0,,,
UNO WAY 20149,Amortiguador,Trasera Izquierda,DISPONIBLE,SANTIAGO,25000.0,20000.0,,,
UNO WAY 20149,Amortiguador,Trasera Derecha,DISPONIBLE,SANTIAGO,25000.0,20000.0,,,
UNO WAY 20149,Amortiguadores,Portalon,DISPONIBLE,,35000.0,30000.0,,,Sin ubicación
UNO WAY 20149,Antena,,DISPONIBLE,,15000.0,10000.0,,,Sin ubicación
UNO WAY 20149,Barra Techo,Izquierda,DISPONIBLE,SANTIAGO,40000.0,35000.0,,,
UNO WAY 20149,Barra Techo,Derecha,DISPONIBLE,SANTIAGO,40000.0,35000.0,,,
UNO WAY 20149,Bisagra Capot,Izquierda,DISPONIBLE,SANTIAGO,25000.0,20000.0,,,
UNO WAY 20149,Bisagra Capot,Derecha,DISPONIBLE,SANTIAGO,25000.0,20000.0,,,
UNO WAY 20149,Bisel Radio,,DISPONIBLE,,35000.0,30000.0,,,Sin ubicación
UNO WAY 20149,Bisel Radio Y Control De Aire,,DISPONIBLE,SANTIAGO,,,,ESCRITO ASÍ EN INVENTARIO,Posible múltiple repuesto
UNO WAY 20149,Bobina,,DISPONIBLE,SANTIAGO,60000.0,50000.0,,ES UNA COMPLETA,
UNO WAY 20149,Bomba De Bencina,,DISPONIBLE,SANTIAGO,95200.0,80000.0,,,
UNO WAY 20149,Bomba De Freno Con Depósito,,DISPONIBLE,,90000.0,85000.0,,,Sin ubicación
UNO WAY 20149,Bomba Hidraulica,,DISPONIBLE,SANTIAGO,,,,,
UNO WAY 20149,Botón De Alzavidrios,Delantera Derecha,DISPONIBLE,SANTIAGO,,,,,
UNO WAY 20149,Botonera De Alzavidrios,Delantera Izquierda,DISPONIBLE,SANTIAGO,,,,,
UNO WAY 20149,Brazo Limpiaparabrisas,Izquierda,DISPONIBLE,SANTIAGO,15000.0,10000.0,,,
UNO WAY 20149,Brazo Limpiaparabrisas,Derecha,DISPONIBLE,SANTIAGO,15000.0,10000.0,,,
UNO WAY 20149,Butaca,Izquierda,DISPONIBLE,,65000.0,60000.0,,"SE VENDIO EN 70,000",Sin ubicación
UNO WAY 20149,Caja,,VENDIDO,SANTIAGO,100000.0,100000.0,,,
UNO WAY 20149,Caliper,Delantera Izquierda,DISPONIBLE,SANTIAGO,36000.0,30000.0,,,
UNO WAY 20149,Capot,,VENDIDO,,,,,,Sin ubicación
UNO WAY 20149,Chapa Capot,,DISPONIBLE,SANTIAGO,25000.0,20000.0,,,
UNO WAY 20149,Chapa De Seguridad Capot,,VENDIDO,SANTIAGO,20000.0,15000.0,,,
UNO WAY 20149,Chapa,Portalon,DISPONIBLE,SANTIAGO,25000.0,20000.0,,,
UNO WAY 20149,Columna De Dirección,,DISPONIBLE,SANTIAGO,60000.0,50000.0,,,
UNO WAY 20149,Compresor De Aire Acondicionado,,DISPONIBLE,SANTIAGO,90000.0,80000.0,,,
UNO WAY 20149,Cremallera De Alzavidrio,Delantera Izquierda,DISPONIBLE,SANTIAGO,55000.0,50000.0,,,
UNO WAY 20149,Cremallera De Alzavidrio,Delantera Derecha,DISPONIBLE,SANTIAGO,55000.0,50000.0,,,
UNO WAY 20149,Cremallera De Alzavidrio,Trasera Izquierda,DISPONIBLE,SANTIAGO,40000.0,40000.0,,,
UNO WAY 20149,Cremallera De Dirección,,DISPONIBLE,SANTIAGO,130000.0,120000.0,,,
UNO WAY 20149,Cuarto Pollo,Delantera,VENDIDO,SANTIAGO,85000.0,75000.0,,,
UNO WAY 20149,Cuna,,DISPONIBLE,SANTIAGO,90000.0,80000.0,,,
UNO WAY 20149,Depósito De Limpiaparabrisas,,DISPONIBLE,SANTIAGO,30000.0,25000.0,,,
UNO WAY 20149,Disco,Delantera Izquierda,DISPONIBLE,SANTIAGO,15000.0,10000.0,,,
UNO WAY 20149,Ecu,,DISPONIBLE,SANTIAGO,,,,,
UNO WAY 20149,Electroventilador,,NO DISPONIBLE,N/A,,,,,
UNO WAY 20149,Espejo,Central,DISPONIBLE,SANTIAGO,,,,,
UNO WAY 20149,Espejos,,NO DISPONIBLE,N/A,,,,,
UNO WAY 20149,Foco,Trasera Derecha,VENDIDO,SANTIAGO,60000.0,55000.0,,,
UNO WAY 20149,Frontal,Delantera,DISPONIBLE,SANTIAGO,85000.0,80000.0,,,
UNO WAY 20149,Funda De Parachoque,Delantera,NO DISPONIBLE,N/A,,,,,
UNO WAY 20149,Funda De Parachoque,Trasera,NO DISPONIBLE,N/A,,,,,
UNO WAY 20149,Goma Marco De Puerta,Delantera Derecha,DISPONIBLE,,15000.0,15000.0,,SOLO,Sin ubicación
UNO WAY 20149,Goma Marco De Puerta,Trasera Izquierda,DISPONIBLE,,15000.0,15000.0,,,Sin ubicación
UNO WAY 20149,Guantera,,NO DISPONIBLE,N/A,,,,MALA,
UNO WAY 20149,Guardafango,Delantera Izquierda,DISPONIBLE,SANTIAGO,35000.0,30000.0,,,
UNO WAY 20149,Manguera Aire,,VENDIDO,SANTIAGO,40000.0,35000.0,,,
UNO WAY 20149,Manilla,Exterior,DISPONIBLE,SANTIAGO,30000.0,25000.0,,CONFIRMAR LADO,
UNO WAY 20149,Manilla,Delantera Izquierda Exterior,DISPONIBLE,SANTIAGO,30000.0,25000.0,,,
UNO WAY 20149,Manilla Puerta,Delantera Izquierda Interior,DISPONIBLE,SANTIAGO,,,,,
UNO WAY 20149,Manilla Puerta,Delantera Derecha Interior,DISPONIBLE,SANTIAGO,,,,,
UNO WAY 20149,Manilla Puerta,Trasera Derecha Interior,DISPONIBLE,SANTIAGO,,,,,
UNO WAY 20149,Manilla Para Abrir Tapa De Bencina,,DISPONIBLE,SANTIAGO,15000.0,10000.0,,,
UNO WAY 20149,Manilla Para Abrir Tmaleta,,DISPONIBLE,SANTIAGO,15000.0,10000.0,,,
UNO WAY 20149,Maza,Trasera Izquierda,DISPONIBLE,,60000.0,55000.0,,,Sin ubicación
UNO WAY 20149,Maza,Trasera Derecha,VENDIDO,SANTIAGO,60000.0,55000.0,,,
UNO WAY 20149,Módulo Abs,,VENDIDO,SANTIAGO,60000.0,55000.0,,,
UNO WAY 20149,Moldura Puerta,Delantera Derecha,DISPONIBLE,SANTIAGO,25000.0,20000.0,,,
UNO WAY 20149,Moldura Puerta,Trasera Derecha,DISPONIBLE,SANTIAGO,,,,,
UNO WAY 20149,Motor De Partida,,VENDIDO,SANTIAGO,90000.0,85000.0,,,
UNO WAY 20149,Motor Facturable,,VENDIDO,SANTIAGO,590000.0,550000.0,,,
UNO WAY 20149,Múltiple De Admisión,,DISPONIBLE,,70000.0,65000.0,,,Sin ubicación
UNO WAY 20149,Óptico,Izquierda,NO DISPONIBLE,N/A,,,,,
UNO WAY 20149,Óptico,Derecha,NO DISPONIBLE,N/A,,,,,
UNO WAY 20149,Parasol,Derecha,DISPONIBLE,SANTIAGO,,,,REVISAR SI ESTÁ COMPLETO,
UNO WAY 20149,Pedal De Embrague,,VENDIDO,SANTIAGO,50000.0,45000.0,,,
UNO WAY 20149,Pedal De Freno Sin Switch,,DISPONIBLE,,25000.0,20000.0,,,Sin ubicación
UNO WAY 20149,Porta Filtro Con Detalle,,DISPONIBLE,SANTIAGO,25000.0,20000.0,,,
UNO WAY 20149,Puerta Solo Lata,Delantera Izquierda,NO DISPONIBLE,N/A,,,,MALA,
UNO WAY 20149,Puerta Solo Lata,Delantera Derecha,VENDIDO,SANTIAGO,110000.0,100000.0,,,
UNO WAY 20149,Puerta Solo Lata,Trasera Izquierda,NO DISPONIBLE,N/A,,,,,
UNO WAY 20149,Puerta Solo Lata,Trasera Derecha,VENDIDO,SANTIAGO,90000.0,80000.0,,,
UNO WAY 20149,Radiador Agua,,NO DISPONIBLE,N/A,,,,,
UNO WAY 20149,Radiador Aire,,NO DISPONIBLE,N/A,,,,,
UNO WAY 20149,Radio,,NO DISPONIBLE,N/A,,,,,
UNO WAY 20149,Refuerzo De Parachoque,Delantera,DISPONIBLE,SANTIAGO,60000.0,50000.0,,,
UNO WAY 20149,Sensor Abs,,DISPONIBLE,SANTIAGO,25000.0,20000.0,,,
UNO WAY 20149,Servofreno,,DISPONIBLE,,55000.0,50000.0,,,Sin ubicación
UNO WAY 20149,Sinóptico,,DISPONIBLE,SANTIAGO,55000.0,50000.0,,,
UNO WAY 20149,Tapa De Bencina,Exterior,DISPONIBLE,SANTIAGO,25000.0,20000.0,,,
UNO WAY 20149,Tapa Fusibles,,DISPONIBLE,,35000.0,30000.0,,,Sin ubicación
UNO WAY 20149,Tapa Porta Filtro,,VENDIDO,SANTIAGO,,,,,
UNO WAY 20149,Tapabarros,,NO DISPONIBLE,,,,,,Sin ubicación
UNO WAY 20149,Tirante De Puerta,Delantera Izquierda,DISPONIBLE,SANTIAGO,15000.0,10000.0,,,
UNO WAY 20149,Tirante De Puerta,Delantera Derecha,DISPONIBLE,SANTIAGO,15000.0,10000.0,,,
UNO WAY 20149,Tirante De Puerta Trsera,Derecha,DISPONIBLE,SANTIAGO,15000.0,10000.0,,,
UNO WAY 20149,Vidrio,Delantera Izquierda,NO DISPONIBLE,N/A,,,,,
UNO WAY 20149,Vidrio Luneta,Trasera Izquierda,DISPONIBLE,,35000.0,30000.0,,,Sin ubicación
UNO WAY 20149,Vidrio Puerta,Trasera Izquierda,DISPONIBLE,SANTIAGO,35000.0,30000.0,,,
UNO WAY 20149,Volante,,DISPONIBLE,SANTIAGO,60000.0,55000.0,,,
UNO WAY 20149,Yugo,Trasera,VENDIDO,SANTIAGO,155000.0,145000.0,,,
UNO WAY 20149,,,DISPONIBLE,,,,,,Nombre vacío; Sin ubicación
UNO WAY 20149,,,DISPONIBLE,,,,,,Nombre vacío; Sin ubicación
UNO WAY 20149,,,DISPONIBLE,,,,,,Nombre vacío; Sin ubicación
UNO WAY 20149,,,DISPONIBLE,,,,,,Nombre vacío; Sin ubicación
UNO WAY 20149,,,DISPONIBLE,,,,,,Nombre vacío; Sin ubicación
UNO WAY 20149,,,DISPONIBLE,,,,,,Nombre vacío; Sin ubicación
UNO WAY 20149,,,DISPONIBLE,,,,,,Nombre vacío; Sin ubicación
UNO WAY 20149,,,DISPONIBLE,,,,,,Nombre vacío; Sin ubicación
UNO WAY 20149,,,DISPONIBLE,,,,,,Nombre vacío; Sin ubicación
UNO WAY 20149,,,DISPONIBLE,,,,,,Nombre vacío; Sin ubicación
UNO WAY 20149,,,DISPONIBLE,,,,,,Nombre vacío; Sin ubicación
UNO WAY 20149,,,DISPONIBLE,,,,,,Nombre vacío; Sin ubicación
UNO WAY 20149,,,DISPONIBLE,,,,,,Nombre vacío; Sin ubicación
UNO WAY 20149,,,DISPONIBLE,,,,,,Nombre vacío; Sin ubicación
UNO WAY 20149,,,DISPONIBLE,,,,,,Nombre vacío; Sin ubicación
UNO WAY 20149,,,DISPONIBLE,,,,,,Nombre vacío; Sin ubicación
UNO WAY 20149,,,DISPONIBLE,,,,,,Nombre vacío; Sin ubicación
UNO WAY 20149,,,DISPONIBLE,,,,,,Nombre vacío; Sin ubicación
UNO WAY 20149,,,DISPONIBLE,,,,,,Nombre vacío; Sin ubicación
UNO WAY 20149,,,DISPONIBLE,,,,,,Nombre vacío; Sin ubicación
UNO WAY 20149,,,DISPONIBLE,,,,,,Nombre vacío; Sin ubicación
UNO WAY 20149,,,DISPONIBLE,,,,,,Nombre vacío; Sin ubicación
UNO WAY 20149,,,DISPONIBLE,,,,,,Nombre vacío; Sin ubicación
UNO WAY 20149,,,DISPONIBLE,,,,,,Nombre vacío; Sin ubicación
UNO WAY 20149,,,DISPONIBLE,,,,,,Nombre vacío; Sin ubicación
UNO WAY 20149,,,DISPONIBLE,,,,,,Nombre vacío; Sin ubicación
UNO WAY 20149,,,DISPONIBLE,,,,,,Nombre vacío; Sin ubicación
UNO WAY 20149,,,DISPONIBLE,,,,,,Nombre vacío; Sin ubicación
UNO WAY 20149,,,DISPONIBLE,,,,,,Nombre vacío; Sin ubicación
UNO WAY 20149,,,DISPONIBLE,,,,,,Nombre vacío; Sin ubicación
UNO WAY 20149,,,DISPONIBLE,,,,,,Nombre vacío; Sin ubicación
UNO WAY 20149,,,DISPONIBLE,,,,,,Nombre vacío; Sin ubicación
UNO WAY 20149,,,DISPONIBLE,,,,,,Nombre vacío; Sin ubicación
UNO WAY 20149,,,DISPONIBLE,,,,,,Nombre vacío; Sin ubicación
UNO WAY 20149,,,DISPONIBLE,,,,,,Nombre vacío; Sin ubicación
UNO WAY 20149,,,DISPONIBLE,,,,,,Nombre vacío; Sin ubicación
UNO WAY 20149,,,DISPONIBLE,,,,,,Nombre vacío; Sin ubicación
UNO WAY 20149,,,DISPONIBLE,,,,,,Nombre vacío; Sin ubicación
UNO WAY 20149,,,DISPONIBLE,,,,,,Nombre vacío; Sin ubicación
UNO WAY 20149,,,DISPONIBLE,,,,,,Nombre vacío; Sin ubicación
UNO WAY 20149,,,DISPONIBLE,,,,,,Nombre vacío; Sin ubicación
UNO WAY 20149,,,DISPONIBLE,,,,,,Nombre vacío; Sin ubicación
UNO WAY 20149,,,DISPONIBLE,,,,,,Nombre vacío; Sin ubicación
UNO WAY 20149,,,DISPONIBLE,,,,,,Nombre vacío; Sin ubicación
UNO WAY 20149,,,DISPONIBLE,,,,,,Nombre vacío; Sin ubicación
UNO WAY 20149,,,DISPONIBLE,,,,,,Nombre vacío; Sin ubicación
UNO WAY 20149,,,DISPONIBLE,,,,,,Nombre vacío; Sin ubicación
UNO WAY 20149,,,DISPONIBLE,,,,,,Nombre vacío; Sin ubicación
UNO WAY 20149,,,DISPONIBLE,,,,,,Nombre vacío; Sin ubicación
UNO WAY 20149,,,DISPONIBLE,,,,,,Nombre vacío; Sin ubicación
UNO WAY 20149,,,DISPONIBLE,,,,,,Nombre vacío; Sin ubicación
UNO WAY 20149,,,DISPONIBLE,,,,,,Nombre vacío; Sin ubicación
UNO WAY 20149,,,DISPONIBLE,,,,,,Nombre vacío; Sin ubicación
UNO WAY 20149,,,DISPONIBLE,,,,,,Nombre vacío; Sin ubicación
UNO WAY 20149,,,DISPONIBLE,,,,,,Nombre vacío; Sin ubicación
UNO WAY 20149,,,DISPONIBLE,,,,,,Nombre vacío; Sin ubicación
UNO WAY 20149,,,DISPONIBLE,,,,,,Nombre vacío; Sin ubicación
UNO WAY 20149,,,DISPONIBLE,,,,,,Nombre vacío; Sin ubicación
UNO WAY 20149,,,DISPONIBLE,,,,,,Nombre vacío; Sin ubicación
UNO WAY 20149,,,DISPONIBLE,,,,,,Nombre vacío; Sin ubicación
UNO WAY 20149,,,DISPONIBLE,,,,,,Nombre vacío; Sin ubicación
UNO WAY 20149,,,DISPONIBLE,,,,,,Nombre vacío; Sin ubicación
UNO WAY 20149,,,DISPONIBLE,,,,,,Nombre vacío; Sin ubicación
UNO WAY 20149,,,DISPONIBLE,,,,,,Nombre vacío; Sin ubicación
UNO WAY 20149,,,DISPONIBLE,,,,,,Nombre vacío; Sin ubicación
UNO WAY 20149,,,DISPONIBLE,,,,,,Nombre vacío; Sin ubicación
UNO WAY 20149,,,DISPONIBLE,,,,,,Nombre vacío; Sin ubicación
UNO WAY 20149,,,DISPONIBLE,,,,,,Nombre vacío; Sin ubicación
UNO WAY 20149,,,DISPONIBLE,,,,,,Nombre vacío; Sin ubicación
VERNA 2021,Absorbedor De Impacto,,DISPONIBLE,,25000.0,20000.0,,REVISAR QUÉ LADO ES,Sin ubicación
VERNA 2021,Alternador,,DISPONIBLE,SANTIAGO,100000.0,90000.0,,PRECIO ACTUALIZADO ,
VERNA 2021,Amortiguador,Delantera Izquierda,NO DISPONIBLE,,80000.0,75000.0,,,Sin ubicación
VERNA 2021,Amortiguador,Delantera Derecha,DISPONIBLE,SANTIAGO,80000.0,75000.0,,,
VERNA 2021,Amortiguador,Trasera Izquierda,DISPONIBLE,SANTIAGO,30000.0,25000.0,,,
VERNA 2021,Amortiguador,Trasera Derecha,DISPONIBLE,SANTIAGO,30000.0,25000.0,,,
VERNA 2021,Asiento,Delantera Derecha,DISPONIBLE,,55000.0,50000.0,,,Sin ubicación
VERNA 2021,Asiento,Delantera Izquierda,DISPONIBLE,,75000.0,70000.0,,,Sin ubicación
VERNA 2021,Asientos,Trasera,DISPONIBLE,REQUINOA,50000.0,45000.0,,,
VERNA 2021,Auxiliar Usb,,DISPONIBLE,SANTIAGO,25000.0,20000.0,,,
VERNA 2021,Bandeja,Delantera Derecha,DISPONIBLE,SANTIAGO,60000.0,50000.0,,,
VERNA 2021,Bandeja,Delantera Izquierda,VENDIDO,SANTIAGO,60000.0,50000.0,,,
VERNA 2021,Bieleta,,DISPONIBLE,,10000.0,10000.0,,,Sin ubicación
VERNA 2021,Bisagras Puerta,Delantera Izquierda,DISPONIBLE,SANTIAGO,,,,SUPERIOR O INFERIOR,
VERNA 2021,Bisagras Puerta,Delantera Derecha,DISPONIBLE,SANTIAGO,,,,SUPERIOR O INFERIOR,
VERNA 2021,Bisagras Puerta,Trasera Izquierda,DISPONIBLE,SANTIAGO,,,,SUPERIOR O INFERIOR,
VERNA 2021,Bisagras Puerta,Trasera Derecha,DISPONIBLE,SANTIAGO,,,,SUPERIOR O INFERIOR,
VERNA 2021,Bobina,,DISPONIBLE,SANTIAGO,25000.0,20000.0,,,
VERNA 2021,Bobina,,DISPONIBLE,SANTIAGO,25000.0,20000.0,,,
VERNA 2021,Bobina,,DISPONIBLE,SANTIAGO,25000.0,20000.0,,,
VERNA 2021,Bobina,,DISPONIBLE,SANTIAGO,25000.0,20000.0,,,
VERNA 2021,Bomba De Agua,,DISPONIBLE,,20000.0,20000.0,,,Sin ubicación
VERNA 2021,Bomba De Bencina,,DISPONIBLE,SANTIAGO,10000.0,90000.0,,,
VERNA 2021,Bomba De Freno Con Depósito,,DISPONIBLE,SANTIAGO,60000.0,50000.0,,,
VERNA 2021,Bomba De Pedal De Embrague,,DISPONIBLE,SANTIAGO,,,,,
VERNA 2021,Botón De Alzavidrios,Trasera Izquierda,DISPONIBLE,SANTIAGO,,,,,
VERNA 2021,Botón De Alzavidrios,Trasera Derecha,DISPONIBLE,SANTIAGO,,,,,
VERNA 2021,Botonera Alzavidrios,Delantera Izquierda,POR CONFIRMAR,,45000.0,40000.0,,,Estado inusual: POR CONFIRMAR; Sin ubicación
VERNA 2021,Brazo Limpiaparabrisas,Izquierda,DISPONIBLE,SANTIAGO,,,,,
VERNA 2021,Brazo Limpiaparabrisas,Derecha,DISPONIBLE,SANTIAGO,,,,,
VERNA 2021,Brazo Limpiaparabrisas,Trasera Portalon,DISPONIBLE,SANTIAGO,,,,,
VERNA 2021,Caja De Cambios,,VENDIDO,SANTIAGO,260000.0,260000.0,,PRECIO ACTUALIZADO,
VERNA 2021,Cajetín,,DISPONIBLE,SANTIAGO,,,,,
VERNA 2021,Caliper,Delantera Izquierda,DISPONIBLE,SANTIAGO,85000.0,80000.0,,,
VERNA 2021,Caliper,Delantera Derecha,DISPONIBLE,SANTIAGO,85000.0,80000.0,,,
VERNA 2021,Caliper,Trasera Izquierda,DISPONIBLE,SANTIAGO,75000.0,70000.0,,,
VERNA 2021,Caliper,Trasera Derecha,DISPONIBLE,SANTIAGO,75000.0,70000.0,,,
VERNA 2021,Cámara De Retroceso,,DISPONIBLE,,25000.0,20000.0,,,Sin ubicación
VERNA 2021,Canerías De Aire,,DISPONIBLE,SANTIAGO,60000.0,50000.0,,,
VERNA 2021,Capot,,NO DISPONIBLE,,,,,,Sin ubicación
VERNA 2021,Catalítico,,VENDIDO,SANTIAGO,55000.0,50000.0,,,
VERNA 2021,Chapa Capot,,DISPONIBLE,SANTIAGO,35000.0,30000.0,,,
VERNA 2021,Chapa Maleta,,DISPONIBLE,SANTIAGO,35000.0,30000.0,,,
VERNA 2021,Chapa Puerta,Delantera Derecha,DISPONIBLE,SANTIAGO,45000.0,40000.0,,,
VERNA 2021,Cinta De Airbag,,DISPONIBLE,SANTIAGO,35000.0,30000.0,,REVISAR SI ESTA BUENA,
VERNA 2021,Cinturón,Delantera Derecha,DISPONIBLE,SANTIAGO,,,,REVISAR SI ESTÁ BLOQUEADO,
VERNA 2021,Columna De Direccion Electronica,,VENDIDO,SANTIAGO,150000.0,140000.0,,,
VERNA 2021,Columna De Dirección,Inferior,VENDIDO,SANTIAGO,,,,,
VERNA 2021,Columna De Dirección,Superior,NO DISPONIBLE,SANTIAGO,,,,,
VERNA 2021,Compresor Aire,,DISPONIBLE,SANTIAGO,90000.0,80000.0,,,
VERNA 2021,Corte Cola,,VENDIDO,SANTIAGO,160000.0,150000.0,,,
VERNA 2021,Cremallera Alzavidrio,Trasera Derecha,DISPONIBLE,SANTIAGO,45000.0,40000.0,,,
VERNA 2021,Cremallera De Alzavidrio,Delantera Izquierda,DISPONIBLE,SANTIAGO,45000.0,40000.0,,,
VERNA 2021,Cremallera De Alzavidrio,Trasera Izquierda,DISPONIBLE,SANTIAGO,45000.0,40000.0,,,
VERNA 2021,Cremallera De Dirección,,DISPONIBLE,SANTIAGO,45000.0,40000.0,,,
VERNA 2021,Cubre Rueda De Repuesto,,DISPONIBLE,REQUINOA,30000.0,25000.0,,,
VERNA 2021,Cuerpo De Aceleracion,,VENDIDO,SANTIAGO,150000.0,140000.0,,,
VERNA 2021,Cuna,,VENDIDO,SANTIAGO,83300.0,70000.0,,,
VERNA 2021,Depósito De Limpiaparabrisas,,NO DISPONIBLE,SANTIAGO,,,,MALO,
VERNA 2021,Disco De Freno,Delantera Izquierda,DISPONIBLE,SANTIAGO,25000.0,20000.0,,,
VERNA 2021,Disco De Freno,Delantera Derecha,DISPONIBLE,SANTIAGO,25000.0,20000.0,,,
VERNA 2021,Disco De Freno,Trasera Izquierda,DISPONIBLE,SANTIAGO,20000.0,15000.0,,,
VERNA 2021,Disco De Freno,Trasera Derecha,DISPONIBLE,SANTIAGO,20000.0,15000.0,,,
VERNA 2021,Ecu,,DISPONIBLE,SANTIAGO,160000.0,150000.0,,,
VERNA 2021,Eje Palier,Derecha,VENDIDO,,100000.0,90000.0,,,Sin ubicación
VERNA 2021,Eje Palier,Izquierda,DISPONIBLE,SANTIAGO,90000.0,80000.0,,,
VERNA 2021,Eje Solo,Trasera,VENDIDO,,160000.0,150000.0,,,Sin ubicación
VERNA 2021,Electroventilador,,NO DISPONIBLE,N/A,,,,,
VERNA 2021,Encendedor De Cigarros,,DISPONIBLE,SANTIAGO,15000.0,10000.0,,,
VERNA 2021,Espejo,Central,DISPONIBLE,SANTIAGO,,,,,
VERNA 2021,Espejo,Derecha,VENDIDO,SANTIAGO,55000.0,50000.0,,,
VERNA 2021,Espejo,Izquierda,NO DISPONIBLE,SANTIAGO,0.0,0.0,,,
VERNA 2021,Espiral,Trasera Izquierda,DISPONIBLE,,25000.0,20000.0,,,Sin ubicación
VERNA 2021,Espiral,Trasera Derecha,DISPONIBLE,,25000.0,20000.0,,,Sin ubicación
VERNA 2021,Foco,Trasera Derecha,VENDIDO,SANTIAGO,45000.0,40000.0,,,
VERNA 2021,Foco,Trasera Izquierda,VENDIDO,SANTIAGO,60000.0,50000.0,,,
VERNA 2021,Frontal Superior,Delantera Superior,NO DISPONIBLE,SANTIAGO,60000.0,50000.0,,,
VERNA 2021,Funda De Parachoque,Delantera,NO DISPONIBLE,N/A,,,,,
VERNA 2021,Funda De Parachoque,Trasera,DISPONIBLE,SANTIAGO,50000.0,40000.0,,DETALLE,
VERNA 2021,Goma Contorno De Maleta,,DISPONIBLE,SANTIAGO,,,,,
VERNA 2021,Goma Contorno De Puerta,Trasera Izquierda,DISPONIBLE,SANTIAGO,,,,,
VERNA 2021,Goma Contorno De Puerta,Trasera Derecha,DISPONIBLE,SANTIAGO,,,,,
VERNA 2021,Guantera,,VENDIDO,SANTIAGO,25000.0,20000.0,,,
VERNA 2021,Guardafango,Delantera Izquierda,NO DISPONIBLE,SANTIAGO,,,,,
VERNA 2021,Guardafango,Trasera Izquierda,DISPONIBLE,SANTIAGO,25000.0,20000.0,,,
VERNA 2021,Guardafango,Trasera Derecha,DISPONIBLE,,25000.0,20000.0,,,Sin ubicación
VERNA 2021,Kit De Embreage,,DISPONIBLE,,55000.0,50000.0,,,Sin ubicación
VERNA 2021,Llanta Con Neumático,,VENDIDO,SANTIAGO,80000.0,70000.0,,,
VERNA 2021,Llanta Con Neumático,,VENDIDO,SANTIAGO,80000.0,70000.0,,,
VERNA 2021,Llanta Con Neumático Con Detalle,,DISPONIBLE,,,,,,Sin ubicación
VERNA 2021,Luneta,Trasera,VENDIDO,SANTIAGO,110000.0,100000.0,,,
VERNA 2021,Maleta Solo Lata,,VENDIDO,SANTIAGO,130000.0,120000.0,,,
VERNA 2021,Manilla De Techo,Delantera Derecha,DISPONIBLE,SANTIAGO,,,,,
VERNA 2021,Manilla De Techo,Trasera Izquierda,DISPONIBLE,SANTIAGO,,,,,
VERNA 2021,Manilla De Techo,Trasera Derecha,DISPONIBLE,SANTIAGO,,,,,
VERNA 2021,Manilla Puerta,Delantera Izquierda Exterior,DISPONIBLE,SANTIAGO,30000.0,25000.0,,,
VERNA 2021,Manilla Puerta,Delantera Derecha Exterior,VENDIDO,SANTIAGO,25000.0,20000.0,,,
VERNA 2021,Manilla Puerta,Trasera Izquierda Exterior,DISPONIBLE,SANTIAGO,25000.0,20000.0,,,
VERNA 2021,Manilla Puerta,Trasera Derecha Exterior,DISPONIBLE,SANTIAGO,25000.0,20000.0,,,
VERNA 2021,Manilla Apertura Capot,Interior,DISPONIBLE,SANTIAGO,,,,,
VERNA 2021,Manilla Apertura Maleta,Interior,DISPONIBLE,SANTIAGO,,,,,
VERNA 2021,Manilla Apertura Tapa De Bencina,Interior,DISPONIBLE,SANTIAGO,,,,,
VERNA 2021,Manilla Puerta,Delantera Derecha Interior,DISPONIBLE,SANTIAGO,,,,,
VERNA 2021,Manilla Puerta,Trasera Derecha Interior,DISPONIBLE,SANTIAGO,,,,,
VERNA 2021,Maza,Trasera Izquierda,DISPONIBLE,,,,,,Sin ubicación
VERNA 2021,Maza,Trasera Derecha,DISPONIBLE,,,,,,Sin ubicación
VERNA 2021,Ménsula,Trasera Izquierda,DISPONIBLE,SANTIAGO,10000.0,10000.0,,REPARADA,
VERNA 2021,Ménsula,Trasera Derecha,VENDIDO,,15000.0,15000.0,,,Sin ubicación
VERNA 2021,Módulo Abs,,DISPONIBLE,SANTIAGO,83300.0,70000.0,,,
VERNA 2021,Moldura Techo,Izquierda,DISPONIBLE,SANTIAGO,30000.0,25000.0,,,
VERNA 2021,Moldura Techo,Derecha,VENDIDO,SANTIAGO,45000.0,40000.0,,,
VERNA 2021,Motor De Calefacción,,DISPONIBLE,SANTIAGO,35000.0,30000.0,,,
VERNA 2021,Motor De Partida,,DISPONIBLE,SANTIAGO,90000.0,80000.0,,PRECIO ACTUALIZADO ,
VERNA 2021,Motor Facturable,,VENDIDO,SANTIAGO,790000.0,750000.0,,PRECIO ACTUALIZADO ,
VERNA 2021,Multiple De Admision,,VENDIDO,,60000.0,50000.0,,,Sin ubicación
VERNA 2021,Muñón Con Maza,Delantera Izquierda,DISPONIBLE,,80000.0,70000.0,,,Sin ubicación
VERNA 2021,Muñón Con Maza,Delantera Derecha,DISPONIBLE,,80000.0,70000.0,,,Sin ubicación
VERNA 2021,Óptico,Izquierda,NO DISPONIBLE,N/A,,,,,
VERNA 2021,Óptico,Derecha,NO DISPONIBLE,N/A,,,,,
VERNA 2021,Palanca De Cambios,,DISPONIBLE,SANTIAGO,,,,,
VERNA 2021,Palanca Freno De Mano,,DISPONIBLE,SANTIAGO,,,,,
VERNA 2021,Parabrisas,,NO DISPONIBLE,,0.0,0.0,,,Sin ubicación
VERNA 2021,Parasol,Izquierda,DISPONIBLE,SANTIAGO,20000.0,15000.0,,,
VERNA 2021,Parasol,Derecha,DISPONIBLE,SANTIAGO,20000.0,15000.0,,,
VERNA 2021,Pedal De Freno,,DISPONIBLE,SANTIAGO,,,,,
VERNA 2021,Piolas Palancas De Cambio,,VENDIDO,SANTIAGO,55000.0,50000.0,,,
VERNA 2021,Plástico Fusilera,,VENDIDO,SANTIAGO,0.0,0.0,,,
VERNA 2021,Porta Filtro,,DISPONIBLE,SANTIAGO,,,,"CON DETALLE, PEDIR FOTO",
VERNA 2021,Prensa O Kit De Embrague,,DISPONIBLE,,75000.0,70000.0,,"(DISCO, PRENSA Y RODAMIENTO DE EMPUJE)",Sin ubicación
VERNA 2021,Puerta Solo Lata,Delantera Derecha,VENDIDO,SANTIAGO,190000.0,180000.0,,ESTÁ COMPLETA,
VERNA 2021,Puerta Solo Lata,Trasera Derecha,VENDIDO,SANTIAGO,180000.0,170000.0,,,
VERNA 2021,Radiador De Agua O Líquido Refrigerante,,NO DISPONIBLE,N/A,,,,,
VERNA 2021,Radiador De Calefacción,,DISPONIBLE,SANTIAGO,30000.0,25000.0,,,
VERNA 2021,Radio,,VENDIDO,SANTIAGO,75000.0,70000.0,,,
VERNA 2021,Ramal Completo,Delantera,VENDIDO,SANTIAGO,80000.0,80000.0,,,"Termino especial ""completo"""
VERNA 2021,Reflactante,Trasera Izquierda,DISPONIBLE,SANTIAGO,15000.0,10000.0,,,
VERNA 2021,Reflectante Parachoque,Trasera Izquierda,DISPONIBLE,,15000.0,10000.0,,,Sin ubicación
VERNA 2021,Resistencia De Calefacción,Interior,DISPONIBLE,SANTIAGO,25000.0,20000.0,,,
VERNA 2021,Riel Inyección,,DISPONIBLE,,35700.0,30000.0,,sin inyectores,Sin ubicación
VERNA 2021,Sensor De Oxígeno Posición,,DISPONIBLE,SANTIAGO,35000.0,30000.0,,,
VERNA 2021,Sensor De Retroceso,,VENDIDO,SANTIAGO,30000.0,25000.0,,,
VERNA 2021,Sensor De Retroceso,,DISPONIBLE,SANTIAGO,30000.0,25000.0,,,
VERNA 2021,Sensor De Retroceso,,DISPONIBLE,SANTIAGO,30000.0,25000.0,,,
VERNA 2021,Sensor Map,,DISPONIBLE,,25000.0,20000.0,,,Sin ubicación
VERNA 2021,Sensor Oxígeno Banco,,VENDIDO,SANTIAGO,50000.0,50000.0,,,
VERNA 2021,Sensor,Trasera,VENDIDO,,,,,,Sin ubicación
VERNA 2021,Sensores Abs,,DISPONIBLE,SANTIAGO,25000.0,20000.0,,CUALES?,
VERNA 2021,Servo Freno,,DISPONIBLE,SANTIAGO,35700.0,30000.0,,,
VERNA 2021,Sinóptico,,DISPONIBLE,,60000.0,50000.0,,,Sin ubicación
VERNA 2021,Soporte De Motor,Derecha,DISPONIBLE,SANTIAGO,40000.0,35000.0,,,
VERNA 2021,Tapa De Bencina,Exterior,DISPONIBLE,SANTIAGO,25000.0,20000.0,,,
VERNA 2021,Tapa De Bencina,Interior,DISPONIBLE,SANTIAGO,15000.0,10000.0,,,
VERNA 2021,Tapabarro,Izquierda,NO DISPONIBLE,N/A,,,,,
VERNA 2021,Tapabarro,Derecha,VENDIDO,SANTIAGO,75000.0,65000.0,,POCO DETALLE,
VERNA 2021,Tapiz De Puerta,Delantera Izquierda,DISPONIBLE,SANTIAGO,,,,,
VERNA 2021,Tapiz De Puerta,Trasera Izquierda,DISPONIBLE,SANTIAGO,,,,,
VERNA 2021,Telecomando,,DISPONIBLE,SANTIAGO,60000.0,50000.0,,,
VERNA 2021,Tirante Puerta,Delantera Izquierda,DISPONIBLE,,15000.0,15000.0,,,Sin ubicación
VERNA 2021,Tirante Puerta,Delantera Derecha,DISPONIBLE,,15000.0,15000.0,,,Sin ubicación
VERNA 2021,Tirante Puerta,Trasera Izquierda,DISPONIBLE,,15000.0,15000.0,,,Sin ubicación
VERNA 2021,Tirante Puerta,Trasera Derecha,DISPONIBLE,SANTIAGO,15000.0,15000.0,,,
VERNA 2021,Varilla Capot,,DISPONIBLE,SANTIAGO,,,,,
VERNA 2021,Vidrio Puerta,Trasera Izquierda,DISPONIBLE,SANTIAGO,50000.0,40000.0,,,
VERNA 2021,Vidrio Puerta,Trasera Derecha,DISPONIBLE,SANTIAGO,50000.0,40000.0,,,
VERNA 2021,Volante,,DISPONIBLE,SANTIAGO,60000.0,50000.0,,,
VERNA 2021,,,DISPONIBLE,,,,,,Nombre vacío; Sin ubicación
VERNA 2021,,,DISPONIBLE,,,,,,Nombre vacío; Sin ubicación
VERNA 2021,,,DISPONIBLE,,,,,,Nombre vacío; Sin ubicación
VERNA 2021,,,DISPONIBLE,,,,,,Nombre vacío; Sin ubicación
VERNA 2021,,,DISPONIBLE,,,,,,Nombre vacío; Sin ubicación
VERNA 2021,,,DISPONIBLE,,,,,,Nombre vacío; Sin ubicación
VERNA 2021,,,DISPONIBLE,,,,,,Nombre vacío; Sin ubicación
VERNA 2021,,,DISPONIBLE,,,,,,Nombre vacío; Sin ubicación
VERNA 2021,,,DISPONIBLE,,,,,,Nombre vacío; Sin ubicación
VERNA 2021,,,DISPONIBLE,,,,,,Nombre vacío; Sin ubicación
VERNA 2021,,,DISPONIBLE,,,,,,Nombre vacío; Sin ubicación
VERNA 2021,,,DISPONIBLE,,,,,,Nombre vacío; Sin ubicación
VERNA 2021,,,DISPONIBLE,,,,,,Nombre vacío; Sin ubicación
VERNA 2021,,,DISPONIBLE,,,,,,Nombre vacío; Sin ubicación
VERNA 2021,,,DISPONIBLE,,,,,,Nombre vacío; Sin ubicación
VERNA 2021,,,DISPONIBLE,,,,,,Nombre vacío; Sin ubicación
VERNA 2021,,,DISPONIBLE,,,,,,Nombre vacío; Sin ubicación
VERNA 2021,,,DISPONIBLE,,,,,,Nombre vacío; Sin ubicación
VERNA 2021,,,DISPONIBLE,,,,,,Nombre vacío; Sin ubicación
VERNA 2021,,,DISPONIBLE,,,,,,Nombre vacío; Sin ubicación
VERNA 2021,,,DISPONIBLE,,,,,,Nombre vacío; Sin ubicación
VERNA 2021,,,DISPONIBLE,,,,,,Nombre vacío; Sin ubicación
VERNA 2021,,,DISPONIBLE,,,,,,Nombre vacío; Sin ubicación
VERNA 2021,,,DISPONIBLE,,,,,,Nombre vacío; Sin ubicación
VERNA 2021,,,DISPONIBLE,,,,,,Nombre vacío; Sin ubicación
VERNA 2021,,,DISPONIBLE,,,,,,Nombre vacío; Sin ubicación
VERNA 2021,,,DISPONIBLE,,,,,,Nombre vacío; Sin ubicación
VERNA 2021,,,DISPONIBLE,,,,,,Nombre vacío; Sin ubicación
VERNA 2021,,,DISPONIBLE,,,,,,Nombre vacío; Sin ubicación
VERNA 2021,,,DISPONIBLE,,,,,,Nombre vacío; Sin ubicación
VERNA 2021,,,DISPONIBLE,,,,,,Nombre vacío; Sin ubicación
VERNA 2021,,,DISPONIBLE,,,,,,Nombre vacío; Sin ubicación
VERNA 2021,,,,,,,,,Nombre vacío; Sin estado de stock; Sin ubicación
VERNA 2021,,,,,,,,,Nombre vacío; Sin estado de stock; Sin ubicación
VERNA 2021,,,,,,,,,Nombre vacío; Sin estado de stock; Sin ubicación
VERNA 2021,,,,,,,,,Nombre vacío; Sin estado de stock; Sin ubicación
VERNA 2021,,,,,,,,,Nombre vacío; Sin estado de stock; Sin ubicación
VERNA 2021,,,,,,,,,Nombre vacío; Sin estado de stock; Sin ubicación
VERNA 2021,,,,,,,,,Nombre vacío; Sin estado de stock; Sin ubicación
VERNA 2021,,,,,,,,,Nombre vacío; Sin estado de stock; Sin ubicación
VERNA 2021,,,,,,,,,Nombre vacío; Sin estado de stock; Sin ubicación
VERNA 2021,,,,,,,,,Nombre vacío; Sin estado de stock; Sin ubicación
VERNA 2021,,,,,,,,,Nombre vacío; Sin estado de stock; Sin ubicación
VERNA 2021,,,,,,,,,Nombre vacío; Sin estado de stock; Sin ubicación
VERNA 2021,,,,,,,,,Nombre vacío; Sin estado de stock; Sin ubicación
VERNA 2021,,,,,,,,,Nombre vacío; Sin estado de stock; Sin ubicación
VERNA 2021,,,,,,,,,Nombre vacío; Sin estado de stock; Sin ubicación
VERNA 2021,,,,,,,,,Nombre vacío; Sin estado de stock; Sin ubicación
VERNA 2021,,,,,,,,,Nombre vacío; Sin estado de stock; Sin ubicación
VERNA 2021,,,,,,,,,Nombre vacío; Sin estado de stock; Sin ubicación
VERNA 2021,,,,,,,,,Nombre vacío; Sin estado de stock; Sin ubicación
VERNA 2021,,,,,,,,,Nombre vacío; Sin estado de stock; Sin ubicación
VERNA 2021,,,,,,,,,Nombre vacío; Sin estado de stock; Sin ubicación
VERNA 2021,,,,,,,,,Nombre vacío; Sin estado de stock; Sin ubicación
VERNA 2021,,,,,,,,,Nombre vacío; Sin estado de stock; Sin ubicación
VERSA 2022,Alfombra Capot,,VENDIDO,SANTIAGO,,,,,
VERSA 2022,Alternador,,DISPONIBLE,SANTIAGO,100000.0,90000.0,,,
VERSA 2022,Amortiguador,Delantera Izquierda,VENDIDO,SANTIAGO,65000.0,60000.0,,,
VERSA 2022,Amortiguador Delnatero,Derecha,VENDIDO,SANTIAGO,65000.0,60000.0,,,
VERSA 2022,Amortigudor,Trasera Izquierda,DISPONIBLE,SANTIAGO,,,,,
VERSA 2022,Amortigudor,Trasera Derecha,DISPONIBLE,SANTIAGO,,,,,
VERSA 2022,Asiento,Delantera Izquierda,VENDIDO,SANTIAGO,80000.0,70000.0,,,
VERSA 2022,Asiento,Delantera Derecha,VENDIDO,SANTIAGO,80000.0,70000.0,,,
VERSA 2022,Auxiliar Usb,,DISPONIBLE,SANTIAGO,20000.0,15000.0,,,
VERSA 2022,Bandeja,Derecha,VENDIDO,SANTIAGO,45000.0,40000.0,,,
VERSA 2022,Bandeja,Izquierda,VENDIDO,SANTIAGO,45000.0,40000.0,,,
VERSA 2022,Base De Termostato,,DISPONIBLE,SANTIAGO,35700.0,30000.0,,,
VERSA 2022,Base Soporte,Inferior,DISPONIBLE,,35000.0,30000.0,,,Sin ubicación
VERSA 2022,Bieleta,Izquierda,VENDIDO,SANTIAGO,10000.0,10000.0,,,
VERSA 2022,Bieleta,Derecha,VENDIDO,SANTIAGO,10000.0,10000.0,,,
VERSA 2022,Bisagra Puerta,Trasera Izquierda,DISPONIBLE,SANTIAGO,,,,INFERIOR,
VERSA 2022,Bisagras Capot,,VENDIDO,SANTIAGO,55000.0,50000.0,,,
VERSA 2022,Bisagras Puerta,Trasera Derecha,DISPONIBLE,SANTIAGO,,,,SUPERIOR E INFERIOR,
VERSA 2022,Bobina,,DISPONIBLE,SANTIAGO,25000.0,20000.0,,,
VERSA 2022,Bobina,,DISPONIBLE,SANTIAGO,25000.0,20000.0,,,
VERSA 2022,Bobina,,DISPONIBLE,SANTIAGO,25000.0,20000.0,,,
VERSA 2022,Bobina,,DISPONIBLE,SANTIAGO,25000.0,20000.0,,,
VERSA 2022,Bomba De Agua,,VENDIDO,SANTIAGO,50000.0,45000.0,,,
VERSA 2022,Bomba De Bencina,,VENDIDO,SANTIAGO,95000.0,85000.0,,,
VERSA 2022,Bomba De Freno Con Depósito,,DISPONIBLE,,70000.0,65000.0,,,Sin ubicación
VERSA 2022,Botón Alzavidrios,Trasera Izquierda,DISPONIBLE,SANTIAGO,,,,,
VERSA 2022,Botón Alzavidrios,Trasera Derecha,DISPONIBLE,SANTIAGO,,,,,
VERSA 2022,Botonera,Delantera Izquierda,VENDIDO,SANTIAGO,105000.0,95000.0,,,
VERSA 2022,Brazo Limpia Parabrisas,Izquierda,DISPONIBLE,SANTIAGO,,,,,
VERSA 2022,Brazo Limpia Parabrisas,Derecha,DISPONIBLE,SANTIAGO,,,,,
VERSA 2022,Caja,,VENDIDO,SANTIAGO,430000.0,400000.0,,,
VERSA 2022,Caliper,Delantera Izquierda,DISPONIBLE,SANTIAGO,60000.0,55000.0,,,
VERSA 2022,Caliper,Delantera Derecha,DISPONIBLE,SANTIAGO,60000.0,55000.0,,,
VERSA 2022,Capot (Con Detalle),,NO DISPONIBLE,N/A,35000.0,30000.0,,,
VERSA 2022,Catalítico,,VENDIDO,SANTIAGO,0.0,0.0,,AL MONTÓN,
VERSA 2022,Chapa Capot,,DISPONIBLE,SANTIAGO,25000.0,20000.0,,,
VERSA 2022,Cinta De Airbag,,DISPONIBLE,SANTIAGO,35000.0,30000.0,,,
VERSA 2022,Cinturón,Trasera Central,DISPONIBLE,SANTIAGO,,,,,
VERSA 2022,Columna De Dirección,,DISPONIBLE,SANTIAGO,110000.0,100000.0,,,
VERSA 2022,Compresor De Aire Acondicionado,,DISPONIBLE,SANTIAGO,90000.0,80000.0,,,
VERSA 2022,Conector Puerta,Delantera Izquierda,DISPONIBLE,SANTIAGO,20000.0,15000.0,,,
VERSA 2022,Corte,Delantera Izquierda,VENDIDO,,65000.0,65000.0,,,Sin ubicación
VERSA 2022,Corte,Delantera Derecha,VENDIDO,,65000.0,65000.0,,,Sin ubicación
VERSA 2022,Cremallera De Alzavidrio,Delantera Derecha,DISPONIBLE,SANTIAGO,45000.0,35000.0,,,
VERSA 2022,Cremallera De Alzavidrio,Trasera Izquierda,DISPONIBLE,SANTIAGO,45000.0,35000.0,,,
VERSA 2022,Cremallera De Alzavidrio,Trasera Derecha,DISPONIBLE,SANTIAGO,45000.0,35000.0,,,
VERSA 2022,Cremallera De Dirección,,VENDIDO,,170000.0,160000.0,,,Sin ubicación
VERSA 2022,Cubre Carter,,NO DISPONIBLE,,,,,,Sin ubicación
VERSA 2022,Cubre Maleta,,DISPONIBLE,REQUINOA,20000.0,15000.0,,,
VERSA 2022,Cubre Motor,,NO DISPONIBLE,,,,,,Sin ubicación
VERSA 2022,Cubre Rueda De Repuesto,,NO DISPONIBLE,SANTIAGO,,,,,
VERSA 2022,Cubre Torpedo,Exterior,VENDIDO,SANTIAGO,,,,,
VERSA 2022,Cuerpo De Aceleración,,DISPONIBLE,SANTIAGO,95200.0,80000.0,,,
VERSA 2022,Cuna,,DISPONIBLE,SANTIAGO,150000.0,140000.0,,,
VERSA 2022,Deflectores (Guía De Parachoque),,NO DISPONIBLE,N/A,,,,ROTOS,
VERSA 2022,Depósito De Agua O Líquido Refrigerante,,DISPONIBLE,SANTIAGO,30000.0,25000.0,,,
VERSA 2022,Depósito Limpiaparabrisas,,DISPONIBLE,SANTIAGO,65000.0,60000.0,,,
VERSA 2022,Disco De Freno,Delantera Izquierda,DISPONIBLE,SANTIAGO,30000.0,25000.0,,PUESTO AÚN,
VERSA 2022,Disco De Freno,Delantera Derecha,DISPONIBLE,SANTIAGO,30000.0,25000.0,,PUESTO AÚN,
VERSA 2022,Eje Palier,Derecha,VENDIDO,SANTIAGO,95000.0,90000.0,,,
VERSA 2022,Eje Palier,Izquierda,VENDIDO,SANTIAGO,85000.0,80000.0,,,
VERSA 2022,Eje,Trasera,NO DISPONIBLE,SANTIAGO,,,,MALO,
VERSA 2022,Electroventilador,,VENDIDO,SANTIAGO,190000.0,180000.0,,,
VERSA 2022,Embellecedor Parachoque,,VENDIDO,SANTIAGO,5000.0,5000.0,,,
VERSA 2022,Encendedor De Cigarros,,DISPONIBLE,SANTIAGO,15000.0,10000.0,,,
VERSA 2022,Espejo,Central,DISPONIBLE,,20000.0,15000.0,,,Sin ubicación
VERSA 2022,Espejo,Izquierda,VENDIDO,SANTIAGO,60000.0,50000.0,,,
VERSA 2022,Espejo,Derecha,VENDIDO,SANTIAGO,60000.0,50000.0,,,
VERSA 2022,Evaporizador Calefacción,,VENDIDO,SANTIAGO,60000.0,55000.0,,,
VERSA 2022,Filtro De Aire,,VENDIDO,SANTIAGO,55000.0,55000.0,,,
VERSA 2022,Foco Luz Techo,Interior Central,DISPONIBLE,SANTIAGO,20000.0,15000.0,,,
VERSA 2022,Foco Luz Techo,Delantera Interior,DISPONIBLE,SANTIAGO,25000.0,20000.0,,,
VERSA 2022,Foco,Trasera Derecha Interior,VENDIDO,SANTIAGO,15000.0,10000.0,,TRIZADO Y CON LA PPU MARCADA,
VERSA 2022,Frontal Superior,Delantera Superior,DISPONIBLE,SANTIAGO,60000.0,55000.0,,,
VERSA 2022,Funda De Parachoque (Con Detalle),Delantera,VENDIDO,SANTIAGO,40000.0,35000.0,,,
VERSA 2022,Fusilera Con Ramal,Exterior,DISPONIBLE,,95000.0,85000.0,,,Sin ubicación
VERSA 2022,Gancho O Chapa De Seguridad Capot,,DISPONIBLE,SANTIAGO,25000.0,20000.0,,,
VERSA 2022,Gata,,DISPONIBLE,,25000.0,20000.0,,,Sin ubicación
VERSA 2022,Guardafango,Derecha,VENDIDO,SANTIAGO,35000.0,30000.0,,PREGUNTAR QUE LADO SE VENDIÓ,
VERSA 2022,Guardafango,Izquierda,VENDIDO,SANTIAGO,35000.0,30000.0,,,
VERSA 2022,Kit De Airbag,,VENDIDO,SANTIAGO,550000.0,500000.0,,,
VERSA 2022,Kit Encendido,,VENDIDO,SANTIAGO,370000.0,360000.0,,,
VERSA 2022,Llanta Y Neumático,,VENDIDO,SANTIAGO,55000.0,50000.0,,,Posible múltiple repuesto
VERSA 2022,Llanta Y Neumático,,VENDIDO,SANTIAGO,55000.0,50000.0,,,Posible múltiple repuesto
VERSA 2022,Llanta Y Neumático,,VENDIDO,SANTIAGO,55000.0,50000.0,,,Posible múltiple repuesto
VERSA 2022,Llanta Y Neumático,,DISPONIBLE,SANTIAGO,40000.0,30000.0,,CON DETALLE,Posible múltiple repuesto
VERSA 2022,Logo O Emblema Patente Grabada,Delantera,VENDIDO,SANTIAGO,15000.0,10000.0,,,
VERSA 2022,Luneta Puerta,Trasera Derecha,VENDIDO,SANTIAGO,35000.0,30000.0,,VIDRIO PEQUEÑO,
VERSA 2022,Manilla De Techo,Delantera Derecha,DISPONIBLE,SANTIAGO,,,,,
VERSA 2022,Manilla De Techo,Trasera Izquierda,DISPONIBLE,SANTIAGO,,,,,
VERSA 2022,Manilla De Techo,Trasera Derecha,DISPONIBLE,SANTIAGO,,,,,
VERSA 2022,Manilla,Delantera Izquierda Exterior,DISPONIBLE,SANTIAGO,25000.0,20000.0,,,
VERSA 2022,Manilla,Delantera Derecha Exterior,DISPONIBLE,SANTIAGO,25000.0,20000.0,,,
VERSA 2022,Manilla,Trasera Izquierda Exterior,DISPONIBLE,SANTIAGO,25000.0,20000.0,,,
VERSA 2022,Manilla,Trasera Derecha Exterior,DISPONIBLE,SANTIAGO,25000.0,20000.0,,,
VERSA 2022,Manilla Puerta,Delantera Izquierda Interior,VENDIDO,SANTIAGO,50000.0,45000.0,,,
VERSA 2022,Manilla Puerta,Delantera Derecha Interior,POR CONFIRMAR,,50000.0,45000.0,,,Estado inusual: POR CONFIRMAR; Sin ubicación
VERSA 2022,Manilla Puerta,Trasera Izquierda Interior,DISPONIBLE,SANTIAGO,50000.0,45000.0,,,
VERSA 2022,Manilla Puerta,Trasera Derecha Interior,DISPONIBLE,SANTIAGO,50000.0,45000.0,,,
VERSA 2022,Máscara,,VENDIDO,SANTIAGO,5000.0,0.0,,,
VERSA 2022,Maza Y Rodamiento,Trasera Izquierda,DISPONIBLE,SANTIAGO,,,,,Posible múltiple repuesto
VERSA 2022,Maza Y Rodamiento,Trasera Derecha,DISPONIBLE,SANTIAGO,,,,,Posible múltiple repuesto
VERSA 2022,Ménsula,Delantera Izquierda,DISPONIBLE,SANTIAGO,13000.0,10000.0,,,
VERSA 2022,Ménsula,Delantera Derecha,DISPONIBLE,SANTIAGO,,,,,
VERSA 2022,Módulo Abs Automatico 4X2,,DISPONIBLE,,85000.0,70000.0,,,Sin ubicación; Nombre contiene números
VERSA 2022,Moldura De Techo,Izquierda,DISPONIBLE,SANTIAGO,,,,,
VERSA 2022,Moldura Tapabarro,Izquierda Interior,DISPONIBLE,SANTIAGO,15000.0,10000.0,,,
VERSA 2022,Moldura Triángulo De Tababarro,Izquierda,DISPONIBLE,SANTIAGO,20000.0,15000.0,,,
VERSA 2022,Motor De Calefacción,,DISPONIBLE,SANTIAGO,,,,,
VERSA 2022,Motor De Partida,,VENDIDO,SANTIAGO,85000.0,80000.0,,,
VERSA 2022,Motor Facturable,,VENDIDO,SANTIAGO,590000.0,590000.0,,PRECIO ACTUALIZADO,
VERSA 2022,Múltiple De Admisión,,DISPONIBLE,,95000.0,90000.0,,,Sin ubicación
VERSA 2022,Munón Con Maza,Trasera Izquierda,VENDIDO,SANTIAGO,45000.0,40000.0,,,
VERSA 2022,Muñón Con Maza,Delantera Izquierda,DISPONIBLE,SANTIAGO,60000.0,55000.0,,INCLUYE EL DISCO,
VERSA 2022,Muñón Con Maza,Delantera Derecha,DISPONIBLE,SANTIAGO,60000.0,55000.0,,INCLUYE EL DISCO,
VERSA 2022,Muñón Con Maza,Trasera Derecha,VENDIDO,SANTIAGO,45000.0,40000.0,,,
VERSA 2022,Optico,Derecha,VENDIDO,SANTIAGO,110000.0,100000.0,,,
VERSA 2022,Palanca De Cambio,,VENDIDO,SANTIAGO,70000.0,65000.0,,,
VERSA 2022,Palanca De Freno De Manos,,DISPONIBLE,SANTIAGO,,,,,
VERSA 2022,Parabrisas,,VENDIDO,SANTIAGO,85000.0,80000.0,,,
VERSA 2022,Parasol,Izquierda,VENDIDO,SANTIAGO,30000.0,25000.0,,,
VERSA 2022,Parasol,Derecha,VENDIDO,SANTIAGO,25000.0,20000.0,,,
VERSA 2022,Pastillas De Freno X4,Delantera,VENDIDO,SANTIAGO,25000.0,25000.0,,,Nombre contiene números
VERSA 2022,Pata Refuerzo De Parachoque,Derecha,DISPONIBLE,,25000.0,20000.0,,,Sin ubicación
VERSA 2022,Pata Refuerzo De Parachoque,Izquierda,DISPONIBLE,,25000.0,20000.0,,,Sin ubicación
VERSA 2022,Piolas Palanca De Cambio,,VENDIDO,SANTIAGO,45000.0,40000.0,,,
VERSA 2022,Plástico Triángulo Tapabarro,Derecha,VENDIDO,SANTIAGO,20000.0,15000.0,,,
VERSA 2022,Porta Bcm O Fusilera,Delantera,VENDIDO,SANTIAGO,,,,,
VERSA 2022,Porta Filtro,,DISPONIBLE,,60000.0,55000.0,,,Sin ubicación
VERSA 2022,Prensa,,DISPONIBLE,,,,,,Sin ubicación
VERSA 2022,Puerta Solo Lata,Delantera Izquierda,VENDIDO,SANTIAGO,130000.0,120000.0,,,
VERSA 2022,Puerta Solo Lata,Delantera Derecha,VENDIDO,SANTIAGO,80000.0,75000.0,,PRECIO ACTUALIZADO,
VERSA 2022,Puerta Solo Lata,Trasera Izquierda,NO DISPONIBLE,SANTIAGO,40000.0,40000.0,,MALA,
VERSA 2022,Puerta Solo Lata,Trasera Derecha,VENDIDO,SANTIAGO,80000.0,75000.0,,PRECIO ACTUALIZADO,
VERSA 2022,Radiador Agua,,DISPONIBLE,,130000.0,120000.0,,CON DETALLE,Sin ubicación
VERSA 2022,Radiador Aire,,VENDIDO,SANTIAGO,130000.0,120000.0,,,
VERSA 2022,Radiador Calefacción,,DISPONIBLE,SANTIAGO,60000.0,55000.0,,,
VERSA 2022,Radio,,VENDIDO,SANTIAGO,95000.0,85000.0,,,
VERSA 2022,Ramal,Exterior,DISPONIBLE,SANTIAGO,,,,,
VERSA 2022,Ramal Con Fusilera,Interior,VENDIDO,SANTIAGO,50000.0,40000.0,,,
VERSA 2022,Ramal Puerta,Delantera Izquierda,VENDIDO,SANTIAGO,20000.0,15000.0,,,
VERSA 2022,Refuerzo De Parachoque Con Detalle,Delantera,DISPONIBLE,,35000.0,30000.0,,,Sin ubicación
VERSA 2022,Refuerzo De Parachoque,Trasera,DISPONIBLE,SANTIAGO,35000.0,30000.0,,,
VERSA 2022,Rejilla,Interior Central,VENDIDO,SANTIAGO,25000.0,20000.0,,,
VERSA 2022,Resistencia Electroventilador,,DISPONIBLE,,45000.0,40000.0,,,Sin ubicación
VERSA 2022,Resistencia Calefaccion,,DISPONIBLE,SANTIAGO,40000.0,35000.0,,,
VERSA 2022,Resonador De Aire,,DISPONIBLE,,25000.0,20000.0,,,Sin ubicación
VERSA 2022,Rueda De Repuesto,,VENDIDO,SANTIAGO,,,,,
VERSA 2022,Sensor Abs,Delantera Izquierda,DISPONIBLE,SANTIAGO,,,,,
VERSA 2022,Sensor Abs,Delantera Derecha,DISPONIBLE,SANTIAGO,,,,,
VERSA 2022,Sensor Abs,Trasera Izquierda,DISPONIBLE,SANTIAGO,,,,,
VERSA 2022,Sensor Abs,Trasera Derecha,DISPONIBLE,SANTIAGO,,,,,
VERSA 2022,Sensor De Giro,,DISPONIBLE,SANTIAGO,90000.0,80000.0,,,
VERSA 2022,Sensor De Oxígeno Banco,,DISPONIBLE,SANTIAGO,35700.0,30000.0,,,
VERSA 2022,Sensor Maf O Flujómetro,,DISPONIBLE,SANTIAGO,25000.0,20000.0,,,
VERSA 2022,Soporte (Hueso),Central,VENDIDO,SANTIAGO,50000.0,45000.0,,,
VERSA 2022,Soporte De Motor O Caja,Izquierda,VENDIDO,SANTIAGO,90000.0,85000.0,,,
VERSA 2022,Soporte De Motor,Derecha,VENDIDO,SANTIAGO,70000.0,65000.0,,,
VERSA 2022,Tambor De Freno,Trasera Izquierda,DISPONIBLE,SANTIAGO,20000.0,15000.0,,,
VERSA 2022,Tambor De Freno,Trasera Derecha,DISPONIBLE,SANTIAGO,20000.0,15000.0,,,
VERSA 2022,Tapa De Bencina,Exterior,NO DISPONIBLE,N/A,,,,,
VERSA 2022,Tapa Neblinero,Izquierda,DISPONIBLE,,15000.0,10000.0,,,Sin ubicación
VERSA 2022,Tapa Neblinero,Derecha,DISPONIBLE,,15000.0,10000.0,,,Sin ubicación
VERSA 2022,Tapa Remolque,,VENDIDO,SANTIAGO,10000.0,0.0,,,
VERSA 2022,Tapabarro,Derecha,VENDIDO,SANTIAGO,65000.0,60000.0,,,
VERSA 2022,Tapas De Rueda,,VENDIDO,SANTIAGO,25000.0,20000.0,,,
VERSA 2022,Tapas De Rueda,,VENDIDO,SANTIAGO,15000.0,10000.0,,,
VERSA 2022,Tapas De Rueda,,VENDIDO,SANTIAGO,5000.0,5000.0,,,
VERSA 2022,Tapas De Rueda,,VENDIDO,SANTIAGO,5000.0,5000.0,,,
VERSA 2022,Tapiz Puerta,Delantera Izquierda,VENDIDO,SANTIAGO,25000.0,20000.0,,,
VERSA 2022,Tapiz Puerta,Delantera Derecha,DISPONIBLE,,25000.0,20000.0,,,Sin ubicación
VERSA 2022,Tapiz Puerta,Trasera Izquierda,DISPONIBLE,,25000.0,20000.0,,,Sin ubicación
VERSA 2022,Tapiz Puerta,Trasera Derecha,DISPONIBLE,,25000.0,20000.0,,,Sin ubicación
VERSA 2022,Tapiz Techo (Con Detalle),,VENDIDO,SANTIAGO,25000.0,15000.0,,,
VERSA 2022,Techo Solo Lata,,DISPONIBLE,,65000.0,60000.0,,TIENE DETALLE,Sin ubicación
VERSA 2022,Telecomando,,DISPONIBLE,SANTIAGO,95000.0,85000.0,,,
VERSA 2022,Tirante De Puerta,Delantera Izquierda,DISPONIBLE,SANTIAGO,10000.0,10000.0,,,
VERSA 2022,Toma De Aire Porta Filtro,,DISPONIBLE,,28000.0,25000.0,,PLÁSTICO,Sin ubicación
VERSA 2022,Varilla Capot,,DISPONIBLE,SANTIAGO,,,,,
VERSA 2022,Vidrio Puerta,Delantera Derecha,DISPONIBLE,SANTIAGO,50000.0,45000.0,,,
VERSA 2022,Vidrio Puerta,Delantera Izquierda,DISPONIBLE,SANTIAGO,50000.0,45000.0,,,
VERSA 2022,Vidrio Puerta,Trasera Izquierda,DISPONIBLE,SANTIAGO,45000.0,40000.0,,,
VERSA 2022,Vidrio Puerta,Trasera Derecha,VENDIDO,SANTIAGO,45000.0,40000.0,,,
VERSA 2022,Volante,,DISPONIBLE,SANTIAGO,45000.0,40000.0,,,
VERSA 2022,,,DISPONIBLE,,,,,,Nombre vacío; Sin ubicación
VERSA 2022,,,DISPONIBLE,,,,,,Nombre vacío; Sin ubicación
VERSA 2022,,,DISPONIBLE,,,,,,Nombre vacío; Sin ubicación
VERSA 2022,,,DISPONIBLE,,,,,,Nombre vacío; Sin ubicación
VERSA 2022,,,DISPONIBLE,,,,,,Nombre vacío; Sin ubicación
VERSA 2022,,,DISPONIBLE,,,,,,Nombre vacío; Sin ubicación
VERSA 2022,,,DISPONIBLE,,,,,,Nombre vacío; Sin ubicación
VERSA 2022,,,DISPONIBLE,,,,,,Nombre vacío; Sin ubicación
VERSA 2022,,,DISPONIBLE,,,,,,Nombre vacío; Sin ubicación
VERSA 2022,,,DISPONIBLE,,,,,,Nombre vacío; Sin ubicación
VERSA 2022,,,DISPONIBLE,,,,,,Nombre vacío; Sin ubicación
VERSA 2022,,,DISPONIBLE,,,,,,Nombre vacío; Sin ubicación
VERSA 2022,,,DISPONIBLE,,,,,,Nombre vacío; Sin ubicación
VERSA 2022,,,DISPONIBLE,,,,,,Nombre vacío; Sin ubicación
VERSA 2022,,,DISPONIBLE,,,,,,Nombre vacío; Sin ubicación
VERSA 2022,,,DISPONIBLE,,,,,,Nombre vacío; Sin ubicación
VERSA 2022,,,DISPONIBLE,,,,,,Nombre vacío; Sin ubicación
VERSA 2022,,,DISPONIBLE,,,,,,Nombre vacío; Sin ubicación
VERSA 2022,,,DISPONIBLE,,,,,,Nombre vacío; Sin ubicación
VERSA 2022,,,DISPONIBLE,,,,,,Nombre vacío; Sin ubicación
VERSA 2022,,,DISPONIBLE,,,,,,Nombre vacío; Sin ubicación
VERSA 2022,,,DISPONIBLE,,,,,,Nombre vacío; Sin ubicación
VERSA 2022,,,DISPONIBLE,,,,,,Nombre vacío; Sin ubicación
VERSA 2022,,,DISPONIBLE,,,,,,Nombre vacío; Sin ubicación
VERSA 2022,,,DISPONIBLE,,,,,,Nombre vacío; Sin ubicación
VERSA 2022,,,DISPONIBLE,,,,,,Nombre vacío; Sin ubicación
VERSA 2022,,,DISPONIBLE,,,,,,Nombre vacío; Sin ubicación
VERSA 2022,,,DISPONIBLE,,,,,,Nombre vacío; Sin ubicación
VERSA 2022,,,DISPONIBLE,,,,,,Nombre vacío; Sin ubicación
VERSA 2022,,,DISPONIBLE,,,,,,Nombre vacío; Sin ubicación
VERSA 2022,,,DISPONIBLE,,,,,,Nombre vacío; Sin ubicación
VERSA 2022,,,DISPONIBLE,,,,,,Nombre vacío; Sin ubicación
VERSA 2022,,,DISPONIBLE,,,,,,Nombre vacío; Sin ubicación
VERSA 2022,,,DISPONIBLE,,,,,,Nombre vacío; Sin ubicación
VERSA 2022,,,DISPONIBLE,,,,,,Nombre vacío; Sin ubicación
VERSA 2022,,,DISPONIBLE,,,,,,Nombre vacío; Sin ubicación
VERSA 2022,,,DISPONIBLE,,,,,,Nombre vacío; Sin ubicación
VERSA 2022,,,DISPONIBLE,,,,,,Nombre vacío; Sin ubicación
VERSA 2022,,,DISPONIBLE,,,,,,Nombre vacío; Sin ubicación
VERSA 2022,,,DISPONIBLE,,,,,,Nombre vacío; Sin ubicación
VERSA 2022,,,DISPONIBLE,,,,,,Nombre vacío; Sin ubicación
VERSA 2022,,,DISPONIBLE,,,,,,Nombre vacío; Sin ubicación
VERSA 2022,,,DISPONIBLE,,,,,,Nombre vacío; Sin ubicación
VERSA 2022,,,DISPONIBLE,,,,,,Nombre vacío; Sin ubicación
VERSA 2022,,,DISPONIBLE,,,,,,Nombre vacío; Sin ubicación
VERSA 2022,,,DISPONIBLE,,,,,,Nombre vacío; Sin ubicación
VERSA 2022,,,DISPONIBLE,,,,,,Nombre vacío; Sin ubicación
VERSA 2022,,,DISPONIBLE,,,,,,Nombre vacío; Sin ubicación
VERSA 2022,,,DISPONIBLE,,,,,,Nombre vacío; Sin ubicación
VERSA 2022,,,DISPONIBLE,,,,,,Nombre vacío; Sin ubicación
VERSA 2022,,,DISPONIBLE,,,,,,Nombre vacío; Sin ubicación
VERSA 2022,,,DISPONIBLE,,,,,,Nombre vacío; Sin ubicación
VERSA 2022,,,DISPONIBLE,,,,,,Nombre vacío; Sin ubicación
VERSA 2022,,,DISPONIBLE,,,,,,Nombre vacío; Sin ubicación
VERSA 2022,,,DISPONIBLE,,,,,,Nombre vacío; Sin ubicación
VERSA 2022,,,DISPONIBLE,,,,,,Nombre vacío; Sin ubicación
VERSA 2022,,,DISPONIBLE,,,,,,Nombre vacío; Sin ubicación
VERSA 2022,,,DISPONIBLE,,,,,,Nombre vacío; Sin ubicación
VERSA 2022,,,DISPONIBLE,,,,,,Nombre vacío; Sin ubicación
VERSA 2022,,,DISPONIBLE,,,,,,Nombre vacío; Sin ubicación
VERSA 2022,,,DISPONIBLE,,,,,,Nombre vacío; Sin ubicación
VERSA 2022,,,DISPONIBLE,,,,,,Nombre vacío; Sin ubicación
VERSA 2022,,,DISPONIBLE,,,,,,Nombre vacío; Sin ubicación
VERSA 2022,,,DISPONIBLE,,,,,,Nombre vacío; Sin ubicación
VERSA 2022,,,DISPONIBLE,,,,,,Nombre vacío; Sin ubicación
VERSA 2022,,,DISPONIBLE,,,,,,Nombre vacío; Sin ubicación
VERSA 2022,,,DISPONIBLE,,,,,,Nombre vacío; Sin ubicación
VERSA 2022,,,DISPONIBLE,,,,,,Nombre vacío; Sin ubicación
VERSA 2022,,,DISPONIBLE,,,,,,Nombre vacío; Sin ubicación
VERSA 2022,,,DISPONIBLE,,,,,,Nombre vacío; Sin ubicación
VERSA 2022,,,DISPONIBLE,,,,,,Nombre vacío; Sin ubicación
VERSA 2022,,,DISPONIBLE,,,,,,Nombre vacío; Sin ubicación
VERSA 2022,,,DISPONIBLE,,,,,,Nombre vacío; Sin ubicación
VERSA 2022,,,DISPONIBLE,,,,,,Nombre vacío; Sin ubicación
VERSA 2022,,,DISPONIBLE,,,,,,Nombre vacío; Sin ubicación
VERSA 2022,,,DISPONIBLE,,,,,,Nombre vacío; Sin ubicación
VERSA 2022,,,DISPONIBLE,,,,,,Nombre vacío; Sin ubicación
VERSA 2022,,,DISPONIBLE,,,,,,Nombre vacío; Sin ubicación
VERSA 2022,,,DISPONIBLE,,,,,,Nombre vacío; Sin ubicación
VERSA 2022,,,DISPONIBLE,,,,,,Nombre vacío; Sin ubicación
VERSA 2022,,,DISPONIBLE,,,,,,Nombre vacío; Sin ubicación
VERSA 2022,,,DISPONIBLE,,,,,,Nombre vacío; Sin ubicación
VERSA 2022,,,DISPONIBLE,,,,,,Nombre vacío; Sin ubicación
VERSA 2022,,,DISPONIBLE,,,,,,Nombre vacío; Sin ubicación
VERSA 2022,,,DISPONIBLE,,,,,,Nombre vacío; Sin ubicación
XTRAIL 2016,Absorbedor De Impacto Parachoque,Delantera,VENDIDO,SANTIAGO,25000.0,20000.0,,,
XTRAIL 2016,Alfombra Cubre Rueda De Repuesto,,DISPONIBLE,,25000.0,20000.0,,,Sin ubicación
XTRAIL 2016,Alternador,,DISPONIBLE,SANTIAGO,110000.0,100000.0,,,
XTRAIL 2016,Amortiguador,Delantera Izquierda,DISPONIBLE,SANTIAGO,90000.0,85000.0,,,
XTRAIL 2016,Amortiguador,Delantera Derecha,DISPONIBLE,SANTIAGO,90000.0,85000.0,,,
XTRAIL 2016,Amortiguador,Trasera Izquierda,DISPONIBLE,SANTIAGO,,,,,
XTRAIL 2016,Amortiguador,Trasera Derecha,DISPONIBLE,SANTIAGO,,,,,
XTRAIL 2016,Asiento,Delantera Izquierda,DISPONIBLE,SANTIAGO,65000.0,60000.0,,,
XTRAIL 2016,Asiento,Delantera Derecha,DISPONIBLE,SANTIAGO,65000.0,60000.0,,,
XTRAIL 2016,Asientos,Trasera,DISPONIBLE,,65000.0,60000.0,,,Sin ubicación
XTRAIL 2016,Auxiliar Usb,,DISPONIBLE,SANTIAGO,15000.0,10000.0,,,
XTRAIL 2016,Bandeja,Delantera Izquierda,VENDIDO,SANTIAGO,45000.0,40000.0,,,
XTRAIL 2016,Bandeja,Delantera Derecha,DISPONIBLE,SANTIAGO,45000.0,40000.0,,,
XTRAIL 2016,Bandeja,Trasera Izquierda,DISPONIBLE,SANTIAGO,,,,,
XTRAIL 2016,Bandeja,Trasera Derecha,DISPONIBLE,SANTIAGO,,,,,
XTRAIL 2016,Barra Techo,Izquierda,VENDIDO,SANTIAGO,45000.0,40000.0,,EL PAR EN 75000 TRANSFERENCIA,
XTRAIL 2016,Barra Techo,Derecha,VENDIDO,SANTIAGO,45000.0,40000.0,,EL PAR EN 70000 EFECTIVO,
XTRAIL 2016,Base Batería,,DISPONIBLE,SANTIAGO,20000.0,15000.0,,,
XTRAIL 2016,Base Soporte,,DISPONIBLE,SANTIAGO,35000.0,30000.0,,,
XTRAIL 2016,Base Termostato,,VENDIDO,SANTIAGO,,,,,
XTRAIL 2016,Bcm,,DISPONIBLE,SANTIAGO,120000.0,100000.0,,,
XTRAIL 2016,Bisagra Capot,Izquierda,VENDIDO,SANTIAGO,45000.0,40000.0,,,
XTRAIL 2016,Bisagra Capot,Derecha,VENDIDO,SANTIAGO,45000.0,40000.0,,,
XTRAIL 2016,Bisagra De,Izquierda Portalon,VENDIDO,SANTIAGO,20000.0,15000.0,,,
XTRAIL 2016,Bisagra De,Derecha Portalon,VENDIDO,SANTIAGO,20000.0,15000.0,,,
XTRAIL 2016,Bisagras Puerta,Delantera Izquierda,DISPONIBLE,,15000.0,10000.0,,,Sin ubicación
XTRAIL 2016,Bisagras Puerta,Delantera Derecha,DISPONIBLE,,15000.0,10000.0,,,Sin ubicación
XTRAIL 2016,Bisagras Puerta,Trasera Izquierda,DISPONIBLE,SANTIAGO,15000.0,10000.0,,,
XTRAIL 2016,Bisagras Puerta,Trasera Derecha,DISPONIBLE,SANTIAGO,15000.0,10000.0,,,
XTRAIL 2016,Bobina,,DISPONIBLE,SANTIAGO,20000.0,15000.0,,,
XTRAIL 2016,Bobina,,DISPONIBLE,SANTIAGO,20000.0,15000.0,,,
XTRAIL 2016,Bobina,,DISPONIBLE,SANTIAGO,20000.0,15000.0,,,
XTRAIL 2016,Bobina,,DISPONIBLE,SANTIAGO,20000.0,15000.0,,,
XTRAIL 2016,Bomba De Aceite Caja,,VENDIDO,SANTIAGO,90000.0,85000.0,,,
XTRAIL 2016,Bomba De Agua,,DISPONIBLE,SANTIAGO,40000.0,35000.0,,,
XTRAIL 2016,Bomba De Bencina,,DISPONIBLE,SANTIAGO,65000.0,55000.0,,,
XTRAIL 2016,Bomba De Bencina Pequeña (Flotador),,DISPONIBLE,,,,,,Sin ubicación
XTRAIL 2016,Botón De Encendido,,DISPONIBLE,SANTIAGO,,,,,
XTRAIL 2016,Botón De Velocidad Crucero,,DISPONIBLE,SANTIAGO,10000.0,10000.0,,,
XTRAIL 2016,Botón Puerta,Delantera Derecha,DISPONIBLE,,15000.0,10000.0,,,Sin ubicación
XTRAIL 2016,Botón Puerta,Trasera Izquierda,DISPONIBLE,,15000.0,10000.0,,,Sin ubicación
XTRAIL 2016,Botón Puerta,Trasera Derecha,DISPONIBLE,,15000.0,10000.0,,,Sin ubicación
XTRAIL 2016,Botonera Puerta,Delantera Izquierda,VENDIDO,SANTIAGO,50000.0,40000.0,,,
XTRAIL 2016,Brazo De Suspensión,Trasera Izquierda,DISPONIBLE,SANTIAGO,,,,,
XTRAIL 2016,Brazo De Suspensión,Trasera Derecha,DISPONIBLE,SANTIAGO,,,,,
XTRAIL 2016,Brazo Extensión,Trasera,DISPONIBLE,SANTIAGO,,,,,
XTRAIL 2016,Brazo Extensión,Trasera Izquierda,DISPONIBLE,SANTIAGO,,,,,
XTRAIL 2016,Brazo Limpia Luneta,Trasera,DISPONIBLE,SANTIAGO,20000.0,15000.0,,,
XTRAIL 2016,Brazo Limpia Parabrisas,Izquierda,DISPONIBLE,SANTIAGO,20000.0,15000.0,,,
XTRAIL 2016,Brazo Limpia Parabrisas,Derecha,DISPONIBLE,SANTIAGO,20000.0,15000.0,,,
XTRAIL 2016,Caja De Cambios At (Para Repuesto),,VENDIDO,SANTIAGO,,,,MALA,
XTRAIL 2016,Caja Porta Fucible Motor,,DISPONIBLE,,35000.0,30000.0,,,Sin ubicación
XTRAIL 2016,Caliper,Delantera Izquierda,DISPONIBLE,SANTIAGO,35000.0,30000.0,,,
XTRAIL 2016,Caliper,Delantera Derecha,DISPONIBLE,SANTIAGO,35000.0,30000.0,,,
XTRAIL 2016,Caliper,Trasera Izquierda,DISPONIBLE,SANTIAGO,,,,,
XTRAIL 2016,Caliper,Trasera Derecha,DISPONIBLE,SANTIAGO,,,,,
XTRAIL 2016,Cámara De Retroceso,,VENDIDO,SANTIAGO,25000.0,20000.0,,,
XTRAIL 2016,Cañerías Aire Acondicionado Cada Una,,DISPONIBLE,SANTIAGO,45000.0,40000.0,,,
XTRAIL 2016,Cañerías Aire Acondicionado Juego,,DISPONIBLE,SANTIAGO,90000.0,80000.0,,,"Termino especial ""juego"""
XTRAIL 2016,Capot,,VENDIDO,SANTIAGO,230000.0,220000.0,,,
XTRAIL 2016,Catalítico,,VENDIDO,SANTIAGO,,,,SE DEBEN SEPARAR?,
XTRAIL 2016,Chapa Capot,,VENDIDO,SANTIAGO,25000.0,20000.0,,,
XTRAIL 2016,Chapa,Portalon,DISPONIBLE,SANTIAGO,35000.0,30000.0,,,
XTRAIL 2016,Chapa Puerta,Delantera Izquierda,VENDIDO,,75000.0,70000.0,,,Sin ubicación
XTRAIL 2016,Chapa Puerta,Delantera Derecha,DISPONIBLE,,75000.0,70000.0,,,Sin ubicación
XTRAIL 2016,Chapa Puerta,Trasera Izquierda,DISPONIBLE,,45000.0,40000.0,,,Sin ubicación
XTRAIL 2016,Chapa Puerta,Trasera Derecha,DISPONIBLE,,35000.0,30000.0,,,Sin ubicación
XTRAIL 2016,Cinta De Airbag,,DISPONIBLE,SANTIAGO,35000.0,30000.0,,,
XTRAIL 2016,Cofia Con Bisel De Sinóptico,,DISPONIBLE,SANTIAGO,,,,,
XTRAIL 2016,Columna De Dirección Electronica,,DISPONIBLE,SANTIAGO,180000.0,170000.0,,,
XTRAIL 2016,Compresor Aire Acondicionado,,DISPONIBLE,SANTIAGO,80000.0,70000.0,,,
XTRAIL 2016,Control De Calefacción,,VENDIDO,,50000.0,45000.0,,,Sin ubicación
XTRAIL 2016,Control De Espejos,,DISPONIBLE,SANTIAGO,,,,,
XTRAIL 2016,Convertidor,,VENDIDO,SANTIAGO,,,,,
XTRAIL 2016,Cremallera De Alzavidrio,Delantera Izquierda,VENDIDO,SANTIAGO,90000.0,80000.0,,,
XTRAIL 2016,Cremallera De Alzavidrio,Delantera Derecha,DISPONIBLE,SANTIAGO,90000.0,80000.0,,,
XTRAIL 2016,Cremallera De Alzavidrio Puerta,Trasera Izquierda,DISPONIBLE,SANTIAGO,75000.0,70000.0,,,
XTRAIL 2016,Cremallera De Alzavidrio Puerta,Trasera Derecha,DISPONIBLE,SANTIAGO,75000.0,70000.0,,,
XTRAIL 2016,Cremallera De Dirección Con Terminales Y Axiales,,DISPONIBLE,SANTIAGO,119000.0,100000.0,,,Posible múltiple repuesto
XTRAIL 2016,Cubre Carter,,VENDIDO,SANTIAGO,45000.0,40000.0,,,
XTRAIL 2016,Cubre Maleta,,NO DISPONIBLE,,,,,,Sin ubicación
XTRAIL 2016,Cubre Rueda De Repuesto,,DISPONIBLE,,30000.0,25000.0,,,Sin ubicación
XTRAIL 2016,Cubre Torpedo Exterios,,DISPONIBLE,,45000.0,40000.0,,,Sin ubicación
XTRAIL 2016,Cubre Zócalo,Izquierda,DISPONIBLE,SANTIAGO,,,,,
XTRAIL 2016,Cubre Zócalo,Derecha,DISPONIBLE,SANTIAGO,,,,,
XTRAIL 2016,Cuerpo De Aceleración,,DISPONIBLE,SANTIAGO,100000.0,95000.0,,,
XTRAIL 2016,Cuerpo De Válvula,,VENDIDO,SANTIAGO,120000.0,100000.0,,SE VENDE COMPLETO,
XTRAIL 2016,Cuna,,VENDIDO,SANTIAGO,85000.0,80000.0,,,
XTRAIL 2016,Cuna,Trasera,DISPONIBLE,SANTIAGO,,,,,
XTRAIL 2016,Depósito De Agua O Líquido Refrigerante,,VENDIDO,SANTIAGO,,,,,
XTRAIL 2016,Depósito De Limpia Parabrisas,,NO DISPONIBLE,,,,,REGALADO A MI PAPÁ,Sin ubicación
XTRAIL 2016,Disco De Freno,Delantera Izquierda,DISPONIBLE,SANTIAGO,20000.0,15000.0,,,
XTRAIL 2016,Disco De Freno,Delantera Derecha,DISPONIBLE,SANTIAGO,20000.0,15000.0,,,
XTRAIL 2016,Disco De Freno,Trasera Izquierda,DISPONIBLE,SANTIAGO,,,,,
XTRAIL 2016,Disco De Freno,Trasera Derecha,DISPONIBLE,SANTIAGO,,,,,
XTRAIL 2016,Ecu,,VENDIDO,SANTIAGO,,,,,
XTRAIL 2016,Eje Palier,Izquierda,POR CONFIRMAR,SANTIAGO,105000.0,100000.0,,,Estado inusual: POR CONFIRMAR
XTRAIL 2016,Eje Palier,Derecha,DISPONIBLE,SANTIAGO,115000.0,110000.0,,,
XTRAIL 2016,Eje Solo,Trasera,DISPONIBLE,,90000.0,80000.0,,,Sin ubicación
XTRAIL 2016,Electroventilador,,VENDIDO,SANTIAGO,100000.0,90000.0,,,
XTRAIL 2016,Encendedor De Cigarros,,DISPONIBLE,SANTIAGO,15000.0,10000.0,,,
XTRAIL 2016,Enfriador Caja De Cambio,,VENDIDO,SANTIAGO,,,,,
XTRAIL 2016,Enfriador De Aceite,,VENDIDO,SANTIAGO,65000.0,60000.0,,,
XTRAIL 2016,Enfriador De Aceite,,DISPONIBLE,SANTIAGO,65000.0,60000.0,,,
XTRAIL 2016,Espejo,Central,DISPONIBLE,SANTIAGO,20000.0,15000.0,,,
XTRAIL 2016,Espejo,Izquierda,VENDIDO,SANTIAGO,95000.0,90000.0,,,
XTRAIL 2016,Espejo,Derecha,VENDIDO,SANTIAGO,95000.0,90000.0,,,
XTRAIL 2016,Espiral,Trasera Izquierda,DISPONIBLE,,15000.0,10000.0,,,Sin ubicación
XTRAIL 2016,Espiral,Trasera Derecha,DISPONIBLE,,15000.0,10000.0,,,Sin ubicación
XTRAIL 2016,Filtro De Aceite Caja,,DISPONIBLE,SANTIAGO,35000.0,30000.0,,,
XTRAIL 2016,Flotador Bomba De Bencina,,DISPONIBLE,SANTIAGO,,,,,
XTRAIL 2016,Foco Experior,Trasera Izquierda,VENDIDO,SANTIAGO,80000.0,70000.0,,,
XTRAIL 2016,Foco,Trasera Derecha Exterior,VENDIDO,SANTIAGO,80000.0,70000.0,,,
XTRAIL 2016,Foco,Trasera Izquierda Interior,VENDIDO,SANTIAGO,45000.0,40000.0,,,
XTRAIL 2016,Foco,Trasera Derecha Interior,VENDIDO,SANTIAGO,45000.0,40000.0,,,
XTRAIL 2016,Frontal Inferior,Delantera Inferior,VENDIDO,SANTIAGO,65000.0,60000.0,,,
XTRAIL 2016,Frontal Superior,Delantera Superior,VENDIDO,SANTIAGO,75000.0,70000.0,,,
XTRAIL 2016,Funda Parachoque,Delantera,VENDIDO,SANTIAGO,70000.0,60000.0,,,
XTRAIL 2016,Funda Parachoque,Trasera,VENDIDO,SANTIAGO,65000.0,55000.0,,,
XTRAIL 2016,Gancho De Seguridad O Chapa De Capot,,DISPONIBLE,SANTIAGO,20000.0,15000.0,,,
XTRAIL 2016,Goma De Contorno,Portalon,VENDIDO,SANTIAGO,25000.0,20000.0,,,
XTRAIL 2016,Goma Puerta,Delantera Izquierda,DISPONIBLE,SANTIAGO,20000.0,15000.0,,,
XTRAIL 2016,Goma Puerta,Delantera Derecha,DISPONIBLE,SANTIAGO,20000.0,15000.0,,,
XTRAIL 2016,Goma Puerta,Trasera Izquierda,DISPONIBLE,SANTIAGO,20000.0,15000.0,,,
XTRAIL 2016,Goma Puerta,Trasera Derecha,DISPONIBLE,SANTIAGO,20000.0,15000.0,,,
XTRAIL 2016,Guantera,,DISPONIBLE,SANTIAGO,,,,,
XTRAIL 2016,Guardafango,Delantera Izquierda,VENDIDO,SANTIAGO,,,,,
XTRAIL 2016,Guardafango,Delantera Derecha,VENDIDO,SANTIAGO,,,,,
XTRAIL 2016,Guardafango,Trasera Izquierda,DISPONIBLE,SANTIAGO,15000.0,15000.0,,,
XTRAIL 2016,Guardafango,Trasera Derecha,VENDIDO,SANTIAGO,15000.0,15000.0,,,
XTRAIL 2016,Interruptor De Seguridad Electrónico Caja,,VENDIDO,SANTIAGO,,,,,"Termino especial ""nico"""
XTRAIL 2016,Inyector,,DISPONIBLE,,20000.0,15000.0,,CADA UNO,Sin ubicación
XTRAIL 2016,Kit De Airbag,,VENDIDO,SANTIAGO,400000.0,380000.0,,,
XTRAIL 2016,Llanta Con Neumático,,VENDIDO,SANTIAGO,110000.0,100000.0,,,
XTRAIL 2016,Llanta Con Neumático,,VENDIDO,SANTIAGO,110000.0,100000.0,,FONDO NEGRO,
XTRAIL 2016,Llanta Y Rueda De Repuesto,,VENDIDO,SANTIAGO,35700.0,30000.0,,,Posible múltiple repuesto
XTRAIL 2016,Llave,,DISPONIBLE,,,,,,Sin ubicación
XTRAIL 2016,Logo,Delantera,VENDIDO,SANTIAGO,25000.0,20000.0,,,
XTRAIL 2016,Logo,Trasera,DISPONIBLE,,25000.0,20000.0,,,Sin ubicación
XTRAIL 2016,Luneta,Trasera Izquierda,DISPONIBLE,,45000.0,40000.0,,,Sin ubicación
XTRAIL 2016,Luneta,Trasera Derecha,DISPONIBLE,,45000.0,40000.0,,,Sin ubicación
XTRAIL 2016,Luz Con Control De Sunroof Y Porta Lentes,,DISPONIBLE,,,,,,Posible múltiple repuesto; Sin ubicación
XTRAIL 2016,Luz De Freno,,DISPONIBLE,,25000.0,20000.0,,,Sin ubicación
XTRAIL 2016,Luz Patente,Izquierda,DISPONIBLE,SANTIAGO,8000.0,5000.0,,,
XTRAIL 2016,Luz Patente,Derecha,DISPONIBLE,SANTIAGO,8000.0,5000.0,,,
XTRAIL 2016,Mangera Toma De Aire,,DISPONIBLE,,,,,,Sin ubicación
XTRAIL 2016,Mangueras Agua,,VENDIDO,SANTIAGO,,,,,
XTRAIL 2016,Mangueras De Calefacción,,DISPONIBLE,SANTIAGO,,,,,
XTRAIL 2016,Manilla Puerta,Delantera Izquierda Exterior,VENDIDO,SANTIAGO,40000.0,35000.0,,,
XTRAIL 2016,Manilla Puerta,Delantera Derecha Exterior,DISPONIBLE,SANTIAGO,25000.0,20000.0,,,
XTRAIL 2016,Manilla Puerta,Trasera Derecha Exterior,DISPONIBLE,SANTIAGO,25000.0,20000.0,,,
XTRAIL 2016,Manilla Puerta,Trasera Izquierda Exterior,POR CONFIRMAR,,25000.0,20000.0,,,Estado inusual: POR CONFIRMAR; Sin ubicación
XTRAIL 2016,Manilla De Apertura De Capot,Interior,VENDIDO,,,,,,Sin ubicación
XTRAIL 2016,Manilla Puerta,Delantera Izquierda Interior,DISPONIBLE,SANTIAGO,20000.0,15000.0,,,
XTRAIL 2016,Manilla Puerta,Delantera Derecha Interior,DISPONIBLE,SANTIAGO,20000.0,15000.0,,,
XTRAIL 2016,Manilla Puerta,Trasera Izquierda Interior,POR CONFIRMAR,,20000.0,15000.0,,,Estado inusual: POR CONFIRMAR; Sin ubicación
XTRAIL 2016,Manilla Puerta,Trasera Derecha Interior,DISPONIBLE,SANTIAGO,20000.0,15000.0,,,
XTRAIL 2016,Manilla Techo,Delantera Derecha,DISPONIBLE,SANTIAGO,13000.0,10000.0,,,
XTRAIL 2016,Manilla Techo,Trasera Izquierda,DISPONIBLE,SANTIAGO,13000.0,10000.0,,,
XTRAIL 2016,Manilla Techo,Trasera Derecha,DISPONIBLE,SANTIAGO,13000.0,10000.0,,,
XTRAIL 2016,Máscara,,DISPONIBLE,SANTIAGO,70000.0,60000.0,,,
XTRAIL 2016,Maza O Muñón,Delantera Derecha,DISPONIBLE,,85000.0,80000.0,,,Sin ubicación
XTRAIL 2016,Maza Y Muñón,Delantera Izquierda,DISPONIBLE,SANTIAGO,85000.0,80000.0,,,Posible múltiple repuesto
XTRAIL 2016,Maza Y Rodamiento,Trasera Izquierda,DISPONIBLE,SANTIAGO,65000.0,60000.0,,,Posible múltiple repuesto
XTRAIL 2016,Maza Y Rodamiento,Trasera Derecha,DISPONIBLE,SANTIAGO,65000.0,60000.0,,,Posible múltiple repuesto
XTRAIL 2016,Mensula De Parachoque,Trasera Central,DISPONIBLE,,35000.0,30000.0,,,Sin ubicación
XTRAIL 2016,Mensula,Delantera Izquierda,VENDIDO,SANTIAGO,30000.0,25000.0,,,
XTRAIL 2016,Mensula,Delantera Derecha,VENDIDO,,30000.0,25000.0,,,Sin ubicación
XTRAIL 2016,Mensula,Trasera Izquierda,DISPONIBLE,SANTIAGO,10000.0,10000.0,,,
XTRAIL 2016,Mensula,Trasera Derecha,DISPONIBLE,SANTIAGO,10000.0,10000.0,,,
XTRAIL 2016,Módulo Abs,,DISPONIBLE,SANTIAGO,75000.0,65000.0,,,
XTRAIL 2016,Módulo Ipdm,,VENDIDO,SANTIAGO,125000.0,110000.0,,,
XTRAIL 2016,Moldura Puerta,Delantera Izquierda,VENDIDO,SANTIAGO,35000.0,30000.0,,,
XTRAIL 2016,Moldura Puerta,Delantera Derecha,VENDIDO,SANTIAGO,35000.0,30000.0,,,
XTRAIL 2016,Moldura Puerta,Trasera Izquierda,DISPONIBLE,,30000.0,25000.0,,,Sin ubicación
XTRAIL 2016,Moldura Puerta,Trasera Derecha,VENDIDO,,30000.0,25000.0,,,Sin ubicación
XTRAIL 2016,Moldura Tapabarro,Delantera Izquierda,DISPONIBLE,SANTIAGO,55000.0,50000.0,,,
XTRAIL 2016,Moldura Tapabarro,Delantera Derecha,VENDIDO,SANTIAGO,55000.0,50000.0,,,
XTRAIL 2016,Moldura Tapabarro,Trasera Izquierda,DISPONIBLE,SANTIAGO,55000.0,50000.0,,,
XTRAIL 2016,Moldura Tapabarro,Trasera Derecha,VENDIDO,SANTIAGO,55000.0,50000.0,,,
XTRAIL 2016,Motor De Calefacción,,DISPONIBLE,REQUINOA,70000.0,60000.0,,,
XTRAIL 2016,Motor De Partida,,DISPONIBLE,SANTIAGO,65000.0,55000.0,,,
XTRAIL 2016,Motor Limpia Parabrisas,,DISPONIBLE,,50000.0,40000.0,,CON VARILLAJE,Sin ubicación
XTRAIL 2016,Motor No Facturable,,DISPONIBLE,SANTIAGO,500000.0,480000.0,,,
XTRAIL 2016,Multiple De Admision,,DISPONIBLE,SANTIAGO,70000.0,60000.0,,,
XTRAIL 2016,Neblinero,Delantera Izquierda,VENDIDO,SANTIAGO,15000.0,10000.0,,,
XTRAIL 2016,Neblinero,Delantera Derecha,VENDIDO,SANTIAGO,10000.0,5000.0,,DETALLE (ÓXIDO),
XTRAIL 2016,Óptico,Izquierda,VENDIDO,SANTIAGO,190000.0,180000.0,,,
XTRAIL 2016,Óptico,Derecha,VENDIDO,SANTIAGO,210000.0,200000.0,,,
XTRAIL 2016,Palanca De Cambios Automatica,,VENDIDO,SANTIAGO,45000.0,40000.0,,,
XTRAIL 2016,Palanca De Freno De Manos,,DISPONIBLE,SANTIAGO,,,,,
XTRAIL 2016,Parabrisas (Alternativo),,VENDIDO,SANTIAGO,55000.0,50000.0,,SE SACA CON EL 50% DE ABONO,
XTRAIL 2016,Parachoque Solo Funda,Trasera,DISPONIBLE,,90000.0,80000.0,,,Sin ubicación
XTRAIL 2016,Parasol,Izquierda,VENDIDO,SANTIAGO,20000.0,15000.0,,,
XTRAIL 2016,Parasol,Derecha,DISPONIBLE,SANTIAGO,20000.0,15000.0,,,
XTRAIL 2016,Pedal De Aceleración,,DISPONIBLE,,45000.0,40000.0,,,Sin ubicación
XTRAIL 2016,Pedal De Freno,,DISPONIBLE,,35700.0,30000.0,,,Sin ubicación
XTRAIL 2016,Piola Capot,,VENDIDO,SANTIAGO,15000.0,10000.0,,,
XTRAIL 2016,Piolas Palanca De Cambios Automatica,,DISPONIBLE,SANTIAGO,35000.0,30000.0,,,
XTRAIL 2016,Porta Filtro De Aire,,DISPONIBLE,SANTIAGO,45000.0,50000.0,,,
XTRAIL 2016,Solo Lata Con Vidrio,Portalon,VENDIDO,SANTIAGO,220000.0,210000.0,,,
XTRAIL 2016,Protector Parachoque,Inferior,DISPONIBLE,,45000.0,35000.0,,,Sin ubicación
XTRAIL 2016,Puerta Solo Lata,Delantera Izquierda,VENDIDO,SANTIAGO,60000.0,60000.0,,,
XTRAIL 2016,Puerta Solo Lata,Delantera Derecha,VENDIDO,SANTIAGO,200000.0,190000.0,,,
XTRAIL 2016,Puerta Solo Lata,Trasera Izquierda,VENDIDO,SANTIAGO,60000.0,60000.0,,,
XTRAIL 2016,Puerta Solo Lata,Trasera Derecha,VENDIDO,SANTIAGO,120000.0,110000.0,,,
XTRAIL 2016,Puntas Refurzo Parachoque,,DISPONIBLE,,20000.0,15000.0,,CADA UNA,Sin ubicación
XTRAIL 2016,Radiador Aire Acondicionado,,VENDIDO,SANTIAGO,80000.0,70000.0,,,
XTRAIL 2016,Radiador De Agua,,VENDIDO,SANTIAGO,83300.0,70000.0,,,
XTRAIL 2016,Radiador De Calefacción,,DISPONIBLE,SANTIAGO,20000.0,20000.0,,,
XTRAIL 2016,Radio,,DISPONIBLE,,70000.0,60000.0,,,Sin ubicación
XTRAIL 2016,Refuerzo De Parachoque,Delantera,VENDIDO,SANTIAGO,110000.0,100000.0,,,
XTRAIL 2016,Refuerzo De Parachoque,Trasera,DISPONIBLE,SANTIAGO,60000.0,50000.0,,,
XTRAIL 2016,Rejilla,Inferior,VENDIDO,SANTIAGO,35000.0,35000.0,,,
XTRAIL 2016,Resonador (Forma S),,DISPONIBLE,SANTIAGO,65000.0,60000.0,,,
XTRAIL 2016,Riel De Inyección Solo,,DISPONIBLE,,25000.0,20000.0,,,Sin ubicación
XTRAIL 2016,Rodamiento Tensor De Accesorios,,DISPONIBLE,SANTIAGO,25000.0,20000.0,,,
XTRAIL 2016,Rueda De Repuesto,,VENDIDO,SANTIAGO,45000.0,40000.0,,,
XTRAIL 2016,Sensor Abs,Delantera Izquierda,DISPONIBLE,SANTIAGO,,,,,
XTRAIL 2016,Sensor Abs,Delantera Derecha,DISPONIBLE,SANTIAGO,,,,,
XTRAIL 2016,Sensor Abs,Trasera Izquierda,DISPONIBLE,SANTIAGO,25000.0,20000.0,,,
XTRAIL 2016,Sensor Abs,Trasera Derecha,DISPONIBLE,SANTIAGO,25000.0,20000.0,,,
XTRAIL 2016,Sensor De Ángulo De Giro,,DISPONIBLE,SANTIAGO,35700.0,30000.0,,,
XTRAIL 2016,Sensor De Oxígeno Banco,,DISPONIBLE,SANTIAGO,20000.0,15000.0,,,
XTRAIL 2016,Sensor De Oxígeno Banco,,DISPONIBLE,SANTIAGO,,,,,
XTRAIL 2016,Sensores De Estacionamientos,Delantera,NO DISPONIBLE,,,,,,Sin ubicación
XTRAIL 2016,Sensores De Estacionamientos,Trasera,NO DISPONIBLE,,20000.0,15000.0,,CADA UNO,Sin ubicación
XTRAIL 2016,Sinóptico,,DISPONIBLE,,83300.0,70000.0,,,Sin ubicación
XTRAIL 2016,Sistema De Freno,Trasera Izquierda,DISPONIBLE,SANTIAGO,,,,,
XTRAIL 2016,Sistema De Freno,Trasera Derecha,DISPONIBLE,SANTIAGO,,,,,
XTRAIL 2016,Soporte Motor (Hueso),Central,DISPONIBLE,,40000.0,35000.0,,,Sin ubicación
XTRAIL 2016,Soporte Motor (Caja),Izquierda,DISPONIBLE,,60000.0,55000.0,,,Sin ubicación
XTRAIL 2016,Soporte Motor (Distribución),Derecha,DISPONIBLE,,60000.0,50000.0,,,Sin ubicación
XTRAIL 2016,Sunroof,,VENDIDO,SANTIAGO,,,,,
XTRAIL 2016,Tapa Bencina,Exterior,DISPONIBLE,SANTIAGO,25000.0,20000.0,,,
XTRAIL 2016,Tapa Bencina,Interior,DISPONIBLE,SANTIAGO,15000.0,10000.0,,,
XTRAIL 2016,Tapa De Distribución,,DISPONIBLE,SANTIAGO,60000.0,50000.0,,PUESTA EN MOTOR AÚN ,
XTRAIL 2016,Tapa De Motor,Superior,NO DISPONIBLE,,,,,,Sin ubicación
XTRAIL 2016,Tapa De Remolque,,NO DISPONIBLE,,,,,,Sin ubicación
XTRAIL 2016,Tapa Neblinero,Izquierda,VENDIDO,SANTIAGO,20000.0,15000.0,,,
XTRAIL 2016,Tapa Neblinero,Derecha,VENDIDO,SANTIAGO,20000.0,15000.0,,,
XTRAIL 2016,Tapabarro,Delantera Izquierda,VENDIDO,SANTIAGO,85000.0,80000.0,,SOLO EL TAPABARRO,
XTRAIL 2016,Tapabarro,Delantera Derecha,VENDIDO,SANTIAGO,85000.0,80000.0,,SOLO EL TAPABARRO,
XTRAIL 2016,Tapiz,Interior Portalon,DISPONIBLE,SANTIAGO,25000.0,20000.0,,,
XTRAIL 2016,Tapiz Puerta,Delantera Izquierda,VENDIDO,,45000.0,40000.0,,,Sin ubicación
XTRAIL 2016,Tapiz Puerta,Delantera Derecha,DISPONIBLE,,45000.0,40000.0,,,Sin ubicación
XTRAIL 2016,Tapiz Puerta,Trasera Izquierda,DISPONIBLE,,35000.0,30000.0,,,Sin ubicación
XTRAIL 2016,Tapiz Puerta,Trasera Derecha,DISPONIBLE,,35000.0,30000.0,,,Sin ubicación
XTRAIL 2016,Tapiz Techo,,DISPONIBLE,,60000.0,50000.0,,,Sin ubicación
XTRAIL 2016,Tcm Caja Automatica,,VENDIDO,SANTIAGO,120000.0,100000.0,,COMPUTADORA CAJA AT,
XTRAIL 2016,Telecomando,,DISPONIBLE,SANTIAGO,60000.0,50000.0,,COMPLETO,
XTRAIL 2016,Tirante De Puerta,Delantera Izquierda,DISPONIBLE,SANTIAGO,15000.0,10000.0,,,
XTRAIL 2016,Tirante De Puerta,Delantera Derecha,DISPONIBLE,SANTIAGO,15000.0,10000.0,,,
XTRAIL 2016,Toma De Aire,,DISPONIBLE,,5000.0,5000.0,,,Sin ubicación
XTRAIL 2016,Trinquete Puerta Delanterta,Izquierda,DISPONIBLE,,5000.0,5000.0,,,Sin ubicación
XTRAIL 2016,Trinquete Puerta Delanterta,Derecha,DISPONIBLE,,5000.0,5000.0,,,Sin ubicación
XTRAIL 2016,Trinquete Puerta,Trasera Izquierda,DISPONIBLE,,5000.0,5000.0,,,Sin ubicación
XTRAIL 2016,Trinquete Puerta,Trasera Derecha,DISPONIBLE,,5000.0,5000.0,,,Sin ubicación
XTRAIL 2016,Tuberia De Aire Acondicionado (Juego),,DISPONIBLE,,71400.0,60000.0,,,"Termino especial ""juego""; Sin ubicación"
XTRAIL 2016,Usb,,DISPONIBLE,SANTIAGO,15000.0,10000.0,,,
XTRAIL 2016,Válvula,,DISPONIBLE,SANTIAGO,25000.0,20000.0,,,
XTRAIL 2016,Varilla Capot,,DISPONIBLE,SANTIAGO,,,,,
XTRAIL 2016,Vidrio Puerta,Delantera Izquierda,NO DISPONIBLE,SANTIAGO,75000.0,70000.0,,CON LA MARCA,
XTRAIL 2016,Vidrio Puerta,Delantera Derecha,DISPONIBLE,SANTIAGO,65000.0,60000.0,,ALTERNATIVO,
XTRAIL 2016,Vidrio Puerta,Trasera Izquierda,DISPONIBLE,SANTIAGO,65000.0,60000.0,,ALTERNATIVO,
XTRAIL 2016,Vidrio Puerta,Trasera Derecha,DISPONIBLE,SANTIAGO,65000.0,60000.0,,ALTERNATIVO,
XTRAIL 2016,Volante,,DISPONIBLE,SANTIAGO,70000.0,65000.0,,,
XTRAIL 2016,Volante Bimasa,,VENDIDO,SANTIAGO,,,,,
XTRAIL 2016,,,DISPONIBLE,,,,,,Nombre vacío; Sin ubicación
XTRAIL 2016,,,DISPONIBLE,,,,,,Nombre vacío; Sin ubicación
XTRAIL 2016,,,DISPONIBLE,,,,,,Nombre vacío; Sin ubicación
XTRAIL 2016,,,DISPONIBLE,,,,,,Nombre vacío; Sin ubicación
XTRAIL 2016,,,DISPONIBLE,,,,,,Nombre vacío; Sin ubicación
XTRAIL 2016,,,DISPONIBLE,,,,,,Nombre vacío; Sin ubicación
XTRAIL 2016,,,DISPONIBLE,,,,,,Nombre vacío; Sin ubicación
XTRAIL 2016,,,DISPONIBLE,,,,,,Nombre vacío; Sin ubicación
XTRAIL 2016,,,DISPONIBLE,,,,,,Nombre vacío; Sin ubicación
XTRAIL 2016,,,DISPONIBLE,,,,,,Nombre vacío; Sin ubicación
XTRAIL 2016,,,DISPONIBLE,,,,,,Nombre vacío; Sin ubicación
XTRAIL 2016,,,DISPONIBLE,,,,,,Nombre vacío; Sin ubicación
XTRAIL 2016,,,DISPONIBLE,,,,,,Nombre vacío; Sin ubicación
XTRAIL 2016,,,DISPONIBLE,,,,,,Nombre vacío; Sin ubicación
XTRAIL 2016,,,DISPONIBLE,,,,,,Nombre vacío; Sin ubicación
XTRAIL 2016,,,DISPONIBLE,,,,,,Nombre vacío; Sin ubicación
XTRAIL 2016,,,DISPONIBLE,,,,,,Nombre vacío; Sin ubicación
XTRAIL 2016,,,DISPONIBLE,,,,,,Nombre vacío; Sin ubicación
XTRAIL 2016,,,DISPONIBLE,,,,,,Nombre vacío; Sin ubicación
XTRAIL 2016,,,DISPONIBLE,,,,,,Nombre vacío; Sin ubicación
XTRAIL 2016,,,DISPONIBLE,,,,,,Nombre vacío; Sin ubicación
XTRAIL 2016,,,DISPONIBLE,,,,,,Nombre vacío; Sin ubicación
XTRAIL 2016,,,DISPONIBLE,,,,,,Nombre vacío; Sin ubicación
XTRAIL 2016,,,DISPONIBLE,,,,,,Nombre vacío; Sin ubicación
XTRAIL 2016,,,DISPONIBLE,,,,,,Nombre vacío; Sin ubicación
XTRAIL 2016,,,DISPONIBLE,,,,,,Nombre vacío; Sin ubicación
XTRAIL 2016,,,DISPONIBLE,,,,,,Nombre vacío; Sin ubicación
XTRAIL 2016,,,DISPONIBLE,,,,,,Nombre vacío; Sin ubicación
XTRAIL 2016,,,DISPONIBLE,,,,,,Nombre vacío; Sin ubicación
XTRAIL 2016,,,DISPONIBLE,,,,,,Nombre vacío; Sin ubicación
XTRAIL 2016,,,DISPONIBLE,,,,,,Nombre vacío; Sin ubicación
XTRAIL 2016,,,DISPONIBLE,,,,,,Nombre vacío; Sin ubicación
XTRAIL 2016,,,DISPONIBLE,,,,,,Nombre vacío; Sin ubicación
XTRAIL 2016,,,DISPONIBLE,,,,,,Nombre vacío; Sin ubicación
XTRAIL 2016,,,DISPONIBLE,,,,,,Nombre vacío; Sin ubicación
XTRAIL 2016,,,DISPONIBLE,,,,,,Nombre vacío; Sin ubicación
XTRAIL 2016,,,DISPONIBLE,,,,,,Nombre vacío; Sin ubicación
XTRAIL 2016,,,DISPONIBLE,,,,,,Nombre vacío; Sin ubicación
XTRAIL 2016,,,DISPONIBLE,,,,,,Nombre vacío; Sin ubicación
XTRAIL 2016,,,DISPONIBLE,,,,,,Nombre vacío; Sin ubicación
XTRAIL 2016,,,DISPONIBLE,,,,,,Nombre vacío; Sin ubicación
XTRAIL 2016,,,DISPONIBLE,,,,,,Nombre vacío; Sin ubicación
XTRAIL 2016,,,DISPONIBLE,,,,,,Nombre vacío; Sin ubicación
XTRAIL 2016,,,DISPONIBLE,,,,,,Nombre vacío; Sin ubicación
XTRAIL 2016,,,DISPONIBLE,,,,,,Nombre vacío; Sin ubicación
XTRAIL 2016,,,DISPONIBLE,,,,,,Nombre vacío; Sin ubicación
XTRAIL 2016,,,DISPONIBLE,,,,,,Nombre vacío; Sin ubicación
XTRAIL 2016,,,DISPONIBLE,,,,,,Nombre vacío; Sin ubicación
XTRAIL 2016,,,DISPONIBLE,,,,,,Nombre vacío; Sin ubicación
XTRAIL 2016,,,DISPONIBLE,,,,,,Nombre vacío; Sin ubicación
XTRAIL 2016,,,DISPONIBLE,,,,,,Nombre vacío; Sin ubicación
XTRAIL 2016,,,DISPONIBLE,,,,,,Nombre vacío; Sin ubicación
XTRAIL 2016,,,DISPONIBLE,,,,,,Nombre vacío; Sin ubicación
XTRAIL 2016,,,DISPONIBLE,,,,,,Nombre vacío; Sin ubicación
XTRAIL 2016,,,DISPONIBLE,,,,,,Nombre vacío; Sin ubicación
XTRAIL 2016,,,DISPONIBLE,,,,,,Nombre vacío; Sin ubicación
XTRAIL 2016,,,DISPONIBLE,,,,,,Nombre vacío; Sin ubicación
XTRAIL 2016,,,DISPONIBLE,,,,,,Nombre vacío; Sin ubicación
XTRAIL 2016,,,DISPONIBLE,,,,,,Nombre vacío; Sin ubicación
XTRAIL 2016,,,DISPONIBLE,,,,,,Nombre vacío; Sin ubicación
XTRAIL 2016,,,DISPONIBLE,,,,,,Nombre vacío; Sin ubicación
XTRAIL 2016,,,DISPONIBLE,,,,,,Nombre vacío; Sin ubicación
XTRAIL 2016,,,DISPONIBLE,,,,,,Nombre vacío; Sin ubicación
XTRAIL 2016,,,DISPONIBLE,,,,,,Nombre vacío; Sin ubicación
XTRAIL 2016,,,DISPONIBLE,,,,,,Nombre vacío; Sin ubicación
XTRAIL 2016,,,DISPONIBLE,,,,,,Nombre vacío; Sin ubicación
XTRAIL 2016,,,DISPONIBLE,,,,,,Nombre vacío; Sin ubicación
XTRAIL 2016,,,DISPONIBLE,,,,,,Nombre vacío; Sin ubicación
XTRAIL 2016,,,DISPONIBLE,,,,,,Nombre vacío; Sin ubicación
XTRAIL 2016,,,DISPONIBLE,,,,,,Nombre vacío; Sin ubicación
XTRAIL 2016,,,DISPONIBLE,,,,,,Nombre vacío; Sin ubicación
XTRAIL 2016,,,DISPONIBLE,,,,,,Nombre vacío; Sin ubicación
XTRAIL 2016,,,DISPONIBLE,,,,,,Nombre vacío; Sin ubicación
XTRAIL 2016,,,DISPONIBLE,,,,,,Nombre vacío; Sin ubicación
XTRAIL 2016,,,DISPONIBLE,,,,,,Nombre vacío; Sin ubicación
XTRAIL 2016,,,DISPONIBLE,,,,,,Nombre vacío; Sin ubicación
XTRAIL 2016,,,DISPONIBLE,,,,,,Nombre vacío; Sin ubicación
XTRAIL 2016,,,DISPONIBLE,,,,,,Nombre vacío; Sin ubicación
XTRAIL 2016,,,DISPONIBLE,,,,,,Nombre vacío; Sin ubicación
XTRAIL 2016,,,DISPONIBLE,,,,,,Nombre vacío; Sin ubicación
XTRAIL 2016,,,DISPONIBLE,,,,,,Nombre vacío; Sin ubicación
XTRAIL 2016,,,DISPONIBLE,,,,,,Nombre vacío; Sin ubicación
XTRAIL 2016,,,DISPONIBLE,,,,,,Nombre vacío; Sin ubicación
XTRAIL 2016,,,DISPONIBLE,,,,,,Nombre vacío; Sin ubicación
XTRAIL 2016,,,DISPONIBLE,,,,,,Nombre vacío; Sin ubicación
XTRAIL 2016,,,DISPONIBLE,,,,,,Nombre vacío; Sin ubicación
XTRAIL 2016,,,DISPONIBLE,,,,,,Nombre vacío; Sin ubicación
XTRAIL 2016,,,DISPONIBLE,,,,,,Nombre vacío; Sin ubicación
XTRAIL 2016,,,DISPONIBLE,,,,,,Nombre vacío; Sin ubicación
XTRAIL 2016,,,DISPONIBLE,,,,,,Nombre vacío; Sin ubicación
XTRAIL 2016,,,DISPONIBLE,,,,,,Nombre vacío; Sin ubicación
XTRAIL 2016,,,DISPONIBLE,,,,,,Nombre vacío; Sin ubicación
ZS 2021,Amortiguador,Delantera Derecha,DISPONIBLE,SANTIAGO,80000.0,70000.0,,,
ZS 2021,Bobina,,DISPONIBLE,SANTIAGO,15000.0,10000.0,,,
ZS 2021,Bobina,,DISPONIBLE,SANTIAGO,15000.0,10000.0,,,
ZS 2021,Bobina,,DISPONIBLE,SANTIAGO,15000.0,10000.0,,,
ZS 2021,Bobina,,DISPONIBLE,SANTIAGO,15000.0,10000.0,,,
ZS 2021,Bomba De Bencina,,VENDIDO,SANTIAGO,60000.0,50000.0,,,
ZS 2021,Bomba De Pedal De Embrague,,DISPONIBLE,SANTIAGO,,,,,
ZS 2021,Botón De Alzavidrios,Trasera Izquierda,DISPONIBLE,SANTIAGO,,,,,
ZS 2021,Brazo Limpiaparabrisas C Motor,Trasera,DISPONIBLE,SANTIAGO,35000.0,30000.0,,,Posible múltiple repuesto
ZS 2021,Caja,,VENDIDO,SANTIAGO,,,,,
ZS 2021,Caliper,Delantera Derecha,DISPONIBLE,SANTIAGO,35700.0,30000.0,,,
ZS 2021,Cañerías De Aire,,DISPONIBLE,SANTIAGO,,,,,
ZS 2021,Chapa Capot,,DISPONIBLE,SANTIAGO,20000.0,15000.0,,,
ZS 2021,Chapa,Portalon,DISPONIBLE,SANTIAGO,30000.0,25000.0,,,
ZS 2021,Cinta De Airbag,,DISPONIBLE,SANTIAGO,25000.0,20000.0,,,
ZS 2021,Cremallera De Alzavidrio,Delantera Izquierda,DISPONIBLE,SANTIAGO,35700.0,30000.0,,,
ZS 2021,Cremallera De Alzavidrio,Trasera Izquierda,DISPONIBLE,SANTIAGO,35700.0,30000.0,,,
ZS 2021,Cubre Zócalo,Izquierda,DISPONIBLE,SANTIAGO,30000.0,25000.0,,,
ZS 2021,Cuerpo De Aceleración,,DISPONIBLE,SANTIAGO,60000.0,50000.0,,,
ZS 2021,Cuna,,DISPONIBLE,SANTIAGO,,,,,
ZS 2021,Deposito De Agua O Líquido Refrigerante,,DISPONIBLE,SANTIAGO,15000.0,10000.0,,,
ZS 2021,Disco De Freno,,DISPONIBLE,SANTIAGO,15000.0,10000.0,,,
ZS 2021,Espejo,Central,VENDIDO,SANTIAGO,,,,,
ZS 2021,Espiral,Trasera Izquierda,DISPONIBLE,,15000.0,10000.0,,,Sin ubicación
ZS 2021,Espiral,Trasera Derecha,DISPONIBLE,,15000.0,10000.0,,,Sin ubicación
ZS 2021,Funda De Parachoque,Trasera,DISPONIBLE,SANTIAGO,35700.0,30000.0,,,
ZS 2021,Guantera,,DISPONIBLE,SANTIAGO,20000.0,15000.0,,,
ZS 2021,Logo Con Chapa,Portalon,DISPONIBLE,SANTIAGO,35000.0,30000.0,,,
ZS 2021,Manilla,Trasera Izquierda Exterior,DISPONIBLE,SANTIAGO,25000.0,20000.0,,,
ZS 2021,Maza Y Disco De Freno,,DISPONIBLE,,,,,,Posible múltiple repuesto; Sin ubicación
ZS 2021,Ménsula,Delantera Derecha,DISPONIBLE,SANTIAGO,,,,,
ZS 2021,Moldura Puerta,Delantera Izquierda,DISPONIBLE,SANTIAGO,,,,,
ZS 2021,Moldura Puerta,Trasera Izquierda,DISPONIBLE,SANTIAGO,,,,,
ZS 2021,Motor,,VENDIDO,,,,,,Sin ubicación
ZS 2021,Motor De Partida,,DISPONIBLE,SANTIAGO,60000.0,50000.0,,,
ZS 2021,Neblinero,Delantera Izquierda,DISPONIBLE,SANTIAGO,20000.0,15000.0,,,
ZS 2021,Óptico,Derecha,DISPONIBLE,SANTIAGO,,,,DETALLE MICA,
ZS 2021,Parasol,Derecha,DISPONIBLE,SANTIAGO,,,,,
ZS 2021,Puerta Solo Lata,Trasera Izquierda,VENDIDO,SANTIAGO,30000.0,30000.0,,,
ZS 2021,Radiador Aire,,DISPONIBLE,SANTIAGO,,,,REVISAR SI ES ZS,
ZS 2021,Sensor Abs,,DISPONIBLE,SANTIAGO,,,,,
ZS 2021,Sensor Abs,,DISPONIBLE,SANTIAGO,,,,,
ZS 2021,Tapa De Bencina,Exterior,DISPONIBLE,SANTIAGO,,,,,
ZS 2021,Tapa De Bencina,Interior,DISPONIBLE,SANTIAGO,,,,,
ZS 2021,Tapa Remolque,Delantera,VENDIDO,SANTIAGO,10000.0,8000.0,,,
ZS 2021,Volante,,DISPONIBLE,SANTIAGO,25000.0,20000.0,,,
ZS 2021,,,,,,,,,Nombre vacío; Sin estado de stock; Sin ubicación
ZS 2021,,,,,,,,,Nombre vacío; Sin estado de stock; Sin ubicación
ZS 2021,,,,,,,,,Nombre vacío; Sin estado de stock; Sin ubicación
ZS 2021,,,,,,,,,Nombre vacío; Sin estado de stock; Sin ubicación
ZS 2021,,,,,,,,,Nombre vacío; Sin estado de stock; Sin ubicación
ZS 2021,,,,,,,,,Nombre vacío; Sin estado de stock; Sin ubicación
ZS 2021,,,,,,,,,Nombre vacío; Sin estado de stock; Sin ubicación
ZS 2021,,,,,,,,,Nombre vacío; Sin estado de stock; Sin ubicación
ZS 2021,,,,,,,,,Nombre vacío; Sin estado de stock; Sin ubicación
ZS 2021,,,,,,,,,Nombre vacío; Sin estado de stock; Sin ubicación
ZS 2021,,,,,,,,,Nombre vacío; Sin estado de stock; Sin ubicación
ZS 2021,,,,,,,,,Nombre vacío; Sin estado de stock; Sin ubicación
ZS 2021,,,,,,,,,Nombre vacío; Sin estado de stock; Sin ubicación
ZS 2021,,,,,,,,,Nombre vacío; Sin estado de stock; Sin ubicación
ZS 2021,,,,,,,,,Nombre vacío; Sin estado de stock; Sin ubicación
ZS 2021,,,,,,,,,Nombre vacío; Sin estado de stock; Sin ubicación
ZS 2021,,,,,,,,,Nombre vacío; Sin estado de stock; Sin ubicación
ZS 2021,,,,,,,,,Nombre vacío; Sin estado de stock; Sin ubicación
ZS 2021,,,,,,,,,Nombre vacío; Sin estado de stock; Sin ubicación
ZS 2021,,,,,,,,,Nombre vacío; Sin estado de stock; Sin ubicación
ZS 2021,,,,,,,,,Nombre vacío; Sin estado de stock; Sin ubicación
ZS 2021,,,,,,,,,Nombre vacío; Sin estado de stock; Sin ubicación
ZS 2021,,,,,,,,,Nombre vacío; Sin estado de stock; Sin ubicación
ZS 2021,,,,,,,,,Nombre vacío; Sin estado de stock; Sin ubicación
ZS 2021,,,,,,,,,Nombre vacío; Sin estado de stock; Sin ubicación
ZS 2021,,,,,,,,,Nombre vacío; Sin estado de stock; Sin ubicación
ZS 2021,,,,,,,,,Nombre vacío; Sin estado de stock; Sin ubicación
ZS 2021,,,,,,,,,Nombre vacío; Sin estado de stock; Sin ubicación
ZS 2021,,,,,,,,,Nombre vacío; Sin estado de stock; Sin ubicación
ZS 2021,,,,,,,,,Nombre vacío; Sin estado de stock; Sin ubicación
ZS 2021,,,,,,,,,Nombre vacío; Sin estado de stock; Sin ubicación
ZS 2021,,,,,,,,,Nombre vacío; Sin estado de stock; Sin ubicación
ZS 2021,,,,,,,,,Nombre vacío; Sin estado de stock; Sin ubicación
ZS 2021,,,,,,,,,Nombre vacío; Sin estado de stock; Sin ubicación
ZS 2021,,,,,,,,,Nombre vacío; Sin estado de stock; Sin ubicación
ZS 2021,,,,,,,,,Nombre vacío; Sin estado de stock; Sin ubicación
ZS 2021,,,,,,,,,Nombre vacío; Sin estado de stock; Sin ubicación
ZS 2021,,,,,,,,,Nombre vacío; Sin estado de stock; Sin ubicación
ZS 2021,,,,,,,,,Nombre vacío; Sin estado de stock; Sin ubicación
ZS 2021,,,,,,,,,Nombre vacío; Sin estado de stock; Sin ubicación
ZS 2021,,,,,,,,,Nombre vacío; Sin estado de stock; Sin ubicación
ZS 2021,,,,,,,,,Nombre vacío; Sin estado de stock; Sin ubicación
ZS 2021,,,,,,,,,Nombre vacío; Sin estado de stock; Sin ubicación
ZS 2021,,,,,,,,,Nombre vacío; Sin estado de stock; Sin ubicación
ZS 2021,,,,,,,,,Nombre vacío; Sin estado de stock; Sin ubicación
ZS 2021,,,,,,,,,Nombre vacío; Sin estado de stock; Sin ubicación
ZS 2021,,,,,,,,,Nombre vacío; Sin estado de stock; Sin ubicación
ZS 2021,,,,,,,,,Nombre vacío; Sin estado de stock; Sin ubicación
ZS 2021,,,,,,,,,Nombre vacío; Sin estado de stock; Sin ubicación
ZS 2021,,,,,,,,,Nombre vacío; Sin estado de stock; Sin ubicación
ZS 2021,,,,,,,,,Nombre vacío; Sin estado de stock; Sin ubicación
ZS 2021,,,,,,,,,Nombre vacío; Sin estado de stock; Sin ubicación
ZS 2021,,,,,,,,,Nombre vacío; Sin estado de stock; Sin ubicación
ZS 2021,,,,,,,,,Nombre vacío; Sin estado de stock; Sin ubicación
ZS 2021,,,,,,,,,Nombre vacío; Sin estado de stock; Sin ubicación
ZS 2021,,,,,,,,,Nombre vacío; Sin estado de stock; Sin ubicación
ZS 2021,,,,,,,,,Nombre vacío; Sin estado de stock; Sin ubicación
ZS 2021,,,,,,,,,Nombre vacío; Sin estado de stock; Sin ubicación
ZS 2021,,,,,,,,,Nombre vacío; Sin estado de stock; Sin ubicación
ZS 2021,,,,,,,,,Nombre vacío; Sin estado de stock; Sin ubicación
ZS 2021,,,,,,,,,Nombre vacío; Sin estado de stock; Sin ubicación
ZS 2021,,,,,,,,,Nombre vacío; Sin estado de stock; Sin ubicación
ZS 2021,,,,,,,,,Nombre vacío; Sin estado de stock; Sin ubicación
ZS 2021,,,,,,,,,Nombre vacío; Sin estado de stock; Sin ubicación
ZS 2021,,,,,,,,,Nombre vacío; Sin estado de stock; Sin ubicación
ZS 2021,,,,,,,,,Nombre vacío; Sin estado de stock; Sin ubicación
ZS 2021,,,,,,,,,Nombre vacío; Sin estado de stock; Sin ubicación
ZS 2021,,,,,,,,,Nombre vacío; Sin estado de stock; Sin ubicación
ZS 2021,,,,,,,,,Nombre vacío; Sin estado de stock; Sin ubicación
ZS 2021,,,,,,,,,Nombre vacío; Sin estado de stock; Sin ubicación
ZS 2021,,,,,,,,,Nombre vacío; Sin estado de stock; Sin ubicación
ZS 2021,,,,,,,,,Nombre vacío; Sin estado de stock; Sin ubicación
ZS 2021,,,,,,,,,Nombre vacío; Sin estado de stock; Sin ubicación
ZS 2021,,,,,,,,,Nombre vacío; Sin estado de stock; Sin ubicación
ZS 2021,,,,,,,,,Nombre vacío; Sin estado de stock; Sin ubicación
ZS 2021,,,,,,,,,Nombre vacío; Sin estado de stock; Sin ubicación
ZS 2021,,,,,,,,,Nombre vacío; Sin estado de stock; Sin ubicación
ZS 2021,,,,,,,,,Nombre vacío; Sin estado de stock; Sin ubicación
ZS 2021,,,,,,,,,Nombre vacío; Sin estado de stock; Sin ubicación
ZS 2021,,,,,,,,,Nombre vacío; Sin estado de stock; Sin ubicación
ZS 2021,,,,,,,,,Nombre vacío; Sin estado de stock; Sin ubicación
ZS 2021,,,,,,,,,Nombre vacío; Sin estado de stock; Sin ubicación
ZS 2021,,,,,,,,,Nombre vacío; Sin estado de stock; Sin ubicación
ZS 2021,,,,,,,,,Nombre vacío; Sin estado de stock; Sin ubicación
ZS 2021,,,,,,,,,Nombre vacío; Sin estado de stock; Sin ubicación
ZS 2021,,,,,,,,,Nombre vacío; Sin estado de stock; Sin ubicación
ZS 2021,,,,,,,,,Nombre vacío; Sin estado de stock; Sin ubicación
ZS 2021,,,,,,,,,Nombre vacío; Sin estado de stock; Sin ubicación
ZS 2021,,,,,,,,,Nombre vacío; Sin estado de stock; Sin ubicación
ZS 2021,,,,,,,,,Nombre vacío; Sin estado de stock; Sin ubicación
ZS 2021,,,,,,,,,Nombre vacío; Sin estado de stock; Sin ubicación
ZS 2021,,,,,,,,,Nombre vacío; Sin estado de stock; Sin ubicación
ZS 2021,,,,,,,,,Nombre vacío; Sin estado de stock; Sin ubicación
ZS 2021,,,,,,,,,Nombre vacío; Sin estado de stock; Sin ubicación
ZS 2021,,,,,,,,,Nombre vacío; Sin estado de stock; Sin ubicación
ZS 2021,,,,,,,,,Nombre vacío; Sin estado de stock; Sin ubicación
ZS 2021,,,,,,,,,Nombre vacío; Sin estado de stock; Sin ubicación
ZS 2021,,,,,,,,,Nombre vacío; Sin estado de stock; Sin ubicación
ZS 2021,,,,,,,,,Nombre vacío; Sin estado de stock; Sin ubicación
ZS 2021,,,,,,,,,Nombre vacío; Sin estado de stock; Sin ubicación
ZS 2021,,,,,,,,,Nombre vacío; Sin estado de stock; Sin ubicación
ZS 2021,,,,,,,,,Nombre vacío; Sin estado de stock; Sin ubicación
ZS 2021,,,,,,,,,Nombre vacío; Sin estado de stock; Sin ubicación
ZS 2021,,,,,,,,,Nombre vacío; Sin estado de stock; Sin ubicación
ZS 2021,,,,,,,,,Nombre vacío; Sin estado de stock; Sin ubicación
ZS 2021,,,,,,,,,Nombre vacío; Sin estado de stock; Sin ubicación
ZS 2021,,,,,,,,,Nombre vacío; Sin estado de stock; Sin ubicación
ZS 2021,,,,,,,,,Nombre vacío; Sin estado de stock; Sin ubicación
ZS 2021,,,,,,,,,Nombre vacío; Sin estado de stock; Sin ubicación
ZS 2021,,,,,,,,,Nombre vacío; Sin estado de stock; Sin ubicación
ZS 2021,,,,,,,,,Nombre vacío; Sin estado de stock; Sin ubicación
ZS 2021,,,,,,,,,Nombre vacío; Sin estado de stock; Sin ubicación
ZS 2021,,,,,,,,,Nombre vacío; Sin estado de stock; Sin ubicación
ZS 2021,,,,,,,,,Nombre vacío; Sin estado de stock; Sin ubicación
ZS 2021,,,,,,,,,Nombre vacío; Sin estado de stock; Sin ubicación
ZS 2021,,,,,,,,,Nombre vacío; Sin estado de stock; Sin ubicación
ZS 2021,,,,,,,,,Nombre vacío; Sin estado de stock; Sin ubicación
ZS 2021,,,,,,,,,Nombre vacío; Sin estado de stock; Sin ubicación
ZS 2021,,,,,,,,,Nombre vacío; Sin estado de stock; Sin ubicación
ZS 2021,,,,,,,,,Nombre vacío; Sin estado de stock; Sin ubicación
ZS 2021,,,,,,,,,Nombre vacío; Sin estado de stock; Sin ubicación
ZS 2021,,,,,,,,,Nombre vacío; Sin estado de stock; Sin ubicación
ZS 2021,,,,,,,,,Nombre vacío; Sin estado de stock; Sin ubicación
ZS 2021,,,,,,,,,Nombre vacío; Sin estado de stock; Sin ubicación
ZS 2021,,,,,,,,,Nombre vacío; Sin estado de stock; Sin ubicación
ZS 2021,,,,,,,,,Nombre vacío; Sin estado de stock; Sin ubicación
ZS 2021,,,,,,,,,Nombre vacío; Sin estado de stock; Sin ubicación
ZS 2021,,,,,,,,,Nombre vacío; Sin estado de stock; Sin ubicación
ZS 2021,,,,,,,,,Nombre vacío; Sin estado de stock; Sin ubicación
ZS 2021,,,,,,,,,Nombre vacío; Sin estado de stock; Sin ubicación
ZS 2021,,,,,,,,,Nombre vacío; Sin estado de stock; Sin ubicación
ZS 2021,,,,,,,,,Nombre vacío; Sin estado de stock; Sin ubicación
ZS 2021,,,,,,,,,Nombre vacío; Sin estado de stock; Sin ubicación
ZS 2021,,,,,,,,,Nombre vacío; Sin estado de stock; Sin ubicación
ZS 2021,,,,,,,,,Nombre vacío; Sin estado de stock; Sin ubicación
ZS 2021,,,,,,,,,Nombre vacío; Sin estado de stock; Sin ubicación
ZS 2021,,,,,,,,,Nombre vacío; Sin estado de stock; Sin ubicación
ZS 2021,,,,,,,,,Nombre vacío; Sin estado de stock; Sin ubicación
ZS 2021,,,,,,,,,Nombre vacío; Sin estado de stock; Sin ubicación
ZS 2021,,,,,,,,,Nombre vacío; Sin estado de stock; Sin ubicación
ZS 2021,,,,,,,,,Nombre vacío; Sin estado de stock; Sin ubicación
ZS 2021,,,,,,,,,Nombre vacío; Sin estado de stock; Sin ubicación
ZS 2021,,,,,,,,,Nombre vacío; Sin estado de stock; Sin ubicación
ZS 2021,,,,,,,,,Nombre vacío; Sin estado de stock; Sin ubicación
