vehiculo,nombre_original,nombre,posicion,stock,ubicacion,precio,ultimo_precio,venta,nota,observaciones
116I 2006,AIRBAG DE CORTINA LH,Airbag De Cortina,Izquierda,DISPONIBLE,SANTIAGO,55000,50000,,,
116I 2006,AIRBAG DE CORTINA RH,Airbag De Cortina,Derecha,DISPONIBLE,SANTIAGO,55000,50000,,,
116I 2006,ALTERNADOR,Alternador,,VENDIDO,SANTIAGO,90000,85000,,,
116I 2006,AMORTIGUADOR DELANTERO LH,Amortiguador,Delantera Izquierda,VENDIDO,SANTIAGO,55000,50000,,,
116I 2006,AMORTIGUADOR DELANTERO RH,Amortiguador,Delantera Derecha,VENDIDO,SANTIAGO,90000,80000,,,
116I 2006,AMORTIGUADOR PORTALÓN LH,Amortiguador Portalón,Izquierda,VENDIDO,SANTIAGO,25000,20000,,,
116I 2006,AMORTIGUADOR PORTALÓN RH,Amortiguador Portalón,Derecha,VENDIDO,SANTIAGO,25000,20000,,,
116I 2006,AMORTIGUADOR TRASERO LH,Amortiguador,Trasera Izquierda,VENDIDO,SANTIAGO,30000,25000,,,
116I 2006,AMORTIGUADOR TRASERO RH,Amortiguador,Trasera Derecha,VENDIDO,SANTIAGO,30000,25000,,,
116I 2006,AMPLIFICADOR,Amplificador,,VENDIDO,SANTIAGO,,,,,
116I 2006,ANTENA,Antena,,DISPONIBLE,SANTIAGO,,,,,
116I 2006,ASIENTO DELANTERO LH,Asiento,Delantera Izquierda,NO DISPONIBLE,N/A,,,,,Último precio dice MALO - no es precio
116I 2006,ASIENTO DELANTERO RH,Asiento,Delantera Derecha,DISPONIBLE,SANTIAGO,60000,50000,,,
116I 2006,ASIENTOS TRASEROS,Asiento,Trasera,DISPONIBLE,REQUINOA,60000,50000,,,Nombre en plural - son 2 asientos
116I 2006,AUXILIAR,Auxiliar,,DISPONIBLE,SANTIAGO,15000,10000,,,Nombre tiene espacio extra al final
116I 2006,BANDEJA DELANTERA INFERIOR LH,Bandeja,Delantera Inferior Izquierda,VENDIDO,SANTIAGO,45000,40000,,PEQUEÑA,
116I 2006,BANDEJA DELANTERA INFERIOR RH,Bandeja,Delantera Inferior Derecha,VENDIDO,SANTIAGO,45000,40000,,PEQUEÑA,
116I 2006,BANDEJA DELANTERA SUPERIOR LH,Bandeja,Delantera Superior Izquierda,VENDIDO,SANTIAGO,50000,45000,,GRANDE,
116I 2006,BANDEJA DELANTERA SUPERIOR RH,Bandeja,Delantera Superior Derecha,VENDIDO,SANTIAGO,50000,45000,,GRANDE,
116I 2006,BANDEJA TRASERA GRANDE LH,Bandeja,Trasera Izquierda,VENDIDO,SANTIAGO,,,HAWAIANA,,GRANDE en el nombre original
116I 2006,BANDEJA TRASERA GRANDE RH,Bandeja,Trasera Derecha,VENDIDO,SANTIAGO,,,HAWAIANA,,GRANDE en el nombre original
116I 2006,BANDEJA TRASERA HORQUILLA LH,Bandeja Horquilla,Trasera Izquierda,DISPONIBLE,SANTIAGO,,,,,
116I 2006,BANDEJA TRASERA HORQUILLA RH,Bandeja Horquilla,Trasera Derecha,DISPONIBLE,SANTIAGO,,,,,
116I 2006,BANDEJA TRASERA MEDIANA LH,Bandeja,Trasera Izquierda,DISPONIBLE,SANTIAGO,,,,,MEDIANA en el nombre original
116I 2006,BANDEJA TRASERA MEDIANA RH,Bandeja,Trasera Derecha,DISPONIBLE,SANTIAGO,,,,,MEDIANA en el nombre original
116I 2006,BANDEJA TRASERA PEQUEÑA LH,Bandeja,Trasera Izquierda,DISPONIBLE,SANTIAGO,,,,,PEQUEÑA en el nombre original
116I 2006,BANDEJA TRASERA PEQUEÑA RH,Bandeja,Trasera Derecha,DISPONIBLE,SANTIAGO,,,,,PEQUEÑA en el nombre original
116I 2006,BARRA ESTABILIZADORA,Barra Estabilizadora,,DISPONIBLE,SANTIAGO,30000,25000,,,
116I 2006,BASE DE BATERÍA,Base De Batería,,DISPONIBLE,SANTIAGO,,,,,
116I 2006,BASE DE DE COMPRESOR DE AIRE ACODICIONADO,Base De Compresor De Aire Acondicionado,,DISPONIBLE,SANTIAGO,35000,30000,,,Tiene DE DE duplicado; ACODICIONADO mal escrito
116I 2006,BASE DE TERMOSTATO,Base De Termostato,,POR CONFIRMAR,REQUINOA,,,,,
116I 2006,BIELETA LH,Bieleta,Izquierda,DISPONIBLE,SANTIAGO,15000,10000,,,
116I 2006,BIELETA RH,Bieleta,Derecha,DISPONIBLE,SANTIAGO,15000,10000,,,
116I 2006,BISAGRA CAPOT LH,Bisagra Capot,Izquierda,DISPONIBLE,SANTIAGO,25000,20000,,,
116I 2006,BISAGRA CAPOT RH,Bisagra Capot,Derecha,DISPONIBLE,SANTIAGO,25000,20000,,,
116I 2006,BISAGRA PORTALÓN LH,Bisagra Portalón,Izquierda,DISPONIBLE,SANTIAGO,,,,,
116I 2006,BISEL DE SINÓPTICO,Bisel De Sinóptico,,DISPONIBLE,SANTIAGO,20000,15000,,,
116I 2006,BISEL TABLERO,Bisel Tablero,,DISPONIBLE,SANTIAGO,20000,15000,,,
116I 2006,BLOCK,Block,,DISPONIBLE,SANTIAGO,100000,80000,,SOLO,
116I 2006,BOBINA 1,Bobina 1,,VENDIDO,SANTIAGO,25000,20000,,,Número en el nombre
116I 2006,BOBINA 2,Bobina 2,,DISPONIBLE,SANTIAGO,25000,20000,,,Número en el nombre
116I 2006,BOBINA 3,Bobina 3,,DISPONIBLE,SANTIAGO,25000,20000,,,Número en el nombre
116I 2006,BOBINA 4,Bobina 4,,DISPONIBLE,SANTIAGO,25000,20000,,,Número en el nombre
116I 2006,BOMBA AUXILIAR DE CALEFACCIÓN,Bomba Auxiliar De Calefacción,,DISPONIBLE,SANTIAGO,,,,,Espacio extra al final
116I 2006,BOMBA DE ACEITE,Bomba De Aceite,,DISPONIBLE,SANTIAGO,60000,50000,,,
116I 2006,BOMBA DE BENCINA,Bomba De Bencina,,DISPONIBLE,SANTIAGO,120000,110000,,2 PARTES,Espacio extra al final; son 2 partes
116I 2006,BOMBA DE PEDAL DE EMBRAGUE,Bomba De Pedal De Embrague,,VENDIDO,SANTIAGO,,,,,
116I 2006,BOMBA HIDRÁULICA,Bomba Hidráulica,,VENDIDO,SANTIAGO,90000,80000,,BOMBA DE DIRECCIÓN,Espacio extra al final; nota aclara uso
116I 2006,BOMBA Y DEPÓSITO DE FRENO,Bomba Y Depósito De Freno,,DISPONIBLE,SANTIAGO,60000,50000,,,Son 2 piezas en una
116I 2006,BORNER POSITIVO BATERÍA,Borner Positivo Batería,,DISPONIBLE,SANTIAGO,40000,35000,,,Espacio extra al final
116I 2006,BOTÓN DE ALZAVIDRIOS DELANTERO RH,Botón De Alzavidrios,Delantera Derecha,NO DISPONIBLE,SANTIAGO,15000,10000,,,
116I 2006,BOTÓN DE ALZAVIDRIOS TRASERA LH,Botón De Alzavidrios,Trasera Izquierda,VENDIDO,SANTIAGO,15000,10000,,,
116I 2006,BOTÓN DE ALZAVIDRIOS TRASERA RH,Botón De Alzavidrios,Trasera Derecha,VENDIDO,SANTIAGO,15000,10000,,,
116I 2006,BOTÓN DE ENCENDIDO,Botón De Encendido,,DISPONIBLE,SANTIAGO,25000,20000,,,Espacio extra al final
116I 2006,"BOTÓN HAZARD, DTC Y APERTURA DE PUERTAS",Botón Hazard Dtc Y Apertura De Puertas,,DISPONIBLE,SANTIAGO,25000,20000,,,Múltiples funciones en un solo botón
116I 2006,BOTONERA ALZAVIDRIO DELANTERA LH,Botonera Alzavidrio,Delantera Izquierda,NO DISPONIBLE,,,,,,Espacio extra al final; sin ubicación
116I 2006,BOTONERA DE ALZAVIDRIOS DELANTERA LH,Botonera De Alzavidrios,Delantera Izquierda,VENDIDO,SANTIAGO,50000,45000,,,
116I 2006,BRAZO LIMPIAPARABRISAS DELANTERO LH,Brazo Limpiaparabrisas,Delantera Izquierda,VENDIDO,SANTIAGO,20000,15000,,,
116I 2006,BRAZO LIMPIAPARABRISAS DELANTERO RH,Brazo Limpiaparabrisas,Delantera Derecha,VENDIDO,SANTIAGO,20000,15000,,,
116I 2006,BRAZO LIMPIAPARABRISAS TRASERO,Brazo Limpiaparabrisas,Trasera,VENDIDO,SANTIAGO,20000,15000,,DE PORTALÓN,
116I 2006,CAJA DE CAMBIOS,Caja De Cambios,,VENDIDO,SANTIAGO,290000,280000,,,
116I 2006,CALIPER DELANTERO LH,Caliper,Delantera Izquierda,VENDIDO,SANTIAGO,70000,60000,,,
116I 2006,CALIPER DELANTERO RH,Caliper,Delantera Derecha,DISPONIBLE,SANTIAGO,70000,60000,,,
116I 2006,CALIPER TRASERO LH,Caliper,Trasera Izquierda,DISPONIBLE,SANTIAGO,70000,60000,,,
116I 2006,CALIPER TRASERO RH,Caliper,Trasera Derecha,DISPONIBLE,SANTIAGO,70000,60000,,,
116I 2006,CANISTER,Canister,,VENDIDO,SANTIAGO,60000,50000,,,
116I 2006,CAÑERÍA DE AGUA,Cañería De Agua,,DISPONIBLE,SANTIAGO,,,BORDEA EL MOTOR,,
116I 2006,CAÑERÍA DE AIRE JUEGO,Cañería De Aire,,DISPONIBLE,SANTIAGO,83000,70000,,,JUEGO indica son varias
116I 2006,CAÑERÍA DE BENCINA,Cañería De Bencina,,DISPONIBLE,SANTIAGO,,,SALIDA BOMBA DE ALTA,,Espacio extra al final
116I 2006,CAÑERIA DE COMBUSTIBLE,Cañería De Combustible,,DISPONIBLE,SANTIAGO,,,,,Espacio extra al final; CAÑERIA sin tilde
116I 2006,CAÑERÍA HIDRÁULICA 1,Cañería Hidráulica 1,,DISPONIBLE,SANTIAGO,,,,,Número en el nombre
116I 2006,CAÑERÍA HIDRÁULICA 2,Cañería Hidráulica 2,,DISPONIBLE,SANTIAGO,,,,,Número en el nombre
116I 2006,CAÑERÍA LÍQUIDO HIDRÁULICO,Cañería Líquido Hidráulico,,DISPONIBLE,SANTIAGO,,,,,
116I 2006,CAPOT,Capot,,VENDIDO,SANTIAGO,130000,120000,,,
116I 2006,CARDAN TRASERO,Cardan,Trasera,VENDIDO,SANTIAGO,85000,80000,,,
116I 2006,CARTER,Carter,,DISPONIBLE,SANTIAGO,70000,60000,,SOLO SIN SENSOR DE ACEITE,
116I 2006,CATALÍTICO,Catalítico,,VENDIDO,SANTIAGO,60000,50000,,,
116I 2006,CHAPA CAPOT,Chapa Capot,,VENDIDO,SANTIAGO,25000,20000,,,
116I 2006,CHAPA PORTALÓN,Chapa Portalón,,VENDIDO,SANTIAGO,30000,25000,,,
116I 2006,CHAPA PUERTA DELANTERA LH,Chapa Puerta,Delantera Izquierda,DISPONIBLE,SANTIAGO,45000,40000,,,
116I 2006,CHAPA PUERTA DELANTERA RH,Chapa Puerta,Delantera Derecha,DISPONIBLE,SANTIAGO,45000,40000,,,
116I 2006,CHAPA PUERTA TRASERA LH,Chapa Puerta,Trasera Izquierda,DISPONIBLE,SANTIAGO,45000,40000,,,
116I 2006,CHAPA PUERTA TRASERA RH,Chapa Puerta,Trasera Derecha,DISPONIBLE,SANTIAGO,45000,40000,,,
116I 2006,CIGÜEÑAL,Cigüeñal,,NO DISPONIBLE,SANTIAGO,,,MALO,,Nota indica condición MALO
116I 2006,CINTA DE AIRBAG,Cinta De Airbag,,DISPONIBLE,SANTIAGO,35700,30000,,,
116I 2006,CINTURÓN TRASERO LH,Cinturón,Trasera Izquierda,DISPONIBLE,SANTIAGO,10000,10000,,,
116I 2006,CINTURÓN TRASERO RH,Cinturón,Trasera Derecha,DISPONIBLE,SANTIAGO,10000,10000,,,
116I 2006,COFIA,Cofia,,DISPONIBLE,SANTIAGO,25000,20000,,,
116I 2006,COLUMNA DE DIRECCIÓN,Columna De Dirección,,VENDIDO,SANTIAGO,45000,40000,,REVISAR,
116I 2006,COMANDO DE LUCES,Comando De Luces,,DISPONIBLE,,45000,40000,,,Sin ubicación
116I 2006,COMPRESOR AIRE,Compresor Aire,,VENDIDO,SANTIAGO,130000,120000,,,Espacio extra al final
116I 2006,CONTROL DE SUNROOF Y LUCES INTERIORES,Control De Sunroof Y Luces Interiores,,DISPONIBLE,SANTIAGO,35000,30000,,,Múltiples funciones
116I 2006,CREMALLERA DE ALZAVIDRIO DELANTERA LH,Cremallera De Alzavidrio,Delantera Izquierda,VENDIDO,SANTIAGO,45000,40000,,,
116I 2006,CREMALLERA DE ALZAVIDRIO DELANTERA RH,Cremallera De Alzavidrio,Delantera Derecha,VENDIDO,SANTIAGO,45000,40000,,,
116I 2006,CREMALLERA DE ALZAVIDRIO TRASERA LH,Cremallera De Alzavidrio,Trasera Izquierda,VENDIDO,SANTIAGO,35000,30000,,CON DETALLE,Espacio extra en nota
116I 2006,CREMALLERA DE ALZAVIDRIO TRASERA RH,Cremallera De Alzavidrio,Trasera Derecha,DISPONIBLE,SANTIAGO,45000,40000,,,
116I 2006,CREMALLERA DE DIRECCIÓN,Cremallera De Dirección,,VENDIDO,SANTIAGO,130000,120000,,,
116I 2006,CUBRE CARTER,Cubre Carter,,NO DISPONIBLE,N/A,,,,,
116I 2006,CUBRE EQUIPAJE,Cubre Equipaje,,DISPONIBLE,SANTIAGO,25000,20000,,,
116I 2006,CUBRE MOTOR (SUPERIOR),Cubre Motor,Superior,DISPONIBLE,SANTIAGO,35700,30000,,,Paréntesis en nombre original
116I 2006,CUBRE RUEDA DE REPUESTO,Cubre Rueda De Repuesto,,DISPONIBLE,SANTIAGO,25000,20000,,,
116I 2006,CUBRE TORPEDO EXTERIOR INFERIOR,Cubre Torpedo Exterior,Inferior,DISPONIBLE,SANTIAGO,25000,20000,,METÁLICO,
116I 2006,CUBRE TORPEDO EXTERIOR SUPERIOR,Cubre Torpedo Exterior,Superior,DISPONIBLE,SANTIAGO,45000,40000,,PLÁSTICO,
116I 2006,CUBRE ZÓCALO LH,Cubre Zócalo,Izquierda,DISPONIBLE,SANTIAGO,45000,40000,,,
116I 2006,CUBRE ZÓCALO RH,Cubre Zócalo,Derecha,DISPONIBLE,SANTIAGO,45000,40000,,,
116I 2006,CUERPO DE ACELERACIÓN,Cuerpo De Aceleración,,DISPONIBLE,SANTIAGO,80000,70000,,,
116I 2006,CULATA,Culata,,DISPONIBLE,,270000,260000,,,Sin ubicación
116I 2006,CUNA DELANTERA,Cuna,Delantera,VENDIDO,SANTIAGO,110000,100000,,,
116I 2006,CUNA TRASERA,Cuna,Trasera,VENDIDO,SANTIAGO,120000,100000,,,
116I 2006,DEPÓSITO DE AGUA O LÍQUIDO REFRIGERANTE,Depósito De Agua O Líquido Refrigerante,,VENDIDO,SANTIAGO,45000,40000,,,Espacio extra al final; nombre con alternativa
116I 2006,DEPÓSITO DE LIMPIAPARABRISAS,Depósito De Limpiaparabrisas,,DISPONIBLE,SANTIAGO,50000,40000,,,Espacio extra al final
116I 2006,DEPÓSITO DE LÍQUIDO HIDRÁULICO,Depósito De Líquido Hidráulico,,VENDIDO,SANTIAGO,35000,30000,,,
116I 2006,DIFERENCIAL TRASERO,Diferencial,Trasera,NO DISPONIBLE,SANTIAGO,160000,150000,,PRECIO ACTUALIZADO,Espacio extra en nota
116I 2006,DISCO DE FRENO DELANTERO LH,Disco De Freno,Delantera Izquierda,VENDIDO,SANTIAGO,25000,20000,,,
116I 2006,DISCO DE FRENO DELANTERO RH,Disco De Freno,Delantera Derecha,VENDIDO,SANTIAGO,25000,20000,,,
116I 2006,DISCO DE FRENO TRASERO LH,Disco De Freno,Trasera Izquierda,VENDIDO,SANTIAGO,25000,20000,,,
116I 2006,DISCO DE FRENO TRASERO RH,Disco De Freno,Trasera Derecha,VENDIDO,SANTIAGO,25000,20000,,,
116I 2006,ECU,Ecu,,VENDIDO,SANTIAGO,145000,130000,,,
116I 2006,EJE PALIER TRASERO LH,Eje Palier,Trasera Izquierda,DISPONIBLE,SANTIAGO,75000,70000,,,
116I 2006,EJE PALIER TRASERO RH,Eje Palier,Trasera Derecha,DISPONIBLE,SANTIAGO,75000,70000,,,
116I 2006,ELECTROVENTILADOR,Electroventilador,,VENDIDO,SANTIAGO,55000,50000,,,
116I 2006,ENCENDEDOR DE CIGARROS,Encendedor De Cigarros,,DISPONIBLE,SANTIAGO,15000,10000,,,Espacio extra al final
116I 2006,ENGANCHE CINTURONES TRASEROS,Enganche Cinturones,Trasera,DISPONIBLE,SANTIAGO,,,,,Probablemente son múltiples
116I 2006,ESPEJO CENTRAL,Espejo,Central,VENDIDO,SANTIAGO,25000,20000,,,
116I 2006,ESPEJO LH,Espejo,Izquierda,VENDIDO,SANTIAGO,80000,75000,,,
116I 2006,ESPEJO RH,Espejo,Derecha,VENDIDO,SANTIAGO,80000,75000,,,
116I 2006,ESPIRAL TRASERO LH,Espiral,Trasera Izquierda,NO DISPONIBLE,SANTIAGO,,,,,
116I 2006,ESPIRAL TRASERO RH,Espiral,Trasera Derecha,NO DISPONIBLE,SANTIAGO,,,,,
116I 2006,FIERRO REFUERZO INTERIOR,Fierro Refuerzo Interior,,VENDIDO,SANTIAGO,15000,15000,,,
116I 2006,FLUJÓMETRO,Flujómetro,,DISPONIBLE,SANTIAGO,50000,40000,,,
116I 2006,FOCO TRASERO DERECHO,Foco,Trasera Derecha,VENDIDO,SANTIAGO,45000,40000,,TRIZADO,
116I 2006,FOCO TRASERO IZQUIERDO,Foco,Trasera Izquierda,DISPONIBLE,SANTIAGO,55000,50000,,,
116I 2006,FRONTAL,Frontal,,VENDIDO,SANTIAGO,170000,160000,,,Espacio extra al final
116I 2006,FUNDA DE PARACHOQUE DELANTERA,Funda De Parachoque,Delantera,VENDIDO,SANTIAGO,100000,95000,,,
116I 2006,FUNDA DE PARACHOQUE TRASERO,Funda De Parachoque,Trasera,DISPONIBLE,SANTIAGO,90000,80000,,,Espacio extra al final
116I 2006,FUSILERA,Fusilera,,DISPONIBLE,SANTIAGO,,,CUÁL,,Nota con pregunta
116I 2006,GANCHO O CHAPA DE SEGURIDAD CAPOT,Gancho O Chapa De Seguridad Capot,,DISPONIBLE,SANTIAGO,25000,20000,,,Nombre con alternativa
116I 2006,GOMA PUERTA DELANTERA LH,Goma Puerta,Delantera Izquierda,NO DISPONIBLE,N/A,,,,,
116I 2006,GOMA PUERTA DELANTERA RH,Goma Puerta,Delantera Derecha,NO DISPONIBLE,SANTIAGO,25000,20000,,,
116I 2006,GOMA PUERTA TRASERA LH,Goma Puerta,Trasera Izquierda,NO DISPONIBLE,SANTIAGO,25000,20000,,,
116I 2006,GOMA PUERTA TRASERA RH,Goma Puerta,Trasera Derecha,VENDIDO,SANTIAGO,25000,20000,,,
116I 2006,GUARDAFANGO DELANTERO LH,Guardafango,Delantera Izquierda,VENDIDO,SANTIAGO,50000,45000,,,
116I 2006,GUARDAFANGO DELANTERO RH,Guardafango,Delantera Derecha,NO DISPONIBLE,SANTIAGO,45000,40000,,,
116I 2006,GUARDAFANGO TRASERO LH,Guardafango,Trasera Izquierda,DISPONIBLE,SANTIAGO,25000,20000,,,
116I 2006,GUARDAFANGO TRASERO RH,Guardafango,Trasera Derecha,VENDIDO,SANTIAGO,25000,20000,,,
116I 2006,KIT DE AIRBAG,Kit De Airbag,,DISPONIBLE,SANTIAGO,280000,250000,,,KIT indica múltiples piezas
116I 2006,KIT DE EMBRAGUE,Kit De Embrague,,DISPONIBLE,SANTIAGO,,,,,KIT indica múltiples piezas
116I 2006,LETRAS 116i,Letras 116i,,DISPONIBLE,,25000,20000,,1+1+6+i,Sin ubicación; nota indica piezas individuales
116I 2006,LLANTA CON NEUMÁTICO 1,Llanta Con Neumático 1,,DISPONIBLE,SANTIAGO,80000,70000,,JUEGO 260000,Número en nombre; nota indica son juego
116I 2006,LLANTA CON NEUMÁTICO 2,Llanta Con Neumático 2,,DISPONIBLE,SANTIAGO,80000,70000,,,Número en nombre
116I 2006,LLANTA CON NEUMÁTICO 3,Llanta Con Neumático 3,,DISPONIBLE,SANTIAGO,80000,70000,,,Número en nombre
116I 2006,LLANTA CON NEUMÁTICO 4,Llanta Con Neumático 4,,DISPONIBLE,SANTIAGO,80000,70000,,,Número en nombre
116I 2006,LLAVE (ESTÁ SIN PALETA (SE VENDIÓ)),Llave,,DISPONIBLE,SANTIAGO,,,,,Nombre con aclaración entre paréntesis
116I 2006,LOGO CAPOT,Logo Capot,,VENDIDO,SANTIAGO,30000,25000,,,
116I 2006,LOGO TRASERO (MANILLA EXTERIOR),Logo Trasero,,DISPONIBLE,SANTIAGO,45000,40000,,CON SISTEMA DE APERTURA,Paréntesis en nombre original
116I 2006,LUZ INTERIOR TECHO CENTRAL,Luz Interior Techo,Central,DISPONIBLE,SANTIAGO,25000,20000,,,
116I 2006,LUZ INTERIOR TECHO DELANTERA,Luz Interior Techo,Delantera,DISPONIBLE,SANTIAGO,25000,20000,,,
116I 2006,LUZ INTERMITENTE,Luz Intermitente,,VENDIDO,SANTIAGO,10000,10000,,,Primera de dos filas duplicadas
116I 2006,LUZ INTERMITENTE,Luz Intermitente,,DISPONIBLE,SANTIAGO,10000,10000,,,Segunda de dos filas duplicadas
116I 2006,LUZ PATENTE LH Y RH,Luz Patente,Izquierda Y Derecha,VENDIDO,SANTIAGO,20000,20000,,,Son 2 luces en una fila
116I 2006,MANGUERA DE CALEFACCIÓN,Manguera De Calefacción,,DISPONIBLE,SANTIAGO,,,,,Espacio extra al final
116I 2006,MANGUERA FILTRO DE AIRE,Manguera Filtro De Aire,,DISPONIBLE,SANTIAGO,30000,25000,,,
116I 2006,MANGUERA INFERIOR RADIADOR DE AGUA,Manguera Radiador De Agua,Inferior,DISPONIBLE,SANTIAGO,35000,30000,,,
116I 2006,MANILLA DE TECHO DELANTERA LH,Manilla De Techo,Delantera Izquierda,DISPONIBLE,SANTIAGO,0,10000,,,Precio 0 - probablemente error
116I 2006,MANILLA DE TECHO DELANTERA RH,Manilla De Techo,Delantera Derecha,DISPONIBLE,SANTIAGO,15000,10000,,,
116I 2006,MANILLA DE TECHO TRASERA LH,Manilla De Techo,Trasera Izquierda,DISPONIBLE,SANTIAGO,15000,10000,,,
116I 2006,MANILLA DE TECHO TRASERA RH,Manilla De Techo,Trasera Derecha,DISPONIBLE,SANTIAGO,15000,10000,,,
116I 2006,MANILLA EXTERIOR DELANTERA LH,Manilla Exterior,Delantera Izquierda,VENDIDO,SANTIAGO,45000,40000,,,
116I 2006,MANILLA EXTERIOR DELANTERA RH,Manilla Exterior,Delantera Derecha,DISPONIBLE,SANTIAGO,50000,45000,,,
116I 2006,MANILLA EXTERIOR TRASERA RH,Manilla Exterior,Trasera Derecha,DISPONIBLE,SANTIAGO,45000,40000,,,
116I 2006,MANILLA INTERIOR DELANTERA RH,Manilla Interior,Delantera Derecha,DISPONIBLE,SANTIAGO,15000,10000,,,
116I 2006,MANILLA INTERIOR TRASERA LH,Manilla Interior,Trasera Izquierda,DISPONIBLE,SANTIAGO,15000,10000,,,
116I 2006,MANILLA INTERIOR TRASERA RH,Manilla Interior,Trasera Derecha,DISPONIBLE,SANTIAGO,15000,10000,,,
116I 2006,MANILLA PARA ABRIR PORTALÓN ( EN EL PISO),Manilla Para Abrir Portalón,,DISPONIBLE,SANTIAGO,15000,10000,,INTERIOR,Paréntesis en nombre original
116I 2006,MÉNSULA DELANTERA LH,Ménsula,Delantera Izquierda,VENDIDO,SANTIAGO,25000,20000,,,
116I 2006,MÉNSULA DELANTERA RH,Ménsula,Delantera Derecha,VENDIDO,SANTIAGO,25000,20000,,,
116I 2006,MÉNSULA ÓPTICO LH,Ménsula Óptico,Izquierda,VENDIDO,SANTIAGO,40000,35000,,,
116I 2006,MÉNSULA ÓPTICO RH,Ménsula Óptico,Derecha,VENDIDO,SANTIAGO,40000,35000,,,
116I 2006,MÉNSULA TRASERA CENTRAL,Ménsula,Trasera Central,DISPONIBLE,SANTIAGO,25000,20000,,,
116I 2006,MÉNSULA TRASERA LH,Ménsula,Trasera Izquierda,DISPONIBLE,SANTIAGO,25000,20000,,,
116I 2006,MÉNSULA TRASERA RH,Ménsula,Trasera Derecha,VENDIDO,SANTIAGO,25000,20000,,,
116I 2006,MÓDULO ABS,Módulo Abs,,DISPONIBLE,SANTIAGO,90000,80000,,,
116I 2006,MÓDULO CONFORT,Módulo Confort,,DISPONIBLE,SANTIAGO,100000,90000,,,
116I 2006,MÓDULO FRM,Módulo Frm,,VENDIDO,SANTIAGO,90000,80000,,,
116I 2006,MOTOR DE CALEFACCIÓN,Motor De Calefacción,,DISPONIBLE,SANTIAGO,55000,50000,,,Espacio extra al final
116I 2006,MOTOR DE PARTIDA,Motor De Partida,,DISPONIBLE,SANTIAGO,70000,60000,,,
116I 2006,MOTOR LIMPIAPARABRISAS CON VARILLAJE,Motor Limpiaparabrisas Con Varillaje,,DISPONIBLE,SANTIAGO,47600,40000,,,Espacio extra al final; incluye VARILLAJE
116I 2006,MOTOR LIMPIAPARABRISAS TRASERO,Motor Limpiaparabrisas,Trasera,DISPONIBLE,SANTIAGO,35000,30000,,DE PORTALÓN,
116I 2006,MOTOR MALO,Motor,,NO DISPONIBLE,N/A,,,,,MALO en el nombre - no es válido
116I 2006,MÚLTIPLE DE ADMISIÓN,Múltiple De Admisión,,DISPONIBLE,SANTIAGO,100000,80000,,,
116I 2006,MUÑÓN CON MAZA DELANTERO LH,Muñón Con Maza,Delantera Izquierda,VENDIDO,SANTIAGO,70000,65000,,,CON MAZA indica son 2 piezas
116I 2006,MUÑÓN CON MAZA DELANTERO RH,Muñón Con Maza,Delantera Derecha,DISPONIBLE,SANTIAGO,70000,65000,,,CON MAZA indica son 2 piezas
116I 2006,MUÑON CON MAZA TRASERA LH,Muñón Con Maza,Trasera Izquierda,VENDIDO,SANTIAGO,60000,55000,,,MUÑON sin tilde; CON MAZA indica son 2 piezas
116I 2006,MUÑON CON MAZA TRASERA RH,Muñón Con Maza,Trasera Derecha,VENDIDO,SANTIAGO,60000,55000,,,MUÑON sin tilde; CON MAZA indica son 2 piezas
116I 2006,NEBLINERO DELANTERO LH,Neblinero,Delantera Izquierda,VENDIDO,SANTIAGO,50000,45000,,,
116I 2006,NEBLINERO DELANTERO RH,Neblinero,Delantera Derecha,VENDIDO,SANTIAGO,50000,45000,,,
116I 2006,ÓPTICO LH,Óptico,Izquierda,VENDIDO,SANTIAGO,100000,95000,,,
116I 2006,ÓPTICO RH,Óptico,Derecha,VENDIDO,SANTIAGO,100000,95000,,,
116I 2006,PALANCA DE CAMBIOS,Palanca De Cambios,,DISPONIBLE,SANTIAGO,70000,60000,,,
116I 2006,PALANCA FRENO DE MANO,Palanca Freno De Mano,,DISPONIBLE,SANTIAGO,25000,20000,,,
116I 2006,PALIER O EJE TRASERO DERECHO,Palier O Eje,Trasera Derecha,DISPONIBLE,REQUINOA,75000,70000,,,Nombre con alternativa
116I 2006,PALIER O EJE TRASERO IZQUIERDO,Palier O Eje,Trasera Izquierda,DISPONIBLE,REQUINOA,75000,70000,,,Nombre con alternativa
116I 2006,PARABRISAS,Parabrisas,,NO DISPONIBLE,REQUINOA,,,ROTO,,
116I 2006,PARASOL LH,Parasol,Izquierda,DISPONIBLE,SANTIAGO,20000,20000,,,
116I 2006,PARASOL RH,Parasol,Derecha,DISPONIBLE,SANTIAGO,20000,20000,,,
116I 2006,PARLANTE PUERTA TRASERA LH,Parlante Puerta,Trasera Izquierda,DISPONIBLE,SANTIAGO,15000,10000,,,
116I 2006,PARLANTE PUERTA TRASERA RH,Parlante Puerta,Trasera Derecha,DISPONIBLE,SANTIAGO,15000,10000,,,
116I 2006,PARLANTE TRASERO LH,Parlante,Trasera Izquierda,DISPONIBLE,SANTIAGO,12000,10000,,,
116I 2006,PARLANTE TRASERO RH,Parlante,Trasera Derecha,DISPONIBLE,SANTIAGO,12000,10000,,,
116I 2006,PEDAL DE ACELERACIÓN,Pedal De Aceleración,,DISPONIBLE,SANTIAGO,80000,70000,,,
116I 2006,PEDALERA DE FRENO Y EMBRAGUE,Pedalera De Freno Y Embrague,,VENDIDO,SANTIAGO,60000,50000,,SIN SENSORES,Son 2 pedales
116I 2006,PIOLA FRENO MANO,Piola Freno Mano,,NO DISPONIBLE,SANTIAGO,,,,,
116I 2006,PORTA BATERÍA,Porta Batería,,VENDIDO,SANTIAGO,,,,,
116I 2006,PORTA FILTRO,Porta Filtro,,DISPONIBLE,SANTIAGO,90000,85000,,,
116I 2006,PORTA FILTRO DE ACEITE,Porta Filtro De Aceite,,DISPONIBLE,SANTIAGO,20000,25000,,,
116I 2006,PORTA FILTRO DE POLEN,Porta Filtro De Polen,,DISPONIBLE,SANTIAGO,60000,50000,,,
116I 2006,PORTA FUSILETA (CAJA PLÁSTICA) MOTOR,Porta Fusileta,,DISPONIBLE,SANTIAGO,70000,60000,,ES CON RAMAL,Paréntesis en nombre original
116I 2006,PORTALÓN SOLO LATA + VIDRIO,Portalón,,VENDIDO,SANTIAGO,140000,130000,,PRECIO ACTUALIZADO,SOLO LATA + VIDRIO indica componentes; espacio extra en nota
116I 2006,PUERTA DELANTERA LH,Puerta,Delantera Izquierda,DISPONIBLE,SANTIAGO,75000,70000,,,
116I 2006,PUERTA DELANTERA RH,Puerta,Delantera Derecha,DISPONIBLE,SANTIAGO,75000,70000,,,
116I 2006,PUERTA TRASERA LH,Puerta,Trasera Izquierda,DISPONIBLE,SANTIAGO,75000,70000,,,
116I 2006,PUERTA TRASERA RH,Puerta,Trasera Derecha,DISPONIBLE,SANTIAGO,75000,70000,,,
116I 2006,RADIADOR AGUA,Radiador Agua,,VENDIDO,SANTIAGO,90000,85000,,,
116I 2006,RADIADOR AIRE ACONDICIONADO,Radiador Aire Acondicionado,,DISPONIBLE,SANTIAGO,110000,100000,,,
116I 2006,RADIADOR DE CALEFACCIÓN,Radiador De Calefacción,,DISPONIBLE,SANTIAGO,,,,,
116I 2006,RADIO,Radio,,VENDIDO,SANTIAGO,30000,25000,,,
116I 2006,RAMAL DE INYECCIÓN,Ramal De Inyección,,DISPONIBLE,SANTIAGO,25000,20000,,,
116I 2006,REFUERZO DE PARACHOQUE DELANTERO,Refuerzo De Parachoque,Delantera,DISPONIBLE,SANTIAGO,45000,40000,,,
116I 2006,REFUERZO DE PARACHOQUE TRASERO,Refuerzo De Parachoque,Trasera,DISPONIBLE,SANTIAGO,55000,50000,,,
116I 2006,REJILLA DE VENTILACIÓN CENTRAL INTERIOR,Rejilla De Ventilación,Central Interior,DISPONIBLE,SANTIAGO,20000,15000,,,
116I 2006,REJILLA INFERIOR,Rejilla,Inferior,VENDIDO,SANTIAGO,40000,35000,,,
116I 2006,REJILLA SUPERIOR LH,Rejilla,Superior Izquierda,DISPONIBLE,SANTIAGO,30000,25000,,,
116I 2006,REJILLA SUPERIOR RH,Rejilla,Superior Derecha,VENDIDO,SANTIAGO,30000,25000,,,
116I 2006,RESISTENCIA DE CALEFACCIÓN,Resistencia De Calefacción,,DISPONIBLE,SANTIAGO,45000,40000,,,
116I 2006,RIEL DE INYECCIÓN,Riel De Inyección,,DISPONIBLE,SANTIAGO,35000,30000,,,
116I 2006,SENSOR ABS TRASERO LH,Sensor Abs,Trasera Izquierda,VENDIDO,SANTIAGO,15000,10000,,,
116I 2006,SENSOR ABS TRASERO RH,Sensor Abs,Trasera Derecha,DISPONIBLE,SANTIAGO,15000,10000,,,
116I 2006,SENSOR DE OXÍGENO BANCO 1,Sensor De Oxígeno Banco 1,,VENDIDO,SANTIAGO,18000,15000,,,BANCO 1 en nombre
116I 2006,SENSOR DE OXÍGENO BANCO 2,Sensor De Oxígeno Banco 2,,VENDIDO,SANTIAGO,18000,15000,,,BANCO 2 en nombre
116I 2006,SERVO FRENO,Servo Freno,,DISPONIBLE,SANTIAGO,45000,40000,,,
116I 2006,SINÓPTICO,Sinóptico,,VENDIDO,SANTIAGO,60000,55000,,,
116I 2006,SOPORTE DE CAJA TRASERO (CENTRAL),Soporte De Caja,Trasera Central,VENDIDO,SANTIAGO,60000,50000,,,Paréntesis en nombre original
116I 2006,SOPORTE DE DEPÓSITO LÍQUIDO HIDRÁULICO,Soporte De Depósito Líquido Hidráulico,,DISPONIBLE,SANTIAGO,30000,20000,,,
116I 2006,SOPORTE DE MOTOR LH,Soporte De Motor,Izquierda,DISPONIBLE,SANTIAGO,55000,45000,,,
116I 2006,SOPORTE DE MOTOR RH,Soporte De Motor,Derecha,DISPONIBLE,SANTIAGO,55000,45000,,,
116I 2006,SUNROOF,Sunroof,,VENDIDO,SANTIAGO,85000,80000,,,Espacio extra al final
116I 2006,TAPA DE BENCINA EXTERIOR,Tapa De Bencina Exterior,,VENDIDO,SANTIAGO,35000,30000,,,
116I 2006,TAPA DE BENCINA INTERIOR,Tapa De Bencina Interior,,DISPONIBLE,SANTIAGO,15000,10000,,,
116I 2006,TAPA DE VÁLVULA,Tapa De Válvula,,VENDIDO,SANTIAGO,80000,70000,,,
116I 2006,TAPABARRO DELANTERO LH,Tapabarro,Delantera Izquierda,VENDIDO,SANTIAGO,75000,70000,,,
116I 2006,TAPABARRO DELANTERO RH,Tapabarro,Delantera Derecha,VENDIDO,SANTIAGO,85000,80000,,,
116I 2006,TAPIZ DE PORTALÓN,Tapiz De Portalón,,DISPONIBLE,SANTIAGO,20000,15000,,,Espacio extra al final
116I 2006,TAPIZ PUERTA DELANTERA LH,Tapiz Puerta,Delantera Izquierda,DISPONIBLE,SANTIAGO,35000,30000,,,
116I 2006,TAPIZ PUERTA DELANTERA RH,Tapiz Puerta,Delantera Derecha,DISPONIBLE,SANTIAGO,35000,30000,,,
116I 2006,TAPIZ PUERTA TRASERA LH,Tapiz Puerta,Trasera Izquierda,DISPONIBLE,SANTIAGO,25000,20000,,,
116I 2006,TAPIZ PUERTA TRASERA RH,Tapiz Puerta,Trasera Derecha,DISPONIBLE,SANTIAGO,25000,20000,,,
116I 2006,TELECOMANDO,Telecomando,,VENDIDO,SANTIAGO,80000,70000,,COMPLETO,Espacio extra al final
116I 2006,TENSOR DE ACCESORIOS,Tensor De Accesorios,,DISPONIBLE,SANTIAGO,35000,30000,,,
116I 2006,TERCERA LUZ DE FRENO,Tercera Luz De Freno,,DISPONIBLE,SANTIAGO,25000,20000,,,Espacio extra al final
116I 2006,TERMINAL DE CREMALLERA DE DIRECCIÓN,Terminal De Cremallera De Dirección,,DISPONIBLE,SANTIAGO,,,LLEGO SOLO?,,Nota con pregunta - probablemente error
116I 2006,TOMA DE AGUA PLÁSTICA,Toma De Agua Plástica,,VENDIDO,SANTIAGO,20000,15000,,IVÁN,Nombre de persona en nota
116I 2006,TRINQUETE DE CAPOT,Trinquete De Capot,,DISPONIBLE,SANTIAGO,20000,15000,,,
116I 2006,TUBERÍA ADMISIÓN,Tubería Admisión,,DISPONIBLE,SANTIAGO,,,,,
116I 2006,TUBO DE CONEXION DE MANGERAS DE AGUA,Tubo De Conexión De Mangueras De Agua,,DISPONIBLE,SANTIAGO,15000,10000,,,MANGERAS mal escrito (debería ser MANGUERAS)
116I 2006,VÁLVULA EJE R,Válvula Eje R,,DISPONIBLE,SANTIAGO,,,,,
116I 2006,VÁLVULA PCV,Válvula Pcv,,VENDIDO,SANTIAGO,,,,,
116I 2006,VARILLA ACEITE,Varilla Aceite,,NO DISPONIBLE,SANTIAGO,,,,,
116I 2006,VIDRIO LUNETA PUERTA TRASERA LH,Vidrio Luneta Puerta,Trasera Izquierda,DISPONIBLE,SANTIAGO,35000,30000,,,
116I 2006,VIDRIO LUNETA PUERTA TRASERA RH,Vidrio Luneta Puerta,Trasera Derecha,DISPONIBLE,SANTIAGO,35000,30000,,,
116I 2006,VIDRIO PUERTA DELANTERA LH,Vidrio Puerta,Delantera Izquierda,DISPONIBLE,SANTIAGO,35000,30000,,,
116I 2006,VIDRIO PUERTA DELANTERA RH,Vidrio Puerta,Delantera Derecha,NO DISPONIBLE,SANTIAGO,35000,30000,,,
116I 2006,VIDRIO PUERTA TRASERA LH,Vidrio Puerta,Trasera Izquierda,DISPONIBLE,SANTIAGO,35000,30000,,,
116I 2006,VIDRIO PUERTA TRASERA RH,Vidrio Puerta,Trasera Derecha,NO DISPONIBLE,SANTIAGO,35000,30000,,,
116I 2006,VOLANTE,Volante,,DISPONIBLE,SANTIAGO,35000,30000,,,
116I 2006,VOLANTE BIMASA,Volante Bimasa,,DISPONIBLE,SANTIAGO,75000,70000,,,
116I 2006,PRENSA DE EMBRAGUE,Prensa De Embrague,,VENDIDO,SANTIAGO,,,,,
2008 2015,AISLAPOOL,Aislapool,,VENDIDO,,25000,15000,,,Sin ubicación; probablemente mal escrito
2008 2015,ALERÓN COMPLETO CON LUZ,Alerón Completo Con Luz,,DISPONIBLE,,85000,80000,,,Sin ubicación; CON LUZ indica incluye luz
2008 2015,ALFOMBRA CUBRE RUEDA DE REPUESTO,Alfombra Cubre Rueda De Repuesto,,VENDIDO,SANTIAGO,35000,30000,,,
2008 2015,AMORTIGUADOR DELANTERO LH,Amortiguador,Delantera Izquierda,DISPONIBLE,SANTIAGO,60000,50000,,,
2008 2015,APOLLA BRASOS,Apoya Brazos,,DISPONIBLE,,60000,50000,,,APOLLA mal escrito (APOYA); BRASOS mal escrito (BRAZOS)
2008 2015,APOYA BRAZO,Apoya Brazo,,DISPONIBLE,SANTIAGO,55000,50000,,,
2008 2015,ASIENTOS JUEGO COMPLETO,Asientos,,DISPONIBLE,,280000,270000,,,JUEGO COMPLETO indica son múltiples asientos; sin ubicación
2008 2015,AUXILIAR USB,Auxiliar Usb,,DISPONIBLE,SANTIAGO,25000,20000,,,Espacio extra al final
2008 2015,BANDEJA DELANTERA LH,Bandeja,Delantera Izquierda,DISPONIBLE,SANTIAGO,25000,20000,,,
2008 2015,BARRA TECHO LH,Barra Techo,Izquierda,VENDIDO,,45000,40000,,,Sin ubicación
2008 2015,BARRA TECHO RH,Barra Techo,Derecha,DISPONIBLE,SANTIAGO,45000,40000,,,
2008 2015,BASE DE TERMOSTATO,Base De Termostato,,DISPONIBLE,SANTIAGO,20000,15000,,,
2008 2015,BISEL RADIO Y CONTROL DE AIRE,Bisel Radio Y Control De Aire,,DISPONIBLE,SANTIAGO,35000,30000,ESCRITO ASÍ EN INVENTARIO Y CON DET,ALLE,Nota truncada CON DET-ALLE probablemente CON DETALLE
2008 2015,BOMBA DE PETROLEO,Bomba De Petróleo,,DISPONIBLE,SANTIAGO,120000,100000,,,PETROLEO sin tilde
2008 2015,BOTÓN ECO,Botón Eco,,DISPONIBLE,SANTIAGO,15000,10000,,,
2008 2015,BRAZO LIMPIAPARABRISAS LH,Brazo Limpiaparabrisas,Izquierda,DISPONIBLE,SANTIAGO,15000,10000,,,
2008 2015,BRAZO LIMPIAPARABRISAS RH,Brazo Limpiaparabrisas,Derecha,DISPONIBLE,SANTIAGO,15000,10000,,,
2008 2015,CALIPER DELANTERO LH,Caliper,Delantera Izquierda,DISPONIBLE,SANTIAGO,50000,40000,,,
2008 2015,CALIPER DELANTERO RH,Caliper,Delantera Derecha,DISPONIBLE,SANTIAGO,50000,40000,,,
2008 2015,CATALÍTICO,Catalítico,,DISPONIBLE,SANTIAGO,,,VENDIDO,,Espacio extra al final; stock DISPONIBLE pero nota dice VENDIDO - inconsistencia
2008 2015,CHAPA CAPOT,Chapa Capot,,DISPONIBLE,SANTIAGO,25000,20000,,,
2008 2015,CHAPA DE CONTACTO,Chapa De Contacto,,,,,,,,Todos los campos vacíos excepto nombre
2008 2015,CHAPA PUERTA,Chapa Puerta,,DISPONIBLE,,45000,40000,,,Sin ubicación ni posición específica
2008 2015,COLUMNA DE DIRECCIÓN,Columna De Dirección,,DISPONIBLE,SANTIAGO,,,,,Espacio extra al final
2008 2015,CONTROL ESPEJOS,Control Espejos,,DISPONIBLE,SANTIAGO,15000,10000,,,
2008 2015,CREMALLERA DE ALZAVIDRIO DELANTERA RH,Cremallera De Alzavidrio,Delantera Derecha,DISPONIBLE,SANTIAGO,60000,55000,,,
2008 2015,CREMALLERA DE ALZAVIDRIO TRASERA LH,Cremallera De Alzavidrio,Trasera Izquierda,DISPONIBLE,SANTIAGO,60000,55000,,,
2008 2015,CREMALLERA DE ALZAVIDRIO TRASERA RH,Cremallera De Alzavidrio,Trasera Derecha,DISPONIBLE,SANTIAGO,60000,55000,,,
2008 2015,CUBRE EQUIPAJE,Cubre Equipaje,,NO DISPONIBLE,SANTIAGO,,,,,Espacio extra al final
2008 2015,CUERPO DE ACELERACIÓN,Cuerpo De Aceleración,,DISPONIBLE,SANTIAGO,75000,70000,,,
2008 2015,CUERPO DE RADIO,Cuerpo De Radio,,VENDIDO,SANTIAGO,35000,30000,,,
2008 2015,DEPÓSITO DE AGUA O LÍQUIDO REFRIGERANTE,Depósito De Agua O Líquido Refrigerante,,DISPONIBLE,SANTIAGO,20000,15000,,,Espacio extra al final; nombre con alternativa
2008 2015,DEPÓSITO DE LIMPIAPARABRISAS (SOLO TUBO),Depósito De Limpiaparabrisas,,DISPONIBLE,SANTIAGO,6000,5000,,,(SOLO TUBO) indica componente incompleto
2008 2015,DISCO DE FRENO DELANTERO LH,Disco De Freno,Delantera Izquierda,DISPONIBLE,SANTIAGO,15000,10000,,,
2008 2015,DISCO DE FRENO DELANTERO RH,Disco De Freno,Delantera Derecha,DISPONIBLE,SANTIAGO,15000,10000,,,
2008 2015,DISCO DE FRENO TRASERO LH,Disco De Freno,Trasera Izquierda,DISPONIBLE,SANTIAGO,15000,10000,,,
2008 2015,DISCO DE FRENO TRASERO RH,Disco De Freno,Trasera Derecha,DISPONIBLE,SANTIAGO,15000,10000,,,
2008 2015,ECU,Ecu,,DISPONIBLE,SANTIAGO,140000,130000,,,
2008 2015,EJE PALIER LH,Eje Palier,Izquierda,DISPONIBLE,SANTIAGO,71400,60000,,,
2008 2015,ELECTROVENTILADOR,Electroventilador,,DISPONIBLE,SANTIAGO,90000,85000,,,Espacio extra al final
2008 2015,ENCENDEDOR DE CIGARROS,Encendedor De Cigarros,,DISPONIBLE,SANTIAGO,15000,10000,,,Espacio extra al final
2008 2015,ESPEJO CENTRAL,Espejo,Central,DISPONIBLE,SANTIAGO,15000,10000,,,
2008 2015,FOCO INTERIOR LUZ TECHO CENTRAL,Foco Interior Luz Techo,Central,DISPONIBLE,SANTIAGO,20000,15000,,,Espacio extra al final
2008 2015,FOCO INTERIOR LUZ TECHO DELANTERA,Foco Interior Luz Techo,Delantera,DISPONIBLE,SANTIAGO,20000,15000,,,
2008 2015,FUNDA DE PARACHOQUE TRASERA,Funda De Parachoque,Trasera,VENDIDO,SANTIAGO,75000,70000,,con detalle,
2008 2015,GOMAS PUERTAS,Gomas Puertas,,DISPONIBLE,,25000,20000,,,Plural indica múltiples; sin ubicación
2008 2015,LUZ INTERIOR MALETA,Luz Interior Maleta,,DISPONIBLE,SANTIAGO,15000,10000,,,
2008 2015,LUZ PATENTE LH,Luz Patente,Izquierda,DISPONIBLE,SANTIAGO,7000,5000,,,
2008 2015,LUZ PATENTE RH,Luz Patente,Derecha,DISPONIBLE,SANTIAGO,7000,5000,,,
2008 2015,MANGUERA,Manguera,,VENDIDO,,25000,25000,,SE VENDIÓ EN 20000,Espacio extra al final; sin ubicación; nota indica precio venta real diferente
2008 2015,MANILLA DELANTERA EXTERIOR RH,Manilla Exterior,Delantera Derecha,DISPONIBLE,SANTIAGO,35000,30000,,,
2008 2015,MANILLA INTERIOR PUERTA DELANTERA RH,Manilla Interior Puerta,Delantera Derecha,DISPONIBLE,SANTIAGO,20000,15000,,,
2008 2015,MANILLA INTERIOR PUERTA TRASERA LH,Manilla Interior Puerta,Trasera Izquierda,DISPONIBLE,SANTIAGO,20000,15000,,,
2008 2015,MANILLA TRASERA EXTERIOR LH,Manilla Exterior,Trasera Izquierda,DISPONIBLE,SANTIAGO,35000,30000,,,
2008 2015,MÉNSULA DELANTERA RH,Ménsula,Delantera Derecha,DISPONIBLE,SANTIAGO,20000,15000,,,
2008 2015,MÉNSULA TRASERA CENTRAL DE PARACHOQUE LH,Ménsula De Parachoque,Trasera Central Izquierda,DISPONIBLE,SANTIAGO,15000,10000,,,CENTRAL y LH juntos - posición compuesta
2008 2015,MÉNSULA TRASERA CENTRAL DE PARACHOQUE RH,Ménsula De Parachoque,Trasera Central Derecha,DISPONIBLE,SANTIAGO,15000,10000,,,CENTRAL y RH juntos - posición compuesta
2008 2015,MÓDULO ABS,Módulo Abs,,DISPONIBLE,,150000,140000,,,Sin ubicación
2008 2015,MOTOR DE CREMALLERA,Motor De Cremallera,,DISPONIBLE,SANTIAGO,90000,80000,,,
2008 2015,MOTOR DE PARTIDA,Motor De Partida,,DISPONIBLE,SANTIAGO,60000,55000,,,
2008 2015,NEBLINERO TRASERO RH,Neblinero,Trasera Derecha,VENDIDO,SANTIAGO,15000,15000,,,
2008 2015,PALANCA DE CAMBIOS,Palanca De Cambios,,DISPONIBLE,SANTIAGO,,,REVISAR ESTADO,,Nota indica necesita revisión
2008 2015,PARACHOQUE TRASERO CON DETALLE,Parachoque,Trasera,DISPONIBLE,,90000,80000,,,CON DETALLE en nombre indica tiene daños; sin ubicación
2008 2015,PARASOL LH,Parasol,Izquierda,DISPONIBLE,SANTIAGO,25000,20000,,,
2008 2015,PARASOL RH,Parasol,Derecha,DISPONIBLE,SANTIAGO,25000,20000,,,
2008 2015,PORTA FILTRO,Porta Filtro,,DISPONIBLE,SANTIAGO,50000,40000,,,
2008 2015,PORTALÓN,Portalón,,VENDIDO,SANTIAGO,130000,110000,,,
2008 2015,PUERTA TRASERA RH,Puerta,Trasera Derecha,DISPONIBLE,SANTIAGO,80000,70000,,,
2008 2015,REFUERZO DE PARACHOQUE TRASERO,Refuerzo De Parachoque,Trasera,DISPONIBLE,SANTIAGO,50000,40000,,,Espacio extra al final
2008 2015,RODAMIENTO TENSOR DE CORREA DE ACCESORIOS,Rodamiento Tensor De Correa De Accesorios,,DISPONIBLE,SANTIAGO,15000,10000,,,Espacio extra al final
2008 2015,RUEDA DE REPUESTO,Rueda De Repuesto,,VENDIDO,SANTIAGO,45000,40000,,,
2008 2015,SENSOR ABS,Sensor Abs,,DISPONIBLE,SANTIAGO,20000,15000,,,Sin posición específica
2008 2015,SENSORES DE ESTACIONAMIENTO TRASERO,Sensores De Estacionamiento,Trasera,DISPONIBLE,,85000,75000,,,Plural indica múltiples sensores; sin ubicación
2008 2015,SINÓPTICO,Sinóptico,,DISPONIBLE,,90000,80000,,,Sin ubicación
2008 2015,TAPA DE BENCINA EXTERIOR,Tapa De Bencina Exterior,,DISPONIBLE,SANTIAGO,20000,15000,,,
2008 2015,TAPA DE BENCINA INTERIOR,Tapa De Bencina Interior,,DISPONIBLE,SANTIAGO,15000,10000,,,
2008 2015,TAPIZ PORTALON,Tapiz Portalón,,DISPONIBLE,,20000,20000,,,PORTALON sin tilde; sin ubicación
2008 2015,TELECOMANDO,Telecomando,,DISPONIBLE,SANTIAGO,,,,,Espacio extra al final
2008 2015,TURBO,Turbo,,VENDIDO,SANTIAGO,85000,80000,,,
2008 2015,VIDRIO PUERTA TRASERA LH,Vidrio Puerta,Trasera Izquierda,VENDIDO,SANTIAGO,45000,40000,,,
2008 2015,VIDRIO PUERTA TRASERA RH,Vidrio Puerta,Trasera Derecha,VENDIDO,SANTIAGO,45000,40000,,,
2008 2015,VIDRIO TRASERA LUNETA LH,Vidrio Luneta,Trasera Izquierda,DISPONIBLE,SANTIAGO,30000,25000,,,
2008 2015,VIDRIO TRASERA LUNETA RH,Vidrio Luneta,Trasera Derecha,DISPONIBLE,SANTIAGO,30000,25000,,,
2008 2015,VOLANTE (MANUBRIO),Volante,,DISPONIBLE,SANTIAGO,50000,45000,,,(MANUBRIO) es sinónimo entre paréntesis
207 2010,ABSORBEDOR DE IMPACTO PARACHOQUE TRASERO,Absorbedor De Impacto Parachoque Trasero,Trasera,DISPONIBLE,SANTIAGO,,,,,PAR indica 2 piezas
207 2010,ALTERNADOR,Alternador,,VENDIDO,SANTIAGO,,,,,
207 2010,AMORTIGUADOR DE PORTALÓN LH,Amortiguador De Portalón,Izquierda,DISPONIBLE,SANTIAGO,15000,10000,,20 EL PAR,
207 2010,AMORTIGUADOR DE PORTALÓN RH,Amortiguador De Portalón,Derecha,DISPONIBLE,SANTIAGO,15000,10000,,,
207 2010,AMORTIGUADOR DELANTERO LH,Amortiguador Delantero,Delantera Izquierda,DISPONIBLE,SANTIAGO,50000,45000,,,
207 2010,AMORTIGUADOR DELANTERO RH,Amortiguador Delantero,Delantera Derecha,DISPONIBLE,SANTIAGO,50000,45000,,,
207 2010,AMORTIGUADOR TRASERO LH 2007,Amortiguador Trasero 2007,Trasera Izquierda,DISPONIBLE,SANTIAGO,35000,30000,,,Año 2007 en nombre
207 2010,AMORTIGUADOR TRASERO RH 2007,Amortiguador Trasero 2007,Trasera Derecha,DISPONIBLE,SANTIAGO,35000,30000,,,Año 2007 en nombre
207 2010,ASIENTO DELANTERO LH,Asiento Delantero,Delantera Izquierda,VENDIDO,SANTIAGO,,,,75 EL PAR,
207 2010,ASIENTO DELANTERO RH,Asiento Delantero,Delantera Derecha,VENDIDO,SANTIAGO,,,,,
207 2010,BANDEJA DELANTERA LH CON DETALLE EN RÓTULA,Bandeja Delantera Con Detalle En Rótula,Delantera Izquierda,DISPONIBLE,SANTIAGO,,,,,CON DETALLE indica daños
207 2010,BANDEJA DELANTERA RH,Bandeja Delantera,Delantera Derecha,DISPONIBLE,SANTIAGO,,,,,
207 2010,BASE DE TERMOSTATO 2007,Base De Termostato 2007,,DISPONIBLE,SANTIAGO,15000,10000,,,Año 2007 en nombre
207 2010,BASE PLÁSTICA BATERÍA,Base Plástica Batería,,DISPONIBLE,SANTIAGO,,,,,
207 2010,BASE PLÁSTICA BCM,Base Plástica Bcm,,DISPONIBLE,SANTIAGO,,,,,
207 2010,BCM,Bcm,,VENDIDO,SANTIAGO,,,,,
207 2010,BIELETA LH,Bieleta,Izquierda,DISPONIBLE,SANTIAGO,,,,,
207 2010,BIELETA RH,Bieleta,Derecha,DISPONIBLE,SANTIAGO,,,,,
207 2010,BISAGRA DE CAPOT LH,Bisagra De Capot,Izquierda,DISPONIBLE,SANTIAGO,,,,,
207 2010,BISAGRA DE CAPOT RH,Bisagra De Capot,Derecha,DISPONIBLE,SANTIAGO,,,,,
207 2010,BISAGRAS PEURTA TRASERA RH 2010,Bisagras Puerta Trasera 2010,Trasera Derecha,DISPONIBLE,SANTIAGO,,,,,PEURTA mal escrito (debe ser PUERTA); Año 2010 en nombre
207 2010,BISAGRAS PUERTA DELANTERA LH,Bisagras Puerta Delantera,Delantera Izquierda,DISPONIBLE,SANTIAGO,,,,,
207 2010,BISAGRAS PUERTA TRASERA LH 2010,Bisagras Puerta Trasera 2010,Trasera Izquierda,DISPONIBLE,SANTIAGO,,,,,Año 2010 en nombre
207 2010,BISEL RADIO 2007,Bisel Radio 2007,,VENDIDO,SANTIAGO,25000,20000,,,Año 2007 en nombre
207 2010,BOBINAS (JUEGO),Bobinas (Juego),,DISPONIBLE,SANTIAGO,,,,,JUEGO indica múltiples piezas
207 2010,BOCINA,Bocina,,VENDIDO,SANTIAGO,,,,,
207 2010,BOMBA DE FRENO,Bomba De Freno,,DISPONIBLE,SANTIAGO,,,,,
207 2010,BOMBA DE PEDAL DE EMGRAGUE 2007,Bomba De Pedal De Embrague 2007,,DISPONIBLE,SANTIAGO,,,,,EMGRAGUE mal escrito (debe ser EMBRAGUE); Año 2007 en nombre
207 2010,BOT,Bot,,DISPONIBLE,SANTIAGO,,,,,
207 2010,BOTONERA DE ALZAVIDRIOS DELANTERO LH 2007,Botonera De Alzavidrios Delantero 2007,Delantera Izquierda,VENDIDO,SANTIAGO,,,,revisar,Año 2007 en nombre; Nota requiere atención
207 2010,BOTONERA DELANTERA LH,Botonera Delantera,Delantera Izquierda,VENDIDO,,,,,,Sin ubicación
207 2010,BRAZO LIMPIAPARABRISAS LH 2007,Brazo Limpiaparabrisas 2007,Izquierda,DISPONIBLE,SANTIAGO,15000,10000,,,Año 2007 en nombre; PAR indica 2 piezas
207 2010,BRAZO LIMPIAPARABRISAS RH 2007,Brazo Limpiaparabrisas 2007,Derecha,DISPONIBLE,SANTIAGO,15000,10000,,,Año 2007 en nombre; PAR indica 2 piezas
207 2010,BRAZO LIMPIAPARABRISAS TRASERO (PORTALÓN) 2007,Brazo Limpiaparabrisas Trasero (Portalón) 2007,Trasera,DISPONIBLE,SANTIAGO,15000,10000,,,Año 2007 en nombre; PAR indica 2 piezas
207 2010,BRAZO LIMPIAPARABRISAS TRASERO (PORTALÓN) 2010,Brazo Limpiaparabrisas Trasero (Portalón) 2010,Trasera,VENDIDO,SANTIAGO,,,,,Año 2010 en nombre; PAR indica 2 piezas
207 2010,BRAZO LIPIAPARABRISAS LH,Brazo Limpiaparabrisas,Izquierda,DISPONIBLE,SANTIAGO,,,,,LIPIAPARABRISAS mal escrito (debe ser LIMPIAPARABRISAS); PAR indica 2 piezas
207 2010,BRAZO LIPIAPARABRISAS RH,Brazo Limpiaparabrisas,Derecha,DISPONIBLE,SANTIAGO,,,,,LIPIAPARABRISAS mal escrito (debe ser LIMPIAPARABRISAS); PAR indica 2 piezas
207 2010,CAJA,Caja,,DISPONIBLE,SANTIAGO,280000,270000,,,
207 2010,CAJA DE FUSIBLES EXTERIOR COMPLETA,Caja De Fusibles Exterior Completa,,VENDIDO,SANTIAGO,25000,20000,,,
207 2010,CAJETÍN AIRBAG ACTIVADO,Cajetín Airbag Activado,,DISPONIBLE,SANTIAGO,,,,,
207 2010,CALIPER DELANTERO LH,Caliper Delantero,Delantera Izquierda,DISPONIBLE,SANTIAGO,,,,,
207 2010,CALIPER DELANTERO RH,Caliper Delantero,Delantera Derecha,DISPONIBLE,SANTIAGO,,,,,
207 2010,CALIPER DELANTERO? 2007,Caliper Delantero? 2007,Delantera,DISPONIBLE,,25000,20000,,PREGUNTAR A CUBITA COMO SEGURIDAD DE QUE SEA DELANTERO,Año 2007 en nombre; Nota requiere atención; Nombre de persona en nota; Sin ubicación
207 2010,CAÑERÍAS DE AIRE ACONDICIONADO 2007,Cañerías De Aire Acondicionado 2007,,DISPONIBLE,SANTIAGO,45000,40000,,,Año 2007 en nombre
207 2010,CAÑERÍAS DE AIRE ACONDICIONADO 2010,Cañerías De Aire Acondicionado 2010,,DISPONIBLE,SANTIAGO,45000,40000,,,Año 2010 en nombre
207 2010,CAPOT,Capot,,VENDIDO,SANTIAGO,70000,65000,,,
207 2010,CHAPA CAPOT 2007,Chapa Capot 2007,,DISPONIBLE,SANTIAGO,20000,15000,,,Año 2007 en nombre
207 2010,CHAPA DE ENCENDIDO,Chapa De Encendido,,VENDIDO,SANTIAGO,,,,,
207 2010,CHAPA PORTALÓN 2010,Chapa Portalón 2010,,DISPONIBLE,SANTIAGO,,,,,Año 2010 en nombre
207 2010,CHAPA PUERTA DELANTERA LH,Chapa Puerta Delantera,Delantera Izquierda,DISPONIBLE,SANTIAGO,,,,,
207 2010,CHAPA PUERTA DELANTERA RH,Chapa Puerta Delantera,Delantera Derecha,DISPONIBLE,SANTIAGO,,,,,
207 2010,CHAPA PUERTA TRASERA LH,Chapa Puerta Trasera,Trasera Izquierda,DISPONIBLE,SANTIAGO,,,,,
207 2010,CHAPA PUERTA TRASERA RH,Chapa Puerta Trasera,Trasera Derecha,DISPONIBLE,SANTIAGO,,,,,
207 2010,CINTURÓN DELANTERO LH,Cinturón Delantero,Delantera Izquierda,DISPONIBLE,SANTIAGO,,,,,
207 2010,CINTURÓN DELANTERO RH,Cinturón Delantero,Delantera Derecha,DISPONIBLE,SANTIAGO,,,,,
207 2010,CINTURÓN TRASERO LH,Cinturón Trasero,Trasera Izquierda,DISPONIBLE,SANTIAGO,,,,,
207 2010,CINTURÓN TRASERO RH,Cinturón Trasero,Trasera Derecha,DISPONIBLE,SANTIAGO,,,,,
207 2010,COFIA,Cofia,,DISPONIBLE,SANTIAGO,,,,,
207 2010,COLUMA DE DIRECCIÓN,Columna De Dirección,,DISPONIBLE,SANTIAGO,,,,,COLUMA mal escrito (debe ser COLUMNA)
207 2010,COMPRESOR DE AIRE,Compresor De Aire,,DISPONIBLE,SANTIAGO,140000,130000,,,
207 2010,CONSOLA CENTRAL,Consola Central,Central,DISPONIBLE,SANTIAGO,,,,,
207 2010,CONTROL AIRE ACONDICIONADO,Control Aire Acondicionado,,DISPONIBLE,SANTIAGO,85000,80000,,,
207 2010,CREMALLERA DE ALZAVIDRIOS ELÉCTRICA DELANTERA LH,Cremallera De Alzavidrios Eléctrica Delantera,Delantera Izquierda,DISPONIBLE,SANTIAGO,35000,30000,,,
207 2010,CREMALLERA DE ALZAVIDRIOS ELÉCTRICA DELANTERA RH,Cremallera De Alzavidrios Eléctrica Delantera,Delantera Derecha,DISPONIBLE,SANTIAGO,35000,30000,,,
207 2010,CREMALLERA DE ALZAVIDRIOS MANUAL TRASERA LH,Cremallera De Alzavidrios Manual Trasera,Trasera Izquierda,DISPONIBLE,SANTIAGO,15000,15000,,,
207 2010,CREMALLERA DE ALZAVIDRIOS MANUAL TRASERA RH,Cremallera De Alzavidrios Manual Trasera,Trasera Derecha,DISPONIBLE,SANTIAGO,15000,15000,,,
207 2010,CREMALLERA DE DIRECCIÓN 2007,Cremallera De Dirección 2007,,VENDIDO,SANTIAGO,60000,50000,,,Año 2007 en nombre
207 2010,CREMALLERA DE DIRECCIÓN ELECTRÓNICA 2010,Cremallera De Dirección Electrónica 2010,,VENDIDO,SANTIAGO,160000,150000,,,Año 2010 en nombre
207 2010,CUBRE RUEDA DE REPUESTO (SUCIA),Cubre Rueda De Repuesto (Sucia),,DISPONIBLE,SANTIAGO,,,,,
207 2010,CUBRE TORPEDO EXTERIOR,Cubre Torpedo Exterior,,DISPONIBLE,SANTIAGO,,,,,
207 2010,CUERPO DE ACELERACIÓN,Cuerpo De Aceleración,,DISPONIBLE,SANTIAGO,,50000,,,
207 2010,CUERPO DE RADIO,Cuerpo De Radio,,,,30000,35000,,,Sin ubicación
207 2010,CUNA 2007,Cuna 2007,,DISPONIBLE,SANTIAGO,60000,55000,,,Año 2007 en nombre
207 2010,DEPÓSITO DE AGUA O LÍQUIDO REFRIGERANTE  2007,Depósito De Agua O Líquido Refrigerante  2007,,DISPONIBLE,SANTIAGO,15000,10000,,,Año 2007 en nombre
207 2010,DEPÓSITO LIMPIAPARABRISAS,Depósito Limpiaparabrisas,,VENDIDO,SANTIAGO,,,,,PAR indica 2 piezas
207 2010,DISCO DE FRENO DELANTERO LH,Disco De Freno Delantero,Delantera Izquierda,DISPONIBLE,SANTIAGO,,,,,
207 2010,DISCO DE FRENO DELANTERO RH,Disco De Freno Delantero,Delantera Derecha,DISPONIBLE,SANTIAGO,,,,,
207 2010,ECU,Ecu,,VENDIDO,SANTIAGO,,,,,
207 2010,EJE O TREN TRASERO 2007,Eje O Tren Trasero 2007,Trasera,DISPONIBLE,SANTIAGO,71400,60000,,,Año 2007 en nombre
207 2010,EJE PALIER LH 2007,Eje Palier 2007,Izquierda,DISPONIBLE,SANTIAGO,50000,40000,,,Año 2007 en nombre
207 2010,EJE PALIER LH 2010,Eje Palier 2010,Izquierda,DISPONIBLE,SANTIAGO,,,,,Año 2010 en nombre
207 2010,EJE PALIER RH 2010,Eje Palier 2010,Derecha,DISPONIBLE,SANTIAGO,,,,,Año 2010 en nombre
207 2010,ELECTROVENTILADOR 2007,Electroventilador 2007,,DISPONIBLE,SANTIAGO,25000,20000,,,Año 2007 en nombre
207 2010,ELECTROVENTILADOR 2010,Electroventilador 2010,,VENDIDO,SANTIAGO,,,,,Año 2010 en nombre
207 2010,ESPEJO CENTRAL 2007,Espejo Central 2007,Central,DISPONIBLE,SANTIAGO,15000,10000,,,Año 2007 en nombre
207 2010,ESPEJO CENTRAL CON DETALLE 2010,Espejo Central Con Detalle 2010,Central,DISPONIBLE,SANTIAGO,,,,PEDIR FOTOS,Año 2010 en nombre; CON DETALLE indica daños; Nota requiere atención
207 2010,ESPEJO LH,Espejo,Izquierda,VENDIDO,SANTIAGO,,,,,
207 2010,ESPEJO RH,Espejo,Derecha,VENDIDO,SANTIAGO,,,,,
207 2010,ESPIRAL TRASERO LH,Espiral Trasero,Trasera Izquierda,DISPONIBLE,SANTIAGO,,,,,
207 2010,ESPIRAL TRASERO RH,Espiral Trasero,Trasera Derecha,DISPONIBLE,SANTIAGO,,,,,
207 2010,FOCO INTERIOR LUZ TECHO  2007,Foco Interior Luz Techo  2007,,DISPONIBLE,SANTIAGO,15000,10000,,,Año 2007 en nombre
207 2010,FOCO TRASERO LH (ROTO),Foco Trasero (Roto),Trasera Izquierda,DISPONIBLE,SANTIAGO,,,,,ROTO en nombre
207 2010,FOCO TRASERO RH (CON TRIZADURA),Foco Trasero (Con Trizadura),Trasera Derecha,VENDIDO,SANTIAGO,40000,40000,,,TRIZADO en nombre
207 2010,FRONTAL CON DETALLE,Frontal Con Detalle,,VENDIDO,SANTIAGO,35000,30000,,,CON DETALLE indica daños
207 2010,FUNDA DE PARACHOQUE DELANTERO COMPLETO,Funda De Parachoque Delantero Completo,Delantera,VENDIDO,SANTIAGO,,,,,PAR indica 2 piezas
207 2010,FUNDA DE PARACHOQUE TRASERO,Funda De Parachoque Trasero,Trasera,DISPONIBLE,SANTIAGO,,,,,PAR indica 2 piezas
207 2010,GOMA PORTALÓN,Goma Portalón,,DISPONIBLE,SANTIAGO,,,,,
207 2010,GUANTERA,Guantera,,VENDIDO,SANTIAGO,,,,,
207 2010,GUARDAFANGO DELANTERO LH,Guardafango Delantero,Delantera Izquierda,VENDIDO,SANTIAGO,10000,10000,,DETALLES ,
207 2010,GUARDAFANGO DELANTERO RH,Guardafango Delantero,Delantera Derecha,NO DISPONIBLE,SANTIAGO,,,,,
207 2010,GUARDAFANGO TRASERO 2007,Guardafango Trasero 2007,Trasera,DISPONIBLE,SANTIAGO,6000,5000,,LADO SIN IDENTIFICAR ,Año 2007 en nombre
207 2010,GUARDAFANGO TRASERO LH 2010,Guardafango Trasero 2010,Trasera Izquierda,DISPONIBLE,SANTIAGO,,,,,Año 2010 en nombre
207 2010,GUARDAFANGO TRASERO RH 2010,Guardafango Trasero 2010,Trasera Derecha,DISPONIBLE,SANTIAGO,,,,,Año 2010 en nombre
207 2010,KIT DE ENCENDIDO,Kit De Encendido,,VENDIDO,SANTIAGO,300000,280000,,,KIT indica múltiples piezas
207 2010,LLANTA 1,Llanta 1,,DISPONIBLE,SANTIAGO,35000,35000,,,
207 2010,LLANTA 2,Llanta 2,,DISPONIBLE,SANTIAGO,35000,35000,,,
207 2010,LLANTA 3,Llanta 3,,DISPONIBLE,SANTIAGO,35000,35000,,,
207 2010,LLANTA 4,Llanta 4,,DISPONIBLE,SANTIAGO,35000,35000,,,
207 2010,LLAVE,Llave,,VENDIDO,,,,,,Sin ubicación
207 2010,LUZ INTERIOR CENTRAL,Luz Interior Central,Central,DISPONIBLE,SANTIAGO,,,,,
207 2010,LUZ PATENTE LH 2007,Luz Patente 2007,Izquierda,DISPONIBLE,SANTIAGO,6000,5000,,,Año 2007 en nombre
207 2010,LUZ PATENTE RH 2007,Luz Patente 2007,Derecha,DISPONIBLE,SANTIAGO,6000,5000,,,Año 2007 en nombre
207 2010,MANGUERA DE CALEFACCIÓN (2),Manguera De Calefacción (2),,DISPONIBLE,SANTIAGO,,,,,
207 2010,MANGUERAS RADIADOR INTERIOR,Mangueras Radiador Interior,,DISPONIBLE,SANTIAGO,,,,,
207 2010,MANGUERAS RADIADOR SUPERIOR,Mangueras Radiador Superior,,DISPONIBLE,SANTIAGO,,,,,
207 2010,MANILLA CON PIOLA DE CAPOT,Manilla Con Piola De Capot,,DISPONIBLE,SANTIAGO,,,,,
207 2010,MANILLA EXTERIOR DELANTERA LH,Manilla Exterior Delantera,Delantera Izquierda,DISPONIBLE,SANTIAGO,20000,20000,,,
207 2010,MANILLA EXTERIOR DELANTERA RH,Manilla Exterior Delantera,Delantera Derecha,DISPONIBLE,SANTIAGO,20000,20000,,,
207 2010,MANILLA EXTERIOR TRASERA LH,Manilla Exterior Trasera,Trasera Izquierda,DISPONIBLE,SANTIAGO,20000,20000,,,
207 2010,MANILLA EXTERIOR TRASERA RH,Manilla Exterior Trasera,Trasera Derecha,DISPONIBLE,SANTIAGO,20000,20000,,,
207 2010,MANILLA INTERIOR DELANTERA LH,Manilla Interior Delantera,Delantera Izquierda,DISPONIBLE,SANTIAGO,,,,,
207 2010,MANILLA INTERIOR DELANTERA RH,Manilla Interior Delantera,Delantera Derecha,DISPONIBLE,SANTIAGO,,,,,
207 2010,MANILLA INTERIOR PUERTA DELANTERA LH 2007,Manilla Interior Puerta Delantera 2007,Delantera Izquierda,DISPONIBLE,SANTIAGO,6000,5000,,,Año 2007 en nombre
207 2010,MANILLA INTERIOR PUERTA DELANTERA RH 2007,Manilla Interior Puerta Delantera 2007,Delantera Derecha,DISPONIBLE,SANTIAGO,6000,5000,,,Año 2007 en nombre
207 2010,MANILLA INTERIOR TRASERA LH,Manilla Interior Trasera,Trasera Izquierda,DISPONIBLE,SANTIAGO,,,,,
207 2010,MANILLA INTERIOR TRASERA RH,Manilla Interior Trasera,Trasera Derecha,DISPONIBLE,SANTIAGO,,,,,
207 2010,MÉNSULA O SOPORTE DE PARACHOQUE TRASERO 2007,Ménsula O Soporte De Parachoque Trasero 2007,Trasera,DISPONIBLE,SANTIAGO,15000,10000,,,Año 2007 en nombre; PAR indica 2 piezas
207 2010,MÉNSULA TRASERA LH,Ménsula Trasera,Trasera Izquierda,DISPONIBLE,SANTIAGO,,,,,
207 2010,MÉNSULA TRASERA RH,Ménsula Trasera,Trasera Derecha,NO DISPONIBLE,SANTIAGO,,,,,
207 2010,MÓDULO ABS 2007,Módulo Abs 2007,,VENDIDO,,50000,45000,,,Año 2007 en nombre; Sin ubicación
207 2010,MÓDULO ABS 2010,Módulo Abs 2010,,DISPONIBLE,SANTIAGO,,,,,Año 2010 en nombre
207 2010,MOLDURA DE PUERTA DELANTERA LH 2007,Moldura De Puerta Delantera 2007,Delantera Izquierda,DISPONIBLE,SANTIAGO,,,,,Año 2007 en nombre
207 2010,MOLDURA DE PUERTA DELANTERA LH 2010,Moldura De Puerta Delantera 2010,Delantera Izquierda,VENDIDO,SANTIAGO,,,,,Año 2010 en nombre
207 2010,MOLDURA DE PUERTA DELANTERA RH 2010,Moldura De Puerta Delantera 2010,Delantera Derecha,VENDIDO,SANTIAGO,,,,,Año 2010 en nombre
207 2010,MOLDURA DE PUERTA TRASERA LH 2010,Moldura De Puerta Trasera 2010,Trasera Izquierda,VENDIDO,SANTIAGO,,,,,Año 2010 en nombre
207 2010,MOLDURA DE PUERTA TRASERA RH 2010,Moldura De Puerta Trasera 2010,Trasera Derecha,VENDIDO,SANTIAGO,,,,,Año 2010 en nombre
207 2010,MOLDURA DE TECHO LH,Moldura De Techo,Izquierda,DISPONIBLE,SANTIAGO,,,,,
207 2010,MOLDURA DE TECHO RH,Moldura De Techo,Derecha,DISPONIBLE,SANTIAGO,,,,,
207 2010,MOTOR DE LIMPIAPARABRISAS CON VARILLAJE ,Motor De Limpiaparabrisas Con Varillaje ,,DISPONIBLE,SANTIAGO,,,,,PAR indica 2 piezas
207 2010,MOTOR DE PARTIDA 2007,Motor De Partida 2007,,DISPONIBLE,SANTIAGO,55000,50000,,,Año 2007 en nombre; PAR indica 2 piezas
207 2010,MOTOR DE PARTIDA 2010,Motor De Partida 2010,,DISPONIBLE,SANTIAGO,,,,,Año 2010 en nombre; PAR indica 2 piezas
207 2010,MOTOR FACTURABLE,Motor Facturable,,VENDIDO,SANTIAGO,590000,550000,,PRECIO ACTUALIZADO 29-05-2025,
207 2010,MOTOR LIMPIAPARABRISAS TRASERO,Motor Limpiaparabrisas Trasero,Trasera,DISPONIBLE,SANTIAGO,,,,,PAR indica 2 piezas
207 2010,MÚLTIPLE DE ADMISIÓN CON INYECTORES,Múltiple De Admisión Con Inyectores,,DISPONIBLE,SANTIAGO,,,,,
207 2010,MÚLTIPLE DE ESCAPE CON CATALÍTICO Y SENSOR DE OXÍGENO,Múltiple De Escape Con Catalítico Y Sensor De Oxígeno,,DISPONIBLE,SANTIAGO,,,,SENSOR NO SALE,
207 2010,MUÑÓN CON MAZA 2007,Muñón Con Maza 2007,,DISPONIBLE,,45000,40000,,,Año 2007 en nombre; Sin ubicación
207 2010,MUÑÓN DELANTERO LH (CON MAZA),Muñón Delantero (Con Maza),Delantera Izquierda,DISPONIBLE,SANTIAGO,,,,,
207 2010,MUÑÓN DELANTERO RH (CON MAZA),Muñón Delantero (Con Maza),Delantera Derecha,VENDIDO,SANTIAGO,,,,,
207 2010,ÓPTICO DELANTERO LH 2010,Óptico Delantero 2010,Delantera Izquierda,VENDIDO,SANTIAGO,,,,,Año 2010 en nombre
207 2010,ÓPTICO DELANTERO RH 2010 ,Óptico Delantero 2010 ,Delantera Derecha,VENDIDO,SANTIAGO,,,,,Año 2010 en nombre
207 2010,PALANCA DE CAMBIOS,Palanca De Cambios,,DISPONIBLE,SANTIAGO,,,,,
207 2010,PALANCA FRENO DE MANOS 2010,Palanca Freno De Manos 2010,,DISPONIBLE,SANTIAGO,,,,,Año 2010 en nombre
207 2010,PANTALLA 2007,Pantalla 2007,,DISPONIBLE,,25000,20000,,,Año 2007 en nombre; Sin ubicación
207 2010,PARABRISAS (2010),Parabrisas (2010),,VENDIDO,SANTIAGO,,,,,Año 2010 en nombre; PAR indica 2 piezas
207 2010,PARASOL LH 2010,Parasol 2010,Izquierda,DISPONIBLE,SANTIAGO,,,,,Año 2010 en nombre; PAR indica 2 piezas
207 2010,PARASOL RH 2007,Parasol 2007,Derecha,VENDIDO,SANTIAGO,15000,10000,,,Año 2007 en nombre; PAR indica 2 piezas
207 2010,PARASOL RH 2010,Parasol 2010,Derecha,DISPONIBLE,SANTIAGO,,,,,Año 2010 en nombre; PAR indica 2 piezas
207 2010,PEDAL DE EMBRAGUE 2007,Pedal De Embrague 2007,,DISPONIBLE,SANTIAGO,,,,,Año 2007 en nombre
207 2010,PEDAL DE FRENO 2007,Pedal De Freno 2007,,DISPONIBLE,SANTIAGO,,,,,Año 2007 en nombre
207 2010,PEDALERA COMPLETA 2010,Pedalera Completa 2010,,VENDIDO,SANTIAGO,,,,,Año 2010 en nombre
207 2010,PIÑÓN ADMISIÓN 2007,Piñón Admisión 2007,,VENDIDO,SANTIAGO,30000,25000,,,Año 2007 en nombre
207 2010,PIÑÓN OTRO 2007,Piñón Otro 2007,,DISPONIBLE,SANTIAGO,,,,,Año 2007 en nombre
207 2010,"PIOLAS FRENO DE MANO, LH Y RH","Piolas Freno De Mano, Y Rh",Izquierda,DISPONIBLE,SANTIAGO,,,,,
207 2010,PIOLAS PALANCA DE CAMBIOS,Piolas Palanca De Cambios,,VENDIDO,SANTIAGO,40000,40000,,,
207 2010,PORTA FILTRO 2007,Porta Filtro 2007,,VENDIDO,SANTIAGO,25000,20000,,,Año 2007 en nombre
207 2010,PORTA FILTRO DE AIRE,Porta Filtro De Aire,,VENDIDO,SANTIAGO,,,,,
207 2010,PORTALÓN SOLO LATA MAS VIDRIO,Portalón Solo Lata Mas Vidrio,,VENDIDO,SANTIAGO,95000,90000,,,
207 2010,PROTECTOR PLÁSTICO ECU,Protector Plástico Ecu,,DISPONIBLE,SANTIAGO,,,,,
207 2010,PUERTA DELANTERA LH,Puerta Delantera,Delantera Izquierda,VENDIDO,SANTIAGO,,,,,
207 2010,PUERTA DELANTERA RH,Puerta Delantera,Delantera Derecha,VENDIDO,SANTIAGO,,,,,
207 2010,PUERTA TRASERA LH,Puerta Trasera,Trasera Izquierda,DISPONIBLE,SANTIAGO,60000,55000,,,
207 2010,PUERTA TRASERA RH,Puerta Trasera,Trasera Derecha,DISPONIBLE,SANTIAGO,60000,55000,,,
207 2010,RADIADOR AIRE ,Radiador Aire ,,VENDIDO,SANTIAGO,,,,,
207 2010,RADIADOR AIRE 2007,Radiador Aire 2007,,VENDIDO,SANTIAGO,55000,50000,,,Año 2007 en nombre
207 2010,RADIADOR DE AGUA,Radiador De Agua,,VENDIDO,SANTIAGO,,,,,
207 2010,RADIADOR DE CALEFACCIÓN  2007,Radiador De Calefacción  2007,,DISPONIBLE,SANTIAGO,15000,10000,,,Año 2007 en nombre
207 2010,RAMAL EXTERIOR,Ramal Exterior,,VENDIDO,SANTIAGO,,,,,
207 2010,RAMAL INTERIOR,Ramal Interior,,DISPONIBLE,SANTIAGO,,,,,
207 2010,REFUERZO DE PARACHOQUE DELANTERO ,Refuerzo De Parachoque Delantero ,Delantera,DISPONIBLE,SANTIAGO,,,,,PAR indica 2 piezas
207 2010,REFUERZO DE PARACHOQUE DELANTERO 2007,Refuerzo De Parachoque Delantero 2007,Delantera,DISPONIBLE,SANTIAGO,15000,10000,,,Año 2007 en nombre; PAR indica 2 piezas
207 2010,REFUERZO DE PARACHOQUE TRASERO,Refuerzo De Parachoque Trasero,Trasera,DISPONIBLE,SANTIAGO,,,,,PAR indica 2 piezas
207 2010,REFUERZO DE PARACHOQUE TRASERO  2007,Refuerzo De Parachoque Trasero  2007,Trasera,DISPONIBLE,SANTIAGO,15000,10000,,,Año 2007 en nombre; PAR indica 2 piezas
207 2010,REFUERZO INFERIOR DE PARACHOQUE DELANTERO,Refuerzo Inferior De Parachoque Delantero,Delantera,VENDIDO,SANTIAGO,,,,,PAR indica 2 piezas
207 2010,REFUERZO INTERIOR PARACHOQUE DELANTERO,Refuerzo Interior Parachoque Delantero,Delantera,VENDIDO,SANTIAGO,,,,,PAR indica 2 piezas
207 2010,REJILLA DE VENTILACIÓN CENTRAL CON PANTALLA Y BOTÓN HAZARD,Rejilla De Ventilación Central Con Pantalla Y Botón Hazard,Central,DISPONIBLE,SANTIAGO,,,,,
207 2010,RESISTENCIA ELECTROVENTILADOR,Resistencia Electroventilador,,DISPONIBLE,SANTIAGO,,,,,
207 2010,RESONADOR 2007,Resonador 2007,,VENDIDO,SANTIAGO,25000,20000,,,Año 2007 en nombre
207 2010,RESONADOR DE AIRE ,Resonador De Aire ,,VENDIDO,SANTIAGO,,,,,
207 2010,RUEDA DE REPUESTO,Rueda De Repuesto,,DISPONIBLE,SANTIAGO,,,,,
207 2010,SENSOR DE OXÍGENO 1,Sensor De Oxígeno 1,,VENDIDO,SANTIAGO,15000,10000,,,
207 2010,SENSOR DE OXÍGENO 2,Sensor De Oxígeno 2,,DISPONIBLE,SANTIAGO,15000,10000,,,
207 2010,SERVO FRENO,Servo Freno,,DISPONIBLE,SANTIAGO,,,,,
207 2010,SINÓPTICO,Sinóptico,,VENDIDO,SANTIAGO,,,,,
207 2010,SOPORTE DE CAJA  INFERIOR (CENTRAL),Soporte De Caja  Inferior (Central),Central,NO DISPONIBLE,SANTIAGO,,,,,
207 2010,SOPORTE DE CAJA LH,Soporte De Caja,Izquierda,DISPONIBLE,SANTIAGO,,,,,
207 2010,SOPORTE DE MOTOR RH,Soporte De Motor,Derecha,DISPONIBLE,SANTIAGO,35000,30000,,,
207 2010,TAPA DE BENCINA EXTERIOR 2007,Tapa De Bencina Exterior 2007,,DISPONIBLE,SANTIAGO,15000,15000,,,Año 2007 en nombre
207 2010,TAPA DE BENCINA EXTERIOR 2010,Tapa De Bencina Exterior 2010,,DISPONIBLE,SANTIAGO,,,,,Año 2010 en nombre
207 2010,TAPA DE BENCINA INTERIOR 2007,Tapa De Bencina Interior 2007,,DISPONIBLE,SANTIAGO,15000,10000,,,Año 2007 en nombre
207 2010,TAPA INTERIOR CUBRE PANEL TRASERO,Tapa Interior Cubre Panel Trasero,Trasera,DISPONIBLE,SANTIAGO,,,,,
207 2010,TAPA SUPERIOR CUBRE MOTOR ,Tapa Superior Cubre Motor ,,DISPONIBLE,SANTIAGO,,,,,
207 2010,TAPABARRO LH,Tapabarro,Izquierda,DISPONIBLE,SANTIAGO,35000,30000,,,
207 2010,TAPABARRO RH,Tapabarro,Derecha,VENDIDO,SANTIAGO,35000,30000,,,
207 2010,TAPIZ PORTALÓN,Tapiz Portalón,,DISPONIBLE,SANTIAGO,,,,,
207 2010,TELECOMANDO,Telecomando,,VENDIDO,SANTIAGO,,,,,
207 2010,TUBERÍA CORTA DE AIRE ACONDICIONADO,Tubería Corta De Aire Acondicionado,,DISPONIBLE,SANTIAGO,,,,,
207 2010,TUBO PORTAFILTRO AL RESONADOR,Tubo Portafiltro Al Resonador,,DISPONIBLE,SANTIAGO,,,,,
207 2010,VARILLA DE CAPOT 2007,Varilla De Capot 2007,,DISPONIBLE,SANTIAGO,15000,10000,,,Año 2007 en nombre
207 2010,VARILLA DE CAPOT 2010,Varilla De Capot 2010,,DISPONIBLE,SANTIAGO,,,,,Año 2010 en nombre
207 2010,VIDRIO LUNETA DELANTERA RH (CHICA),Vidrio Luneta Delantera (Chica),Delantera Derecha,VENDIDO,SANTIAGO,,,,,
207 2010,VOLANTE 2010,Volante 2010,,DISPONIBLE,SANTIAGO,,,,,Año 2010 en nombre
307 2003,AIRBAG VOLANTE,Airbag Volante,,DISPONIBLE,,80000,70000,,,Sin ubicación
307 2003,ALTERNADOR,Alternador,,VENDIDO,SANTIAGO,50000,45000,,,
307 2003,AMORTIGUADOR DELANTERO LH,Amortiguador Delantero,Delantera Izquierda,DISPONIBLE,SANTIAGO,25000,20000,,,
307 2003,AMORTIGUADOR DELANTERO RH,Amortiguador Delantero,Delantera Derecha,DISPONIBLE,SANTIAGO,45000,40000,,,
307 2003,BANDEJA ,Bandeja ,,DISPONIBLE,SANTIAGO,15000,10000,,SIN IDENTIFICAR LADO,
307 2003,BASE DE BATERÍA,Base De Batería,,DISPONIBLE,SANTIAGO,15000,10000,,,
307 2003,BOCINA,Bocina,,DISPONIBLE,SANTIAGO,7000,5000,,,
307 2003,BOMBA DE BENCINA,Bomba De Bencina,,DISPONIBLE,SANTIAGO,35000,30000,,,
307 2003,BOMBA HIDRÁULICA ,Bomba Hidráulica ,,DISPONIBLE,SANTIAGO,50000,45000,,,
307 2003,BRAZO LIMPIAPARABRISAS LH,Brazo Limpiaparabrisas,Izquierda,DISPONIBLE,SANTIAGO,15000,10000,,,
307 2003,BRAZO LIMPIAPARABRISAS RH,Brazo Limpiaparabrisas,Derecha,DISPONIBLE,SANTIAGO,15000,10000,,,
307 2003,CALIPER DELANTERO DERECHO,Caliper Delantero Derecho,Delantera,DISPONIBLE,,25000,20000,,,Sin ubicación
307 2003,CALIPER DELANTERO IZQUIERDO,Caliper Delantero Izquierdo,Delantera,DISPONIBLE,,25000,20000,,,Sin ubicación
307 2003,CAÑERÍA HIDRÁULICA,Cañería Hidráulica,,DISPONIBLE,SANTIAGO,,,,,
307 2003,CAÑERÍAS DE AIRE ACONDICIONADO,Cañerías De Aire Acondicionado,,DISPONIBLE,SANTIAGO,45000,40000,,,
307 2003,CINTA DE AIRBAG,Cinta De Airbag,,DISPONIBLE,SANTIAGO,25000,20000,,,
307 2003,CINTURÓN DELANTERO LH,Cinturón Delantero,Delantera Izquierda,DISPONIBLE,SANTIAGO,15000,10000,,,
307 2003,CINTURÓN DELANTERO RH,Cinturón Delantero,Delantera Derecha,DISPONIBLE,SANTIAGO,15000,10000,,,
307 2003,CINTURÓN TRASERO LH,Cinturón Trasero,Trasera Izquierda,DISPONIBLE,SANTIAGO,15000,10000,,,
307 2003,CINTURÓN TRASERO RH,Cinturón Trasero,Trasera Derecha,DISPONIBLE,SANTIAGO,15000,10000,,,
307 2003,COLUMNA DE DIRECCIÓN,Columna De Dirección,,DISPONIBLE,SANTIAGO,25000,20000,,,
307 2003,COMPRESOR AIRE ACONDICIONADO ,Compresor Aire Acondicionado ,,VENDIDO,,80000,75000,,CON DETALLE,Sin ubicación
307 2003,CONTROL DE CALEFACCIÓN,Control De Calefacción,,DISPONIBLE,SANTIAGO,25000,20000,,,
307 2003,CUERPO DE ACELERACIÓN,Cuerpo De Aceleración,,VENDIDO,SANTIAGO,40000,40000,,,
307 2003,CUNA,Cuna,,DISPONIBLE,SANTIAGO,40000,40000,,,
307 2003,DEPÓSITO DE AGUA O LÍQUIDO REFRIGERANTE,Depósito De Agua O Líquido Refrigerante,,DISPONIBLE,SANTIAGO,10000,10000,,,
307 2003,ESPEJO RH,Espejo,Derecha,DISPONIBLE,SANTIAGO,10000,10000,,DETALLE EN EL PLÁSTICO ,
307 2003,MANILLA EXTERIOR PUERTA TRASERA LH,Manilla Exterior Puerta Trasera,Trasera Izquierda,VENDIDO,,10000,10000,,,Sin ubicación
307 2003,MANILLA INTERIOR PUERTA TRASERA LH,Manilla Interior Puerta Trasera,Trasera Izquierda,DISPONIBLE,SANTIAGO,5000,5000,,,
307 2003,MÉNSULA DELANTERA LH,Ménsula Delantera,Delantera Izquierda,DISPONIBLE,SANTIAGO,15000,10000,,,
307 2003,MÉNSULA DELANTERA RH,Ménsula Delantera,Delantera Derecha,DISPONIBLE,SANTIAGO,15000,10000,,,
307 2003,MÉNSULA TRASERA LH,Ménsula Trasera,Trasera Izquierda,DISPONIBLE,SANTIAGO,15000,10000,,,
307 2003,MOLDURA PUERTA DELANTERA RH,Moldura Puerta Delantera,Delantera Derecha,DISPONIBLE,SANTIAGO,15000,10000,,,
307 2003,MOTOR DE PARTIDA,Motor De Partida,,DISPONIBLE,SANTIAGO,55000,50000,,,
307 2003,MUÑON CON MAZA DELANTERO LH,Muñón Con Maza Delantero,Delantera Izquierda,DISPONIBLE,SANTIAGO,20000,15000,,,MUÑON mal escrito
307 2003,MUÑON CON MAZA DELANTERO RH,Muñón Con Maza Delantero,Delantera Derecha,DISPONIBLE,SANTIAGO,20000,15000,,,MUÑON mal escrito
307 2003,PARABRISAS,Parabrisas,,DISPONIBLE,,60000,50000,,,Sin ubicación
307 2003,PORTA FILTRO,Porta Filtro,,DISPONIBLE,SANTIAGO,25000,20000,,,
307 2003,PORTALÓN SOLO LATA,Portalón Solo Lata,,VENDIDO,SANTIAGO,75000,70000,,,
307 2003,PUERTA DELANTERA RH SOLO LATA,Puerta Delantera Solo Lata,Delantera Derecha,DISPONIBLE,SANTIAGO,45000,40000,,,
307 2003,PUERTA TRASERA LH SOLO LATA,Puerta Trasera Solo Lata,Trasera Izquierda,DISPONIBLE,SANTIAGO,45000,40000,,,
307 2003,RADIADOR DE CALEFACCIÓN ,Radiador De Calefacción ,,DISPONIBLE,SANTIAGO,20000,15000,,,
307 2003,REFUERZO DE PARACHOQUE DELANTERO ,Refuerzo De Parachoque Delantero ,Delantera,DISPONIBLE,SANTIAGO,15000,10000,,CON DETALLE,
307 2003,REFUERZO DE PARACHOQUE TRASERO,Refuerzo De Parachoque Trasero,Trasera,DISPONIBLE,SANTIAGO,25000,22000,,,
307 2003,SENSOR ABS 1,Sensor Abs 1,,DISPONIBLE,SANTIAGO,15000,10000,,,
307 2003,SENSOR ABS 2,Sensor Abs 2,,DISPONIBLE,SANTIAGO,15000,10000,,,
307 2003,SENSOR DE OXÍGENO,Sensor De Oxígeno,,DISPONIBLE,SANTIAGO,15000,10000,,,
307 2003,SENSOR DE OXÍGENO ,Sensor De Oxígeno ,,DISPONIBLE,SANTIAGO,15000,10000,,,
307 2003,SENSOR DE OXÍGENO BANCO 2,Sensor De Oxígeno Banco 2,,DISPONIBLE,SANTIAGO,,,,,
307 2003,TAPABARRO LH,Tapabarro,Izquierda,DISPONIBLE,SANTIAGO,30000,25000,,,
307 2003,TAPABARRO LH,Tapabarro,Izquierda,VENDIDO,SANTIAGO,30000,25000,,,
307 2003,TAPABARRO RH,Tapabarro,Derecha,DISPONIBLE,SANTIAGO,30000,25000,,,
307 2003,TELECOMANDO,Telecomando,,DISPONIBLE,SANTIAGO,,,,DETALLE LADO INTERMITENTE,
307 2003,VARILLA CAPOT,Varilla Capot,,DISPONIBLE,SANTIAGO,1500,10000,,"INVENTARIO DICE QUE HAY 2, REVISAR",Requiere revisión
307 2003,VIDRIO PUERTA TRASERA LH,Vidrio Puerta Trasera,Trasera Izquierda,DISPONIBLE,SANTIAGO,2000,20000,,,
307 2003,VOLANTE,Volante,,DISPONIBLE,SANTIAGO,35000,30000,,,
320 2014,ALTERNADOR,Alternador,,DISPONIBLE,SANTIAGO,80000,70000,,,
320 2014,AMORTIGUADOR DELANTERO LH,Amortiguador Delantero,Delantera Izquierda,VENDIDO,SANTIAGO,55000,50000,,,
320 2014,AMORTIGUADOR DELANTERO RH,Amortiguador Delantero,Delantera Derecha,VENDIDO,SANTIAGO,55000,50000,,,
320 2014,AMORTIGUADOR TRASERO LH,Amortiguador Trasero,Trasera Izquierda,DISPONIBLE,SANTIAGO,20000,15000,,,
320 2014,AMORTIGUADOR TRASERO RH,Amortiguador Trasero,Trasera Derecha,DISPONIBLE,SANTIAGO,20000,15000,,,
320 2014,AMORTIGUADORES PORTALON EL PAR,Amortiguadores Portalón El Par,,DISPONIBLE,SANTIAGO,20000,15000,,,PORTALON mal escrito; Múltiples piezas
320 2014,AMORTIGUADORES PORTALON EL PAR,Amortiguadores Portalón El Par,,DISPONIBLE,SANTIAGO,20000,15000,,,PORTALON mal escrito; Múltiples piezas
320 2014,ASIENTO DELANTERO DERECHO,Asiento Delantero Derecho,Delantera,VENDIDO,SANTIAGO,50000,45000,,,
320 2014,ASIENTO DELANTERO IZQUIERDO,Asiento Delantero Izquierdo,Delantera,VENDIDO,SANTIAGO,50000,45000,,,
320 2014,ASIENTOS TRASEROS ,Asientos Traseros ,Trasera,DISPONIBLE,SANTIAGO,35000,30000,,,
320 2014,BANDEJA DELANTERA LH,Bandeja Delantera,Delantera Izquierda,VENDIDO,SANTIAGO,15000,15000,,,
320 2014,BANDEJA DELANTERA RH,Bandeja Delantera,Delantera Derecha,VENDIDO,SANTIAGO,15000,15000,,,
320 2014,BANDEJA TRASERA LH,Bandeja Trasera,Trasera Izquierda,DISPONIBLE,SANTIAGO,,,,SON 3 REVISAR NOMBRE Y PRECIO,Requiere revisión
320 2014,BANDEJA TRASERA RH,Bandeja Trasera,Trasera Derecha,DISPONIBLE,SANTIAGO,,,,SON 3 REVISAR NOMBRE Y PRECIO,Requiere revisión
320 2014,BARRA ESTABILIZADORA ,Barra Estabilizadora ,,NO DISPONIBLE,N/A,,,,,
320 2014,BASE BOMBA HIDRÁULICA,Base Bomba Hidráulica,,DISPONIBLE,SANTIAGO,20000,15000,,,
320 2014,BASE DE ALTERNADOR,Base De Alternador,,DISPONIBLE,SANTIAGO,20000,15000,,,
320 2014,BASE DE TERMOSTATO,Base De Termostato,,DISPONIBLE,SANTIAGO,25000,20000,,,
320 2014,BISAGRA DELANTERA PUERTA LH INFERIOR,Bisagra Delantera Puerta Inferior,Delantera Izquierda,DISPONIBLE,SANTIAGO,,,,,
320 2014,BISAGRA DELANTERA PUERTA LH SUPERIOR,Bisagra Delantera Puerta Superior,Delantera Izquierda,DISPONIBLE,SANTIAGO,,,,,
320 2014,BISAGRA DELANTERA PUERTA RH INFERIOR,Bisagra Delantera Puerta Inferior,Delantera Derecha,DISPONIBLE,SANTIAGO,,,,,
320 2014,BISAGRA DELANTERA PUERTA RH SUPERIOR,Bisagra Delantera Puerta Superior,Delantera Derecha,DISPONIBLE,SANTIAGO,,,,,
320 2014,BISAGRA TRASERA PUERTA LH INFERIOR ,Bisagra Trasera Puerta Inferior ,Trasera Izquierda,DISPONIBLE,SANTIAGO,,,,,
320 2014,BISAGRA TRASERA PUERTA LH SUPERIOR ,Bisagra Trasera Puerta Superior ,Trasera Izquierda,DISPONIBLE,SANTIAGO,,,,,
320 2014,BISAGRA TRASERA PUERTA RH INFERIOR,Bisagra Trasera Puerta Inferior,Trasera Derecha,DISPONIBLE,SANTIAGO,,,,,
320 2014,BISAGRA TRASERA PUERTA RH SUPERIOR ,Bisagra Trasera Puerta Superior ,Trasera Derecha,DISPONIBLE,SANTIAGO,,,,,
320 2014,BISEL DE PORTALÓN CON LOGO,Bisel De Portalón Con Logo,,VENDIDO,SANTIAGO,35000,30000,,,
320 2014,BOBINA ,Bobina ,,DISPONIBLE,SANTIAGO,15000,15000,,,
320 2014,BOMBA DE BENCINA,Bomba De Bencina,,VENDIDO,SANTIAGO,55000,50000,,,
320 2014,BOMBA DE EMBRAGUE (REVISAR),Bomba De Embrague (Revisar),,DISPONIBLE,SANTIAGO,,,,REVISAR PORQUE YA HABÍA LLEGADO,Requiere revisión
320 2014,BOMBA DE EMBRAGUE DE CAJA,Bomba De Embrague De Caja,,DISPONIBLE,SANTIAGO,,,,,
320 2014,BOMBA DE FRENO,Bomba De Freno,,DISPONIBLE,SANTIAGO,60000,55000,,,
320 2014,BOMBA HIDRAULICA,Bomba Hidraulica,,VENDIDO,SANTIAGO,55000,50000,,,
320 2014,BOMBA PEDAL EMBRAGUE,Bomba Pedal Embrague,,DISPONIBLE,SANTIAGO,20000,15000,,,
320 2014,BORNER POSITIVO,Borner Positivo,,DISPONIBLE,SANTIAGO,,,,,
320 2014,BOTÓN ALZAVIDRIOS DELANTERO RH,Botón Alzavidrios Delantero,Delantera Derecha,DISPONIBLE,SANTIAGO,15000,10000,,,
320 2014,BOTÓN ALZAVIDRIOS TRASERO LH,Botón Alzavidrios Trasero,Trasera Izquierda,DISPONIBLE,SANTIAGO,15000,10000,,,
320 2014,BOTÓN ALZAVIDRIOS TRASERO RH,Botón Alzavidrios Trasero,Trasera Derecha,DISPONIBLE,SANTIAGO,15000,10000,,,
320 2014,BOTÓN HAZARD,Botón Hazard,,DISPONIBLE,SANTIAGO,15000,10000,,,
320 2014,BOTONERA ALZAVIDRIOS DELANTERA LH,Botonera Alzavidrios Delantera,Delantera Izquierda,VENDIDO,SANTIAGO,35000,30000,,,
320 2014,BRAZO LIMPIAPARABRISAS TRASERO,Brazo Limpiaparabrisas Trasero,Trasera,VENDIDO,SANTIAGO,15000,12000,,,
320 2014,BRAZO SUSPENSIÓN DELANTERA LH,Brazo Suspensión Delantera,Delantera Izquierda,DISPONIBLE,SANTIAGO,15000,15000,,,
320 2014,BRAZO SUSPENSIÓN DELANTERA RH,Brazo Suspensión Delantera,Delantera Derecha,DISPONIBLE,SANTIAGO,15000,15000,,,
320 2014,BRAZO Y PLUMILLA LH,Brazo Y Plumilla,Izquierda,DISPONIBLE,SANTIAGO,15000,10000,,,
320 2014,BRAZO Y PLUMILLA RH,Brazo Y Plumilla,Derecha,DISPONIBLE,SANTIAGO,15000,10000,,,
320 2014,BULBO DE RETROCESO,Bulbo De Retroceso,,DISPONIBLE,,25000,20000,,,Sin ubicación
320 2014,CAJA DE CAMBIOS,Caja De Cambios,,VENDIDO,SANTIAGO,450000,400000,,,
320 2014,CAJETÍN,Cajetín,,DISPONIBLE,SANTIAGO,60000,50000,,,
320 2014,CALIPER DELANETRO RH,Caliper Delanetro,Derecha,POR CONFIRMAR,SANTIAGO,35000,30000,,,
320 2014,CALIPER DELANTERO LH,Caliper Delantero,Delantera Izquierda,DISPONIBLE,SANTIAGO,35000,30000,,,
320 2014,CANISTER,Canister,,DISPONIBLE,SANTIAGO,35000,30000,,,
320 2014,CAÑERÍA AIRE ACONDICIONADO 1,Cañería Aire Acondicionado 1,,DISPONIBLE,,60000,55000,,,Sin ubicación
320 2014,CAÑERÍA AIRE ACONDICIONADO 2,Cañería Aire Acondicionado 2,,DISPONIBLE,,60000,55000,,,Sin ubicación
320 2014,CAÑERÍA AIRE ACONDICIONADO CORTA,Cañería Aire Acondicionado Corta,,DISPONIBLE,,40000,35000,,,Sin ubicación
320 2014,CAÑERÍA DESDE BOMBA DE AGUA HASTA CULATA,Cañería Desde Bomba De Agua Hasta Culata,,DISPONIBLE,SANTIAGO,35000,30000,,,
320 2014,CAÑERIA HIDRÁULICA ,Cañeria Hidráulica ,,DISPONIBLE,SANTIAGO,25000,20000,,,
320 2014,CATALITICO ,Catalitico ,,VENDIDO,,50000,45000,,,Sin ubicación
320 2014,CHAPA CAPOT,Chapa Capot,,DISPONIBLE,SANTIAGO,15000,10000,,,
320 2014,CHAPA DE CONTACTO ,Chapa De Contacto ,,DISPONIBLE,SANTIAGO,60000,50000,,,
320 2014,CHAPA PORTALÓN,Chapa Portalón,,DISPONIBLE,SANTIAGO,35000,30000,,,
320 2014,CHAPA PUERTA DELANTERA LH,Chapa Puerta Delantera,Delantera Izquierda,DISPONIBLE,,40000,35000,,,Sin ubicación
320 2014,CHAPA PUERTA DELANTERA RH,Chapa Puerta Delantera,Delantera Derecha,DISPONIBLE,,35000,30000,,,Sin ubicación
320 2014,CHAPA PUERTA TRASERA LH,Chapa Puerta Trasera,Trasera Izquierda,DISPONIBLE,,35000,30000,,,Sin ubicación
320 2014,CHAPA PUERTA TRASERA RH,Chapa Puerta Trasera,Trasera Derecha,DISPONIBLE,,35000,30000,,,Sin ubicación
320 2014,CILINDRO DE CHAPA DELANTERA LH,Cilindro De Chapa Delantera,Delantera Izquierda,DISPONIBLE,,40000,35000,,CON MANILLA EXTERIOR,Sin ubicación
320 2014,CINTA DE AIRBAG,Cinta De Airbag,,DISPONIBLE,SANTIAGO,40000,35000,,,
320 2014,CINTURÓN DELANTERO LH,Cinturón Delantero,Delantera Izquierda,DISPONIBLE,SANTIAGO,,,,REVISAR SI ESTÁ BLOQUEADO,Requiere revisión
320 2014,CINTURÓN DELANTERO RH,Cinturón Delantero,Delantera Derecha,DISPONIBLE,SANTIAGO,,,,REVISAR SI ESTÁ BLOQUEADO,Requiere revisión
320 2014,CINTURÓN TRASERO LH,Cinturón Trasero,Trasera Izquierda,DISPONIBLE,SANTIAGO,15000,10000,,,
320 2014,CINTURÓN TRASERO RH,Cinturón Trasero,Trasera Derecha,DISPONIBLE,SANTIAGO,15000,10000,,,
320 2014,COFIA,Cofia,,DISPONIBLE,SANTIAGO,15000,10000,,,
320 2014,COMPRESOR DE AIRE,Compresor De Aire,,VENDIDO,SANTIAGO,80000,75000,,SE REVISARÁ EL ESTADO CUANDO LO SAQUEN,Requiere revisión
320 2014,CONTROL DE CALEFACCIÓN Y AIRE,Control De Calefacción Y Aire,,DISPONIBLE,,60000,55000,,,Sin ubicación
320 2014,CONTROL DE ESPEJOS ,Control De Espejos ,,DISPONIBLE,SANTIAGO,15000,10000,,,
320 2014,CONTROLADOR DE ALZAVIDRIOS (MODULO),Controlador De Alzavidrios (Modulo),,DISPONIBLE,,35000,30000,,,Sin ubicación
320 2014,CREMALLERA DE ALZAVIDIO DELANTERA LH,Cremallera De Alzavidio Delantera,Delantera Izquierda,DISPONIBLE,SANTIAGO,40000,35000,,,
320 2014,CREMALLERA DE ALZAVIDIO DELANTERA RH,Cremallera De Alzavidio Delantera,Delantera Derecha,DISPONIBLE,SANTIAGO,40000,35000,,,
320 2014,CREMALLERA DE ALZAVIDIO TRASERA LH,Cremallera De Alzavidio Trasera,Trasera Izquierda,DISPONIBLE,SANTIAGO,40000,35000,,,
320 2014,CREMALLERA DE ALZAVIDIO TRASERA RH,Cremallera De Alzavidio Trasera,Trasera Derecha,DISPONIBLE,SANTIAGO,40000,35000,,,
320 2014,CREMALLERA DE DIRECCIÓN ,Cremallera De Dirección ,,DISPONIBLE,SANTIAGO,70000,60000,,,
320 2014,CUBRE EQUIPAJE ,Cubre Equipaje ,,VENDIDO,SANTIAGO,30000,25000,,,
320 2014,CUBRE TORPEDO,Cubre Torpedo,,DISPONIBLE,SANTIAGO,35000,30000,,,
320 2014,CUERPO DE ACELERACIÓN,Cuerpo De Aceleración,,DISPONIBLE,SANTIAGO,60000,50000,,,
320 2014,DEPÓSITO DE AGUA O LÍQUIDO REFRIGERANTE,Depósito De Agua O Líquido Refrigerante,,DISPONIBLE,SANTIAGO,20000,15000,,,
320 2014,DEPÓSITO DE LIMPIAPARABRISAS ,Depósito De Limpiaparabrisas ,,DISPONIBLE,SANTIAGO,20000,15000,,,
320 2014,DEPÓSITO LÍQUIDO HIDRÁULICO,Depósito Líquido Hidráulico,,VENDIDO,SANTIAGO,25000,20000,,SOLO,
320 2014,DISCO DE FRENO DELANTERO,Disco De Freno Delantero,Delantera,DISPONIBLE,SANTIAGO,20000,15000,,,
320 2014,DISCO DELANTERO RH,Disco Delantero,Delantera Derecha,DISPONIBLE,SANTIAGO,,,,,
320 2014,ECU,Ecu,,VENDIDO,SANTIAGO,120000,110000,,,
320 2014,EJE LEVA,Eje Leva,,NO DISPONIBLE,N/A,,,,SE VENDE CON EL MOTOR,
320 2014,EJE PALIER LH,Eje Palier,Izquierda,VENDIDO,SANTIAGO,45000,40000,,,
320 2014,EJE PALIER RH,Eje Palier,Derecha,DISPONIBLE,SANTIAGO,55000,50000,,,
320 2014,ELECTROVENTILADOR,Electroventilador,,DISPONIBLE,SANTIAGO,70000,60000,,,
320 2014,EMBELLECEDOR PORTALÓN ,Embellecedor Portalón ,,DISPONIBLE,,40000,35000,,,Sin ubicación
320 2014,ESPEJO CENTRAL,Espejo Central,Central,DISPONIBLE,SANTIAGO,55000,50000,,,
320 2014,ESPEJO LH,Espejo,Izquierda,VENDIDO,SANTIAGO,30000,25000,,TIENE SUELTA LA LUNETA,
320 2014,ESPEJO RH,Espejo,Derecha,VENDIDO,SANTIAGO,30000,25000,,TIENE SUELTA LA LUNETA,
320 2014,FOCO TAPABARRO LH,Foco Tapabarro,Izquierda,VENDIDO,SANTIAGO,10000,10000,,,
320 2014,FOCO TAPABARRO RH,Foco Tapabarro,Derecha,POR CONFIRMAR,,10000,10000,,,Sin ubicación
320 2014,FOCO TRASERO LH,Foco Trasero,Trasera Izquierda,VENDIDO,SANTIAGO,35000,30000,,PRECIO ACTUALIZADO,
320 2014,FOCO TRASERO RH,Foco Trasero,Trasera Derecha,DISPONIBLE,SANTIAGO,35000,30000,,,
320 2014,FUNDA DE PARACHOQUE TRASERO,Funda De Parachoque Trasero,Trasera,VENDIDO,SANTIAGO,45000,35000,,,
320 2014,FUSIBLE DE BORNE POSITIVO,Fusible De Borne Positivo,,DISPONIBLE,SANTIAGO,25000,20000,,,
320 2014,FUSILERA INTERIOR CON RAMAL,Fusilera Interior Con Ramal,,VENDIDO,SANTIAGO,70000,60000,,,
320 2014,GATA ORIGINAL,Gata Original,,DISPONIBLE,SANTIAGO,25000,20000,,,
320 2014,GOMA CONTORNO DE TECHO LH,Goma Contorno De Techo,Izquierda,DISPONIBLE,SANTIAGO,15000,10000,,,
320 2014,GOMA CONTORNO DE TECHO RH,Goma Contorno De Techo,Derecha,DISPONIBLE,SANTIAGO,15000,10000,,,
320 2014,GUANTERA,Guantera,,DISPONIBLE,SANTIAGO,30000,25000,,,
320 2014,GUARDAFANGO DELANTERO LH,Guardafango Delantero,Delantera Izquierda,NO DISPONIBLE,REQUINOA,,,,,
320 2014,GUARDAFANGO DELANTERO RH,Guardafango Delantero,Delantera Derecha,NO DISPONIBLE,REQUINOA,,,,,
320 2014,KIT DE EMBRAGUE,Kit De Embrague,,DISPONIBLE,SANTIAGO,55000,50000,,DISCO Y PRENSA,Múltiples piezas
320 2014,KIT DE ENCENDIDO,Kit De Encendido,,DISPONIBLE,,290000,280000,,,Múltiples piezas; Sin ubicación
320 2014,LETRAS 320,Letras 320,,DISPONIBLE,,12000,10000,,,Sin ubicación
320 2014,LINEA DE ESCAPE COMPLETA,Linea De Escape Completa,,DISPONIBLE,,90000,85000,,CON EL CATALÍTICO ,Sin ubicación
320 2014,LLANTA CON NEUMÁTICO 1,Llanta Con Neumático 1,,VENDIDO,SANTIAGO,90000,80000,,,
320 2014,LLANTA CON NEUMÁTICO 2,Llanta Con Neumático 2,,DISPONIBLE,SANTIAGO,60000,50000,,,
320 2014,LLANTA CON NEUMÁTICO 3,Llanta Con Neumático 3,,DISPONIBLE,SANTIAGO,60000,50000,,,
320 2014,LLANTA CON NEUMÁTICO 4,Llanta Con Neumático 4,,DISPONIBLE,SANTIAGO,50000,40000,,LLANTA DE FIERRO (LA COMÚN),
320 2014,LLAVE,Llave,,DISPONIBLE,SANTIAGO,25000,20000,,,
320 2014,LUNETA TRASERA,Luneta Trasera,Trasera,DISPONIBLE,,90000,80000,,,Sin ubicación
320 2014,LUZ PATENTE LH,Luz Patente,Izquierda,VENDIDO,,10000,10000,,,Sin ubicación
320 2014,LUZ PATENTE RH,Luz Patente,Derecha,DISPONIBLE,,15000,10000,,,Sin ubicación
320 2014,MANGUERA DE AGUA 1,Manguera De Agua 1,,DISPONIBLE,SANTIAGO,,,,,
320 2014,MANGUERA DE AGUA 2,Manguera De Agua 2,,DISPONIBLE,SANTIAGO,,,,,
320 2014,MANGUERA FILTRO DE AIRE,Manguera Filtro De Aire,,VENDIDO,SANTIAGO,25000,20000,,,
320 2014,MANILLA ABRE CAPOT,Manilla Abre Capot,,NO DISPONIBLE,REQUINOA,15000,10000,,,
320 2014,MANILLA DE TECHO DELANTERA RH,Manilla De Techo Delantera,Delantera Derecha,DISPONIBLE,SANTIAGO,7000,5000,,,
320 2014,MANILLA DE TECHO TRASERA LH,Manilla De Techo Trasera,Trasera Izquierda,VENDIDO,SANTIAGO,7000,5000,,,
320 2014,MANILLA DE TECHO TRASERA RH,Manilla De Techo Trasera,Trasera Derecha,DISPONIBLE,SANTIAGO,7000,5000,,,
320 2014,MANILLA EXPERIOR TRASERA LH,Manilla Experior Trasera,Trasera Izquierda,DISPONIBLE,SANTIAGO,7000,20000,,,
320 2014,MANILLA EXPERIOR TRASERA RH,Manilla Experior Trasera,Trasera Derecha,DISPONIBLE,SANTIAGO,25000,20000,,,
320 2014,MANILLA EXTERIOR DELANTERA LH,Manilla Exterior Delantera,Delantera Izquierda,VENDIDO,SANTIAGO,25000,20000,,,
320 2014,MANILLA EXTERIOR DELANTERA RH,Manilla Exterior Delantera,Delantera Derecha,DISPONIBLE,SANTIAGO,25000,20000,,,
320 2014,MANILLA INTERIOR  DELANTERA LH,Manilla Interior  Delantera,Delantera Izquierda,VENDIDO,,15000,10000,,,Sin ubicación
320 2014,MANILLA INTERIOR  DELANTERA RH,Manilla Interior  Delantera,Delantera Derecha,DISPONIBLE,SANTIAGO,15000,10000,,,
320 2014,MANILLA INTERIOR TRASERA LH,Manilla Interior Trasera,Trasera Izquierda,VENDIDO,SANTIAGO,15000,10000,,,
320 2014,MANILLA INTERIOR TRASERA RH,Manilla Interior Trasera,Trasera Derecha,VENDIDO,,15000,10000,,,Sin ubicación
320 2014,MÁSCARA,Máscara,,NO DISPONIBLE,,,,,,Sin ubicación
320 2014,MAZA TRASERA CON TAMBOR,Maza Trasera Con Tambor,Trasera,DISPONIBLE,,70000,65000,,,Sin ubicación
320 2014,MAZA TRASERA CON TAMBOR,Maza Trasera Con Tambor,Trasera,DISPONIBLE,,70000,65000,,,Sin ubicación
320 2014,MEDIA LUNA BARRA ESTABILIZADORA DELANTERA,Media Luna Barra Estabilizadora Delantera,Delantera,VENDIDO,SANTIAGO,,,,,
320 2014,MÉNSULA TRASERA LH,Ménsula Trasera,Trasera Izquierda,DISPONIBLE,SANTIAGO,15000,10000,,,
320 2014,MÉNSULA TRASERA RH,Ménsula Trasera,Trasera Derecha,DISPONIBLE,SANTIAGO,15000,10000,,,
320 2014,MÓDULO ABS ,Módulo Abs ,,DISPONIBLE,SANTIAGO,60000,50000,,,
320 2014,MÓDULO DE CONFORT,Módulo De Confort,,DISPONIBLE,SANTIAGO,100000,90000,,,
320 2014,MOTOR DE PARTIDA,Motor De Partida,,VENDIDO,SANTIAGO,55000,50000,,,
320 2014,MOTOR DE VENTILACION,Motor De Ventilacion,,DISPONIBLE,,50000,40000,,,Sin ubicación
320 2014,MOTOR FACTURABLE,Motor Facturable,,DISPONIBLE,,490000,470000,,PRECIO ACTUALIZADO,Sin ubicación
320 2014,MOTOR LIMPIAPARABRISAS CON VARILLAJE ,Motor Limpiaparabrisas Con Varillaje ,,VENDIDO,SANTIAGO,35000,30000,,SIN BRAZOS LIMPIAPARABRISAS,
320 2014,MÚLTIPLE DE ADMISIÓN,Múltiple De Admisión,,DISPONIBLE,SANTIAGO,60000,50000,,,
320 2014,MÚLTIPLE DE ESCAPE CON CATALÍTICO,Múltiple De Escape Con Catalítico,,DISPONIBLE,SANTIAGO,,,,,
320 2014,MUÑÓN CON MAZA DELANTERA LH,Muñón Con Maza Delantera,Delantera Izquierda,VENDIDO,SANTIAGO,60000,50000,,,
320 2014,MUÑÓN CON MAZA DELANTERA RH,Muñón Con Maza Delantera,Delantera Derecha,VENDIDO,SANTIAGO,60000,50000,,,
320 2014,NEBLINERO DELANTERO LH,Neblinero Delantero,Delantera Izquierda,NO DISPONIBLE,,,,,,Sin ubicación
320 2014,NEBLINERO DELANTERO RH,Neblinero Delantero,Delantera Derecha,NO DISPONIBLE,,,,,,Sin ubicación
320 2014,NEBLINERO TRASERO LH,Neblinero Trasero,Trasera Izquierda,VENDIDO,SANTIAGO,10000,10000,,,
320 2014,NEBLINERO TRASERO RH,Neblinero Trasero,Trasera Derecha,DISPONIBLE,SANTIAGO,20000,15000,,,
320 2014,ÓPTICO LH,Óptico,Izquierda,NO DISPONIBLE,,,,,,Sin ubicación
320 2014,ÓPTICO RH,Óptico,Derecha,NO DISPONIBLE,,,,,,Sin ubicación
320 2014,PALANCA DE CAMBIOS,Palanca De Cambios,,DISPONIBLE,SANTIAGO,50000,40000,,,
320 2014,PALANCA FRENO DE MANO,Palanca Freno De Mano,,DISPONIBLE,SANTIAGO,25000,20000,,,
320 2014,PARABRISAS,Parabrisas,,NO DISPONIBLE,REQUINOA,75000,70000,,,
320 2014,PARASOL LH,Parasol,Izquierda,VENDIDO,SANTIAGO,25000,20000,,,
320 2014,PARASOL RH,Parasol,Derecha,VENDIDO,SANTIAGO,25000,20000,,,
320 2014,PARLANTE TRASERO LH,Parlante Trasero,Trasera Izquierda,DISPONIBLE,,15000,12000,,,Sin ubicación
320 2014,PARLANTE TRASERO LH,Parlante Trasero,Trasera Izquierda,DISPONIBLE,,15000,10000,,DE MALETA,Sin ubicación
320 2014,PARLANTE TRASERO RH,Parlante Trasero,Trasera Derecha,DISPONIBLE,,15000,10000,,DE MALETA,Sin ubicación
320 2014,PATLANTE TRASERO RH,Patlante Trasero,Trasera Derecha,DISPONIBLE,,15000,12000,,,Sin ubicación
320 2014,PEDAL DE EMBRAGUE,Pedal De Embrague,,DISPONIBLE,SANTIAGO,25000,20000,,,
320 2014,PEDAL DE FRENO,Pedal De Freno,,DISPONIBLE,SANTIAGO,25000,20000,,,
320 2014,PIOLA CAPOT,Piola Capot,,DISPONIBLE,SANTIAGO,15000,10000,,,
320 2014,PIOLA DE PALANCA DE CAMBIOS,Piola De Palanca De Cambios,,DISPONIBLE,SANTIAGO,20000,15000,,,
320 2014,PIOLAS SELECTORAS DE CAMBIOS,Piolas Selectoras De Cambios,,DISPONIBLE,,30000,25000,,,Sin ubicación
320 2014,PLÁSTICO PILAR TABLERO LH,Plástico Pilar Tablero,Izquierda,DISPONIBLE,,15000,10000,,,Sin ubicación
320 2014,PLÁSTICO PILAR TABLERO RH,Plástico Pilar Tablero,Derecha,DISPONIBLE,,15000,10000,,,Sin ubicación
320 2014,PORTA FILTRO,Porta Filtro,,DISPONIBLE,SANTIAGO,20000,15000,,,
320 2014,PORTALÓN SOLO LATA CON VIDRIO,Portalón Solo Lata Con Vidrio,,DISPONIBLE,SANTIAGO,90000,80000,,PRECIO ACTUALIZADO ,
320 2014,PUERTA SOLO LATA DELANTERA LH,Puerta Solo Lata Delantera,Delantera Izquierda,VENDIDO,SANTIAGO,80000,70000,,,
320 2014,PUERTA SOLO LATA DELANTERA RH,Puerta Solo Lata Delantera,Delantera Derecha,VENDIDO,SANTIAGO,55000,70000,,,
320 2014,PUERTA SOLO LATA TRASERA LH,Puerta Solo Lata Trasera,Trasera Izquierda,DISPONIBLE,SANTIAGO,55000,70000,,,
320 2014,PUERTA SOLO LATA TRASERA RH,Puerta Solo Lata Trasera,Trasera Derecha,DISPONIBLE,SANTIAGO,55000,70000,,,
320 2014,RADIADOR CALEFACCIÓN,Radiador Calefacción,,VENDIDO,,25000,20000,,,Sin ubicación
320 2014,RADIO,Radio,,VENDIDO,,65000,60000,,,Sin ubicación
320 2014,RAMAL DE INYECCIÓN ,Ramal De Inyección ,,DISPONIBLE,SANTIAGO,25000,20000,,,
320 2014,RAMAL EXTERIOR CON FUSILERA,Ramal Exterior Con Fusilera,,VENDIDO,SANTIAGO,60000,50000,,,
320 2014,RAMAL INTERIOR CON FUSILERA,Ramal Interior Con Fusilera,,VENDIDO,SANTIAGO,,,,,
320 2014,REFUERZO DE PARACHOQUE,Refuerzo De Parachoque,,DISPONIBLE,,40000,35000,,DELANTERO O TRASERO?,Requiere revisión; Sin ubicación
320 2014,RIEL INYECTORES CON INYECTORES ,Riel Inyectores Con Inyectores ,,DISPONIBLE,SANTIAGO,110000,100000,,,
320 2014,RUEDA DE REPUESTO ,Rueda De Repuesto ,,DISPONIBLE,SANTIAGO,,,,,
320 2014,SALIDA DE AIRE INTERIOR 1,Salida De Aire Interior 1,,VENDIDO,SANTIAGO,20000,15000,,,
320 2014,SALIDA DE AIRE INTERIOR 2,Salida De Aire Interior 2,,VENDIDO,SANTIAGO,20000,15000,,,
320 2014,SALIDA DE AIRE INTERIOR 3,Salida De Aire Interior 3,,VENDIDO,SANTIAGO,20000,15000,,,
320 2014,SALIDA DE AIRE INTERIOR 4,Salida De Aire Interior 4,,VENDIDO,SANTIAGO,20000,15000,,,
320 2014,SENDOR CKP,Sendor Ckp,,DISPONIBLE,SANTIAGO,20000,20000,,,
320 2014,SENSOR ABS DELANTERO LH,Sensor Abs Delantero,Delantera Izquierda,DISPONIBLE,SANTIAGO,15000,10000,,,
320 2014,SENSOR ABS DELANTERO RH,Sensor Abs Delantero,Delantera Derecha,DISPONIBLE,SANTIAGO,15000,10000,,,
320 2014,SENSOR ABS TRASERO LH,Sensor Abs Trasero,Trasera Izquierda,DISPONIBLE,SANTIAGO,15000,10000,,,
320 2014,SENSOR ABS TRASERO RH,Sensor Abs Trasero,Trasera Derecha,DISPONIBLE,SANTIAGO,15000,10000,,,
320 2014,SENSOR DE VELOCIDAD,Sensor De Velocidad,,VENDIDO,SANTIAGO,60000,50000,,,
320 2014,SERVO FRENO SOLO,Servo Freno Solo,,VENDIDO,SANTIAGO,45000,40000,,,
320 2014,SINÓPTICO,Sinóptico,,DISPONIBLE,,70000,65000,,,Sin ubicación
320 2014,SOPORTE DE MOTOR O CAJA LH,Soporte De Motor O Caja,Izquierda,DISPONIBLE,SANTIAGO,25000,20000,,,
320 2014,SOPORTE DE MOTOR RH,Soporte De Motor,Derecha,DISPONIBLE,SANTIAGO,25000,20000,,,
320 2014,SOPORTE DE MOTOR TRASERO CENTRAL,Soporte De Motor Trasero Central,Central,VENDIDO,SANTIAGO,15000,10000,,,
320 2014,TAMBOR CON MAZA Y TODO EL SISTEMA DE FRENO LH,Tambor Con Maza Y Todo El Sistema De Freno,Izquierda,DISPONIBLE,SANTIAGO,60000,50000,,,
320 2014,TAMBOR CON MAZA Y TODO EL SISTEMA DE FRENO RH,Tambor Con Maza Y Todo El Sistema De Freno,Derecha,DISPONIBLE,SANTIAGO,60000,50000,,,
320 2014,TAPA DE BENCINA EXTERIOR,Tapa De Bencina Exterior,,VENDIDO,SANTIAGO,20000,15000,,,
320 2014,TAPA DE BENCINA INTERIOR,Tapa De Bencina Interior,,DISPONIBLE,,15000,10000,,,Sin ubicación
320 2014,TAPA DE DISTRIBUCIÓN ,Tapa De Distribución ,,DISPONIBLE,,40000,35000,,,Sin ubicación
320 2014,TAPA DE PARLANTE LH,Tapa De Parlante,Izquierda,VENDIDO,SANTIAGO,15000,10000,,,
320 2014,TAPA DE PARLANTE RH,Tapa De Parlante,Derecha,VENDIDO,SANTIAGO,15000,10000,,,
320 2014,TAPABARRO LH,Tapabarro,Izquierda,NO DISPONIBLE,N/A,,,,,
320 2014,TAPABARRO RH,Tapabarro,Derecha,DISPONIBLE,SANTIAGO,35000,30000,,,
320 2014,TAPIZ PUERTA DELANTERA LH,Tapiz Puerta Delantera,Delantera Izquierda,DISPONIBLE,,25000,20000,,,Sin ubicación
320 2014,TAPIZ PUERTA DELANTERA RH,Tapiz Puerta Delantera,Delantera Derecha,DISPONIBLE,,25000,20000,,,Sin ubicación
320 2014,TAPIZ PUERTA TRASERA LH,Tapiz Puerta Trasera,Trasera Izquierda,DISPONIBLE,SANTIAGO,25000,20000,,,
320 2014,TAPIZ PUERTA TRASERA RH,Tapiz Puerta Trasera,Trasera Derecha,DISPONIBLE,SANTIAGO,25000,20000,,,
320 2014,TAPIZ TECHO,Tapiz Techo,,DISPONIBLE,,45000,40000,,,Sin ubicación
320 2014,TECHO SOLO LATA,Techo Solo Lata,,DISPONIBLE,,85000,80000,,,Sin ubicación
320 2014,TELECOMANDO,Telecomando,,DISPONIBLE,SANTIAGO,55000,50000,,,
320 2014,TELECOMANDO LUCES,Telecomando Luces,,DISPONIBLE,SANTIAGO,35000,30000,,,
320 2014,TENSOR DE ACCESORIOS,Tensor De Accesorios,,DISPONIBLE,SANTIAGO,20000,15000,,,
320 2014,TENSOR DE ALTERNADOR,Tensor De Alternador,,DISPONIBLE,SANTIAGO,15000,10000,,,
320 2014,TUBO DE ESCAPE COMPLETO,Tubo De Escape Completo,,DISPONIBLE,,45000,40000,,SIN CATALÍTICO,Sin ubicación
320 2014,VIDRIO LUNETA PUERTA TRASERA LH,Vidrio Luneta Puerta Trasera,Trasera Izquierda,DISPONIBLE,,35000,30000,,,Sin ubicación
320 2014,VIDRIO LUNETA PUERTA TRASERA RH,Vidrio Luneta Puerta Trasera,Trasera Derecha,DISPONIBLE,,35000,30000,,,Sin ubicación
320 2014,VIDRIO PUERTA DELANTERA LH,Vidrio Puerta Delantera,Delantera Izquierda,NO DISPONIBLE,N/A,,,,ROTO,
320 2014,VIDRIO PUERTA DELANTERA RH,Vidrio Puerta Delantera,Delantera Derecha,DISPONIBLE,SANTIAGO,45000,40000,,,
320 2014,VIDRIO PUERTA TRASERA LH,Vidrio Puerta Trasera,Trasera Izquierda,VENDIDO,SANTIAGO,45000,40000,,,
320 2014,VIDRIO PUERTA TRASERA RH,Vidrio Puerta Trasera,Trasera Derecha,DISPONIBLE,SANTIAGO,45000,40000,,,
320 2014,VOLANTE,Volante,,DISPONIBLE,,35000,30000,,,Sin ubicación
320 2014,VOLANTE DE INERCIA,Volante De Inercia,,DISPONIBLE,SANTIAGO,70000,60000,,,
A3 2017,ALERÓN MALETA,Alerón Maleta,,VENDIDO,SANTIAGO,45000,40000,,,
A3 2017,ALTERNADOR,Alternador,,DISPONIBLE,SANTIAGO,110000,100000,,,
A3 2017,AMORTIGUADOR DELANTERO LH,Amortiguador Delantero,Delantera Izquierda,NO DISPONIBLE,SANTIAGO,,,,,
A3 2017,AMORTIGUADOR DELANTERO RH,Amortiguador Delantero,Delantera Derecha,DISPONIBLE,SANTIAGO,,,,,
A3 2017,BANDEJA DELANTERA RH,Bandeja Delantera,Delantera Derecha,DISPONIBLE,SANTIAGO,,,,,
A3 2017,BASE DE PLIMAVIT RUEDA DE REPUESTO,Base De Plimavit Rueda De Repuesto,,DISPONIBLE,SANTIAGO,,,,,
A3 2017,BASE DE TELA REDONDA RUEDA DE REPUESTO,Base De Tela Redonda Rueda De Repuesto,,DISPONIBLE,SANTIAGO,,,,,
A3 2017,BISAGRA DE MALETA LH,Bisagra De Maleta,Izquierda,DISPONIBLE,SANTIAGO,,,,,
A3 2017,BISAGRA DE MALETA RH,Bisagra De Maleta,Derecha,DISPONIBLE,SANTIAGO,,,,,
A3 2017,BOCINA,Bocina,,DISPONIBLE,SANTIAGO,,,,,
A3 2017,BOMBA DE ALTA PRESIÓN DE COMBUSTIBLE,Bomba De Alta Presión De Combustible,,DISPONIBLE,SANTIAGO,,,,,
A3 2017,BOMBA ELECTRÓNICA DE AGUA,Bomba Electrónica De Agua,,DISPONIBLE,SANTIAGO,,,,,
A3 2017,BOTÓN DE MALETA CON LUZ DE PATENTE,Botón De Maleta Con Luz De Patente,,DISPONIBLE,SANTIAGO,,,,,
A3 2017,BRAZO LIMPIAPARABRISAS LH (SIN PLUMILLA),Brazo Limpiaparabrisas (Sin Plumilla),Izquierda,DISPONIBLE,SANTIAGO,,,,,
A3 2017,CAJA CARCASA ROTA,Caja Carcasa Rota,,VENDIDO,SANTIAGO,280000,280000,,,
A3 2017,CALIPER DELANTERO LH,Caliper Delantero,Delantera Izquierda,NO DISPONIBLE,SANTIAGO,,,,,
A3 2017,CALIPER DELANTERO RH,Caliper Delantero,Delantera Derecha,DISPONIBLE,SANTIAGO,,,,,
A3 2017,CHAPA MALETA,Chapa Maleta,,DISPONIBLE,SANTIAGO,,,,,
A3 2017,CHAPA PUERTA LH,Chapa Puerta,Izquierda,DISPONIBLE,SANTIAGO,,,,,
A3 2017,COMPRESOR DE AIRE ACONDICIONADO,Compresor De Aire Acondicionado,,VENDIDO,SANTIAGO,160000,160000,,,
A3 2017,CONTROL DE LUCES,Control De Luces,,DISPONIBLE,SANTIAGO,,,,,
A3 2017,CUBRE CARTER METÁLICO,Cubre Carter Metálico,,DISPONIBLE,SANTIAGO,,,,,
A3 2017,CUERPO DE ACELERACIÓN,Cuerpo De Aceleración,,NO DISPONIBLE,SANTIAGO,,,,,
A3 2017,DIFUSOR TRASERO,Difusor Trasero,Trasera,VENDIDO,SANTIAGO,85000,85000,,,
A3 2017,DISCO DE FRENO DELANTERO RH,Disco De Freno Delantero,Delantera Derecha,DISPONIBLE,SANTIAGO,,,,,
A3 2017,EJE PALIER DELANTERO LH,Eje Palier Delantero,Delantera Izquierda,NO DISPONIBLE,SANTIAGO,,,,,
A3 2017,EJE PALIER RH SOLO LA PUNTA QUE VA AL MUÑÓN ESTÁ BUENA,Eje Palier Solo La Punta Que Va Al Muñón Está Buena,Derecha,DISPONIBLE,SANTIAGO,,,,,
A3 2017,ESPEJO RH ,Espejo ,Derecha,VENDIDO,SANTIAGO,160000,150000,,,
A3 2017,FOCO MALETA LH,Foco Maleta,Izquierda,DISPONIBLE,SANTIAGO,110000,100000,,,
A3 2017,FOCO MALETA RH,Foco Maleta,Derecha,DISPONIBLE,SANTIAGO,110000,100000,,,
A3 2017,FOCO TRASERO EXTERIOR LH,Foco Trasero Exterior,Trasera Izquierda,VENDIDO,SANTIAGO,130000,120000,,,
A3 2017,FOCO TRASERO EXTERIOR RH,Foco Trasero Exterior,Trasera Derecha,NO DISPONIBLE,SANTIAGO,,,,,
A3 2017,FUNDA DE PARACHOQUE DELANTERA,Funda De Parachoque Delantera,Delantera,NO DISPONIBLE,SANTIAGO,,,,,
A3 2017,LECTOR DE CD,Lector De Cd,,DISPONIBLE,SANTIAGO,,,,,
A3 2017,LETRAS A3,Letras A3,,DISPONIBLE,SANTIAGO,,,,,
A3 2017,LLANTA (SOLO UNA),Llanta (Solo Una),,VENDIDO,SANTIAGO,100000,90000,,,
A3 2017,LLANTA CON DETALLE POR REPARAR,Llanta Con Detalle Por Reparar,,VENDIDO,SANTIAGO,50000,50000,,,Tiene daños o estado especial
A3 2017,LOGO MALETA (CIRCULOS),Logo Maleta (Circulos),,POR CONFIRMAR,SANTIAGO,,,,,
A3 2017,MALETA (SOLO LATA),Maleta (Solo Lata),,DISPONIBLE,SANTIAGO,,,,,
A3 2017,MANGUERAS DE AGUA,Mangueras De Agua,,DISPONIBLE,SANTIAGO,,,,,
A3 2017,MANILLA EXTERIOR LH,Manilla Exterior,Izquierda,DISPONIBLE,SANTIAGO,,,,,
A3 2017,MÓDULO ELECTRÓNICO DE PUERTA LH,Módulo Electrónico De Puerta,Izquierda,DISPONIBLE,SANTIAGO,,,,,
A3 2017,MOTOR DE ALZAVIDRIO LH,Motor De Alzavidrio,Izquierda,DISPONIBLE,SANTIAGO,,,,,
A3 2017,MOTOR DE PARTIDA,Motor De Partida,,DISPONIBLE,SANTIAGO,,,,,
A3 2017,MOTOR FACTURABLE,Motor Facturable,,VENDIDO,SANTIAGO,790000,750000,,,
A3 2017,MUÑÓN Y MAZA DELANTERO LH,Muñón Y Maza Delantero,Delantera Izquierda,NO DISPONIBLE,SANTIAGO,,,,,
A3 2017,MUÑÓN Y MAZA DELANTERO RH,Muñón Y Maza Delantero,Delantera Derecha,DISPONIBLE,SANTIAGO,,,,,
A3 2017,PALANCA DE CAMBIOS CON PIOLA,Palanca De Cambios Con Piola,,DISPONIBLE,SANTIAGO,110000,100000,,,
A3 2017,PISOS ALFOMBRAS DELANTEROS,Pisos Alfombras Delanteros,Delantera,NO DISPONIBLE,SANTIAGO,,,,,
A3 2017,PISOS ALFOMBRAS TRASERAS,Pisos Alfombras Traseras,Trasera,VENDIDO,SANTIAGO,,,,,
A3 2017,RIEL DE INYECCIÓN,Riel De Inyección,,DISPONIBLE,SANTIAGO,,,,,
A3 2017,RUEDA DE REPUESTO,Rueda De Repuesto,,VENDIDO,SANTIAGO,,,,,
A3 2017,SENSOR MAP,Sensor Map,,DISPONIBLE,SANTIAGO,,,,,
A3 2017,SENSORES IMÁN CIERRE CAPOTA CON MINI RAMAL,Sensores Imán Cierre Capota Con Mini Ramal,,VENDIDO,SANTIAGO,30000,30000,,,
A3 2017,TAPA CENTRO LLANTA,Tapa Centro Llanta,,DISPONIBLE,SANTIAGO,10000,10000,,,
A3 2017,TAPABARRO DELANTERO RH ,Tapabarro Delantero ,Delantera Derecha,VENDIDO,SANTIAGO,,,,CON DETALLE,
A3 2017,TAPIZ MALETA ,Tapiz Maleta ,,DISPONIBLE,SANTIAGO,,,,,
A3 2017,TAPIZ PUERTA DERECHA,Tapiz Puerta Derecha,,DISPONIBLE,SANTIAGO,35000,30000,,,
A3 2017,TENSOR CORREA DE ACCESORIOS,Tensor Correa De Accesorios,,DISPONIBLE,SANTIAGO,,,,,
A3 2017,TERCERA LUZ DE FRENO,Tercera Luz De Freno,,DISPONIBLE,SANTIAGO,,,,,
A3 2017,TUBOS PLÁSTICOS DE AIRE,Tubos Plásticos De Aire,,DISPONIBLE,SANTIAGO,,,,,
A3 2017,TURBO,Turbo,,DISPONIBLE,SANTIAGO,140000,130000,,,
ALTIMA 2014,ALTERNADOR,Alternador,,VENDIDO,SANTIAGO,110000,100000,,,
ALTIMA 2014,AMORTIGUADOR DELANTERO LH,Amortiguador Delantero,Delantera Izquierda,VENDIDO,SANTIAGO,90000,80000,,,
ALTIMA 2014,AMORTIGUADOR DELANTERO RH,Amortiguador Delantero,Delantera Derecha,VENDIDO,SANTIAGO,90000,80000,,,
ALTIMA 2014,AMORTIGUADOR TRASERO LH  ,Amortiguador Trasero  ,Trasera Izquierda,NO DISPONIBLE,SANTIAGO,,,,,
ALTIMA 2014,AMORTIGUADOR TRASERO RH,Amortiguador Trasero,Trasera Derecha,VENDIDO,SANTIAGO,,,,,
ALTIMA 2014,BANDEJA TRASERA LH,Bandeja Trasera,Trasera Izquierda,VENDIDO,SANTIAGO,70000,65000,,,
ALTIMA 2014,BASE PLÁSTICA DE DISTRIBUCIÓN DE AGUA,Base Plástica De Distribución De Agua,,,,,,,,Sin ubicación
ALTIMA 2014,BASE SOPORTE ALTERNADOR,Base Soporte Alternador,,,SANTIAGO,,,,,
ALTIMA 2014,BASE SOPORTE DE MOTOR RH,Base Soporte De Motor,Derecha,,SANTIAGO,,,,,
ALTIMA 2014,BASE SOPORTE LH CÍRCULO AL MEDIO,Base Soporte Círculo Al Medio,Izquierda,,,,,,,Sin ubicación
ALTIMA 2014,BASE SOPORTE LH TRIANGULAR,Base Soporte Triangular,Izquierda,,,,,,,Sin ubicación
ALTIMA 2014,BASE SOPORTE RH,Base Soporte,Derecha,,,,,,,Sin ubicación
ALTIMA 2014,BASE TERMOSTATO PLÁSTICO,Base Termostato Plástico,,VENDIDO,SANTIAGO,60000,60000,,,
ALTIMA 2014,BCM O MÓDULO DE CONTROL,Bcm O Módulo De Control,,VENDIDO,SANTIAGO,,,,,
ALTIMA 2014,BISAGRA CAPOT LH,Bisagra Capot,Izquierda,,,,,,,Sin ubicación
ALTIMA 2014,BISAGRA CAPOT RH,Bisagra Capot,Derecha,,,,,,,Sin ubicación
ALTIMA 2014,BISAGRA DE MALETERO,Bisagra De Maletero,,,SANTIAGO,,,,,
ALTIMA 2014,BISAGRAS PUERTA DELANTERA LH,Bisagras Puerta Delantera,Delantera Izquierda,,SANTIAGO,,,,,
ALTIMA 2014,BISAGRAS PUERTA DELANTERA RH,Bisagras Puerta Delantera,Delantera Derecha,VENDIDO,SANTIAGO,25000,20000,,,
ALTIMA 2014,BISAGRAS PUERTA TRASERA LH,Bisagras Puerta Trasera,Trasera Izquierda,,SANTIAGO,,,,,
ALTIMA 2014,BISAGRAS PUERTA TRASERA RH,Bisagras Puerta Trasera,Trasera Derecha,,SANTIAGO,,,,,
ALTIMA 2014,BOBINA 1,Bobina 1,,,SANTIAGO,,,,,
ALTIMA 2014,BOBINA 2,Bobina 2,,,SANTIAGO,,,,,
ALTIMA 2014,BOBINA 3,Bobina 3,,,SANTIAGO,,,,,
ALTIMA 2014,BOBINA 4,Bobina 4,,,SANTIAGO,,,,,
ALTIMA 2014,BOCINA,Bocina,,,SANTIAGO,,,,,
ALTIMA 2014,BOMBA DE AGUA,Bomba De Agua,,,,,,,,Sin ubicación
ALTIMA 2014,BOMBA HIDRÁULICA ELECTRÓNICA,Bomba Hidráulica Electrónica,,,,,,,,Sin ubicación
ALTIMA 2014,BORNER NEGATIVO,Borner Negativo,,VENDIDO,SANTIAGO,,,,,
ALTIMA 2014,BOTÓN DE ALZAVIDRIOS PUERTA DELANTERA RH,Botón De Alzavidrios Puerta Delantera,Delantera Derecha,,,,,,,Sin ubicación
ALTIMA 2014,BOTÓN DE ALZAVIDRIOS PUERTA TRASERA LH,Botón De Alzavidrios Puerta Trasera,Trasera Izquierda,,,,,,,Sin ubicación
ALTIMA 2014,BOTÓN DE ALZAVIDRIOS PUERTA TRASERA RH,Botón De Alzavidrios Puerta Trasera,Trasera Derecha,,,,,,,Sin ubicación
ALTIMA 2014,BOTÓN DE ENCENDIDO,Botón De Encendido,,VENDIDO,,,,,,Sin ubicación
ALTIMA 2014,BOTÓN HAZARD (GATOS),Botón Hazard (Gatos),,,SANTIAGO,,,,,
ALTIMA 2014,BOTONERA DE ALZAVIDRIOS PUERTA DELANTERA LH,Botonera De Alzavidrios Puerta Delantera,Delantera Izquierda,,,,,,,Sin ubicación
ALTIMA 2014,BSI,Bsi,,VENDIDO,SANTIAGO,,,,,
ALTIMA 2014,CAJETÍN,Cajetín,,,,,,,,Sin ubicación
ALTIMA 2014,CALIPER DELANTERO RH,Caliper Delantero,Delantera Derecha,,SANTIAGO,,,,,
ALTIMA 2014,CALIPER TRASERO LH,Caliper Trasero,Trasera Izquierda,,SANTIAGO,,,,,
ALTIMA 2014,CALIPER TRASERO RH,Caliper Trasero,Trasera Derecha,,SANTIAGO,,,,,
ALTIMA 2014,CANISTER,Canister,,,SANTIAGO,,,,,
ALTIMA 2014,CAÑERÍA BOMBA DE FRENO,Cañería Bomba De Freno,,,SANTIAGO,,,,,
ALTIMA 2014,CAÑERÍAS AIRE ACONDICIONADO,Cañerías Aire Acondicionado,,DISPONIBLE,SANTIAGO,130000,120000,,,
ALTIMA 2014,CATALÍTICO,Catalítico,,VENDIDO,SANTIAGO,,,,,
ALTIMA 2014,CHAPA CAPOT,Chapa Capot,,,SANTIAGO,,,,,
ALTIMA 2014,CHAPA MALETA ,Chapa Maleta ,,,,,,,,Sin ubicación
ALTIMA 2014,CHAPA PUERTA DELANTERA LH,Chapa Puerta Delantera,Delantera Izquierda,,,,,,,Sin ubicación
ALTIMA 2014,CHAPA PUERTA DELANTERA RH,Chapa Puerta Delantera,Delantera Derecha,,,,,,,Sin ubicación
ALTIMA 2014,CHAPA PUERTA TRASERA LH,Chapa Puerta Trasera,Trasera Izquierda,,,,,,,Sin ubicación
ALTIMA 2014,CHAPA PUERTA TRASERA RH,Chapa Puerta Trasera,Trasera Derecha,,,,,,,Sin ubicación
ALTIMA 2014,CINTA DE AIRBAG,Cinta De Airbag,,,SANTIAGO,,,,,
ALTIMA 2014,CINTURÓN TRASERO CENTRAL,Cinturón Trasero Central,Central,,SANTIAGO,,,,,
ALTIMA 2014,CINTURÓN TRASERO LH,Cinturón Trasero,Trasera Izquierda,,SANTIAGO,,,,,
ALTIMA 2014,CINTURÓN TRASERO RH,Cinturón Trasero,Trasera Derecha,,SANTIAGO,,,,,
ALTIMA 2014,COLUMNA DE DIRECCIÓN,Columna De Dirección,,,,,,,,Sin ubicación
ALTIMA 2014,COMPRESOR DE AIRE ACONDICIONADO,Compresor De Aire Acondicionado,,,,,,,,Sin ubicación
ALTIMA 2014,COMPUTADOR CAJA,Computador Caja,,,,,,,,Sin ubicación
ALTIMA 2014,CONECTOR CINTA DE AIRBAG,Conector Cinta De Airbag,,VENDIDO,SANTIAGO,25000,25000,,,
ALTIMA 2014,CONTROL DE CALEFACCIÓN,Control De Calefacción,,,,,,,,Sin ubicación
ALTIMA 2014,CREMALLERA DE ALZAVIDRIOS DELANTERA LH,Cremallera De Alzavidrios Delantera,Delantera Izquierda,VENDIDO,,80000,75000,,,Sin ubicación
ALTIMA 2014,CREMALLERA DE ALZAVIDRIOS DELANTERA RH,Cremallera De Alzavidrios Delantera,Delantera Derecha,,,,,,,Sin ubicación
ALTIMA 2014,CREMALLERA DE ALZAVIDRIOS TRASERA LH,Cremallera De Alzavidrios Trasera,Trasera Izquierda,,,,,,,Sin ubicación
ALTIMA 2014,CREMALLERA DE ALZAVIDRIOS TRASERA RH,Cremallera De Alzavidrios Trasera,Trasera Derecha,,,,,,,Sin ubicación
ALTIMA 2014,CREMALLERA DE DIRECCIÓN,Cremallera De Dirección,,VENDIDO,SANTIAGO,100000,100000,,,
ALTIMA 2014,CUBRE ZÓCALO LH,Cubre Zócalo,Izquierda,,,,,,,Sin ubicación
ALTIMA 2014,CUBRE ZÓCALO RH,Cubre Zócalo,Derecha,,,,,,,Sin ubicación
ALTIMA 2014,CUERPO DE ACELERACIÓN,Cuerpo De Aceleración,,,,,,,,Sin ubicación
ALTIMA 2014,CUNA,Cuna,,NO DISPONIBLE,SANTIAGO,,,,,
ALTIMA 2014,DEPÓSITO DE AGUA CON TAPA,Depósito De Agua Con Tapa,,VENDIDO,SANTIAGO,,,,,
ALTIMA 2014,DISCO DE FRENO TRASERO LH,Disco De Freno Trasero,Trasera Izquierda,VENDIDO,SANTIAGO,,,,,
ALTIMA 2014,DISCO DE FRENO TRASERP RH,Disco De Freno Traserp,Derecha,VENDIDO,SANTIAGO,,,,,
ALTIMA 2014,ECU MOTOR,Ecu Motor,,VENDIDO,SANTIAGO,150000,140000,,,
ALTIMA 2014,EMBELLECEDOR SINÓPTICO,Embellecedor Sinóptico,,,SANTIAGO,,,,,
ALTIMA 2014,ENFRIADOR DE ACEITE,Enfriador De Aceite,,,SANTIAGO,,,,,
ALTIMA 2014,ENFRIADOR DE ACEITE DE CAJA,Enfriador De Aceite De Caja,,,,,,,,Sin ubicación
ALTIMA 2014,ESCAPE LH,Escape,Izquierda,VENDIDO,SANTIAGO,,,,,
ALTIMA 2014,ESCAPE RH,Escape,Derecha,VENDIDO,SANTIAGO,45000,40000,,,
ALTIMA 2014,ESPEJO LH,Espejo,Izquierda,VENDIDO,,,,,,Sin ubicación
ALTIMA 2014,ESPEJO RH,Espejo,Derecha,VENDIDO,,95000,90000,,,Sin ubicación
ALTIMA 2014,FOCO TRASERO LH,Foco Trasero,Trasera Izquierda,,,,,,,Sin ubicación
ALTIMA 2014,FOCO TRASERO RH,Foco Trasero,Trasera Derecha,VENDIDO,,,,,,Sin ubicación
ALTIMA 2014,FUNDA DE PARACHOQUE DELANTERO,Funda De Parachoque Delantero,Delantera,NO DISPONIBLE,SANTIAGO,,,,,
ALTIMA 2014,FUNDA DE PARACHOQUE TRASERO,Funda De Parachoque Trasero,Trasera,VENDIDO,,,,,,Sin ubicación
ALTIMA 2014,FUSILERA INTERIOR,Fusilera Interior,,,SANTIAGO,,,,,
ALTIMA 2014,GOMA PORTALÓN,Goma Portalón,,,SANTIAGO,,,,,
ALTIMA 2014,GOMA PUERTA DELANTERA LH,Goma Puerta Delantera,Delantera Izquierda,,SANTIAGO,,,,,
ALTIMA 2014,GOMA PUERTA DELANTERA RH,Goma Puerta Delantera,Delantera Derecha,,SANTIAGO,,,,,
ALTIMA 2014,GOMA PUERTA TRASERA LH,Goma Puerta Trasera,Trasera Izquierda,,SANTIAGO,,,,,
ALTIMA 2014,GOMA PUERTA TRASERA RH,Goma Puerta Trasera,Trasera Derecha,,SANTIAGO,,,,,
ALTIMA 2014,GOMA RADIADOR,Goma Radiador,,,SANTIAGO,,,,,
ALTIMA 2014,GUANTERA,Guantera,,,,,,,,Sin ubicación
ALTIMA 2014,GUARDAFANGO TRASERO LH,Guardafango Trasero,Trasera Izquierda,,SANTIAGO,,,,,
ALTIMA 2014,GUARDAFANGO TRASERO RH,Guardafango Trasero,Trasera Derecha,,SANTIAGO,,,,,
ALTIMA 2014,KIT DE ENCENDIDO,Kit De Encendido,,VENDIDO,SANTIAGO,,,,,Múltiples piezas
ALTIMA 2014,LLANTA 1,Llanta 1,,VENDIDO,SANTIAGO,,,,,
ALTIMA 2014,LLANTA 2,Llanta 2,,VENDIDO,SANTIAGO,,,,,
ALTIMA 2014,LLANTA 3,Llanta 3,,VENDIDO,SANTIAGO,,,,,
ALTIMA 2014,LLANTA 4,Llanta 4,,VENDIDO,SANTIAGO,80000,75000,,,
ALTIMA 2014,LLAVE,Llave,,VENDIDO,SANTIAGO,,,,,
ALTIMA 2014,LUZ INTERMITENTE LH (VAN EN LA PARTE DEL NEBLINERO),Luz Intermitente (Van En La Parte Del Neblinero),Izquierda,VENDIDO,SANTIAGO,30000,40000,,,
ALTIMA 2014,LUZ INTERMITENTE RH (VAN EN LA PARTE DEL NEBLINERO),Luz Intermitente (Van En La Parte Del Neblinero),Derecha,VENDIDO,SANTIAGO,30000,25000,,,
ALTIMA 2014,MALETA,Maleta,,DISPONIBLE,SANTIAGO,120000,115000,,,
ALTIMA 2014,MANGUERA CODO CORTO,Manguera Codo Corto,,,,,,,,Sin ubicación
ALTIMA 2014,MANGUERA CON TERMOSTATODE ENFRIADOR DE CAJA DE CAMBIO,Manguera Con Termostatode Enfriador De Caja De Cambio,,VENDIDO,SANTIAGO,40000,40000,,,
ALTIMA 2014,MANGUERA LARGA DE AGUA,Manguera Larga De Agua,,,,,,,,Sin ubicación
ALTIMA 2014,MANILLA EXTERIOR PUERTA DELANTERA LH,Manilla Exterior Puerta Delantera,Delantera Izquierda,VENDIDO,SANTIAGO,,,,,
ALTIMA 2014,MANILLA EXTERIOR PUERTA DELANTERA RH,Manilla Exterior Puerta Delantera,Delantera Derecha,,,,,,,Sin ubicación
ALTIMA 2014,MANILLA EXTERIOR PUERTA TRASERA LH,Manilla Exterior Puerta Trasera,Trasera Izquierda,,,,,,,Sin ubicación
ALTIMA 2014,MANILLA EXTERIOR PUERTA TRASERA RH,Manilla Exterior Puerta Trasera,Trasera Derecha,,,,,,,Sin ubicación
ALTIMA 2014,MANILLA INTERIOR PUERTA DELANTERA LH,Manilla Interior Puerta Delantera,Delantera Izquierda,VENDIDO,SANTIAGO,,,,,
ALTIMA 2014,MANILLA INTERIOR PUERTA DELANTERA LH,Manilla Interior Puerta Delantera,Delantera Izquierda,,,,,,,Sin ubicación
ALTIMA 2014,MANILLA INTERIOR PUERTA TRASERA LH,Manilla Interior Puerta Trasera,Trasera Izquierda,,,,,,,Sin ubicación
ALTIMA 2014,MANILLA INTERIOR PUERTA TRASERA RH,Manilla Interior Puerta Trasera,Trasera Derecha,VENDIDO,SANTIAGO,,,,,
ALTIMA 2014,MÉNSULA TRASERA LH,Ménsula Trasera,Trasera Izquierda,,SANTIAGO,,,,,
ALTIMA 2014,MÉNSULA TRASERA RH,Ménsula Trasera,Trasera Derecha,,SANTIAGO,,,,,
ALTIMA 2014,MOTOR DE CALEFACCIÓN,Motor De Calefacción,,VENDIDO,SANTIAGO,50000,50000,,,
ALTIMA 2014,MOTOR DE LIMPIAPARABRISAS,Motor De Limpiaparabrisas,,,SANTIAGO,,,,,
ALTIMA 2014,MOTOR DE PARTIDA,Motor De Partida,,,,,,,,Sin ubicación
ALTIMA 2014,MÚLTIPLE DE ESCAPE CON CATALÍTICO,Múltiple De Escape Con Catalítico,,VENDIDO,,80000,80000,,,Sin ubicación
ALTIMA 2014,MUÑÓN DELANTERO CON MAZA LH,Muñón Delantero Con Maza,Delantera Izquierda,DISPONIBLE,SANTIAGO,,,,,
ALTIMA 2014,MUÑÓN DELANTERO CON MAZA RH ,Muñón Delantero Con Maza ,Delantera Derecha,DISPONIBLE,SANTIAGO,,,,RODAMIENTO MALO,
ALTIMA 2014,MUÑÓN TRASERO CON MAZA LH,Muñón Trasero Con Maza,Trasera Izquierda,DISPONIBLE,SANTIAGO,,,,,
ALTIMA 2014,MUÑÓN TRASERO CON MAZA RH,Muñón Trasero Con Maza,Trasera Derecha,DISPONIBLE,SANTIAGO,,,,,
ALTIMA 2014,NEBLINERO DELANTERO LH,Neblinero Delantero,Delantera Izquierda,,,,,,,Sin ubicación
ALTIMA 2014,NEBLINERO DELANTERO RH,Neblinero Delantero,Delantera Derecha,VENDIDO,,30000,30000,,,Sin ubicación
ALTIMA 2014,PALANCA DE CAMBIOS,Palanca De Cambios,,VENDIDO,SANTIAGO,55000,55000,,,
ALTIMA 2014,PARASOL LH,Parasol,Izquierda,VENDIDO,SANTIAGO,20000,20000,,,
ALTIMA 2014,PARASOL RH,Parasol,Derecha,DISPONIBLE,SANTIAGO,25000,25000,,,
ALTIMA 2014,PARLANTE DELANTERO LH,Parlante Delantero,Delantera Izquierda,,,,,,,Sin ubicación
ALTIMA 2014,PARLANTE DELANTERO RH,Parlante Delantero,Delantera Derecha,,,,,,,Sin ubicación
ALTIMA 2014,PARLANTE GRANDE LH,Parlante Grande,Izquierda,,,,,,,Sin ubicación
ALTIMA 2014,PARLANTE GRANDE RH,Parlante Grande,Derecha,,SANTIAGO,,,,,
ALTIMA 2014,PERNO O TORNILLO MALETA RUEDA DE REPUESTO,Perno O Tornillo Maleta Rueda De Repuesto,,,SANTIAGO,,,,,
ALTIMA 2014,PIOLA ASIENTOS ABATIBLE,Piola Asientos Abatible,,,SANTIAGO,,,,,
ALTIMA 2014,PIOLA CAJA DE CAMBIO,Piola Caja De Cambio,,,SANTIAGO,,,,,
ALTIMA 2014,PIOLA FRENO DE MANOS,Piola Freno De Manos,,,SANTIAGO,,,,,
ALTIMA 2014,PIOLA TAPA DE BENCINA ,Piola Tapa De Bencina ,,,SANTIAGO,,,,,
ALTIMA 2014,PLÁSTICOS DE PISADERA,Plásticos De Pisadera,,,SANTIAGO,,,,,
ALTIMA 2014,PLUMAVIT RUEDA DE REPUESTO (3 PARTES),Plumavit Rueda De Repuesto (3 Partes),,,SANTIAGO,,,,,
ALTIMA 2014,PORTA FILTRO DE AIRE,Porta Filtro De Aire,,VENDIDO,,30000,25000,,,Sin ubicación
ALTIMA 2014,POSAVASO CONSOLA CENTRAL,Posavaso Consola Central,Central,,SANTIAGO,,,,,
ALTIMA 2014,PUENTE TRASERO,Puente Trasero,Trasera,,SANTIAGO,,,,,
ALTIMA 2014,PUERTA DELANTERA SOLO LATA LH,Puerta Delantera Solo Lata,Delantera Izquierda,,,,,,,Sin ubicación
ALTIMA 2014,PUERTA DELANTERA SOLO LATA RH,Puerta Delantera Solo Lata,Delantera Derecha,VENDIDO,,160000,160000,,,Sin ubicación
ALTIMA 2014,PUERTA TRASERA SOLO LATA LH,Puerta Trasera Solo Lata,Trasera Izquierda,,SANTIAGO,,,,,
ALTIMA 2014,PUERTA TRASERA SOLO LATA RH,Puerta Trasera Solo Lata,Trasera Derecha,,SANTIAGO,,,,,
ALTIMA 2014,RADIO,Radio,,,,,,,,Sin ubicación
ALTIMA 2014,RAMAL INTERIOR,Ramal Interior,,,SANTIAGO,,,,,
ALTIMA 2014,RAMAL MOTOR,Ramal Motor,,,SANTIAGO,,,,,
ALTIMA 2014,REFUERZO DE PARACHOQUE TRASERO,Refuerzo De Parachoque Trasero,Trasera,,,,,,,Sin ubicación
ALTIMA 2014,SENSOR ABS TRASERO LH,Sensor Abs Trasero,Trasera Izquierda,,SANTIAGO,,,,,
ALTIMA 2014,SENSOR ABS TRASERO RH,Sensor Abs Trasero,Trasera Derecha,,SANTIAGO,,,,,
ALTIMA 2014,SENSOR DE OXÍGENO,Sensor De Oxígeno,,,,,,,,Sin ubicación
ALTIMA 2014,SENSOR DE OXÍGENO,Sensor De Oxígeno,,VENDIDO,SANTIAGO,30000,30000,,,
ALTIMA 2014,SENSOR MAF,Sensor Maf,,,,,,,,Sin ubicación
ALTIMA 2014,SENSOR PUERTAS,Sensor Puertas,,,SANTIAGO,,,,,
ALTIMA 2014,SENSORES DE ESTACIONAMIENTO CON RAMAL,Sensores De Estacionamiento Con Ramal,,,SANTIAGO,,,,,
ALTIMA 2014,SILENCIADOR LH,Silenciador,Izquierda,,SANTIAGO,,,,,
ALTIMA 2014,SINÓPTICO,Sinóptico,,,,,,,,Sin ubicación
ALTIMA 2014,SLENCIADOR RH,Slenciador,Derecha,,SANTIAGO,,,,,
ALTIMA 2014,SOPORTE ECU,Soporte Ecu,,,,,,,,Sin ubicación
ALTIMA 2014,SOPORTE ESCAPE,Soporte Escape,,,SANTIAGO,,,,,
ALTIMA 2014,SOPORTE INFERIOR CENTRAL LADO MOTOR,Soporte Inferior Central Lado Motor,Central,,SANTIAGO,,,,,
ALTIMA 2014,TAPA DE BENCINA EXTERIOR ,Tapa De Bencina Exterior ,,,SANTIAGO,,,,,
ALTIMA 2014,TAPA DE BENCINA INTERIOR,Tapa De Bencina Interior,,,SANTIAGO,,,,,
ALTIMA 2014,TAPA DE NEBLINERO LH,Tapa De Neblinero,Izquierda,,,,,,,Sin ubicación
ALTIMA 2014,TAPA DE NEBLINERO RH,Tapa De Neblinero,Derecha,,,,,,,Sin ubicación
ALTIMA 2014,TAPA ODÓMETRO,Tapa Odómetro,,,SANTIAGO,,,,,
ALTIMA 2014,TAPA ODÓMETRO SINÓPTICO,Tapa Odómetro Sinóptico,,,SANTIAGO,,,,,
ALTIMA 2014,TAPA PARLANTE PEQUEÑO LH,Tapa Parlante Pequeño,Izquierda,,SANTIAGO,,,,,
ALTIMA 2014,TAPA PARLANTE PEQUEÑO RH,Tapa Parlante Pequeño,Derecha,,SANTIAGO,,,,,
ALTIMA 2014,TAPA PLÁSTICA PANEL TRASERO,Tapa Plástica Panel Trasero,Trasera,,,,,,,Sin ubicación
ALTIMA 2014,TAPA PLÁSTICA TERMOSTATO,Tapa Plástica Termostato,,,,,,,,Sin ubicación
ALTIMA 2014,TAPABARRO LH,Tapabarro,Izquierda,,,70000,60000,,,Sin ubicación
ALTIMA 2014,TAPABARRO RH (CON DETALLE),Tapabarro (Con Detalle),Derecha,VENDIDO,,70000,60000,,,Tiene daños o estado especial; Sin ubicación
ALTIMA 2014,TAPIZ MALETA,Tapiz Maleta,,,,,,,,Sin ubicación
ALTIMA 2014,TAPIZ PUERTA DELANTERA LH,Tapiz Puerta Delantera,Delantera Izquierda,,,,,,,Sin ubicación
ALTIMA 2014,TAPIZ PUERTA DELANTERA RH,Tapiz Puerta Delantera,Delantera Derecha,,,,,,,Sin ubicación
ALTIMA 2014,TAPIZ PUERTA TRASERA LH,Tapiz Puerta Trasera,Trasera Izquierda,,,,,,,Sin ubicación
ALTIMA 2014,TAPIZ PUERTA TRASERA RH,Tapiz Puerta Trasera,Trasera Derecha,,,,,,,Sin ubicación
ALTIMA 2014,TELECOMANDOS,Telecomandos,,,,,,,,Sin ubicación
ALTIMA 2014,TERCERA LUZ DE FRENO,Tercera Luz De Freno,,,SANTIAGO,,,,,
ALTIMA 2014,TUBO ACEITE DE CAJA,Tubo Aceite De Caja,,,,,,,,Sin ubicación
ALTIMA 2014,TUBO FLEXIBLE DE FILTRO DE AIRE,Tubo Flexible De Filtro De Aire,,,SANTIAGO,,,,,
ALTIMA 2014,VÁLVULA AIRE ACONDICIONADO,Válvula Aire Acondicionado,,VENDIDO,SANTIAGO,25000,25000,,,
ALTIMA 2014,VÁLVULA EVAP,Válvula Evap,,,SANTIAGO,,,,,
ALTIMA 2014,VIDRIO LUNETA LATERAL TRASERA CON DETALLE EN LA GOMA LH,Vidrio Luneta Lateral Trasera Con Detalle En La Goma,Trasera Izquierda,,SANTIAGO,,,,CON PATENTE,Tiene daños o estado especial
ALTIMA 2014,VIDRIO LUNETA LATERAL TRASERA CON DETALLE EN LA GOMA RH,Vidrio Luneta Lateral Trasera Con Detalle En La Goma,Trasera Derecha,,SANTIAGO,,,,CON PATENTE,Tiene daños o estado especial
ALTIMA 2014,VIDRIO LUNETA TRASERA (FALTA UN ENGANCHE),Vidrio Luneta Trasera (Falta Un Enganche),Trasera,,SANTIAGO,,,,,
ALTIMA 2014,VIDRIO PUERTA DELANTERA LH,Vidrio Puerta Delantera,Delantera Izquierda,VENDIDO,SANTIAGO,60000,55000,,,
ALTIMA 2014,VIDRIO PUERTA DELANTERA RH,Vidrio Puerta Delantera,Delantera Derecha,,,,,,,Sin ubicación
ALTIMA 2014,VIDRIO PUERTA TRASERA LH,Vidrio Puerta Trasera,Trasera Izquierda,,,,,,,Sin ubicación
ALTIMA 2014,VIDRIO PUERTA TRASERA RH,Vidrio Puerta Trasera,Trasera Derecha,,,,,,,Sin ubicación
ALTIMA 2014,VOLANTE + AIRBAG ACTIVADO VOLANTE,Volante + Airbag Activado Volante,,VENDIDO,SANTIAGO,50000,50000,,,
ARRIZO 3 2020,ALTERNADOR,Alternador,,VENDIDO,SANTIAGO,100000,90000,,PRECIO ACTUALIZADO ,
ARRIZO 3 2020,AMORTIGUADOR DELANTERO LH,Amortiguador Delantero,Delantera Izquierda,DISPONIBLE,SANTIAGO,65000,60000,,,
ARRIZO 3 2020,AMORTIGUADOR DELANTERO RH,Amortiguador Delantero,Delantera Derecha,NO DISPONIBLE,,,,,,Sin ubicación
ARRIZO 3 2020,BOBINA ,Bobina ,,DISPONIBLE,SANTIAGO,25000,20000,,,
ARRIZO 3 2020,BOMBA DE BENCINA,Bomba De Bencina,,DISPONIBLE,SANTIAGO,50000,45000,,,
ARRIZO 3 2020,BOTÓN PUERTA DELANTERA RH,Botón Puerta Delantera,Delantera Derecha,DISPONIBLE,SANTIAGO,15000,10000,,,
ARRIZO 3 2020,BOTÓN PUERTA TRASERA LH,Botón Puerta Trasera,Trasera Izquierda,DISPONIBLE,SANTIAGO,15000,10000,,,
ARRIZO 3 2020,BOTÓN PUERTA TRASERA RH,Botón Puerta Trasera,Trasera Derecha,DISPONIBLE,SANTIAGO,15000,10000,,,
ARRIZO 3 2020,BOTONERA PUERTA DELANTERA LH,Botonera Puerta Delantera,Delantera Izquierda,DISPONIBLE,SANTIAGO,40000,30000,,,
ARRIZO 3 2020,BRAZO LIMPIAPARABRISAS LH,Brazo Limpiaparabrisas,Izquierda,DISPONIBLE,SANTIAGO,15000,10000,,,
ARRIZO 3 2020,BRAZO LIMPIAPARABRISAS RH,Brazo Limpiaparabrisas,Derecha,DISPONIBLE,SANTIAGO,15000,10000,,,
ARRIZO 3 2020,CAJA CAMBIOS,Caja Cambios,,VENDIDO,,,,,,Sin ubicación
ARRIZO 3 2020,CAÑERÍAS DE AIRE ACONDICIONADO,Cañerías De Aire Acondicionado,,DISPONIBLE,SANTIAGO,60000,55000,,,
ARRIZO 3 2020,CARTER,Carter,,DISPONIBLE,,60000,55000,,,Sin ubicación
ARRIZO 3 2020,CHAPA CAPOT,Chapa Capot,,DISPONIBLE,SANTIAGO,25000,20000,,,
ARRIZO 3 2020,CHAPA MALETA,Chapa Maleta,,DISPONIBLE,SANTIAGO,20000,15000,,,
ARRIZO 3 2020,CIGÜEÑAL ,Cigüeñal ,,DISPONIBLE,,90000,80000,,,Sin ubicación
ARRIZO 3 2020,COLUMNA DE DIRECCIÓN,Columna De Dirección,,DISPONIBLE,SANTIAGO,35000,30000,,,
ARRIZO 3 2020,CONTROL DE CALEFACCIÓN ,Control De Calefacción ,,DISPONIBLE,,35700,30000,,,Sin ubicación
ARRIZO 3 2020,CREMALLERA DE ALZAVIDRIO DELANTERA LH,Cremallera De Alzavidrio Delantera,Delantera Izquierda,DISPONIBLE,SANTIAGO,35700,30000,,,
ARRIZO 3 2020,CREMALLERA DE ALZAVIDRIO DELANTERA RH ,Cremallera De Alzavidrio Delantera ,Delantera Derecha,DISPONIBLE,SANTIAGO,35700,30000,,,
ARRIZO 3 2020,CREMALLERA DE ALZAVIDRIO TRASERA LH,Cremallera De Alzavidrio Trasera,Trasera Izquierda,DISPONIBLE,SANTIAGO,35700,30000,,,
ARRIZO 3 2020,CREMALLERA DE ALZAVIDRIO TRASERA RH,Cremallera De Alzavidrio Trasera,Trasera Derecha,DISPONIBLE,SANTIAGO,35700,30000,,,
ARRIZO 3 2020,CROMADO MÁSCARA,Cromado Máscara,,DISPONIBLE,SANTIAGO,25000,20000,,,
ARRIZO 3 2020,CUBRE CHAPA TRASERO,Cubre Chapa Trasero,Trasera,DISPONIBLE,,20000,20000,,,Sin ubicación
ARRIZO 3 2020,CUERPO DE ACELERACIÓN ,Cuerpo De Aceleración ,,VENDIDO,SANTIAGO,95000,50000,,,
ARRIZO 3 2020,CULATA,Culata,,DISPONIBLE,,320000,310000,,,Sin ubicación
ARRIZO 3 2020,CUNA,Cuna,,DISPONIBLE,SANTIAGO,6000,5000,,,
ARRIZO 3 2020,DEPÓSITO DE LIMPIAPARABRISAS (SOLO TUBO),Depósito De Limpiaparabrisas (Solo Tubo),,DISPONIBLE,SANTIAGO,142800,120000,,,
ARRIZO 3 2020,ECU,Ecu,,DISPONIBLE,SANTIAGO,155000,145000,,,
ARRIZO 3 2020,EJE PALIER DERECHO CON DETALLE,Eje Palier Derecho Con Detalle,,DISPONIBLE,SANTIAGO,25000,20000,,,Tiene daños o estado especial
ARRIZO 3 2020,EJE PALIER IZQUIERDO,Eje Palier Izquierdo,,DISPONIBLE,SANTIAGO,65000,60000,,,
ARRIZO 3 2020,ELECTROVENTILADOR,Electroventilador,,DISPONIBLE,SANTIAGO,60000,60000,,,
ARRIZO 3 2020,ESPEJO CENTRAL,Espejo Central,Central,DISPONIBLE,SANTIAGO,15000,10000,,,
ARRIZO 3 2020,ESPEJOS LATERALES,Espejos Laterales,,NO DISPONIBLE,N/A,,,,,
ARRIZO 3 2020,ESTANQUE BENCINA,Estanque Bencina,,VENDIDO,,30000,30000,,,Sin ubicación
ARRIZO 3 2020,FOCO INTERIOR LUZ TECHO ,Foco Interior Luz Techo ,,DISPONIBLE,SANTIAGO,12000,10000,,,
ARRIZO 3 2020,FRONTAL SUPERIOR ,Frontal Superior ,,DISPONIBLE,SANTIAGO,60000,50000,,,
ARRIZO 3 2020,GUANTERA,Guantera,,DISPONIBLE,,40000,30000,,,Sin ubicación
ARRIZO 3 2020,LLANTA 1,Llanta 1,,NO DISPONIBLE,,,,,,Sin ubicación
ARRIZO 3 2020,LLANTA 2,Llanta 2,,NO DISPONIBLE,,,,,,Sin ubicación
ARRIZO 3 2020,LLANTA 3,Llanta 3,,NO DISPONIBLE,,,,,,Sin ubicación
ARRIZO 3 2020,LLANTA 4,Llanta 4,,NO DISPONIBLE,,,,,,Sin ubicación
ARRIZO 3 2020,LUZ TAPABARRO,Luz Tapabarro,,DISPONIBLE,SANTIAGO,,,,,
ARRIZO 3 2020,MANILLA EXTE. DERECHA DEL,Manilla Exte. Derecha Del,,VENDIDO,,25000,20000,,,Sin ubicación
ARRIZO 3 2020,MANILLA EXTERIOR TRASERA LH,Manilla Exterior Trasera,Trasera Izquierda,DISPONIBLE,,25000,25000,,,Sin ubicación
ARRIZO 3 2020,MANILLA PARA ABRIR TAPA DE BENCINA,Manilla Para Abrir Tapa De Bencina,,DISPONIBLE,SANTIAGO,10000,10000,,,
ARRIZO 3 2020,MÉNSULA DELANTERA LH,Ménsula Delantera,Delantera Izquierda,DISPONIBLE,SANTIAGO,15000,10000,,,
ARRIZO 3 2020,MÉNSULA TRASERA LH,Ménsula Trasera,Trasera Izquierda,DISPONIBLE,SANTIAGO,15000,10000,,,
ARRIZO 3 2020,MOTOR COMPLETO ,Motor Completo ,,VENDIDO,,590000,550000,,NO FACTURABLE,Sin ubicación
ARRIZO 3 2020,MOTOR DE PARTIDA,Motor De Partida,,DISPONIBLE,SANTIAGO,55000,50000,,,
ARRIZO 3 2020,NEBLINERO DELANTERO RH,Neblinero Delantero,Delantera Derecha,DISPONIBLE,SANTIAGO,15000,10000,,,
ARRIZO 3 2020,PALANCA DE CAMBIOS,Palanca De Cambios,,DISPONIBLE,SANTIAGO,45000,40000,,,
ARRIZO 3 2020,PARABRISAS,Parabrisas,,DISPONIBLE,,85000,80000,,,Sin ubicación
ARRIZO 3 2020,PARASOL LH,Parasol,Izquierda,DISPONIBLE,SANTIAGO,20000,15000,,,
ARRIZO 3 2020,PLÁSTICOS MARCO PUERTA INFERIOR TRASERA LH,Plásticos Marco Puerta Inferior Trasera,Trasera Izquierda,VENDIDO,,10000,10000,,,Sin ubicación
ARRIZO 3 2020,PLÁSTICOS MARCO PUERTA INFERIOR TRASERA RH,Plásticos Marco Puerta Inferior Trasera,Trasera Derecha,VENDIDO,,10000,10000,,,Sin ubicación
ARRIZO 3 2020,PORTA FILTRO,Porta Filtro,,VENDIDO,SANTIAGO,25000,20000,,,
ARRIZO 3 2020,RADIADOR DE AIRE ACONDICIONADO,Radiador De Aire Acondicionado,,NO DISPONIBLE,,,,,,Sin ubicación
ARRIZO 3 2020,RADIADOR DE CALEFACCIÓN ,Radiador De Calefacción ,,DISPONIBLE,SANTIAGO,25000,20000,,,
ARRIZO 3 2020,RODAMIENTO TENSOR DE ACCESORIOS ,Rodamiento Tensor De Accesorios ,,DISPONIBLE,SANTIAGO,15000,10000,,,
ARRIZO 3 2020,SENSOR ABS,Sensor Abs,,DISPONIBLE,,15000,10000,,,Sin ubicación
ARRIZO 3 2020,SENSOR DE OXÍGENO ,Sensor De Oxígeno ,,DISPONIBLE,SANTIAGO,30000,25000,,,
ARRIZO 3 2020,TAPABARRO IZQUIERDO CON DETALLE,Tapabarro Izquierdo Con Detalle,,VENDIDO,,25000,20000,,,Tiene daños o estado especial; Sin ubicación
ARRIZO 3 2020,TELECOMANDO LIMPIA PARABRISAS,Telecomando Limpia Parabrisas,,DISPONIBLE,SANTIAGO,25000,20000,,,
ARRIZO 3 2020,TIRANTE DE PUERTA ,Tirante De Puerta ,,DISPONIBLE,SANTIAGO,10000,10000,,SIN ESPECIFICAR LADO,
ARRIZO 3 2020,VIDRIO LUNETA TRASERA LH,Vidrio Luneta Trasera,Trasera Izquierda,DISPONIBLE,,40000,35000,,,Sin ubicación
ARRIZO 3 2020,VIDRIO LUNETA TRASERA RH,Vidrio Luneta Trasera,Trasera Derecha,DISPONIBLE,,40000,35000,,,Sin ubicación
ARRIZO 3 2020,VIDRIO PUERTA DELANTERA LH,Vidrio Puerta Delantera,Delantera Izquierda,DISPONIBLE,SANTIAGO,50000,45000,,,
ARRIZO 3 2020,VIDRIO PUERTA DELANTERA RH,Vidrio Puerta Delantera,Delantera Derecha,DISPONIBLE,SANTIAGO,50000,45000,,,
ARRIZO 3 2020,VIDRIO PUERTA TRASERA LH,Vidrio Puerta Trasera,Trasera Izquierda,VENDIDO,SANTIAGO,50000,45000,,,
ARRIZO 3 2020,VIDRIO PUERTA TRASERA RH,Vidrio Puerta Trasera,Trasera Derecha,NO DISPONIBLE,N/A,,,,,
ARRIZO 3 2020,VOLANTE DE INERCIA,Volante De Inercia,,DISPONIBLE,,80000,70000,,,Sin ubicación
BORA 2012,ALTERNADOR,Alternador,,DISPONIBLE,SANTIAGO,35000,30000,,tapa trasera rota,
BORA 2012,AMORTIGUADOR DE CAPOT,Amortiguador De Capot,,DISPONIBLE,,15000,15000,,,Sin ubicación
BORA 2012,AMORTIGUADOR DELANTERO LH,Amortiguador Delantero,Delantera Izquierda,VENDIDO,SANTIAGO,60000,50000,,,
BORA 2012,AMORTIGUADOR DELANTERO RH,Amortiguador Delantero,Delantera Derecha,VENDIDO,SANTIAGO,60000,50000,,,
BORA 2012,AMORTIGUADOR MALETA,Amortiguador Maleta,,DISPONIBLE,SANTIAGO,20000,15000,,,
BORA 2012,"AMORTIGUADOR MALETA  LH (PAR 35,000)","Amortiguador Maleta  (Par 35,000)",Izquierda,DISPONIBLE,,25000,20000,,,Múltiples piezas; Sin ubicación
BORA 2012,AMORTIGUADOR MALETA RH,Amortiguador Maleta,Derecha,DISPONIBLE,,25000,20000,,,Sin ubicación
BORA 2012,AMORTIGUADOR TRASERO LH,Amortiguador Trasero,Trasera Izquierda,DISPONIBLE,SANTIAGO,25000,20000,,,
BORA 2012,AMORTIGUADOR TRASERO RH,Amortiguador Trasero,Trasera Derecha,DISPONIBLE,SANTIAGO,25000,20000,,,
BORA 2012,APOYA BRAZO,Apoya Brazo,,VENDIDO,SANTIAGO,20000,20000,,,
BORA 2012,ASEINTO TRASERO,Aseinto Trasero,Trasera,DISPONIBLE,,70000,65000,,,Sin ubicación
BORA 2012,ASIENTO CHOFER,Asiento Chofer,,VENDIDO,SANTIAGO,80000,75000,,,
BORA 2012,ASIENTO COPILOTO,Asiento Copiloto,,VENDIDO,SANTIAGO,70000,65000,,,
BORA 2012,BANDEJA DELANTERA LH,Bandeja Delantera,Delantera Izquierda,NO DISPONIBLE,SANTIAGO,,,,MALA,
BORA 2012,BANDEJA DELANTERA RH,Bandeja Delantera,Delantera Derecha,NO DISPONIBLE,SANTIAGO,,,,MALA,
BORA 2012,BANDEJA TRASERA LH,Bandeja Trasera,Trasera Izquierda,DISPONIBLE,,,,,,Sin ubicación
BORA 2012,BANDEJA TRASERA RH,Bandeja Trasera,Trasera Derecha,DISPONIBLE,,,,,,Sin ubicación
BORA 2012,BARRA ESTABILIZADORA DELANTERA,Barra Estabilizadora Delantera,Delantera,DISPONIBLE,SANTIAGO,25000,20000,,,
BORA 2012,BCM,Bcm,,VENDIDO,SANTIAGO,160000,155000,,,
BORA 2012,BISAGRA MALETA LH,Bisagra Maleta,Izquierda,DISPONIBLE,SANTIAGO,15000,10000,,,
BORA 2012,BISAGRA MALETA RH,Bisagra Maleta,Derecha,DISPONIBLE,SANTIAGO,15000,10000,,,
BORA 2012,BOBINA,Bobina,,NO DISPONIBLE,,,,,,Sin ubicación
BORA 2012,BOCINA ,Bocina ,,VENDIDO,SANTIAGO,15000,10000,,,
BORA 2012,BOMBA DE BENCINA,Bomba De Bencina,,DISPONIBLE,SANTIAGO,55000,50000,,,
BORA 2012,BOMBA DE FRENO CON DEPÓSITO ,Bomba De Freno Con Depósito ,,DISPONIBLE,SANTIAGO,35000,30000,,,
BORA 2012,BOMBA DE PEDAL DE EMBRAGUE,Bomba De Pedal De Embrague,,DISPONIBLE,SANTIAGO,35000,30000,,,
BORA 2012,BOTÓN HAZARD O INTERMITENTE,Botón Hazard O Intermitente,,DISPONIBLE,SANTIAGO,15000,10000,,,
BORA 2012,BOTONERA PUERTA DELANTERA LH,Botonera Puerta Delantera,Delantera Izquierda,VENDIDO,SANTIAGO,45000,40000,,,
BORA 2012,BOTONERA PUERTA DELANTERA RH,Botonera Puerta Delantera,Delantera Derecha,DISPONIBLE,,20000,15000,,,Sin ubicación
BORA 2012,BOTONERA PUERTA TRASERA LH,Botonera Puerta Trasera,Trasera Izquierda,DISPONIBLE,,20000,15000,,,Sin ubicación
BORA 2012,BOTONERA PUERTA TRASERA RH,Botonera Puerta Trasera,Trasera Derecha,DISPONIBLE,,20000,15000,,,Sin ubicación
BORA 2012,BRAZO LIMPIAPARABRISAS CON PLUMILLA LH,Brazo Limpiaparabrisas Con Plumilla,Izquierda,VENDIDO,SANTIAGO,15000,10000,,,
BORA 2012,BRAZO LIMPIAPARABRISAS CON PLUMILLA RH,Brazo Limpiaparabrisas Con Plumilla,Derecha,DISPONIBLE,SANTIAGO,15000,10000,,,
BORA 2012,CAJA DE CAMBIOS,Caja De Cambios,,VENDIDO,SANTIAGO,400000,350000,,,
BORA 2012,CAJETIN,Cajetin,,DISPONIBLE,,70000,60000,,,Sin ubicación
BORA 2012,CALIPER DELANTERO LH,Caliper Delantero,Delantera Izquierda,DISPONIBLE,SANTIAGO,48000,40000,,,
BORA 2012,CALIPER DELANTERO RH,Caliper Delantero,Delantera Derecha,DISPONIBLE,SANTIAGO,48000,40000,,,
BORA 2012,CALIPER TRASERO LH,Caliper Trasero,Trasera Izquierda,DISPONIBLE,SANTIAGO,35000,30000,,,
BORA 2012,CALIPER TRASERO RH,Caliper Trasero,Trasera Derecha,VENDIDO,SANTIAGO,35000,30000,,,
BORA 2012,CANISTER,Canister,,DISPONIBLE,REQUINOA,35000,30000,,,
BORA 2012,CAPOT,Capot,,NO DISPONIBLE,N/A,,,,,
BORA 2012,CATALÍTICO,Catalítico,,VENDIDO,SANTIAGO,90000,80000,,,
BORA 2012,CHAPA CAPOT,Chapa Capot,,DISPONIBLE,,20000,20000,,,Sin ubicación
BORA 2012,CHAPA DE CONTACTO,Chapa De Contacto,,DISPONIBLE,SANTIAGO,60000,50000,,,
BORA 2012,CHAPA MALETERO CON LOGO,Chapa Maletero Con Logo,,VENDIDO,SANTIAGO,35000,30000,,,
BORA 2012,CHAPA PUERTA DELANTERA LH,Chapa Puerta Delantera,Delantera Izquierda,VENDIDO,SANTIAGO,40000,35000,,,
BORA 2012,CHAPA PUERTA DELANTERA RH,Chapa Puerta Delantera,Delantera Derecha,DISPONIBLE,,40000,35000,,,Sin ubicación
BORA 2012,CHAPA PUERTA TRASERA LH,Chapa Puerta Trasera,Trasera Izquierda,DISPONIBLE,,40000,35000,,,Sin ubicación
BORA 2012,CHAPA PUERTA TRASERA RH,Chapa Puerta Trasera,Trasera Derecha,DISPONIBLE,,40000,35000,,,Sin ubicación
BORA 2012,CILINDRO DE EMBRAGUE BORA,Cilindro De Embrague Bora,,DISPONIBLE,REQUINOA,25000,20000,,,
BORA 2012,CINTA DE AIRBAG (REVISAR ESTADO),Cinta De Airbag (Revisar Estado),,DISPONIBLE,SANTIAGO,35700,30000,,,
BORA 2012,CINTURÓN TRASERO CENTRAL (ENGANCHE),Cinturón Trasero Central (Enganche),Central,DISPONIBLE,SANTIAGO,,,,,
BORA 2012,CINTURÓN TRASERO LH,Cinturón Trasero,Trasera Izquierda,DISPONIBLE,SANTIAGO,,,,,
BORA 2012,CINTURÓN TRASERO RH,Cinturón Trasero,Trasera Derecha,DISPONIBLE,SANTIAGO,,,,,
BORA 2012,COFIA,Cofia,,DISPONIBLE,SANTIAGO,15000,10000,,DETALLES,
BORA 2012,CONTROL CLIMATIZADOR,Control Climatizador,,VENDIDO,,55000,50000,,,Sin ubicación
BORA 2012,COMPRESOR AIRE ACONDICIONADO ,Compresor Aire Acondicionado ,,VENDIDO,SANTIAGO,35000,30000,,,
BORA 2012,CONTROL DE LUCES ,Control De Luces ,,DISPONIBLE,SANTIAGO,20000,20000,,,
BORA 2012,CORTE CUARTO POLLO TRASERO RH,Corte Cuarto Pollo Trasero,Trasera Derecha,VENDIDO,SANTIAGO,80000,80000,,,
BORA 2012,CREMALLERA DE ALZAVIDRIO DELANTERA LH,Cremallera De Alzavidrio Delantera,Delantera Izquierda,DISPONIBLE,SANTIAGO,40000,35000,,,
BORA 2012,CREMALLERA DE ALZAVIDRIO DELANTERA RH,Cremallera De Alzavidrio Delantera,Delantera Derecha,VENDIDO,SANTIAGO,40000,35000,,,
BORA 2012,CREMALLERA DE ALZAVIDRIO TRASERA LH,Cremallera De Alzavidrio Trasera,Trasera Izquierda,DISPONIBLE,SANTIAGO,40000,35000,,,
BORA 2012,CREMALLERA DE ALZAVIDRIO TRASERA RH,Cremallera De Alzavidrio Trasera,Trasera Derecha,DISPONIBLE,SANTIAGO,40000,35000,,,
BORA 2012,CREMALLERA DE DIRECCIÓN ,Cremallera De Dirección ,,VENDIDO,SANTIAGO,95000,90000,,,
BORA 2012,CUBRE CARTER,Cubre Carter,,NO DISPONIBLE,N/A,,,,,
BORA 2012,CUERPO DE ACELERACION,Cuerpo De Aceleracion,,VENDIDO,SANTIAGO,80000,70000,,,
BORA 2012,CUNA,Cuna,,DISPONIBLE,SANTIAGO,80000,70000,,,
BORA 2012,DEPOSITO DE AGUA O LÍQUIDO REFRIGERANTE ,Deposito De Agua O Líquido Refrigerante ,,DISPONIBLE,SANTIAGO,25000,20000,,,
BORA 2012,DEPOSITO DE LIMPIAPARABRISAS,Deposito De Limpiaparabrisas,,DISPONIBLE,SANTIAGO,25000,20000,,,
BORA 2012,DISCO DE FRENO DELANTERO LH,Disco De Freno Delantero,Delantera Izquierda,VENDIDO,SANTIAGO,20000,15000,,,
BORA 2012,DISCO DE FRENO DELANTERO RH,Disco De Freno Delantero,Delantera Derecha,VENDIDO,SANTIAGO,20000,15000,,,
BORA 2012,DISCO DE FRENO TRASERO LH,Disco De Freno Trasero,Trasera Izquierda,VENDIDO,SANTIAGO,15000,10000,,,
BORA 2012,DISCO DE FRENO TRASERO RH,Disco De Freno Trasero,Trasera Derecha,VENDIDO,SANTIAGO,15000,10000,,,
BORA 2012,ECU,Ecu,,DISPONIBLE,SANTIAGO,150000,140000,,PRECIO ACTUALIZADO ,
BORA 2012,EJE PALIER LH,Eje Palier,Izquierda,VENDIDO,SANTIAGO,75000,70000,,,
BORA 2012,EJE PALIER RH,Eje Palier,Derecha,DISPONIBLE,SANTIAGO,85000,80000,,,
BORA 2012,EJE TRASERO,Eje Trasero,Trasera,DISPONIBLE,REQUINOA,83300,70000,,SOLO,
BORA 2012,ELECTROVENTILADOR,Electroventilador,,NO DISPONIBLE,N/A,,,,,
BORA 2012,EMBRAGUE,Embrague,,DISPONIBLE,SANTIAGO,45000,40000,,,
BORA 2012,ESPEJO CENTRAL,Espejo Central,Central,DISPONIBLE,SANTIAGO,15000,10000,,,
BORA 2012,ESPEJO LH,Espejo,Izquierda,VENDIDO,SANTIAGO,40000,35000,,,
BORA 2012,ESPEJO RH,Espejo,Derecha,VENDIDO,SANTIAGO,40000,35000,,ALTERNATIVO,
BORA 2012,FOCO INTERIOR LUZ TECHO ,Foco Interior Luz Techo ,,DISPONIBLE,SANTIAGO,20000,15000,,,
BORA 2012,FOCO INTERMITENTE RH,Foco Intermitente,Derecha,VENDIDO,SANTIAGO,15000,10000,,,
BORA 2012,FOCO TRASERO EXTERIOR DERECHO,Foco Trasero Exterior Derecho,Trasera,VENDIDO,SANTIAGO,40000,35000,,,
BORA 2012,FOCO TRASERO EXTERIOR IZQUIERDO,Foco Trasero Exterior Izquierdo,Trasera,VENDIDO,SANTIAGO,35000,30000,,CON PIQUETITO,
BORA 2012,FOCO TRASERO INTERIOR LH,Foco Trasero Interior,Trasera Izquierda,VENDIDO,SANTIAGO,35000,30000,,,
BORA 2012,FOCO TRASERO INTERIOR RH,Foco Trasero Interior,Trasera Derecha,VENDIDO,SANTIAGO,35000,30000,,,
BORA 2012,FUNDA DE PARACHOQUE TRASERO,Funda De Parachoque Trasero,Trasera,DISPONIBLE,SANTIAGO,60000,50000,,,
BORA 2012,GOMA CONTORNO DE TECHO LH,Goma Contorno De Techo,Izquierda,DISPONIBLE,SANTIAGO,15000,10000,,,
BORA 2012,GUANTERA,Guantera,,VENDIDO,SANTIAGO,45000,40000,,,
BORA 2012,GUARDAFANGO DELANTERO LH,Guardafango Delantero,Delantera Izquierda,NO DISPONIBLE,N/A,,,,,
BORA 2012,GUARDAFANGO DELANTERO RH,Guardafango Delantero,Delantera Derecha,NO DISPONIBLE,N/A,,,,,
BORA 2012,GUARDAFANGO TRASERO LH,Guardafango Trasero,Trasera Izquierda,DISPONIBLE,SANTIAGO,15000,10000,,,
BORA 2012,GUARDAFANGO TRASERO RH,Guardafango Trasero,Trasera Derecha,DISPONIBLE,SANTIAGO,15000,10000,,,
BORA 2012,INTERMITENTE TAPABARRO LH,Intermitente Tapabarro,Izquierda,DISPONIBLE,,15000,10000,,,Sin ubicación
BORA 2012,INTERMITENTE TAPABARRO RH,Intermitente Tapabarro,Derecha,DISPONIBLE,,15000,10000,,,Sin ubicación
BORA 2012,INYECTOR VOLKSVAGEN BORA 4,Inyector Volksvagen Bora 4,,DISPONIBLE,,15000,10000,,CADA UNO,Sin ubicación
BORA 2012,LLANTA 1,Llanta 1,,VENDIDO,SANTIAGO,80000,70000,,,
BORA 2012,LLANTA 2,Llanta 2,,VENDIDO,SANTIAGO,70000,65000,,,
BORA 2012,LLANTA 3 SIN TAPA CENTRO,Llanta 3 Sin Tapa Centro,,VENDIDO,SANTIAGO,60000,55000,,,
BORA 2012,LLANTA 4 SIN TAPA CENTRO,Llanta 4 Sin Tapa Centro,,VENDIDO,SANTIAGO,60000,55000,,,
BORA 2012,LLAVE,Llave,,VENDIDO,SANTIAGO,60000,55000,,,
BORA 2012,LUNETA TRASERA ,Luneta Trasera ,Trasera,VENDIDO,SANTIAGO,55000,50000,,PARABRISAS TASERO,
BORA 2012,LUZ MALETA LH,Luz Maleta,Izquierda,DISPONIBLE,SANTIAGO,6000,5000,,,
BORA 2012,LUZ MALETA RH,Luz Maleta,Derecha,DISPONIBLE,SANTIAGO,6000,5000,,,
BORA 2012,LUZ PATENTE LH,Luz Patente,Izquierda,DISPONIBLE,SANTIAGO,6000,5000,,,
BORA 2012,LUZ PATENTE RH,Luz Patente,Derecha,DISPONIBLE,SANTIAGO,6000,5000,,,
BORA 2012,LUZ TECHO,Luz Techo,,VENDIDO,,,,,,Sin ubicación
BORA 2012,MALETA,Maleta,,VENDIDO,SANTIAGO,100000,95000,,,
BORA 2012,MANDO DE BENCINA,Mando De Bencina,,DISPONIBLE,,15000,10000,,,Sin ubicación
BORA 2012,MANILLA EXTERIOR DELANTERA LH,Manilla Exterior Delantera,Delantera Izquierda,DISPONIBLE,SANTIAGO,15000,15000,,,
BORA 2012,MANILLA EXTERIOR DELANTERA RH,Manilla Exterior Delantera,Delantera Derecha,DISPONIBLE,SANTIAGO,15000,15000,,,
BORA 2012,MANILLA EXTERIOR TRASERA LH,Manilla Exterior Trasera,Trasera Izquierda,DISPONIBLE,SANTIAGO,15000,15000,,,
BORA 2012,MANILLA EXTERIOR TRASERA RH,Manilla Exterior Trasera,Trasera Derecha,DISPONIBLE,SANTIAGO,15000,10000,,,
BORA 2012,MANILLA INTERIOR DE CAPOT MÁS PIOLA,Manilla Interior De Capot Más Piola,,DISPONIBLE,SANTIAGO,,,,,
BORA 2012,MANILLA INTERIOR DELANTERA LH,Manilla Interior Delantera,Delantera Izquierda,DISPONIBLE,SANTIAGO,15000,10000,,,
BORA 2012,MANILLA INTERIOR DELANTERA RH,Manilla Interior Delantera,Delantera Derecha,DISPONIBLE,SANTIAGO,15000,10000,,,
BORA 2012,MANILLA INTERIOR TRASERA LH,Manilla Interior Trasera,Trasera Izquierda,DISPONIBLE,SANTIAGO,15000,10000,,,
BORA 2012,MANILLA INTERIOR TRASERA RH,Manilla Interior Trasera,Trasera Derecha,DISPONIBLE,SANTIAGO,15000,15000,,,
BORA 2012,MÉNSULA TRASERA LH,Ménsula Trasera,Trasera Izquierda,DISPONIBLE,SANTIAGO,15000,10000,,,
BORA 2012,MÉNSULA TRASERA RH,Ménsula Trasera,Trasera Derecha,DISPONIBLE,SANTIAGO,15000,10000,,,
BORA 2012,MÉSULA DE PARACHOQUE TRASERO DE FOCO LH,Mésula De Parachoque Trasero De Foco,Trasera Izquierda,DISPONIBLE,SANTIAGO,15000,10000,,,
BORA 2012,MÉSULA DE PARACHOQUE TRASERO DE FOCO RH,Mésula De Parachoque Trasero De Foco,Trasera Derecha,DISPONIBLE,SANTIAGO,15000,10000,,,
BORA 2012,MÓDULO ABS,Módulo Abs,,DISPONIBLE,SANTIAGO,70000,60000,,,
BORA 2012,MOLDURA PUERTA DELANTERA LH,Moldura Puerta Delantera,Delantera Izquierda,DISPONIBLE,SANTIAGO,15000,10000,,,
BORA 2012,MOLDURA PUERTA TRASERA LH,Moldura Puerta Trasera,Trasera Izquierda,DISPONIBLE,SANTIAGO,15000,10000,,,
BORA 2012,MOLDURA PUERTA TRASERA RH,Moldura Puerta Trasera,Trasera Derecha,DISPONIBLE,SANTIAGO,15000,10000,,,
BORA 2012,MOTOR CALEFACCIÓN ,Motor Calefacción ,,DISPONIBLE,SANTIAGO,83300,70000,,,
BORA 2012,MOTOR DE PARTIDA,Motor De Partida,,NO DISPONIBLE,N/A,,,,MALO,
BORA 2012,MOTOR FACTURABLE (MÁS IVA),Motor Facturable (Más Iva),,VENDIDO,SANTIAGO,650000,590000,,,
BORA 2012,MOTOR LIMPIAPARABRISAS CON VARILLAJE,Motor Limpiaparabrisas Con Varillaje,,DISPONIBLE,SANTIAGO,40000,35000,,,
BORA 2012,MULTIPLE DE ADMISIÓN,Multiple De Admisión,,DISPONIBLE,,75000,65000,,,Sin ubicación
BORA 2012,MÚLTIPLE DE ESCAPE,Múltiple De Escape,,DISPONIBLE,SANTIAGO,25000,20000,,,
BORA 2012,MUÑON DELANTERO LH,Muñón Delantero,Delantera Izquierda,DISPONIBLE,SANTIAGO,50000,45000,,,MUÑON mal escrito
BORA 2012,MUÑON DELANTERO RH,Muñón Delantero,Delantera Derecha,VENDIDO,,50000,45000,,,MUÑON mal escrito; Sin ubicación
BORA 2012,PALANCA DE CAMBIOS,Palanca De Cambios,,DISPONIBLE,SANTIAGO,60000,55000,,,
BORA 2012,PALANCA FRENO DE MANOS,Palanca Freno De Manos,,VENDIDO,SANTIAGO,40000,40000,,,
BORA 2012,PARABRISAS,Parabrisas,,VENDIDO,SANTIAGO,,,,,
BORA 2012,PARASOL LH,Parasol,Izquierda,DISPONIBLE,SANTIAGO,20000,15000,,,
BORA 2012,PARASOL RH,Parasol,Derecha,DISPONIBLE,SANTIAGO,20000,15000,,,
BORA 2012,PEDAL DE ACELERACIÓN,Pedal De Aceleración,,DISPONIBLE,SANTIAGO,55000,50000,,,
BORA 2012,PEDAL DE EMBRAGUE,Pedal De Embrague,,DISPONIBLE,SANTIAGO,35000,30000,,,
BORA 2012,PEDAL DE FRENO,Pedal De Freno,,DISPONIBLE,SANTIAGO,25000,20000,,,
BORA 2012,PIOLA CAPOT,Piola Capot,,DISPONIBLE,,15000,10000,,,Sin ubicación
BORA 2012,PIOLAS PALANCA DE CAMBIOS,Piolas Palanca De Cambios,,DISPONIBLE,SANTIAGO,70000,65000,,PUESTAS EN LA PALANCA,
BORA 2012,PORTA FILTRO DE AIRE,Porta Filtro De Aire,,DISPONIBLE,SANTIAGO,45000,40000,,,
BORA 2012,PUERTA DELANTERA SOLO LATA LH,Puerta Delantera Solo Lata,Delantera Izquierda,DISPONIBLE,SANTIAGO,75000,65000,,,
BORA 2012,PUERTA DELANTERA SOLO LATA RH,Puerta Delantera Solo Lata,Delantera Derecha,VENDIDO,SANTIAGO,75000,65000,,,
BORA 2012,PUERTA TRASERA SOLO LATA LH,Puerta Trasera Solo Lata,Trasera Izquierda,DISPONIBLE,SANTIAGO,75000,65000,,,
BORA 2012,PUERTA TRASERA SOLO LATA RH,Puerta Trasera Solo Lata,Trasera Derecha,DISPONIBLE,SANTIAGO,75000,65000,,,
BORA 2012,RADIADOR DE AGUA,Radiador De Agua,,NO DISPONIBLE,N/A,,,,,
BORA 2012,RADIADOR DE AIRE ACONDICINADO,Radiador De Aire Acondicinado,,NO DISPONIBLE,N/A,,,,,
BORA 2012,RADIO ,Radio ,,VENDIDO,SANTIAGO,55000,50000,,,
BORA 2012,REFUERZO DE PARACHOQUE TRASERO,Refuerzo De Parachoque Trasero,Trasera,DISPONIBLE,SANTIAGO,45000,40000,,,
BORA 2012,RESISTENCIA DE CALEFACCIÓN INTERIOR ,Resistencia De Calefacción Interior ,,DISPONIBLE,SANTIAGO,15000,15000,,,
BORA 2012,RIEL DE INYECCION SIN INYECTORES,Riel De Inyeccion Sin Inyectores,,DISPONIBLE,,30000,25000,,,Sin ubicación
BORA 2012,RODAMIENTO TENSOR DE ACCESORIOS ,Rodamiento Tensor De Accesorios ,,VENDIDO,SANTIAGO,25000,20000,,,
BORA 2012,SENSOR ABS TRASERA LH,Sensor Abs Trasera,Trasera Izquierda,DISPONIBLE,SANTIAGO,,10000,,,
BORA 2012,SENSOR CIGÛEÑAL,Sensor Cigûeñal,,DISPONIBLE,,25000,20000,,,Sin ubicación
BORA 2012,SENSOR DE OXÍGENO BANCO 1,Sensor De Oxígeno Banco 1,,VENDIDO,SANTIAGO,30000,25000,,,
BORA 2012,SENSOR DE OXIGENO BANCO 2,Sensor De Oxigeno Banco 2,,DISPONIBLE,SANTIAGO,30000,25000,,,
BORA 2012,SENSOR DE VELOCIDAD,Sensor De Velocidad,,DISPONIBLE,SANTIAGO,25000,20000,,,
BORA 2012,SENSOR PEDAL DE FRENO,Sensor Pedal De Freno,,DISPONIBLE,SANTIAGO,,10000,,,
BORA 2012,SERVO FRENO,Servo Freno,,DISPONIBLE,SANTIAGO,35700,30000,,,
BORA 2012,SINÓPTICO ,Sinóptico ,,DISPONIBLE,SANTIAGO,55000,50000,,,
BORA 2012,SOPORTE CENTRAL (HUESO),Soporte Central (Hueso),Central,NO DISPONIBLE,N/A,,,,,
BORA 2012,SOPORTE DE CAJA LH,Soporte De Caja,Izquierda,NO DISPONIBLE,N/A,,,,,
BORA 2012,SOPORTE DE MOTOR ,Soporte De Motor ,,NO DISPONIBLE,N/A,,,,,
BORA 2012,SUNROOF,Sunroof,,VENDIDO,SANTIAGO,90000,80000,,,
BORA 2012,TAPA DE BENCINA EXTERIOR,Tapa De Bencina Exterior,,DISPONIBLE,SANTIAGO,20000,15000,,,
BORA 2012,TAPA DE BENCINA INTERIOR,Tapa De Bencina Interior,,DISPONIBLE,SANTIAGO,15000,10000,,,
BORA 2012,TAPA DE NEBLINERO LH,Tapa De Neblinero,Izquierda,NO DISPONIBLE,N/A,,,,,
BORA 2012,TAPA DE NEBLINERO RH,Tapa De Neblinero,Derecha,NO DISPONIBLE,N/A,,,,,
BORA 2012,TAPABARRO CON DETALLE LH,Tapabarro Con Detalle,Izquierda,DISPONIBLE,SANTIAGO,35000,30000,,,Daños o estado especial
BORA 2012,TAPABARRO CON DETALLE RH,Tapabarro Con Detalle,Derecha,VENDIDO,SANTIAGO,40000,35000,,,Daños o estado especial
BORA 2012,TAPIZ PUERTA DELANTERA LH,Tapiz Puerta Delantera,Delantera Izquierda,VENDIDO,SANTIAGO,30000,25000,,,
BORA 2012,TAPIZ PUERTA DELANTERA RH,Tapiz Puerta Delantera,Delantera Derecha,DISPONIBLE,,30000,25000,,,Sin ubicación
BORA 2012,TAPIZ PUERTA TRASERA LH,Tapiz Puerta Trasera,Trasera Izquierda,DISPONIBLE,,30000,25000,,,Sin ubicación
BORA 2012,TAPIZ PUERTA TRASERA RH,Tapiz Puerta Trasera,Trasera Derecha,DISPONIBLE,,30000,25000,,,Sin ubicación
BORA 2012,TAPIZ SUNROOF ,Tapiz Sunroof ,,VENDIDO,SANTIAGO,50000,45000,,SOLO,
BORA 2012,TAPIZ TECHO ,Tapiz Techo ,,VENDIDO,SANTIAGO,90000,85000,,COMPLETO CON SUNROOF,
BORA 2012,TECHO SOLO LATA,Techo Solo Lata,,DISPONIBLE,,85000,75000,,SE ABONA EL 50% PARA SACAR,Sin ubicación
BORA 2012,TELECOMANDO INTERMITENTE DE LUCES ,Telecomando Intermitente De Luces ,,NO DISPONIBLE,N/A,,,,ROTO LADO LUCES,
BORA 2012,TELECOMANDO LIMPIAPARABRISAS,Telecomando Limpiaparabrisas,,DISPONIBLE,SANTIAGO,25000,20000,,,
BORA 2012,TOMA DE AIRE,Toma De Aire,,DISPONIBLE,,20000,15000,,,Sin ubicación
BORA 2012,TUBERÍA DE AIRE,Tubería De Aire,,VENDIDO,SANTIAGO,25000,20000,,,
BORA 2012,VÁLVULA EXPANSIÓN AIRE ,Válvula Expansión Aire ,,DISPONIBLE,REQUINOA,25000,20000,,IVÁN,Persona en nota
BORA 2012,VARILLA DE ACEITE ,Varilla De Aceite ,,DISPONIBLE,SANTIAGO,20000,15000,,,
BORA 2012,VIDRIO LUNETA PUERTA  TRASERA LH,Vidrio Luneta Puerta  Trasera,Trasera Izquierda,DISPONIBLE,,35000,30000,,,Sin ubicación
BORA 2012,VIDRIO LUNETA PUERTA TRASERA RH,Vidrio Luneta Puerta Trasera,Trasera Derecha,DISPONIBLE,,35000,30000,,,Sin ubicación
BORA 2012,VIDRIO PUERTA DELANTERA LH,Vidrio Puerta Delantera,Delantera Izquierda,VENDIDO,SANTIAGO,35000,30000,,,
BORA 2012,VIDRIO PUERTA DELANTERA RH,Vidrio Puerta Delantera,Delantera Derecha,DISPONIBLE,SANTIAGO,35000,30000,,,
BORA 2012,VIDRIO PUERTA TRASERA LH,Vidrio Puerta Trasera,Trasera Izquierda,VENDIDO,SANTIAGO,35000,30000,,,
BORA 2012,VIDRIO PUERTA TRASERA RH,Vidrio Puerta Trasera,Trasera Derecha,DISPONIBLE,SANTIAGO,35000,30000,,,
BORA 2012,VOLANTE (MANUBRIO),Volante (Manubrio),,VENDIDO,SANTIAGO,35000,30000,,,
BORA 2012,VOLANTE MOTOR,Volante Motor,,DISPONIBLE,SANTIAGO,55000,50000,,,
C200 2015,ALTERNADOR,Alternador,,VENDIDO,SANTIAGO,110000,100000,,,
C200 2015,AMORTIGUADOR DELANTERO LH,Amortiguador Delantero,Delantera Izquierda,DISPONIBLE,,110000,100000,,,Sin ubicación
C200 2015,AMORTIGUADOR TRASERO LH,Amortiguador Trasero,Trasera Izquierda,DISPONIBLE,SANTIAGO,47600,40000,,,
C200 2015,AMORTIGUADOR TRASERO RH,Amortiguador Trasero,Trasera Derecha,DISPONIBLE,SANTIAGO,47600,40000,,,
C200 2015,AXIAL LH,Axial,Izquierda,VENDIDO,SANTIAGO,40000,35000,,,
C200 2015,AXIAL RH,Axial,Derecha,DISPONIBLE,,40000,35000,,,Sin ubicación
C200 2015,BANDEJA DELANTERA RH INFERIOR,Bandeja Delantera Inferior,Delantera Derecha,VENDIDO,SANTIAGO,,,,,
C200 2015,BANDEJA DELANTERA RH SUPERIOR,Bandeja Delantera Superior,Delantera Derecha,VENDIDO,SANTIAGO,,,,,
C200 2015,BANDEJA TRASERA HORQUILLA LH,Bandeja Trasera Horquilla,Trasera Izquierda,DISPONIBLE,SANTIAGO,35000,30000,,,
C200 2015,BANDEJA TRASERA HORQUILLA RH,Bandeja Trasera Horquilla,Trasera Derecha,DISPONIBLE,SANTIAGO,35000,30000,,,
C200 2015,BANDEJA TRASERA INFERIOR LH,Bandeja Trasera Inferior,Trasera Izquierda,DISPONIBLE,SANTIAGO,25000,20000,,,
C200 2015,BANDEJA TRASERA INFERIOR RH,Bandeja Trasera Inferior,Trasera Derecha,DISPONIBLE,SANTIAGO,25000,20000,,,
C200 2015,BANDEJA TRASERA MEDIANA LH,Bandeja Trasera Mediana,Trasera Izquierda,DISPONIBLE,SANTIAGO,25000,20000,,,
C200 2015,BANDEJA TRASERA MEDIANA RH,Bandeja Trasera Mediana,Trasera Derecha,DISPONIBLE,SANTIAGO,25000,20000,,,
C200 2015,BANDEJA TRASERA SUPERIOR LH,Bandeja Trasera Superior,Trasera Izquierda,DISPONIBLE,SANTIAGO,25000,20000,,,
C200 2015,BANDEJA TRASERA SUPERIOR RH,Bandeja Trasera Superior,Trasera Derecha,DISPONIBLE,SANTIAGO,25000,20000,,,
C200 2015,BOBINA 1,Bobina 1,,DISPONIBLE,SANTIAGO,50000,45000,,,
C200 2015,BOMBA DE BENCINA (LO QUE QUEDA),Bomba De Bencina (Lo Que Queda),,VENDIDO,SANTIAGO,80000,70000,,,
C200 2015,BOMBA DE PEDAL DE EMBRAGUE,Bomba De Pedal De Embrague,,DISPONIBLE,SANTIAGO,,,,,
C200 2015,BOMBA HIDRÁULICA,Bomba Hidráulica,,VENDIDO,SANTIAGO,150000,120000,,,
C200 2015,BOTÓN ECO,Botón Eco,,DISPONIBLE,SANTIAGO,15000,10000,,,
C200 2015,BOTÓN HAZARD ,Botón Hazard ,,DISPONIBLE,SANTIAGO,15000,10000,,,
C200 2015,BRAZO LIMPIAPARABRISAS TRASERO (PORTALÓN),Brazo Limpiaparabrisas Trasero (Portalón),Trasera,DISPONIBLE,SANTIAGO,,,,NOTIEN LIMPIA PARABRISAS,
C200 2015,CAJA FUSILERA,Caja Fusilera,,DISPONIBLE,,260000,250000,,,Sin ubicación
C200 2015,CAJA MECÁNICA ,Caja Mecánica ,,DISPONIBLE,,550000,500000,,,Sin ubicación
C200 2015,CALIPER DELANTERO LH,Caliper Delantero,Delantera Izquierda,DISPONIBLE,,95000,90000,,,Sin ubicación
C200 2015,CALIPER DELANTERO RH,Caliper Delantero,Delantera Derecha,DISPONIBLE,,95000,90000,,,Sin ubicación
C200 2015,CALIPER TRASERO LH,Caliper Trasero,Trasera Izquierda,VENDIDO,SANTIAGO,,,,,
C200 2015,CAÑERÍAS DE AIRE ACONDICIONADO,Cañerías De Aire Acondicionado,,DISPONIBLE,SANTIAGO,70000,60000,,,
C200 2015,CARDÁN TRASERO,Cardán Trasero,Trasera,DISPONIBLE,SANTIAGO,100000,80000,,,
C200 2015,CATALÍTICO,Catalítico,,VENDIDO,SANTIAGO,,,,AL MONTÓN,
C200 2015,CATALÍTICO (EL SEGUNDO),Catalítico (El Segundo),,DISPONIBLE,SANTIAGO,,,,,
C200 2015,CHAPA CAPOT,Chapa Capot,,DISPONIBLE,SANTIAGO,35000,30000,,,
C200 2015,CHAPA MALETA,Chapa Maleta,,DISPONIBLE,SANTIAGO,50000,45000,,,
C200 2015,COLUMNA DE DIRECCIÓN,Columna De Dirección,,DISPONIBLE,SANTIAGO,65000,60000,,,
C200 2015,COMPRESOR AIRE ACONDICIONADO,Compresor Aire Acondicionado,,DISPONIBLE,SANTIAGO,130000,120000,,,
C200 2015,CONTROL DE LUCES ,Control De Luces ,,DISPONIBLE,,50000,45000,,,Sin ubicación
C200 2015,CREMALLERA DE DIRECCIÓN,Cremallera De Dirección,,VENDIDO,SANTIAGO,160000,150000,,,
C200 2015,CUBRE CARTER,Cubre Carter,,DISPONIBLE,SANTIAGO,45000,40000,,,
C200 2015,CUBRE RUEDA DE REPUESTO ,Cubre Rueda De Repuesto ,,DISPONIBLE,SANTIAGO,25000,20000,,,
C200 2015,CUBRE ZÓCALO RH,Cubre Zócalo,Derecha,VENDIDO,SANTIAGO,55000,50000,,,
C200 2015,CUERPO DE ACELERACIÓN,Cuerpo De Aceleración,,DISPONIBLE,SANTIAGO,110000,110000,,,
C200 2015,CUNA DELANTERA,Cuna Delantera,Delantera,VENDIDO,SANTIAGO,140000,130000,,,
C200 2015,CUNA TRASERA,Cuna Trasera,Trasera,DISPONIBLE,SANTIAGO,90000,80000,,,
C200 2015,DEPÓSITO DE AGUA O LÍQUIDO REFRIGERANTE ,Depósito De Agua O Líquido Refrigerante ,,DISPONIBLE,SANTIAGO,45000,40000,,,
C200 2015,DIFERENCIA TRASERO,Diferencia Trasero,Trasera,DISPONIBLE,SANTIAGO,170000,150000,,,
C200 2015,DISCO DE FRENO DELANTERO LH,Disco De Freno Delantero,Delantera Izquierda,DISPONIBLE,SANTIAGO,30000,25000,,,
C200 2015,DISCO DE FRENO DELANTERO RH,Disco De Freno Delantero,Delantera Derecha,DISPONIBLE,SANTIAGO,30000,25000,,,
C200 2015,DISCO DE FRENO TRASERO ,Disco De Freno Trasero ,Trasera,DISPONIBLE,SANTIAGO,20000,15000,,,
C200 2015,DISCO TRASERO,Disco Trasero,Trasera,VENDIDO,SANTIAGO,,,,,
C200 2015,ECU,Ecu,,DISPONIBLE,SANTIAGO,260000,250000,,,
C200 2015,EJE PALIER TRASERO LH,Eje Palier Trasero,Trasera Izquierda,DISPONIBLE,SANTIAGO,50000,40000,,,
C200 2015,EJE PALIER TRASERO RH,Eje Palier Trasero,Trasera Derecha,DISPONIBLE,SANTIAGO,50000,40000,,,
C200 2015,ELECTROVENTILADOR,Electroventilador,,VENDIDO,SANTIAGO,130000,120000,,,
C200 2015,ENCENDEDOR CIGARROS,Encendedor Cigarros,,DISPONIBLE,SANTIAGO,15000,10000,,,
C200 2015,ENFRIADOR DE ACEITE,Enfriador De Aceite,,DISPONIBLE,SANTIAGO,60000,50000,,,
C200 2015,ESPEJO CENTRAL,Espejo Central,Central,DISPONIBLE,SANTIAGO,20000,15000,,,
C200 2015,FOCO INTERIOR LUZ TECHO ,Foco Interior Luz Techo ,,DISPONIBLE,SANTIAGO,35000,30000,,,
C200 2015,GUARDAFANGO DELANTERO RH,Guardafango Delantero,Delantera Derecha,DISPONIBLE,SANTIAGO,15000,10000,,SOLO UNA PARTE,
C200 2015,INTERCOOLER,Intercooler,,DISPONIBLE,SANTIAGO,60000,50000,,,
C200 2015,KIT DE AIRBAG,Kit De Airbag,,VENDIDO,SANTIAGO,390000,370000,,,Múltiples piezas
C200 2015,LLANTA CON NEUMÁTICO 1,Llanta Con Neumático 1,,VENDIDO,SANTIAGO,70000,60000,,,
C200 2015,LLANTA CON NEUMÁTICO 2,Llanta Con Neumático 2,,VENDIDO,SANTIAGO,110000,100000,,,
C200 2015,LLANTA CON NEUMÁTICO 3,Llanta Con Neumático 3,,DISPONIBLE,SANTIAGO,110000,100000,,"BUEN ESTADO, SOLO RALLADA",
C200 2015,LLANTA CON NEUMÁTICO MALO,Llanta Con Neumático Malo,,VENDIDO,SANTIAGO,85000,80000,,,Daños o estado especial
C200 2015,MANGUERA AGUA,Manguera Agua,,VENDIDO,SANTIAGO,55000,50000,,,
C200 2015,MANGUERA TOMA DE AIRE,Manguera Toma De Aire,,VENDIDO,SANTIAGO,25000,20000,,,
C200 2015,MANGUERA TOMA DE AIRE 2,Manguera Toma De Aire 2,,DISPONIBLE,,25000,20000,,,Sin ubicación
C200 2015,MANILLA DELANTERA LH,Manilla Delantera,Delantera Izquierda,DISPONIBLE,SANTIAGO,45000,40000,,,
C200 2015,MÉNSULA TRASERA CENTRAL,Ménsula Trasera Central,Central,DISPONIBLE,SANTIAGO,20000,15000,,,
C200 2015,MÉNSULA TRASERA PARACHOQUE FOCO LH,Ménsula Trasera Parachoque Foco,Trasera Izquierda,DISPONIBLE,SANTIAGO,15000,10000,,,
C200 2015,MÉNSULA TRASERA PARACHOQUE FOCO RH,Ménsula Trasera Parachoque Foco,Trasera Derecha,DISPONIBLE,SANTIAGO,15000,10000,,,
C200 2015,MÉNSULA TRASERA RH,Ménsula Trasera,Trasera Derecha,DISPONIBLE,SANTIAGO,15000,10000,,,
C200 2015,MÓDULO DE DIRECCIÓN,Módulo De Dirección,,VENDIDO,SANTIAGO,210000,200000,,,
C200 2015,MÓDULO ESL,Módulo Esl,,DISPONIBLE,,150000,150000,,,Sin ubicación
C200 2015,MOTOR DE ALZAVIDRIO DELANTERA LH,Motor De Alzavidrio Delantera,Delantera Izquierda,DISPONIBLE,SANTIAGO,60000,50000,,,
C200 2015,MOTOR DE ALZAVIDRIO DELANTERA RH,Motor De Alzavidrio Delantera,Delantera Derecha,DISPONIBLE,SANTIAGO,60000,50000,,,
C200 2015,MOTOR DE ALZAVIDRIO TRASERA LH,Motor De Alzavidrio Trasera,Trasera Izquierda,DISPONIBLE,SANTIAGO,60000,50000,,,
C200 2015,MOTOR DE ALZAVIDRIO TRASERA RH,Motor De Alzavidrio Trasera,Trasera Derecha,DISPONIBLE,SANTIAGO,60000,50000,,,
C200 2015,MOTOR DE PARTIDA,Motor De Partida,,DISPONIBLE,SANTIAGO,95000,90000,,,
C200 2015,MOTOR LIMPIAPARABRISAS,Motor Limpiaparabrisas,,DISPONIBLE,,120000,110000,,,Sin ubicación
C200 2015,MULDURA TECHO LH (NEGRO),Muldura Techo (Negro),Izquierda,VENDIDO,SANTIAGO,35000,30000,,,
C200 2015,MULDURA TECHO LH (PLATEADA),Muldura Techo (Plateada),Izquierda,DISPONIBLE,SANTIAGO,25000,20000,,,
C200 2015,MULDURA TECHO RH (NEGRO),Muldura Techo (Negro),Derecha,VENDIDO,SANTIAGO,25000,20000,,,
C200 2015,MULDURA TECHO RH (PLATEADA),Muldura Techo (Plateada),Derecha,DISPONIBLE,SANTIAGO,25000,20000,,,
C200 2015,MÚLTIPLE DE ADMISIÓN ,Múltiple De Admisión ,,DISPONIBLE,SANTIAGO,75000,60000,,,
C200 2015,MUÑÓN Y MAZA,Muñón Y Maza,,DISPONIBLE,,115000,105000,,,Sin ubicación
C200 2015,MUÑÓN Y MAZA TRASERA LH,Muñón Y Maza Trasera,Trasera Izquierda,DISPONIBLE,SANTIAGO,60000,50000,,,
C200 2015,MUÑÓN Y MAZA TRASERA RH,Muñón Y Maza Trasera,Trasera Derecha,DISPONIBLE,SANTIAGO,60000,50000,,,
C200 2015,ÓPTICO IZQUIERDO (SIN LUPA),Óptico Izquierdo (Sin Lupa),,VENDIDO,SANTIAGO,160000,150000,,,
C200 2015,PALANCA DE CAMBIOS,Palanca De Cambios,,DISPONIBLE,SANTIAGO,50000,40000,,,
C200 2015,PANEL DE ALZAVIDRIO DELANTERO LH,Panel De Alzavidrio Delantero,Delantera Izquierda,DISPONIBLE,SANTIAGO,45000,40000,,,
C200 2015,PANEL DE ALZAVIDRIO DELANTERO RH,Panel De Alzavidrio Delantero,Delantera Derecha,DISPONIBLE,SANTIAGO,45000,40000,,,
C200 2015,PANEL DE ALZAVIDRIO TRASERO LH,Panel De Alzavidrio Trasero,Trasera Izquierda,DISPONIBLE,SANTIAGO,45000,40000,,,
C200 2015,PANEL DE ALZAVIDRIO TRASERO RH,Panel De Alzavidrio Trasero,Trasera Derecha,DISPONIBLE,SANTIAGO,45000,40000,,,
C200 2015,RADIADOR DE AGUA ,Radiador De Agua ,,VENDIDO,SANTIAGO,95000,90000,,,
C200 2015,RUEDA DE REPUESTO,Rueda De Repuesto,,DISPONIBLE,SANTIAGO,40000,40000,,,
C200 2015,SENSOR ABS DELANTERO S/L,Sensor Abs Delantero S/L,Delantera,DISPONIBLE,SANTIAGO,20000,15000,,,
C200 2015,SENSOR ABS TRASERO LH,Sensor Abs Trasero,Trasera Izquierda,DISPONIBLE,SANTIAGO,20000,15000,,,
C200 2015,SENSOR ABS TRASERO RH,Sensor Abs Trasero,Trasera Derecha,DISPONIBLE,SANTIAGO,20000,15000,,,
C200 2015,SENSOR DE OXÍGENO BANCO 1,Sensor De Oxígeno Banco 1,,DISPONIBLE,SANTIAGO,35000,30000,,,
C200 2015,SENSOR DE OXÍGENO BANCO 2,Sensor De Oxígeno Banco 2,,DISPONIBLE,SANTIAGO,35000,30000,,,
C200 2015,SINÓPTICO,Sinóptico,,VENDIDO,SANTIAGO,95000,90000,,,
C200 2015,TAPA DE BENCINA INTERIOR,Tapa De Bencina Interior,,DISPONIBLE,SANTIAGO,15000,10000,,,
C200 2015,TERMINAL DE DIRECCIÓN LH,Terminal De Dirección,Izquierda,DISPONIBLE,,40000,35000,,,Sin ubicación
C200 2015,TERMINAL DE DIRECCIÓN RH,Terminal De Dirección,Derecha,DISPONIBLE,,40000,35000,,,Sin ubicación
C200 2015,TURBO,Turbo,,DISPONIBLE,SANTIAGO,110000,100000,,,
C200 2015,VIDRIO DELANTERO LH,Vidrio Delantero,Delantera Izquierda,VENDIDO,SANTIAGO,150000,140000,,,
C200 2015,VIDRIO DELANTERO RH,Vidrio Delantero,Delantera Derecha,DISPONIBLE,SANTIAGO,60000,50000,,,
C200 2015,VIDRIO PUERTA TRASERA LH,Vidrio Puerta Trasera,Trasera Izquierda,DISPONIBLE,SANTIAGO,60000,50000,,,
C30 2008,AIRBAG DE CORTINA RH,Airbag De Cortina,Derecha,DISPONIBLE,SANTIAGO,,,,,
C30 2008,ALTERNADOR,Alternador,,DISPONIBLE,SANTIAGO,80000,70000,,,
C30 2008,AMORTIGUADOR CAPOT,Amortiguador Capot,,DISPONIBLE,SANTIAGO,20000,15000,,,
C30 2008,AMORTIGUADOR DELANTERO LH,Amortiguador Delantero,Delantera Izquierda,DISPONIBLE,SANTIAGO,60000,50000,,,
C30 2008,AMORTIGUADOR DELANTERO RH,Amortiguador Delantero,Delantera Derecha,DISPONIBLE,SANTIAGO,60000,50000,,,
C30 2008,AMORTIGUADOR PORTALÓN LH,Amortiguador Portalón,Izquierda,DISPONIBLE,SANTIAGO,15000,10000,,,
C30 2008,AMORTIGUADOR PORTALÓN RH,Amortiguador Portalón,Derecha,DISPONIBLE,SANTIAGO,15000,10000,,,
C30 2008,AMORTIGUADOR TRASERO LH,Amortiguador Trasero,Trasera Izquierda,DISPONIBLE,SANTIAGO,35000,30000,,,
C30 2008,AMORTIGUADOR TRASERO RH,Amortiguador Trasero,Trasera Derecha,DISPONIBLE,SANTIAGO,35000,30000,,,
C30 2008,AMPLIFICADOR TRASERO RH,Amplificador Trasero,Trasera Derecha,DISPONIBLE,SANTIAGO,,,,,
C30 2008,ASIENTO DELANTERO LH,Asiento Delantero,Delantera Izquierda,DISPONIBLE,SANTIAGO,25000,20000,,ROTO LADO  AIRBAG,
C30 2008,ASIENTO DELANTERO RH,Asiento Delantero,Delantera Derecha,DISPONIBLE,SANTIAGO,45000,40000,,,
C30 2008,BANDEJA DELANTERA LH,Bandeja Delantera,Delantera Izquierda,NO DISPONIBLE,SANTIAGO,30000,25000,,,
C30 2008,BANDEJA DELANTERA RH,Bandeja Delantera,Delantera Derecha,NO DISPONIBLE,SANTIAGO,30000,25000,,,
C30 2008,BANDEJA TRASERA LH (CURVA),Bandeja Trasera (Curva),Trasera Izquierda,DISPONIBLE,SANTIAGO,20000,15000,,,
C30 2008,BANDEJA TRASERA RH (CURVA),Bandeja Trasera (Curva),Trasera Derecha,DISPONIBLE,SANTIAGO,20000,15000,,,
C30 2008,BARRA DE BANDEJA TRASERA LH,Barra De Bandeja Trasera,Trasera Izquierda,DISPONIBLE,SANTIAGO,,,,,
C30 2008,BARRA DE BANDEJA TRASERA RH,Barra De Bandeja Trasera,Trasera Derecha,DISPONIBLE,SANTIAGO,,,,,
C30 2008,BARRA ESTABILIZADORA,Barra Estabilizadora,,DISPONIBLE,SANTIAGO,,,,,
C30 2008,BASE ALTERNADOR,Base Alternador,,DISPONIBLE,SANTIAGO,25000,20000,,,
C30 2008,BASE BATERÍA,Base Batería,,DISPONIBLE,SANTIAGO,35700,30000,,,
C30 2008,BASE DE TERMOSTATO,Base De Termostato,,DISPONIBLE,SANTIAGO,35700,30000,,,
C30 2008,BISEL NEBLINERO DELANTERO LH ,Bisel Neblinero Delantero ,Delantera Izquierda,DISPONIBLE,SANTIAGO,35700,30000,,,
C30 2008,BISEL RADIO Y CONTROL DE AIRE,Bisel Radio Y Control De Aire,,DISPONIBLE,SANTIAGO,,,,ESCRITO ASÍ EN INVENTARIO (REVISAR),Requiere revisión
C30 2008,BOBINA 1,Bobina 1,,VENDIDO,SANTIAGO,25000,20000,,,
C30 2008,BOBINA 2,Bobina 2,,VENDIDO,SANTIAGO,25000,20000,,,
C30 2008,BOBINA 3,Bobina 3,,VENDIDO,SANTIAGO,25000,20000,,,
C30 2008,BOBINA 4,Bobina 4,,VENDIDO,SANTIAGO,25000,20000,,,
C30 2008,BOBINA 5,Bobina 5,,VENDIDO,SANTIAGO,25000,20000,,,
C30 2008,BOMBA DE ALTA,Bomba De Alta,,DISPONIBLE,SANTIAGO,160000,150000,,,
C30 2008,BOMBA DE BENCINA ,Bomba De Bencina ,,NO DISPONIBLE,,,,,,Sin ubicación
C30 2008,BOMBA DE FRENO,Bomba De Freno,,DISPONIBLE,SANTIAGO,,,,,
C30 2008,BOMBA HIDRÁULICA ELECTRONICA,Bomba Hidráulica Electronica,,VENDIDO,SANTIAGO,150000,140000,,,
C30 2008,BOTA AGUA PUERTA DELANTERA RH,Bota Agua Puerta Delantera,Delantera Derecha,VENDIDO,SANTIAGO,10000,10000,,,
C30 2008,BOTÓN DE SENSOR DE ESTACIONAMIENTO,Botón De Sensor De Estacionamiento,,DISPONIBLE,SANTIAGO,,,,,
C30 2008,BOTÓN PUERTA RH,Botón Puerta,Derecha,DISPONIBLE,,15000,10000,,,Sin ubicación
C30 2008,BOTONERA PUERTA LH,Botonera Puerta,Izquierda,DISPONIBLE,SANTIAGO,35000,30000,,,
C30 2008,BRAZO LIMPIAPARABRISAS LH,Brazo Limpiaparabrisas,Izquierda,DISPONIBLE,SANTIAGO,25000,20000,,CON  PLUMILLA,
C30 2008,BRAZO LIMPIAPARABRISAS RH,Brazo Limpiaparabrisas,Derecha,DISPONIBLE,SANTIAGO,25000,20000,,CON  PLUMILLA,
C30 2008,BRAZO LIMPIAPARABRISAS TRASERO,Brazo Limpiaparabrisas Trasero,Trasera,VENDIDO,SANTIAGO,20000,15000,,,
C30 2008,CAJA AUTOMATICA,Caja Automatica,,VENDIDO,SANTIAGO,750000,720000,,,
C30 2008,CALIPER DELANTERO LH,Caliper Delantero,Delantera Izquierda,DISPONIBLE,SANTIAGO,65000,60000,,,
C30 2008,CALIPER DELANTERO RH,Caliper Delantero,Delantera Derecha,DISPONIBLE,SANTIAGO,65000,60000,,,
C30 2008,CALIPER TRASERO LH,Caliper Trasero,Trasera Izquierda,DISPONIBLE,SANTIAGO,40000,35000,,,
C30 2008,CALIPER TRASERO RH,Caliper Trasero,Trasera Derecha,DISPONIBLE,SANTIAGO,40000,35000,,,
C30 2008,CANISTER,Canister,,DISPONIBLE,SANTIAGO,,,,,
C30 2008,CAÑERÍA HIDRÁULICA,Cañería Hidráulica,,DISPONIBLE,SANTIAGO,35700,30000,,,
C30 2008,CAÑERÍAS DE AIRE ACONDICIONADO,Cañerías De Aire Acondicionado,,DISPONIBLE,SANTIAGO,60000,50000,,,
C30 2008,CAÑERÍAS DE AIRE ACONDICIONADO,Cañerías De Aire Acondicionado,,DISPONIBLE,SANTIAGO,,,,,
C30 2008,CAPOT,Capot,,VENDIDO,SANTIAGO,110000,100000,,,
C30 2008,CARCASA TERMOSTATO,Carcasa Termostato,,DISPONIBLE,,50000,45000,,,Sin ubicación
C30 2008,CATALÍTICO,Catalítico,,VENDIDO,SANTIAGO,,,,,
C30 2008,CHAPA CAPOT,Chapa Capot,,DISPONIBLE,SANTIAGO,40000,35000,,,
C30 2008,CHAPA CONTACTO,Chapa Contacto,,DISPONIBLE,SANTIAGO,85000,80000,,,
C30 2008,CHAPA DE PORTALÓN,Chapa De Portalón,,DISPONIBLE,SANTIAGO,55000,50000,,,
C30 2008,CHAPA PUERTA LH,Chapa Puerta,Izquierda,DISPONIBLE,SANTIAGO,45000,40000,,DON MAURICIO,
C30 2008,CHAPA PUERTA RH,Chapa Puerta,Derecha,VENDIDO,SANTIAGO,45000,40000,,,
C30 2008,CIGÜEÑAL,Cigüeñal,,DISPONIBLE,SANTIAGO,65000,60000,,,
C30 2008,CINTA DE AIRBAG,Cinta De Airbag,,DISPONIBLE,SANTIAGO,35000,30000,,,
C30 2008,CINTURÓN DELANTERO LH,Cinturón Delantero,Delantera Izquierda,DISPONIBLE,SANTIAGO,,,,,
C30 2008,CINTURÓN DELANTERO RH,Cinturón Delantero,Delantera Derecha,DISPONIBLE,SANTIAGO,,,,,
C30 2008,CINTURÓN TRASERO LH,Cinturón Trasero,Trasera Izquierda,DISPONIBLE,SANTIAGO,,,,,
C30 2008,CINTURÓN TRASERO RH,Cinturón Trasero,Trasera Derecha,DISPONIBLE,SANTIAGO,,,,,
C30 2008,COFIA,Cofia,,DISPONIBLE,SANTIAGO,20000,20000,,,
C30 2008,COLUMNA DE DIRECCIÓN,Columna De Dirección,,DISPONIBLE,SANTIAGO,50000,40000,,,
C30 2008,COMPRESOR AIRE ,Compresor Aire ,,VENDIDO,SANTIAGO,130000,120000,,,
C30 2008,CONTROL DE LUCES,Control De Luces,,DISPONIBLE,SANTIAGO,35000,30000,,,
C30 2008,CORNER CUBRE ZÓCALO LH,Corner Cubre Zócalo,Izquierda,VENDIDO,SANTIAGO,20000,15000,,,
C30 2008,CORNER CUBRE ZÓCALO RH,Corner Cubre Zócalo,Derecha,VENDIDO,SANTIAGO,20000,15000,,,
C30 2008,CREMALLERA DE ALZAVIDRIO (CON LATA) LH,Cremallera De Alzavidrio (Con Lata),Izquierda,DISPONIBLE,SANTIAGO,50000,45000,,,
C30 2008,CREMALLERA DE ALZAVIDRIO (CON LATA) RH,Cremallera De Alzavidrio (Con Lata),Derecha,VENDIDO,SANTIAGO,50000,45000,,,
C30 2008,CREMALLERA DE DIRECCION ,Cremallera De Direccion ,,VENDIDO,SANTIAGO,130000,120000,,,
C30 2008,CUBRE EQUIPAJE,Cubre Equipaje,,VENDIDO,SANTIAGO,35000,30000,,CON DETALLE EN UN ENGANCHE,
C30 2008,CUBRE RUEDA DE REPUESTO,Cubre Rueda De Repuesto,,DISPONIBLE,SANTIAGO,25000,20000,,,
C30 2008,CUBRE TORPEDO EXTERIOR,Cubre Torpedo Exterior,,DISPONIBLE,SANTIAGO,55000,50000,,,
C30 2008,CUERPO DE ACELERACIÓN,Cuerpo De Aceleración,,VENDIDO,SANTIAGO,95200,80000,,,
C30 2008,CUNA,Cuna,,DISPONIBLE,SANTIAGO,95200,80000,,,
C30 2008,DEPÓSITO DE AGUA O LÍQUIDO REFRIGERANTE ,Depósito De Agua O Líquido Refrigerante ,,DISPONIBLE,SANTIAGO,30000,25000,,DE LÍQUIDO REFRIGERANTE,
C30 2008,DEPÓSITO DE LIMPIAPARABRISAS ,Depósito De Limpiaparabrisas ,,DISPONIBLE,SANTIAGO,25000,20000,,,
C30 2008,DISCO DE FRENO DELANTERO LH,Disco De Freno Delantero,Delantera Izquierda,DISPONIBLE,SANTIAGO,20000,15000,,,
C30 2008,DISCO DE FRENO DELANTERO RH,Disco De Freno Delantero,Delantera Derecha,DISPONIBLE,SANTIAGO,20000,15000,,,
C30 2008,DISCO DE FRENO TRASERO LH,Disco De Freno Trasero,Trasera Izquierda,DISPONIBLE,SANTIAGO,25000,20000,,,
C30 2008,DISCO DE FRENO TRASERO RH,Disco De Freno Trasero,Trasera Derecha,DISPONIBLE,SANTIAGO,25000,20000,,,
C30 2008,ECU,Ecu,,DISPONIBLE,SANTIAGO,190000,180000,,,
C30 2008,EJE PALIER LH,Eje Palier,Izquierda,DISPONIBLE,SANTIAGO,90000,90000,,DETALLE,
C30 2008,EJE PALIER RH,Eje Palier,Derecha,DISPONIBLE,SANTIAGO,110000,100000,,,
C30 2008,ELECTROVENTILADOR,Electroventilador,,VENDIDO,SANTIAGO,45000,45000,,,
C30 2008,ENFRIADOR DE ACEITE CAJA,Enfriador De Aceite Caja,,DISPONIBLE,SANTIAGO,95000,90000,,,
C30 2008,ESPEJO CENTRAL,Espejo Central,Central,VENDIDO,SANTIAGO,20000,15000,,,
C30 2008,ESPEJO LH,Espejo,Izquierda,VENDIDO,SANTIAGO,60000,50000,,DETALLE EN LA MICA,
C30 2008,ESPEJO RH,Espejo,Derecha,VENDIDO,SANTIAGO,90000,80000,,,
C30 2008,EVAPORIZADOR ,Evaporizador ,,DISPONIBLE,SANTIAGO,35000,30000,,DE CALEFACCIÓN?,Requiere revisión
C30 2008,FIJADOR DE RADIADOR,Fijador De Radiador,,DISPONIBLE,SANTIAGO,15000,10000,,,
C30 2008,FOCO TRASERO LH,Foco Trasero,Trasera Izquierda,VENDIDO,SANTIAGO,,,,,
C30 2008,FOCO TRASERO RH,Foco Trasero,Trasera Derecha,VENDIDO,SANTIAGO,,,,,
C30 2008,FRONTAL INFERIOR ,Frontal Inferior ,,DISPONIBLE,SANTIAGO,65000,60000,,,
C30 2008,FRONTAL SUPERIOR,Frontal Superior,,DISPONIBLE,SANTIAGO,140000,135000,,,
C30 2008,FUNDA DE PARACHOQUE DELANTERO,Funda De Parachoque Delantero,Delantera,VENDIDO,SANTIAGO,55000,50000,,TIENE DETALLES,
C30 2008,FUNDA DE PARACHOQUE TRASERO,Funda De Parachoque Trasero,Trasera,DISPONIBLE,SANTIAGO,110000,100000,,CON LA PARTE INFERIOR NEGRA,
C30 2008,FUSILERA INTERIOR,Fusilera Interior,,DISPONIBLE,SANTIAGO,100000,90000,,,
C30 2008,GUANTERA,Guantera,,DISPONIBLE,SANTIAGO,36000,30000,,,
C30 2008,GUARDAFANGO TRASERO LH,Guardafango Trasero,Trasera Izquierda,DISPONIBLE,SANTIAGO,25000,20000,,,
C30 2008,GUARDAFANGO TRASERO RH,Guardafango Trasero,Trasera Derecha,DISPONIBLE,SANTIAGO,25000,20000,,,
C30 2008,INYECTORES (4),Inyectores (4),,DISPONIBLE,,20000,15000,,CADA UNO,Sin ubicación
C30 2008,KIT DE AIRBAG,Kit De Airbag,,VENDIDO,SANTIAGO,100000,90000,,SOLO TABLERO Y ?,Múltiples piezas; Requiere revisión
C30 2008,"LETRAS ""C30""","Letras ""C30""",,DISPONIBLE,SANTIAGO,18000,15000,,,
C30 2008,LLANTA CON NEUMÁTICO 1,Llanta Con Neumático 1,,VENDIDO,SANTIAGO,75000,70000,,,
C30 2008,LLANTA CON NEUMÁTICO 2,Llanta Con Neumático 2,,VENDIDO,SANTIAGO,75000,70000,,,
C30 2008,LLANTA CON NEUMÁTICO 3,Llanta Con Neumático 3,,VENDIDO,SANTIAGO,75000,70000,,,
C30 2008,LLANTA CON NEUMÁTICO 4,Llanta Con Neumático 4,,VENDIDO,SANTIAGO,75000,70000,,,
C30 2008,LLAVE,Llave,,DISPONIBLE,SANTIAGO,,,,,
C30 2008,LUZ TECHO,Luz Techo,,DISPONIBLE,SANTIAGO,25000,20000,,,
C30 2008,MANGUERA COMPRESOR DE AIRE (juego),Manguera Compresor De Aire (Juego),,DISPONIBLE,SANTIAGO,83300,70000,,?,Múltiples piezas; Requiere revisión
C30 2008,MANGUERA DE AGUA ,Manguera De Agua ,,DISPONIBLE,SANTIAGO,,,,,
C30 2008,MANGUERA DE AGUA ,Manguera De Agua ,,DISPONIBLE,SANTIAGO,,,,INFERIOR,
C30 2008,MANILLA EXTERIOR LH,Manilla Exterior,Izquierda,DISPONIBLE,SANTIAGO,30000,25000,,,
C30 2008,MANILLA EXTERIOR RH,Manilla Exterior,Derecha,VENDIDO,SANTIAGO,30000,25000,,,
C30 2008,MANILLA INTERIOR DE CAPOT MÁS PIOLA,Manilla Interior De Capot Más Piola,,DISPONIBLE,SANTIAGO,,,,,
C30 2008,MANILLA INTERIOR DELANTERA LH,Manilla Interior Delantera,Delantera Izquierda,DISPONIBLE,SANTIAGO,,,,DON MAURICIO,
C30 2008,MANILLA INTERIOR DELANTERA LH,Manilla Interior Delantera,Delantera Izquierda,DISPONIBLE,SANTIAGO,,,,,
C30 2008,MANILLA INTERIOR DELANTERA RH,Manilla Interior Delantera,Delantera Derecha,DISPONIBLE,SANTIAGO,,,,,
C30 2008,MÁSCARA,Máscara,,VENDIDO,SANTIAGO,,,,,
C30 2008,MAZA TRASERA LH,Maza Trasera,Trasera Izquierda,DISPONIBLE,SANTIAGO,65000,60000,,,
C30 2008,MAZA TRASERA RH,Maza Trasera,Trasera Derecha,DISPONIBLE,SANTIAGO,65000,60000,,,
C30 2008,MÉNSULA TRASERA CENTRAL,Ménsula Trasera Central,Central,DISPONIBLE,SANTIAGO,20000,15000,,,
C30 2008,MÉNSULA TRASERA LH,Ménsula Trasera,Trasera Izquierda,DISPONIBLE,SANTIAGO,15000,10000,,,
C30 2008,MÉNSULA TRASERA RH,Ménsula Trasera,Trasera Derecha,DISPONIBLE,SANTIAGO,15000,10000,,,
C30 2008,MÓDULO ABS,Módulo Abs,,DISPONIBLE,SANTIAGO,,,,,
C30 2008,MÓDULO ELÉCTRICO TAPA DE BENCINA,Módulo Eléctrico Tapa De Bencina,,DISPONIBLE,SANTIAGO,,,,,
C30 2008,MOLDURA TAPABARRO DELANTERA LH,Moldura Tapabarro Delantera,Delantera Izquierda,VENDIDO,SANTIAGO,25000,25000,,,
C30 2008,MOLDURA TAPABARRO DELANTERA RH,Moldura Tapabarro Delantera,Delantera Derecha,VENDIDO,SANTIAGO,50000,45000,,,
C30 2008,MOLDURA TAPABARRO TRASERA LH,Moldura Tapabarro Trasera,Trasera Izquierda,DISPONIBLE,SANTIAGO,25000,20000,,CON DETALLE,
C30 2008,MOLDURA TAPABARRO TRASERA RH ,Moldura Tapabarro Trasera ,Trasera Derecha,NO DISPONIBLE,SANTIAGO,40000,35000,,,
C30 2008,MOTOR ALZAVIDRIO LH,Motor Alzavidrio,Izquierda,VENDIDO,SANTIAGO,35000,30000,,,
C30 2008,MOTOR ALZAVIDRIO RH,Motor Alzavidrio,Derecha,VENDIDO,SANTIAGO,35000,30000,,,
C30 2008,MOTOR DE CALEFACCIÓN,Motor De Calefacción,,DISPONIBLE,SANTIAGO,,,,,
C30 2008,MOTOR DE PARTIDA,Motor De Partida,,VENDIDO,SANTIAGO,65000,60000,,,
C30 2008,MOTOR FACTURABLE,Motor Facturable,,VENDIDO,SANTIAGO,850000,800000,,PRECIO ACTUALIZADO ,
C30 2008,MOTOR LIMPIAPARABRISAS CON VARILLAJE,Motor Limpiaparabrisas Con Varillaje,,DISPONIBLE,SANTIAGO,55000,50000,,,
C30 2008,MÚLTIPLE DE ADMISIÓN,Múltiple De Admisión,,VENDIDO,SANTIAGO,80000,70000,,,
C30 2008,MÚLTIPLE DE ESCAPE,Múltiple De Escape,,DISPONIBLE,SANTIAGO,20000,20000,,,
C30 2008,NEBLINERO DELANTERO LH CON DETALLE,Neblinero Delantero Con Detalle,Delantera Izquierda,DISPONIBLE,SANTIAGO,10000,10000,,"UNO VENDIDO, REVISAR CUAL SE VENDIÓ",Daños o estado especial; Requiere revisión
C30 2008,NEBLINERO DELANTERO RH CON DETALLE,Neblinero Delantero Con Detalle,Delantera Derecha,DISPONIBLE,SANTIAGO,10000,10000,,,Daños o estado especial
C30 2008,ÓPTICO LH,Óptico,Izquierda,VENDIDO,SANTIAGO,,,,,
C30 2008,ÓPTICO RH,Óptico,Derecha,VENDIDO,SANTIAGO,,,,,
C30 2008,PALANCA DE CAMBIO,Palanca De Cambio,,VENDIDO,SANTIAGO,,,,,
C30 2008,PARABRISAS ALTERNATIVO,Parabrisas Alternativo,,VENDIDO,SANTIAGO,55000,50000,,,
C30 2008,PARACHOQUE TRASERO INFERIOR,Parachoque Trasero Inferior,Trasera,DISPONIBLE,,80000,70000,,,Sin ubicación
C30 2008,PARASOL LH,Parasol,Izquierda,VENDIDO,SANTIAGO,,,,,
C30 2008,PARASOL RH,Parasol,Derecha,VENDIDO,SANTIAGO,,,,,
C30 2008,PARLANTE DELAMTERO RH,Parlante Delamtero,Derecha,VENDIDO,SANTIAGO,10000,10000,,,
C30 2008,PARLANTE DELANTERO LH,Parlante Delantero,Delantera Izquierda,VENDIDO,SANTIAGO,10000,10000,,,
C30 2008,PARLANTE TRASERO LH + TWITTER,Parlante Trasero + Twitter,Trasera Izquierda,DISPONIBLE,SANTIAGO,,,,,
C30 2008,PARLANTE TRASERO RH + TWITTER,Parlante Trasero + Twitter,Trasera Derecha,DISPONIBLE,SANTIAGO,,,,,
C30 2008,PEDAL DE ACELERACIÓN,Pedal De Aceleración,,DISPONIBLE,SANTIAGO,,,,,
C30 2008,PEDAL DE FRENO MAS SENSOR,Pedal De Freno Mas Sensor,,DISPONIBLE,SANTIAGO,,,,,
C30 2008,PIOLAS FRENO DE MANO,Piolas Freno De Mano,,NO DISPONIBLE,,,,,,Sin ubicación
C30 2008,PORTA FILTRO DE AIRE,Porta Filtro De Aire,,DISPONIBLE,SANTIAGO,45000,40000,,CON DETALLE,
C30 2008,PORTA MAZA TRASERA,Porta Maza Trasera,Trasera,DISPONIBLE,SANTIAGO,,,,,
C30 2008,PORTALÓN (ES DE VIDRIO),Portalón (Es De Vidrio),,VENDIDO,SANTIAGO,180000,170000,,,
C30 2008,PUENTE TRASERO,Puente Trasero,Trasera,DISPONIBLE,SANTIAGO,,,,,
C30 2008,PUERTA LH SOLO LATA,Puerta Solo Lata,Izquierda,VENDIDO,SANTIAGO,120000,100000,,,
C30 2008,PUERTA RH SOLO LATA,Puerta Solo Lata,Derecha,VENDIDO,SANTIAGO,90000,85000,,,
C30 2008,RADIADOR DE AGUA,Radiador De Agua,,DISPONIBLE,SANTIAGO,80000,70000,,,
C30 2008,RADIADOR DE AIRE ,Radiador De Aire ,,DISPONIBLE,SANTIAGO,90000,80000,,,
C30 2008,RADIADOR DE CALEFACCIÓN,Radiador De Calefacción,,DISPONIBLE,SANTIAGO,,,,,
C30 2008,RADIO Y CLIMATIZADOR,Radio Y Climatizador,,VENDIDO,SANTIAGO,85000,80000,,,
C30 2008,RAMAL DE MOTOR,Ramal De Motor,,VENDIDO,SANTIAGO,,,,,
C30 2008,RARIADOR EVAPORADOR DE AIRE ACONDICIONADO,Rariador Evaporador De Aire Acondicionado,,DISPONIBLE,SANTIAGO,,,,PEQUEÑO,
C30 2008,REFLECTANTE TRASERO LH,Reflectante Trasero,Trasera Izquierda,DISPONIBLE,SANTIAGO,25000,20000,,CON DETALLE REVISAR PRECIO,Requiere revisión
C30 2008,REFLECTANTE TRASERO RH,Reflectante Trasero,Trasera Derecha,DISPONIBLE,SANTIAGO,25000,20000,,CON DETALLE REVISAR PRECIO,Requiere revisión
C30 2008,REFUERZO DE PARACHOQUE DELANTERO,Refuerzo De Parachoque Delantero,Delantera,DISPONIBLE,,75000,70000,,,Sin ubicación
C30 2008,REFUERZO DE PARACHOQUE TRASERO,Refuerzo De Parachoque Trasero,Trasera,DISPONIBLE,SANTIAGO,60000,50000,,,
C30 2008,REJILLA CENTRAL,Rejilla Central,Central,NO DISPONIBLE,SANTIAGO,,,,,
C30 2008,RIEL DE INYECCIÓN,Riel De Inyección,,DISPONIBLE,SANTIAGO,45000,40000,,,
C30 2008,RODAMIENTO TENSOR DE ACCESORIOS (2),Rodamiento Tensor De Accesorios (2),,DISPONIBLE,SANTIAGO,35000,30000,,cada uno,
C30 2008,RUEDA DE REPUESTO,Rueda De Repuesto,,DISPONIBLE,SANTIAGO,60000,50000,,,
C30 2008,SENSOR ABS TRASERO LH,Sensor Abs Trasero,Trasera Izquierda,DISPONIBLE,SANTIAGO,,,,,
C30 2008,SENSOR ABS TRASERO RH,Sensor Abs Trasero,Trasera Derecha,DISPONIBLE,SANTIAGO,,,,,
C30 2008,SENSOR DE OXÍGENO BANCO 1,Sensor De Oxígeno Banco 1,,DISPONIBLE,SANTIAGO,15000,15000,,,
C30 2008,SENSOR DE OXÍGENO BANCO 2,Sensor De Oxígeno Banco 2,,DISPONIBLE,SANTIAGO,15000,15000,,,
C30 2008,SERVO FRENO MAS ELECTRÓNICA,Servo Freno Mas Electrónica,,DISPONIBLE,SANTIAGO,,,,,
C30 2008,SINÓPTICO,Sinóptico,,DISPONIBLE,SANTIAGO,70000,60000,,,
C30 2008,SOPORTE DE BOMBA HIDRÁULICA,Soporte De Bomba Hidráulica,,DISPONIBLE,SANTIAGO,25000,20000,,,
C30 2008,SOPORTE DE MAZA TRASERA RH,Soporte De Maza Trasera,Trasera Derecha,DISPONIBLE,SANTIAGO,,,,,
C30 2008,SOPORTE DE MOTOR CENTRAL (HUESO),Soporte De Motor Central (Hueso),Central,VENDIDO,SANTIAGO,30000,25000,,,
C30 2008,TAPA DE BENCINA EXTERIOR,Tapa De Bencina Exterior,,DISPONIBLE,SANTIAGO,,,,,
C30 2008,TAPA DE NEBLINERO LH,Tapa De Neblinero,Izquierda,VENDIDO,SANTIAGO,25000,20000,,,
C30 2008,TAPA DE NEBLINERO RH,Tapa De Neblinero,Derecha,NO DISPONIBLE,,,,,,Sin ubicación
C30 2008,TAPABARRO LH,Tapabarro,Izquierda,DISPONIBLE,SANTIAGO,90000,80000,,,
C30 2008,TAPABARRO RH,Tapabarro,Derecha,VENDIDO,SANTIAGO,90000,80000,,,
C30 2008,TAPIZ DE PUERTA DELANTERA LH,Tapiz De Puerta Delantera,Delantera Izquierda,DISPONIBLE,SANTIAGO,,,,,
C30 2008,TAPIZ DE PUERTA DELANTERA RH,Tapiz De Puerta Delantera,Delantera Derecha,DISPONIBLE,SANTIAGO,,,,,
C30 2008,TAPIZ DE TECHO,Tapiz De Techo,,DISPONIBLE,REQUINOA,36000,30000,,,
C30 2008,TELECOMANDO AMBOS,Telecomando Ambos,,DISPONIBLE,SANTIAGO,55000,50000,,,
C30 2008,TENSORES DE CORREA DE ACCESORIOS,Tensores De Correa De Accesorios,,DISPONIBLE,SANTIAGO,50000,40000,,SON DOS VALOR C/U,
C30 2008,TUBERÍA PORTA FILTRO DE AIRE,Tubería Porta Filtro De Aire,,DISPONIBLE,SANTIAGO,,,,,
C30 2008,TUBERÍAS DE AIRE,Tuberías De Aire,,DISPONIBLE,SANTIAGO,,,,,
C30 2008,VENTILADOR DE CALEFACCIÓN,Ventilador De Calefacción,,DISPONIBLE,,55000,50000,,,Sin ubicación
C30 2008,VIDRIO LATERAL TRASERO LH,Vidrio Lateral Trasero,Trasera Izquierda,DISPONIBLE,SANTIAGO,70000,60000,,,
C30 2008,VIDRIO LATERAL TRASERO RH,Vidrio Lateral Trasero,Trasera Derecha,NO DISPONIBLE,REQUINOA,70000,60000,,,
C30 2008,VIDRIO PUERTA LH,Vidrio Puerta,Izquierda,DISPONIBLE,SANTIAGO,45000,40000,,DON MAURICIO,
C30 2008,VIDRIO PUERTA RH,Vidrio Puerta,Derecha,DISPONIBLE,SANTIAGO,45000,40000,,,
C30 2008,VOLANTE,Volante,,DISPONIBLE,SANTIAGO,60000,55000,,SIN AIRBAG,
COMBO 2009,ALTERNADOR,Alternador,,DISPONIBLE,REVISADO,,,,,
COMBO 2009,AMORTIGUADOR DELANTERO DERECHO,Amortiguador Delantero Derecho,Delantera,DISPONIBLE,REVISADO,,,,,
COMBO 2009,AMORTIGUADOR DELANTERO IZQUIERDO,Amortiguador Delantero Izquierdo,Delantera,DISPONIBLE,REVISADO,,,,,
COMBO 2009,AMORTIGUADOR TRASERO LH,Amortiguador Trasero,Trasera Izquierda,NO DISPONIBLE,REVISADO,,,,,
COMBO 2009,AMORTIGUADOR TRASERO RH,Amortiguador Trasero,Trasera Derecha,NO DISPONIBLE,REVISADO,,,,,
COMBO 2009,ASIENTO DELANTERO DERECHO,Asiento Delantero Derecho,Delantera,DISPONIBLE,REVISADO,,,,,
COMBO 2009,ASIENTO DELANTERO IZQUIERDO,Asiento Delantero Izquierdo,Delantera,NO DISPONIBLE,REVISADO,,,,,
COMBO 2009,BANDEJA DELANTERA LH,Bandeja Delantera,Delantera Izquierda,VENDIDO,REVISADO,15000,15000,,NO ORIGINAL,
COMBO 2009,BANDEJA DELANTERA RH,Bandeja Delantera,Delantera Derecha,DISPONIBLE,REVISADO,15000,15000,,NO ORIGINAL,
COMBO 2009,BOMBA DE FRENO CON SERVO,Bomba De Freno Con Servo,,DISPONIBLE,REVISADO,,,,,
COMBO 2009,BOMBA DE INYECCIÓN,Bomba De Inyección,,VENDIDO,REVISADO,95000,95000,,,
COMBO 2009,BOMBA ELEVADORA DE PRESIÓN,Bomba Elevadora De Presión,,DISPONIBLE,REVISADO,,,,,
COMBO 2009,BOTÓN O MANILLA ALZAVIDRIO PUERTA DELANTERA LH,Botón O Manilla Alzavidrio Puerta Delantera,Delantera Izquierda,VENDIDO,REVISADO,,,,,
COMBO 2009,CALIPER DELANTERO DERECHO,Caliper Delantero Derecho,Delantera,DISPONIBLE,REVISADO,,,,,
COMBO 2009,CALIPER DELANTERO IZQUIERDO,Caliper Delantero Izquierdo,Delantera,DISPONIBLE,REVISADO,,,,,
COMBO 2009,CHAPA PUERTA DELANTERA LH,Chapa Puerta Delantera,Delantera Izquierda,VENDIDO,REVISADO,,,,,
COMBO 2009,CHAPA PUERTA TRASERA RH,Chapa Puerta Trasera,Trasera Derecha,VENDIDO,REVISADO,20000,20000,,,
COMBO 2009,CIGÜEÑAL,Cigüeñal,,VENDIDO,REVISADO,55000,50000,,,
COMBO 2009,CINTA DE AIRBAG,Cinta De Airbag,,DISPONIBLE,REVISADO,,,,,
COMBO 2009,CINTURÓN DELANTERO LH,Cinturón Delantero,Delantera Izquierda,DISPONIBLE,REVISADO,,,,,
COMBO 2009,CINTURÓN DELANTERO RH,Cinturón Delantero,Delantera Derecha,DISPONIBLE,REVISADO,,,,,
COMBO 2009,COFIA,Cofia,,DISPONIBLE,REVISADO,,,,,
COMBO 2009,COLUMNA DE DIRECCIÓN ELECTRÓNICA,Columna De Dirección Electrónica,,VENDIDO,REVISADO,80000,80000,,,
COMBO 2009,CONSOLA CENTRAL,Consola Central,Central,DISPONIBLE,REVISADO,,,,,
COMBO 2009,CONTROL CLIMATIZADOR,Control Climatizador,,DISPONIBLE,REVISADO,,,,,
COMBO 2009,CONTROL DE LUCES,Control De Luces,,DISPONIBLE,REVISADO,,,,,
COMBO 2009,CREMALLERA DE ALZAVIDRIOS DELANTERA LH,Cremallera De Alzavidrios Delantera,Delantera Izquierda,VENDIDO,REVISADO,,,,,
COMBO 2009,CREMALLERA DE DIRECCIÓN,Cremallera De Dirección,,DISPONIBLE,REVISADO,,,,,
COMBO 2009,CUERPO DE ACELERACIÓN,Cuerpo De Aceleración,,VENDIDO,REVISADO,45000,45000,,,
COMBO 2009,DEPÓSITO DE AGUA,Depósito De Agua,,DISPONIBLE,REVISADO,,,,,
COMBO 2009,DEPÓSITO DE AGUA LIMPIAPARABRISAS,Depósito De Agua Limpiaparabrisas,,DISPONIBLE,REVISADO,,,,,
COMBO 2009,DEPRESOR,Depresor,,DISPONIBLE,REVISADO,,,,,
COMBO 2009,DISCO DE FRENO DELANTERO DERECHO,Disco De Freno Delantero Derecho,Delantera,DISPONIBLE,REVISADO,,,,,
COMBO 2009,DISCO DE FRENO DELANTERO IZQUIERDO,Disco De Freno Delantero Izquierdo,Delantera,DISPONIBLE,REVISADO,,,,,
COMBO 2009,ECU ,Ecu ,,DISPONIBLE,REVISADO,,,,ROTA EN LA PARTE DEL CONECTOR,
COMBO 2009,EJE PALIER DELANTERO IZQUIERDO,Eje Palier Delantero Izquierdo,Delantera,DISPONIBLE,REVISADO,,,,,
COMBO 2009,EJE TRASERO COMPLETO,Eje Trasero Completo,Trasera,DISPONIBLE,REVISADO,,,,,
COMBO 2009,ELE PALIER DELANTERO DERECHO,Ele Palier Delantero Derecho,Delantera,DISPONIBLE,REVISADO,,,,,
COMBO 2009,EMBELLECEDOR SINÓPTICO,Embellecedor Sinóptico,,DISPONIBLE,REVISADO,,,,,
COMBO 2009,ESPEJO CENTRAL,Espejo Central,Central,DISPONIBLE,REVISADO,,,,,
COMBO 2009,ESPEJO RH CON DETALLE,Espejo Con Detalle,Derecha,DISPONIBLE,REVISADO,,,,,Daños o estado especial
COMBO 2009,ESPIRAL TRASERO LH,Espiral Trasero,Trasera Izquierda,DISPONIBLE,REVISADO,,,,,
COMBO 2009,ESPIRAL TRASERO RH,Espiral Trasero,Trasera Derecha,DISPONIBLE,REVISADO,,,,,
COMBO 2009,FLUJÓMETRO,Flujómetro,,DISPONIBLE,REVISADO,,,,,
COMBO 2009,FOCO TRASERO DERECHO CON DETALLE,Foco Trasero Derecho Con Detalle,Trasera,DISPONIBLE,REVISADO,,,,,Daños o estado especial
COMBO 2009,FOCO TRASERO IZQUIERDO,Foco Trasero Izquierdo,Trasera,DISPONIBLE,REVISADO,,,,,
COMBO 2009,FRENO DE MANO,Freno De Mano,,DISPONIBLE,REVISADO,,,,,
COMBO 2009,GUANTERA,Guantera,,DISPONIBLE,REVISADO,,,,,
COMBO 2009,GUARDAFANGO DELANTERO LH CON DETALLE,Guardafango Delantero Con Detalle,Delantera Izquierda,DISPONIBLE,REVISADO,,,,,Daños o estado especial
COMBO 2009,GUARDAFANGO DELANTERO RH,Guardafango Delantero,Delantera Derecha,NO DISPONIBLE,REVISADO,,,,,
COMBO 2009,GUARDAFANGO TRASERO LH,Guardafango Trasero,Trasera Izquierda,DISPONIBLE,REVISADO,,,,,
COMBO 2009,GUARDAFANGO TRASERO RH,Guardafango Trasero,Trasera Derecha,DISPONIBLE,REVISADO,,,,,
COMBO 2009,INTERCOOLER,Intercooler,,DISPONIBLE,REVISADO,,,,,
COMBO 2009,INTERMITENTE TAPABARRO LH,Intermitente Tapabarro,Izquierda,DISPONIBLE,REVISADO,,,,,
COMBO 2009,INYECTORES (4),Inyectores (4),,VENDIDO,REVISADO,250000,250000,,,
COMBO 2009,LLANTA 1,Llanta 1,,DISPONIBLE,REVISADO,,,,NEGRA,
COMBO 2009,LLANTA 2,Llanta 2,,DISPONIBLE,REVISADO,,,,NEGRA,
COMBO 2009,LLANTA 3,Llanta 3,,DISPONIBLE,REVISADO,,,,NEGRA,
COMBO 2009,LLANTA 4,Llanta 4,,DISPONIBLE,REVISADO,,,,BLANCA,
COMBO 2009,LUZ INTERIOR,Luz Interior,,DISPONIBLE,REVISADO,,,,,
COMBO 2009,MANGUERAS DE AGUA,Mangueras De Agua,,DISPONIBLE,REVISADO,,,,,
COMBO 2009,MANILLA EXTERIOR PUERTA DELANTERA LH,Manilla Exterior Puerta Delantera,Delantera Izquierda,VENDIDO,REVISADO,,,,,
COMBO 2009,MANILLA INTERIOR PUERTA DELANTERA LH,Manilla Interior Puerta Delantera,Delantera Izquierda,VENDIDO,REVISADO,,,,,
COMBO 2009,MANILLA TECHO RH,Manilla Techo,Derecha,DISPONIBLE,REVISADO,,,,,
COMBO 2009,MOLDURA TAPABARRO TRASERO LH,Moldura Tapabarro Trasero,Trasera Izquierda,DISPONIBLE,REVISADO,,,,,
COMBO 2009,MOLDURA TAPABARRO TRASERO RH,Moldura Tapabarro Trasero,Trasera Derecha,DISPONIBLE,REVISADO,,,,,
COMBO 2009,MOTOR DE PARTIDA,Motor De Partida,,DISPONIBLE,REVISADO,45000,45000,,,
COMBO 2009,motor facturable,Motor Facturable,,NO DISPONIBLE,,,,,MALO,Sin ubicación
COMBO 2009,MOTOR LIMPIAPARABRISAS CON VARILLAJE,Motor Limpiaparabrisas Con Varillaje,,VENDIDO,REVISADO,,,,,
COMBO 2009,MUÑÓN DELANTERO DERECHO,Muñón Delantero Derecho,Delantera,DISPONIBLE,REVISADO,,,,,
COMBO 2009,MUÑÓN DELANTERO DERECHO,Muñón Delantero Derecho,Delantera,DISPONIBLE,REVISADO,,,,,
COMBO 2009,MÚÑON DELANTERO IZQUIERDO,Múñon Delantero Izquierdo,Delantera,DISPONIBLE,REVISADO,,,,,
COMBO 2009,PALANCA DE CAMBIO,Palanca De Cambio,,DISPONIBLE,REVISADO,,,,,
COMBO 2009,PARACHOQUE TRASERO,Parachoque Trasero,Trasera,DISPONIBLE,REVISADO,,,,,
COMBO 2009,PARASOL DERECHO,Parasol Derecho,,DISPONIBLE,REVISADO,,,,,
COMBO 2009,PARASOL IZQUIERDO,Parasol Izquierdo,,DISPONIBLE,REVISADO,,,,,
COMBO 2009,PEDAL DE ACELERACIÓN,Pedal De Aceleración,,DISPONIBLE,REVISADO,,,,,
COMBO 2009,PEDAL DE EMBRAGUE,Pedal De Embrague,,DISPONIBLE,REVISADO,,,,,
COMBO 2009,PEDAL DE FRENO,Pedal De Freno,,DISPONIBLE,REVISADO,,,,,
COMBO 2009,PIOLA CAPOT,Piola Capot,,VENDIDO,REVISADO,20000,20000,,,
COMBO 2009,PORTA FILTRO DE AIRE ,Porta Filtro De Aire ,,NO DISPONIBLE,REVISADO,,,,,
COMBO 2009,PORTA FILTRO DE PETRÓLEO,Porta Filtro De Petróleo,,VENDIDO,REVISADO,45000,45000,,,
COMBO 2009,PUERTA COSTADO DERECHO,Puerta Costado Derecho,,DISPONIBLE,REVISADO,60000,55000,,,
COMBO 2009,PUERTA DELANTERA LH COMPLETA,Puerta Delantera Completa,Delantera Izquierda,VENDIDO,REVISADO,60000,60000,,"45,000 solo lata",
COMBO 2009,PUERTA DELANTERA RH,Puerta Delantera,Delantera Derecha,DISPONIBLE,REVISADO,,,,están armadas pero se venden de cualquier forma,
COMBO 2009,PUERTA TRASERA LH,Puerta Trasera,Trasera Izquierda,DISPONIBLE,REVISADO,,,,,
COMBO 2009,PUERTA TRASERA RH,Puerta Trasera,Trasera Derecha,DISPONIBLE,REVISADO,,,,,
COMBO 2009,REFUERZO DE PARACHOQUE TRASERO ,Refuerzo De Parachoque Trasero ,Trasera,DISPONIBLE,REVISADO,,,,,
COMBO 2009,RIEL DE INYECCIÓN CON SENSORES EN LOS EXTREMOS,Riel De Inyección Con Sensores En Los Extremos,,VENDIDO,REVISADO,80000,80000,,,
COMBO 2009,RUEDAS PUERTAS CORREDERAS,Ruedas Puertas Correderas,,VENDIDO,REVISADO,40000,40000,,,
COMBO 2009,SELECTORA DE CAMBIOS,Selectora De Cambios,,DISPONIBLE,REVISADO,,,,,
COMBO 2009,SINÓPTICO,Sinóptico,,DISPONIBLE,REVISADO,,,,,
COMBO 2009,SOPORTE DE MOTOR IZQUIERDO,Soporte De Motor Izquierdo,,DISPONIBLE,REVISADO,,,,,
COMBO 2009,SOPORTE INFERIOR CENTRAL,Soporte Inferior Central,Central,DISPONIBLE,REVISADO,,,,,
COMBO 2009,TAPA DE BENCINA EXTERIOR,Tapa De Bencina Exterior,,DISPONIBLE,REVISADO,,,,,
COMBO 2009,TAPA INTERIOR PLÁSTICA DE ESPEJO,Tapa Interior Plástica De Espejo,,DISPONIBLE,REVISADO,,,,,
COMBO 2009,TAPABARRO IZQUIERDO,Tapabarro Izquierdo,,DISPONIBLE,REVISADO,,,,,
COMBO 2009,TAPIZ INTERIOR PUERTA DELANTERA DERECHA,Tapiz Interior Puerta Delantera Derecha,Delantera,DISPONIBLE,REVISADO,,,,,
COMBO 2009,TAPIZ PUERTA DELANTERA LH,Tapiz Puerta Delantera,Delantera Izquierda,VENDIDO,REVISADO,,,,,
COMBO 2009,TELECOMANDO INTERMITENTE,Telecomando Intermitente,,DISPONIBLE,REVISADO,,,,,
COMBO 2009,TELECOMANDO LIMPIAPARABRISAS,Telecomando Limpiaparabrisas,,DISPONIBLE,REVISADO,,,,,
COMBO 2009,TUBOS PLÁSTICOS INTERCOOLER,Tubos Plásticos Intercooler,,DISPONIBLE,REVISADO,,,,,
COMBO 2009,TURBO,Turbo,,DISPONIBLE,REVISADO,,,,,
COMBO 2009,VÁLVULA EGR,Válvula Egr,,DISPONIBLE,REVISADO,,,,,
COMBO 2009,VÁLVULA PCV,Válvula Pcv,,DISPONIBLE,REVISADO,,,,,
COMBO 2009,VARILLA DE ACEITE,Varilla De Aceite,,NO DISPONIBLE,REVISADO,,,,,
COMBO 2009,VARILLA DE CAPOT,Varilla De Capot,,DISPONIBLE,REVISADO,,,,,
COMBO 2009,VOLANTE,Volante,,DISPONIBLE,REVISADO,,,,,
COMBO 2009,"VOLANTE EMBRAGUE, BIMASA O INERCIA","Volante Embrague, Bimasa O Inercia",,VENDIDO,REVISADO,55000,55000,,,
COMBO 2009,PIOLA FRENO DE MANO,Piola Freno De Mano,,DISPONIBLE,REVISADO,,,,,
COMBO 2009,SOPORTE DE MOTOR O CAJA INFERIOR CENTRAL,Soporte De Motor O Caja Inferior Central,Central,NO DISPONIBLE,REVISADO,,,,,
COMBO 2009,SERVO FRENO,Servo Freno,,VENDIDO,REVISADO,,,,,
CX70 2020,ALERÓN CON TERCERA LUZ DE FRENO,Alerón Con Tercera Luz De Freno,,DISPONIBLE,SANTIAGO,54000,45000,,,
CX70 2020,ALTERNADOR,Alternador,,DISPONIBLE,SANTIAGO,65000,60000,,,
CX70 2020,AMORTIGUADOR DELANTERO IZQUIERDO,Amortiguador Delantero Izquierdo,Delantera,DISPONIBLE,SANTIAGO,65000,60000,,,
CX70 2020,AMORTIGUADOR TRASERO LH,Amortiguador Trasero,Trasera Izquierda,DISPONIBLE,SANTIAGO,25000,20000,,,
CX70 2020,AMORTIGUADOR TRASERO RH,Amortiguador Trasero,Trasera Derecha,DISPONIBLE,SANTIAGO,25000,20000,,,
CX70 2020,ANTENA COMPLETA ,Antena Completa ,,DISPONIBLE,SANTIAGO,20000,15000,,,
CX70 2020,ASIENTO DELANTERO LH,Asiento Delantero,Delantera Izquierda,VENDIDO,SANTIAGO,60000,55000,,,
CX70 2020,ASIENTO DELANTERO RH,Asiento Delantero,Delantera Derecha,VENDIDO,SANTIAGO,,,,,
CX70 2020,ASIENTOS TERCERA FILA,Asientos Tercera Fila,,VENDIDO,SANTIAGO,70000,70000,,,
CX70 2020,ASIENTOS TRASEROS (SEGUNDA FILA),Asientos Traseros (Segunda Fila),Trasera,VENDIDO,SANTIAGO,,,,,
CX70 2020,AUXILIAR USB,Auxiliar Usb,,DISPONIBLE,SANTIAGO,15000,10000,,,
CX70 2020,BANDEJA TRASERA HORQUILLA LH,Bandeja Trasera Horquilla,Trasera Izquierda,DISPONIBLE,SANTIAGO,,,,,
CX70 2020,BANDEJA TRASERA HORQUILLA RH,Bandeja Trasera Horquilla,Trasera Derecha,DISPONIBLE,SANTIAGO,,,,,
CX70 2020,BARRA TECHO LH,Barra Techo,Izquierda,DISPONIBLE,SANTIAGO,40000,35000,,,
CX70 2020,BARRA TECHO RH,Barra Techo,Derecha,DISPONIBLE,SANTIAGO,40000,35000,,,
CX70 2020,BASE BATERÍA,Base Batería,,DISPONIBLE,SANTIAGO,25000,22000,,,
CX70 2020,BOBINA 1,Bobina 1,,DISPONIBLE,SANTIAGO,30000,25000,,,
CX70 2020,BOBINA 2,Bobina 2,,DISPONIBLE,SANTIAGO,30000,25000,,,
CX70 2020,BRAZO LIMPIAPARBRISAS LH,Brazo Limpiaparbrisas,Izquierda,DISPONIBLE,SANTIAGO,,,,,
CX70 2020,BRAZO LIMPIAPARBRISAS RH,Brazo Limpiaparbrisas,Derecha,DISPONIBLE,SANTIAGO,,,,,
CX70 2020,BRAZO LIMPIAPARBRISAS TRASERO (PORTALÓN),Brazo Limpiaparbrisas Trasero (Portalón),Trasera,DISPONIBLE,SANTIAGO,,,,,
CX70 2020,CALIPER DELANTERO RH,Caliper Delantero,Delantera Derecha,DISPONIBLE,SANTIAGO,65000,60000,,,
CX70 2020,CAÑERÍAS DE AIRE ACONDICIONADO,Cañerías De Aire Acondicionado,,DISPONIBLE,SANTIAGO,70000,60000,,,
CX70 2020,CATALÍTICO,Catalítico,,VENDIDO,REQUINOA,,,,AL MONTÓN,
CX70 2020,CHAPA PORTALÓN,Chapa Portalón,,DISPONIBLE,SANTIAGO,25000,20000,,,
CX70 2020,CINTA DE AIRBAG,Cinta De Airbag,,DISPONIBLE,SANTIAGO,45000,40000,,REVISAR (NO SE PORQUÉ),Requiere revisión
CX70 2020,COLUMNA DE DIRECCIÓN ELECTRONICA,Columna De Dirección Electronica,,DISPONIBLE,SANTIAGO,200000,170000,,,
CX70 2020,COMPRESOR AIRE ACONDICIONADO,Compresor Aire Acondicionado,,VENDIDO,SANTIAGO,100000,90000,,,
CX70 2020,CORTE TECHO,Corte Techo,,VENDIDO,SANTIAGO,85000,70000,,,
CX70 2020,CORTE TRASERO IZQUIERDO (1/4 POLLO),Corte Trasero Izquierdo (1/4 Pollo),Trasera,DISPONIBLE,REQUINOA,100000,90000,,CON RESERVA,
CX70 2020,CUBRE ZÓCALO LH,Cubre Zócalo,Izquierda,DISPONIBLE,SANTIAGO,35700,30000,,,
CX70 2020,CUBRE ZÓCALO RH,Cubre Zócalo,Derecha,DISPONIBLE,SANTIAGO,35700,30000,,,
CX70 2020,CUERPO DE ACELERACIÓN,Cuerpo De Aceleración,,DISPONIBLE,SANTIAGO,65000,60000,,,
CX70 2020,CUNA,Cuna,,VENDIDO,SANTIAGO,95000,90000,,,
CX70 2020,DEPÓSITO DE AGUA,Depósito De Agua,,VENDIDO,SANTIAGO,30000,25000,,,
CX70 2020,DEPÓSITO LIMPIAPARABRISAS,Depósito Limpiaparabrisas,,VENDIDO,SANTIAGO,25000,25000,,,
CX70 2020,ENCENDEDOR DE CIGARROS ,Encendedor De Cigarros ,,DISPONIBLE,SANTIAGO,15000,10000,,,
CX70 2020,FOCO INTERIOR LUZ TECHO ,Foco Interior Luz Techo ,,DISPONIBLE,SANTIAGO,15000,10000,,,
CX70 2020,FRONTAL INFERIOR ,Frontal Inferior ,,DISPONIBLE,SANTIAGO,47600,40000,,,
CX70 2020,FRONTAL SUPERIOR ,Frontal Superior ,,DISPONIBLE,SANTIAGO,47600,40000,,,
CX70 2020,LUZ INTERIOR MALETA,Luz Interior Maleta,,DISPONIBLE,SANTIAGO,6000,5000,,,
CX70 2020,LUZ PATENTE LH,Luz Patente,Izquierda,DISPONIBLE,SANTIAGO,10000,8000,,,
CX70 2020,LUZ PATENTE RH,Luz Patente,Derecha,DISPONIBLE,SANTIAGO,10000,8000,,,
CX70 2020,MANILLA EXTERIOR DELANTERA RH,Manilla Exterior Delantera,Delantera Derecha,DISPONIBLE,SANTIAGO,25000,20000,,,
CX70 2020,MÉNSULA DELANTERA RH,Ménsula Delantera,Delantera Derecha,DISPONIBLE,SANTIAGO,,,,,
CX70 2020,MÉNSULA TRASERA LH,Ménsula Trasera,Trasera Izquierda,DISPONIBLE,SANTIAGO,,,,,
CX70 2020,MOLDURA PUERTA DELANTERA RH,Moldura Puerta Delantera,Delantera Derecha,DISPONIBLE,SANTIAGO,,,,,
CX70 2020,MOTOR DE PARTIDA,Motor De Partida,,DISPONIBLE,SANTIAGO,135000,130000,,,
CX70 2020,MOTOR NO FACTURABLE,Motor No Facturable,,VENDIDO,,750000,700000,,,Sin ubicación
CX70 2020,MÚLTIPLE DE ESCAPE ,Múltiple De Escape ,,DISPONIBLE,SANTIAGO,,,,,
CX70 2020,MUÑÓN Y MAZA DELANTERA LH,Muñón Y Maza Delantera,Delantera Izquierda,DISPONIBLE,,65000,60000,,,Sin ubicación
CX70 2020,MUÑÓN Y MAZA DELANTERA RH,Muñón Y Maza Delantera,Delantera Derecha,VENDIDO,SANTIAGO,,,,,
CX70 2020,PALANCA DE CAMBIOS,Palanca De Cambios,,DISPONIBLE,SANTIAGO,,,,,
CX70 2020,PARASOL LH,Parasol,Izquierda,VENDIDO,SANTIAGO,,,,,
CX70 2020,PARASOL RH,Parasol,Derecha,VENDIDO,SANTIAGO,,,,,
CX70 2020,PERNO RUEDA REPUESTO,Perno Rueda Repuesto,,VENDIDO,,10000,10000,,,Sin ubicación
CX70 2020,PORTALON SOLO LATA,Portalón Solo Lata,,VENDIDO,SANTIAGO,160000,150000,,,PORTALON mal escrito
CX70 2020,SENSOR ABS 1,Sensor Abs 1,,DISPONIBLE,SANTIAGO,,,,,
CX70 2020,SENSOR ABS 2,Sensor Abs 2,,DISPONIBLE,SANTIAGO,,,,,
CX70 2020,SENSOR ABS 3,Sensor Abs 3,,DISPONIBLE,SANTIAGO,,,,,
CX70 2020,SENSOR DE OXÍGENO ,Sensor De Oxígeno ,,DISPONIBLE,SANTIAGO,25000,20000,,,
CX70 2020,SENSOR DE OXÍGENO ,Sensor De Oxígeno ,,DISPONIBLE,SANTIAGO,25000,20000,,,
CX70 2020,SOPORTE ALTERNADOR Y COMPRESOR DE AIRE,Soporte Alternador Y Compresor De Aire,,VENDIDO,SANTIAGO,,,,,
CX70 2020,TAPA DE BENCINA INTERIOR,Tapa De Bencina Interior,,DISPONIBLE,SANTIAGO,5000,5000,,,
CX70 2020,TAPA PORTALÓN,Tapa Portalón,,VENDIDO,,5000,5000,,,Sin ubicación
CX70 2020,TELECOMANDO INTERMITENTE ,Telecomando Intermitente ,,DISPONIBLE,SANTIAGO,25000,20000,,,
CX70 2020,TELECOMANDO LIMPIAPARABRISAS ,Telecomando Limpiaparabrisas ,,DISPONIBLE,SANTIAGO,25000,20000,,,
CX70 2020,VARILLA CAPOT,Varilla Capot,,VENDIDO,SANTIAGO,20000,15000,,,
CX70 2020,VIDRIO DELANTERO RH,Vidrio Delantero,Delantera Derecha,DISPONIBLE,SANTIAGO,50000,45000,,,
CX70 2020,VIDRIO O LUNETA LATERAL LH,Vidrio O Luneta Lateral,Izquierda,VENDIDO,SANTIAGO,40000,35000,,,
CX70 2020,VIDRIO O LUNETA LATERAL RH,Vidrio O Luneta Lateral,Derecha,DISPONIBLE,SANTIAGO,40000,35000,,,
CX70 2020,VIDRIO PUERTA TRASERA LUNETA LH,Vidrio Puerta Trasera Luneta,Trasera Izquierda,DISPONIBLE,,35000,30000,,,Sin ubicación
CX70 2020,VIDRIO PUERTA TRASERA LUNETA RH,Vidrio Puerta Trasera Luneta,Trasera Derecha,DISPONIBLE,,35000,30000,,,Sin ubicación
CX70 2020,VOLANTE,Volante,,DISPONIBLE,SANTIAGO,65000,60000,,,
CX70 2020,BOMBA DE PEDAL DE EMBRAGUE,Bomba De Pedal De Embrague,,DISPONIBLE,SANTIAGO,,,,,
DOKKER 2021,AMORTIGUADOR TRASERO LH,Amortiguador Trasero,Trasera Izquierda,DISPONIBLE,SANTIAGO,35000,30000,,,
DOKKER 2021,AMORTIGUADOR TRASERO RH,Amortiguador Trasero,Trasera Derecha,DISPONIBLE,SANTIAGO,35000,30000,,,
DOKKER 2021,ASIENTO DELANTERO RH,Asiento Delantero,Delantera Derecha,DISPONIBLE,,60000,50000,,,Sin ubicación
DOKKER 2021,BANDEJA DELANTERA LH,Bandeja Delantera,Delantera Izquierda,DISPONIBLE,SANTIAGO,20000,15000,,,
DOKKER 2021,BANDEJA DELANTERA RH,Bandeja Delantera,Delantera Derecha,DISPONIBLE,SANTIAGO,20000,15000,,,
DOKKER 2021,BISAGRA CAPOT LH,Bisagra Capot,Izquierda,DISPONIBLE,,35000,30000,,,Sin ubicación
DOKKER 2021,BISAGRA CAPOT RH,Bisagra Capot,Derecha,DISPONIBLE,,35000,30000,,,Sin ubicación
DOKKER 2021,BISEL RADIO Y CONTROL DE AIRE,Bisel Radio Y Control De Aire,,DISPONIBLE,SANTIAGO,,,,ESCRITO ASÍ EN INVENTARIO (REVISAR),Requiere revisión
DOKKER 2021,BOMBA DE DIÉSEL,Bomba De Diésel,,DISPONIBLE,SANTIAGO,85000,80000,,,
DOKKER 2021,BOMBA ELECTROHIDRÁULICA,Bomba Electrohidráulica,,VENDIDO,SANTIAGO,170000,160000,,,
DOKKER 2021,BRAZO LIMPIAPARABRISAS LH,Brazo Limpiaparabrisas,Izquierda,DISPONIBLE,SANTIAGO,15000,10000,,,
DOKKER 2021,BRAZO LIMPIAPARABRISAS RH,Brazo Limpiaparabrisas,Derecha,DISPONIBLE,SANTIAGO,15000,10000,,,
DOKKER 2021,CAJA,Caja,,VENDIDO,,630000,600000,,,Sin ubicación
DOKKER 2021,CALIPER DELANTERO LH,Caliper Delantero,Delantera Izquierda,DISPONIBLE,SANTIAGO,35000,30000,,,
DOKKER 2021,CALIPER DELANTERO RH,Caliper Delantero,Delantera Derecha,DISPONIBLE,SANTIAGO,35000,30000,,,
DOKKER 2021,CAÑERÍA AIRE,Cañería Aire,,VENDIDO,,50000,45000,,,Sin ubicación
DOKKER 2021,CAÑERÍA DE AIRE 1,Cañería De Aire 1,,DISPONIBLE,SANTIAGO,,,,,
DOKKER 2021,CAÑERÍA DE AIRE 2,Cañería De Aire 2,,DISPONIBLE,SANTIAGO,,,,,
DOKKER 2021,CAÑERÍA HIDRÁULICA,Cañería Hidráulica,,DISPONIBLE,SANTIAGO,,,,,
DOKKER 2021,CHAPA CAPOT,Chapa Capot,,DISPONIBLE,SANTIAGO,3000,25000,,,
DOKKER 2021,CHAPA PUERTA TRASERA (PORTALÓN),Chapa Puerta Trasera (Portalón),Trasera,DISPONIBLE,SANTIAGO,50000,45000,,,
DOKKER 2021,CINTA DE AIRBAG,Cinta De Airbag,,DISPONIBLE,SANTIAGO,30000,25000,,,
DOKKER 2021,CREMALLERA DE ALZAVIDRIO DELANTERA LH ,Cremallera De Alzavidrio Delantera ,Delantera Izquierda,DISPONIBLE,SANTIAGO,35000,30000,,,
DOKKER 2021,CREMALLERA DE DIRECCIÓN,Cremallera De Dirección,,DISPONIBLE,SANTIAGO,140000,150000,,,
DOKKER 2021,CUBRE CARTER,Cubre Carter,,DISPONIBLE,SANTIAGO,25000,20000,,,
DOKKER 2021,CUNA ,Cuna ,,DISPONIBLE,SANTIAGO,130000,120000,,,
DOKKER 2021,DEPÓSITO DE AGUA O LÍQUIDO REFRIGERANTE ,Depósito De Agua O Líquido Refrigerante ,,DISPONIBLE,SANTIAGO,20000,15000,,,
DOKKER 2021,DEPÓSITO DE LIMPIAPARABRISAS ,Depósito De Limpiaparabrisas ,,DISPONIBLE,SANTIAGO,25000,20000,,,
DOKKER 2021,DISCO DE FRENO DELANTERO LH,Disco De Freno Delantero,Delantera Izquierda,DISPONIBLE,SANTIAGO,20000,15000,,,
DOKKER 2021,DISCO DE FRENO DELANTERO RH,Disco De Freno Delantero,Delantera Derecha,DISPONIBLE,,25000,20000,,,Sin ubicación
DOKKER 2021,ECU ,Ecu ,,VENDIDO,SANTIAGO,170000,160000,,,
DOKKER 2021,EJE PALIER LH ,Eje Palier ,Izquierda,DISPONIBLE,SANTIAGO,90000,80000,,,
DOKKER 2021,EJE TRASERO,Eje Trasero,Trasera,DISPONIBLE,SANTIAGO,110000,100000,,,
DOKKER 2021,ESPIRAL TRASERO LH,Espiral Trasero,Trasera Izquierda,DISPONIBLE,,25000,20000,,,Sin ubicación
DOKKER 2021,ESPIRAL TRASERO RH,Espiral Trasero,Trasera Derecha,DISPONIBLE,,25000,20000,,,Sin ubicación
DOKKER 2021,INTERCOOLER ,Intercooler ,,VENDIDO,SANTIAGO,77000,65000,,,
DOKKER 2021,LLANTA CON NEUMÁTICO,Llanta Con Neumático,,VENDIDO,SANTIAGO,66000,55000,,,
DOKKER 2021,LUZ INTERIOR,Luz Interior,,DISPONIBLE,SANTIAGO,15000,10000,,TECHO?,Requiere revisión
DOKKER 2021,MANILLA EXTERIOR TRASERA CON CILINDRO,Manilla Exterior Trasera Con Cilindro,Trasera,VENDIDO,SANTIAGO,20000,15000,,,
DOKKER 2021,MANILLA INTERIOR PUERTA DELANTERA LH,Manilla Interior Puerta Delantera,Delantera Izquierda,DISPONIBLE,SANTIAGO,,,,,
DOKKER 2021,MAZA CON MUÑÓN LH,Maza Con Muñón,Izquierda,DISPONIBLE,,65000,60000,,,Sin ubicación
DOKKER 2021,MÉNSULA DELANTERA LH,Ménsula Delantera,Delantera Izquierda,DISPONIBLE,SANTIAGO,30000,25000,,,
DOKKER 2021,MOTOR DE PARTIDA,Motor De Partida,,DISPONIBLE,SANTIAGO,55000,50000,,,
DOKKER 2021,OPTICO DERECHO,Optico Derecho,,VENDIDO,SANTIAGO,35000,30000,,,
DOKKER 2021,PALANCA DE CAMBIOS,Palanca De Cambios,,DISPONIBLE,SANTIAGO,50000,40000,,,
DOKKER 2021,PARASOL RH,Parasol,Derecha,DISPONIBLE,SANTIAGO,20000,15000,,,
DOKKER 2021,PIOLAS PALANCA DE CAMBIOS,Piolas Palanca De Cambios,,DISPONIBLE,SANTIAGO,50000,45000,,,
DOKKER 2021,PORTA FILTRO,Porta Filtro,,VENDIDO,SANTIAGO,30000,30000,,,
DOKKER 2021,RADIADOR AGUA,Radiador Agua,,VENDIDO,SANTIAGO,60000,60000,,,
DOKKER 2021,RADIADOR AIRE,Radiador Aire,,VENDIDO,SANTIAGO,30000,30000,,DETALLE,
DOKKER 2021,RADIADOR AIRE ACONDICIONADO ,Radiador Aire Acondicionado ,,DISPONIBLE,,90000,85000,,SIN MARCAR LADO,Sin ubicación
DOKKER 2021,RODAMIENTO TENSOR DE ACCESORIOS ,Rodamiento Tensor De Accesorios ,,DISPONIBLE,SANTIAGO,25000,20000,,,
DOKKER 2021,SENSOR ABS DELANTERO LH,Sensor Abs Delantero,Delantera Izquierda,DISPONIBLE,SANTIAGO,25000,20000,,,
DOKKER 2021,SENSOR ABS DELANTERO RH,Sensor Abs Delantero,Delantera Derecha,DISPONIBLE,SANTIAGO,25000,20000,,,
DOKKER 2021,SENSOR ABS TRASERO S/L,Sensor Abs Trasero S/L,Trasera,DISPONIBLE,SANTIAGO,25000,20000,,,
DOKKER 2021,SENSOR DE ÁNGULO DE GIRO,Sensor De Ángulo De Giro,,VENDIDO,SANTIAGO,,,,,
DOKKER 2021,TELECOMANDO LIMPIA PARABRISAS,Telecomando Limpia Parabrisas,,DISPONIBLE,SANTIAGO,25000,20000,,,
DOKKER 2021,TIRANTE DE PUERTA,Tirante De Puerta,,DISPONIBLE,SANTIAGO,15000,10000,,,
DOKKER 2021,VIDRIO DELANTERO LH,Vidrio Delantero,Delantera Izquierda,VENDIDO,SANTIAGO,45000,40000,,,
DOKKER 2021,VOLANTE,Volante,,DISPONIBLE,SANTIAGO,55000,50000,,,
DOKKER 2021,ESPEJO LH,Espejo,Izquierda,VENDIDO,SANTIAGO,,,,,
ECOSPORT 2019,AMORTIGUADOR DELANTERO LH,Amortiguador Delantero,Delantera Izquierda,VENDIDO,SANTIAGO,60000,50000,,,
ECOSPORT 2019,AMORTIGUADOR IZQUIERDO,Amortiguador Izquierdo,,POR CONFIRMAR,,55000,50000,,,Sin ubicación
ECOSPORT 2019,AMORTIGUADOR PORTALÓN,Amortiguador Portalón,,DISPONIBLE,,20000,15000,,,Sin ubicación
ECOSPORT 2019,APOYABRAZO MÁS CONSOLA CENTRAL,Apoyabrazo Más Consola Central,Central,DISPONIBLE,,30000,25000,,,Sin ubicación
ECOSPORT 2019,ASIENTO DELANTERO LH,Asiento Delantero,Delantera Izquierda,VENDIDO,SANTIAGO,60000,50000,,,
ECOSPORT 2019,ASIENTO DELANTERO RH,Asiento Delantero,Delantera Derecha,VENDIDO,SANTIAGO,,,,,
ECOSPORT 2019,BANDEJA IZQUIERDA,Bandeja Izquierda,,VENDIDO,,25000,20000,,,Sin ubicación
ECOSPORT 2019,BARRA ESTABILIZADORA,Barra Estabilizadora,,DISPONIBLE,,45000,40000,,,Sin ubicación
ECOSPORT 2019,BASE BATERÍA,Base Batería,,DISPONIBLE,,25000,20000,,,Sin ubicación
ECOSPORT 2019,BASE DE TERMOSTATO,Base De Termostato,,DISPONIBLE,SANTIAGO,35000,30000,,,
ECOSPORT 2019,BASE PALANCA DE CAMBIO,Base Palanca De Cambio,,DISPONIBLE,,30000,25000,,,Sin ubicación
ECOSPORT 2019,BIELETA,Bieleta,,DISPONIBLE,,10000,10000,,,Sin ubicación
ECOSPORT 2019,BISEL RADIO Y CONTROL DE AIRE,Bisel Radio Y Control De Aire,,DISPONIBLE,SANTIAGO,25000,20000,,ESCRITO ASÍ EN INVENTARIO,
ECOSPORT 2019,BOMBA DE BENCINA,Bomba De Bencina,,VENDIDO,SANTIAGO,55000,50000,,,
ECOSPORT 2019,BUTACA DERECHA,Butaca Derecha,,DISPONIBLE,,50000,50000,,,Sin ubicación
ECOSPORT 2019,BUTACA IZQUIERDA,Butaca Izquierda,,DISPONIBLE,,50000,50000,,,Sin ubicación
ECOSPORT 2019,CALIPER DELANTERO LH,Caliper Delantero,Delantera Izquierda,DISPONIBLE,SANTIAGO,45000,40000,,,
ECOSPORT 2019,CALIPER DELANTERO RH,Caliper Delantero,Delantera Derecha,DISPONIBLE,SANTIAGO,45000,40000,,,
ECOSPORT 2019,CHAPA CAPOT,Chapa Capot,,DISPONIBLE,,25000,20000,,,Sin ubicación
ECOSPORT 2019,CLIMATIZADOR,Climatizador,,DISPONIBLE,,50000,45000,,,Sin ubicación
ECOSPORT 2019,CODO DE AIRE,Codo De Aire,,DISPONIBLE,,25000,20000,,,Sin ubicación
ECOSPORT 2019,COFIA,Cofia,,DISPONIBLE,,35000,30000,,,Sin ubicación
ECOSPORT 2019,COLUMNA DE DIRECCIÓN ELECTRÓNICO,Columna De Dirección Electrónico,,DISPONIBLE,,95000,90000,,,Sin ubicación
ECOSPORT 2019,CORNER CUBRE ZÓCALO INFERIOR DERECHO,Corner Cubre Zócalo Inferior Derecho,,DISPONIBLE,,15000,15000,,,Sin ubicación
ECOSPORT 2019,CORNER CUBRE ZÓCALO INFERIOR IZQUIERDO,Corner Cubre Zócalo Inferior Izquierdo,,DISPONIBLE,,15000,15000,,,Sin ubicación
ECOSPORT 2019,CREMALLERA DE ALZAVIDRIO DELANTERA LH,Cremallera De Alzavidrio Delantera,Delantera Izquierda,DISPONIBLE,SANTIAGO,50000,40000,,,
ECOSPORT 2019,CREMALLERA DE ALZAVIDRIO DELANTERA RH ,Cremallera De Alzavidrio Delantera ,Delantera Derecha,DISPONIBLE,SANTIAGO,50000,40000,,,
ECOSPORT 2019,CREMALLERA DE ALZAVIDRIO TRASERA LH,Cremallera De Alzavidrio Trasera,Trasera Izquierda,DISPONIBLE,SANTIAGO,50000,40000,,,
ECOSPORT 2019,CREMALLERA DE ALZAVIDRIO TRASERA RH ,Cremallera De Alzavidrio Trasera ,Trasera Derecha,DISPONIBLE,SANTIAGO,50000,40000,,,
ECOSPORT 2019,CUBRE ZÓCALO IZQUIERDO,Cubre Zócalo Izquierdo,,DISPONIBLE,SANTIAGO,50000,45000,,,
ECOSPORT 2019,CUERPO DE ACELERACIÓN,Cuerpo De Aceleración,,VENDIDO,SANTIAGO,65000,60000,,,
ECOSPORT 2019,DEPÓSITO AGUA,Depósito Agua,,VENDIDO,,25000,20000,,,Sin ubicación
ECOSPORT 2019,DEPÓSITO DE LÍQUIDO DE FRENO MÁS BOMBA,Depósito De Líquido De Freno Más Bomba,,DISPONIBLE,SANTIAGO,50000,45000,,,
ECOSPORT 2019,DEPÓSITO LIMPIAPARABRISAS,Depósito Limpiaparabrisas,,DISPONIBLE,SANTIAGO,30000,25000,,,
ECOSPORT 2019,DISCO DE FRENO,Disco De Freno,,DISPONIBLE,SANTIAGO,25000,20000,,,
ECOSPORT 2019,EMBELLECEDOR SINÓPTICO,Embellecedor Sinóptico,,DISPONIBLE,,10000,10000,,,Sin ubicación
ECOSPORT 2019,EMBELLECEDOR TRIÁNGULO PUERTA TRESERA IZQUIERDA,Embellecedor Triángulo Puerta Tresera Izquierda,,DISPONIBLE,,5000,5000,,,Sin ubicación
ECOSPORT 2019,ESPEJO LH,Espejo,Izquierda,VENDIDO,SANTIAGO,25000,20000,,,
ECOSPORT 2019,ESPEJO RH ,Espejo ,Derecha,VENDIDO,SANTIAGO,25000,20000,,,
ECOSPORT 2019,ESPIRALES C/U,Espirales C/U,,DISPONIBLE,,10000,10000,,,Sin ubicación
ECOSPORT 2019,FOCO INTERIOR LUZ TECHO CENTRAL ,Foco Interior Luz Techo Central ,Central,DISPONIBLE,SANTIAGO,15000,10000,,,
ECOSPORT 2019,FOCO INTERIOR LUZ TECHO DELANTERA ,Foco Interior Luz Techo Delantera ,Delantera,DISPONIBLE,SANTIAGO,25000,20000,,,
ECOSPORT 2019,GANCHO PARA TIRAR,Gancho Para Tirar,,DISPONIBLE,,10000,10000,,,Sin ubicación
ECOSPORT 2019,GUARDAFANGO TRASERO DERECHO,Guardafango Trasero Derecho,Trasera,DISPONIBLE,,20000,15000,,,Sin ubicación
ECOSPORT 2019,GUARDAFANGO TRASERO IZQUIERDO,Guardafango Trasero Izquierdo,Trasera,DISPONIBLE,,20000,15000,,,Sin ubicación
ECOSPORT 2019,LLANTA 1,Llanta 1,,VENDIDO,SANTIAGO,80000,75000,,,
ECOSPORT 2019,LLANTA 2,Llanta 2,,VENDIDO,SANTIAGO,80000,75000,,,
ECOSPORT 2019,LLANTA 3,Llanta 3,,VENDIDO,SANTIAGO,80000,75000,,,
ECOSPORT 2019,LLANTA 4,Llanta 4,,VENDIDO,SANTIAGO,80000,75000,,,
ECOSPORT 2019,LLANTA Y RUEDA DE REPUESTO,Llanta Y Rueda De Repuesto,,DISPONIBLE,SANTIAGO,35000,30000,,,
ECOSPORT 2019,LUZ INTERIOR,Luz Interior,,DISPONIBLE,SANTIAGO,20000,15000,,,
ECOSPORT 2019,MANGUERA RADIADOR DE AGUA X3 C/U,Manguera Radiador De Agua X3 C/U,,DISPONIBLE,,15000,15000,,,Sin ubicación
ECOSPORT 2019,MANILLA EXTERIOR TRASERA RH,Manilla Exterior Trasera,Trasera Derecha,VENDIDO,SANTIAGO,20000,20000,,,
ECOSPORT 2019,MANILLA INTERIOR PUERTA DELANTERA LH,Manilla Interior Puerta Delantera,Delantera Izquierda,DISPONIBLE,SANTIAGO,15000,10000,,,
ECOSPORT 2019,MANILLA INTERIOR PUERTA TRASERA LH,Manilla Interior Puerta Trasera,Trasera Izquierda,DISPONIBLE,SANTIAGO,15000,10000,,,
ECOSPORT 2019,MANILLA INTERIOR PUERTA TRASERA RH,Manilla Interior Puerta Trasera,Trasera Derecha,DISPONIBLE,SANTIAGO,15000,10000,,,
ECOSPORT 2019,MÉNSULA TRASERA RH,Ménsula Trasera,Trasera Derecha,DISPONIBLE,SANTIAGO,15000,10000,,,
ECOSPORT 2019,MÓDULO ABS,Módulo Abs,,VENDIDO,,45000,40000,,,Sin ubicación
ECOSPORT 2019,MOLDURA PUERTA DELANTERA IZQUIERDA,Moldura Puerta Delantera Izquierda,Delantera,DISPONIBLE,SANTIAGO,20000,20000,,,
ECOSPORT 2019,MOLDURA PUERTA TRASERA IZQUIERDA,Moldura Puerta Trasera Izquierda,Trasera,POR CONFIRMAR,,20000,20000,,,Sin ubicación
ECOSPORT 2019,MUÑÓN IZQUIERDO,Muñón Izquierdo,,DISPONIBLE,,55000,50000,,,Sin ubicación
ECOSPORT 2019,PALANCA DE FRENO,Palanca De Freno,,DISPONIBLE,,35000,30000,,,Sin ubicación
ECOSPORT 2019,PARASOL RH,Parasol,Derecha,DISPONIBLE,SANTIAGO,20000,15000,,,
ECOSPORT 2019,PEDAL DE ACELERACIÓN ,Pedal De Aceleración ,,DISPONIBLE,,50000,45000,,,Sin ubicación
ECOSPORT 2019,PEDAL EMBRAGUE,Pedal Embrague,,DISPONIBLE,,55000,50000,,,Sin ubicación
ECOSPORT 2019,PIOLA FRENO DE MANO,Piola Freno De Mano,,DISPONIBLE,,15000,10000,,,Sin ubicación
ECOSPORT 2019,POMO Y FUNDA PALANCA DE CAMBIO,Pomo Y Funda Palanca De Cambio,,DISPONIBLE,SANTIAGO,20000,15000,,,
ECOSPORT 2019,RIEL DE INYECTORES ,Riel De Inyectores ,,VENDIDO,,60000,55000,,,Sin ubicación
ECOSPORT 2019,SENSOR ABS,Sensor Abs,,DISPONIBLE,SANTIAGO,20000,15000,,,
ECOSPORT 2019,SENSOR DE GOLPE MOTOR,Sensor De Golpe Motor,,DISPONIBLE,,15000,10000,,,Sin ubicación
ECOSPORT 2019,SENSOR EJE LEVA,Sensor Eje Leva,,DISPONIBLE,,20000,15000,,,Sin ubicación
ECOSPORT 2019,TAPA DE BENCINA EXTERIOR,Tapa De Bencina Exterior,,VENDIDO,SANTIAGO,15000,15000,,,
ECOSPORT 2019,TAPA DISTRIBUCIÓN,Tapa Distribución,,VENDIDO,SANTIAGO,50000,45000,,,
ECOSPORT 2019,TAPA GUANTERA,Tapa Guantera,,DISPONIBLE,,30000,25000,,,Sin ubicación
ECOSPORT 2019,TAPAS DE DISCO,Tapas De Disco,,DISPONIBLE,,15000,10000,,,Sin ubicación
ECOSPORT 2019,TEJADILLO,Tejadillo,,DISPONIBLE,,35000,30000,,,Sin ubicación
ECOSPORT 2019,TELECOMANDO COMPLETO,Telecomando Completo,,DISPONIBLE,SANTIAGO,80000,45000 C/U,,,
ECOSPORT 2019,TIRANTE DE PUERTA TRASERA RH,Tirante De Puerta Trasera,Trasera Derecha,DISPONIBLE,SANTIAGO,15000,10000,,,
ECOSPORT 2019,TITAMTE DE PUERTA DELANTERA RH,Titamte De Puerta Delantera,Delantera Derecha,DISPONIBLE,SANTIAGO,15000,10000,,,
ECOSPORT 2019,VALVULA VVT,Valvula Vvt,,DISPONIBLE,,30000,25000,,,Sin ubicación
ECOSPORT 2019,VARILLA ACEITE,Varilla Aceite,,POR CONFIRMAR,,10000,10000,,no disponible ,Sin ubicación
ECOSPORT 2019,VARILLA CAPOT,Varilla Capot,,DISPONIBLE,SANTIAGO,15000,10000,,,
ECOSPORT 2019,VIDRIO PUERTA DELANTERA LH,Vidrio Puerta Delantera,Delantera Izquierda,DISPONIBLE,SANTIAGO,45000,40000,,,
ECOSPORT 2019,VIDRIO PUERTA DELANTERA RH,Vidrio Puerta Delantera,Delantera Derecha,POR CONFIRMAR,,45000,40000,,,Sin ubicación
ECOSPORT 2019,VIDRIO PUERTA TRASERA LH,Vidrio Puerta Trasera,Trasera Izquierda,DISPONIBLE,SANTIAGO,40000,35000,,,
ECOSPORT 2019,VIDRIO PUERTA TRASERA RH,Vidrio Puerta Trasera,Trasera Derecha,VENDIDO,SANTIAGO,40000,35000,,,
ECOSPORT 2019,VOLANTE,Volante,,DISPONIBLE,SANTIAGO,60000,55000,,,
ELANTRA 2006,ALTERNADOR,Alternador,,DISPONIBLE,SANTIAGO,,,,,
ELANTRA 2006,AMORTIGUADOR DELANTERO DERECHO,Amortiguador Delantero Derecho,Delantera,DISPONIBLE,SANTIAGO,,,,,
ELANTRA 2006,AMORTIGUADOR DELANTERO IZQUIERDO,Amortiguador Delantero Izquierdo,Delantera,DISPONIBLE,SANTIAGO,,,,,
ELANTRA 2006,BANDEJA DELANTERA DERECHA,Bandeja Delantera Derecha,Delantera,DISPONIBLE,SANTIAGO,,,,,
ELANTRA 2006,BANDEJA DELANTERA IZQUIERDA,Bandeja Delantera Izquierda,Delantera,DISPONIBLE,SANTIAGO,,,,,
ELANTRA 2006,BASE O SOPORTE DE DEPÓSITO LÍQUIDO HIDRÁULICO,Base O Soporte De Depósito Líquido Hidráulico,,NO DISPONIBLE,SANTIAGO,,,,,
ELANTRA 2006,BASE TERMOSTATO,Base Termostato,,DISPONIBLE,SANTIAGO,,,,,
ELANTRA 2006,BOBINA,Bobina,,DISPONIBLE,SANTIAGO,,,,,
ELANTRA 2006,BOMBA DE FRENO,Bomba De Freno,,DISPONIBLE,SANTIAGO,,,,,
ELANTRA 2006,BOMBA HIDRÁULICA,Bomba Hidráulica,,DISPONIBLE,SANTIAGO,,,,,
ELANTRA 2006,BOTÓN DE ALZAVIDRIO TRASERO DERECHO,Botón De Alzavidrio Trasero Derecho,Trasera,DISPONIBLE,SANTIAGO,,,,,
ELANTRA 2006,BOTÓN DE ALZAVIDRIO TRASERO IZQUIERDO,Botón De Alzavidrio Trasero Izquierdo,Trasera,DISPONIBLE,SANTIAGO,,,,,
ELANTRA 2006,CAJA DE CAMBIOS MECÁNICA,Caja De Cambios Mecánica,,DISPONIBLE,SANTIAGO,,,,,
ELANTRA 2006,CALIPER DELANTERO DERECHO,Caliper Delantero Derecho,Delantera,DISPONIBLE,SANTIAGO,,,,,
ELANTRA 2006,CALIPER DELANTERO IZQUIERDO,Caliper Delantero Izquierdo,Delantera,DISPONIBLE,SANTIAGO,,,,,
ELANTRA 2006,CAÑERÍAS DE AIRE ACONDICIONADO,Cañerías De Aire Acondicionado,,DISPONIBLE,SANTIAGO,,,,,
ELANTRA 2006,CAÑERÍAS DE LÍQUIDO HIDRÁULICO,Cañerías De Líquido Hidráulico,,DISPONIBLE,SANTIAGO,,,,,
ELANTRA 2006,CHAPA PUERTA DELANTERA DERECHA,Chapa Puerta Delantera Derecha,Delantera,DISPONIBLE,SANTIAGO,,,,,
ELANTRA 2006,CHAPA PUERTA DELANTERA IZQUIERDA,Chapa Puerta Delantera Izquierda,Delantera,DISPONIBLE,SANTIAGO,,,,,
ELANTRA 2006,CHAPA PUERTA TRASERA DERECHA,Chapa Puerta Trasera Derecha,Trasera,DISPONIBLE,SANTIAGO,,,,,
ELANTRA 2006,CHAPA PUERTA TRASERA IZQUIERDA,Chapa Puerta Trasera Izquierda,Trasera,DISPONIBLE,SANTIAGO,,,,,
ELANTRA 2006,COMPRESOR DE AIRE ACONDICIONADO,Compresor De Aire Acondicionado,,DISPONIBLE,SANTIAGO,,,,,
ELANTRA 2006,CREMALLERA DE ALZAVIDRIO CON PANEL PUERTA TRASERA DERECHA,Cremallera De Alzavidrio Con Panel Puerta Trasera Derecha,Trasera,DISPONIBLE,SANTIAGO,,,,,
ELANTRA 2006,CREMALLERA DE ALZAVIDRIO CON PANEL DELANTERA DERECHA,Cremallera De Alzavidrio Con Panel Delantera Derecha,Delantera,DISPONIBLE,SANTIAGO,,,,,
ELANTRA 2006,CREMALLERA DE ALZAVIDRIO CON PANEL DELANTERA IZQUIERDA,Cremallera De Alzavidrio Con Panel Delantera Izquierda,Delantera,DISPONIBLE,SANTIAGO,,,,,
ELANTRA 2006,CREMALLERA DE ALZAVIDRIO CON PANEL PUERTA TRASERA IZQUIERDA,Cremallera De Alzavidrio Con Panel Puerta Trasera Izquierda,Trasera,DISPONIBLE,SANTIAGO,,,,,
ELANTRA 2006,CREMALLERA DE DIRECCIÓN,Cremallera De Dirección,,DISPONIBLE,SANTIAGO,,,,,
ELANTRA 2006,CUERPO DE ACELERACIÓN,Cuerpo De Aceleración,,VENDIDO,SANTIAGO,45000,45000,,,
ELANTRA 2006,CUNA,Cuna,,DISPONIBLE,SANTIAGO,,,,,
ELANTRA 2006,CUNA CON BARRA ESTABILIZADORA,Cuna Con Barra Estabilizadora,,DISPONIBLE,SANTIAGO,,,,,
ELANTRA 2006,DEPÓSITO DE AGUA,Depósito De Agua,,DISPONIBLE,SANTIAGO,,,,,
ELANTRA 2006,DISCO DE FRENO DELANTERO DERECHO,Disco De Freno Delantero Derecho,Delantera,DISPONIBLE,SANTIAGO,,,,,
ELANTRA 2006,DISCO DE FRENO DELANTERO IZQUIERDO,Disco De Freno Delantero Izquierdo,Delantera,DISPONIBLE,SANTIAGO,,,,,
ELANTRA 2006,EJE PALIER DERECHO,Eje Palier Derecho,,VENDIDO,SANTIAGO,60000,60000,,,
ELANTRA 2006,EJE PALIER IZQUIERDO,Eje Palier Izquierdo,,DISPONIBLE,SANTIAGO,,,,,
ELANTRA 2006,ELECTROVENTILADOR 1,Electroventilador 1,,DISPONIBLE,SANTIAGO,,,,EL AUTO LLEVA 2 ELECTROS,
ELANTRA 2006,ELECTROVENTILADOR 2,Electroventilador 2,,DISPONIBLE,SANTIAGO,,,,EL AUTO LLEVA 2 ELECTROS,
ELANTRA 2006,ESPEJO DERECHO,Espejo Derecho,,DISPONIBLE,SANTIAGO,,,,,
ELANTRA 2006,ESPEJO IZQUIERDO,Espejo Izquierdo,,DISPONIBLE,SANTIAGO,,,,,
ELANTRA 2006,KIT DE EMBRAUE,Kit De Embraue,,DISPONIBLE,SANTIAGO,,,,,Múltiples piezas
ELANTRA 2006,MANGUERA DE AGUA (3),Manguera De Agua (3),,DISPONIBLE,SANTIAGO,,,,,
ELANTRA 2006,MANILLA EXTERIOR PUERTA DELANTERA DERECHA ,Manilla Exterior Puerta Delantera Derecha ,Delantera,DISPONIBLE,SANTIAGO,,,,,
ELANTRA 2006,MANILLA EXTERIOR PUERTA DELANTERA IZQUIERDA,Manilla Exterior Puerta Delantera Izquierda,Delantera,DISPONIBLE,SANTIAGO,,,,,
ELANTRA 2006,MANILLA EXTERIOR PUERTA TRASERA DERECHA,Manilla Exterior Puerta Trasera Derecha,Trasera,DISPONIBLE,SANTIAGO,,,,,
ELANTRA 2006,MANILLA EXTERIOR PUERTA TRASERA IZQUIERDA,Manilla Exterior Puerta Trasera Izquierda,Trasera,DISPONIBLE,SANTIAGO,,,,,
ELANTRA 2006,MANILLA INTERIOR PUERTA DELANTERA DERECHA,Manilla Interior Puerta Delantera Derecha,Delantera,DISPONIBLE,SANTIAGO,,,,,
ELANTRA 2006,MANILLA INTERIOR PUERTA DELANTERA IZQUIERDA,Manilla Interior Puerta Delantera Izquierda,Delantera,DISPONIBLE,SANTIAGO,,,,,
ELANTRA 2006,MANILLA INTERIOR PUERTA TRASERA DERECHA,Manilla Interior Puerta Trasera Derecha,Trasera,DISPONIBLE,SANTIAGO,,,,,
ELANTRA 2006,MANILLA INTERIOR PUERTA TRASERA IZQUIERDA,Manilla Interior Puerta Trasera Izquierda,Trasera,DISPONIBLE,SANTIAGO,,,,,
ELANTRA 2006,MOTOR DE PARTIDA,Motor De Partida,,DISPONIBLE,SANTIAGO,,,,,
ELANTRA 2006,MOTOR FACTURABLE,Motor Facturable,,DISPONIBLE,SANTIAGO,,,,,
ELANTRA 2006,MÚLTIPLE DE ADMISIÓN,Múltiple De Admisión,,DISPONIBLE,SANTIAGO,,,,,
ELANTRA 2006,MÚLTIPLE DE ESCAPE CON CATALÍTICO,Múltiple De Escape Con Catalítico,,DISPONIBLE,SANTIAGO,,,,,
ELANTRA 2006,MUÑÓN CON MAZA DELANTERA DERECHA,Muñón Con Maza Delantera Derecha,Delantera,DISPONIBLE,SANTIAGO,,,,,
ELANTRA 2006,MUÑÓN CON MAZA DELANTERA IZQUIERDA,Muñón Con Maza Delantera Izquierda,Delantera,DISPONIBLE,SANTIAGO,,,,,
ELANTRA 2006,ÓPTICO LH,Óptico,Izquierda,NO DISPONIBLE,SANTIAGO,,,,,
ELANTRA 2006,ÓPTICO RH,Óptico,Derecha,NO DISPONIBLE,SANTIAGO,,,,,
ELANTRA 2006,PORTA FILTRO DE AIRE CON TUBO CORRUGADO,Porta Filtro De Aire Con Tubo Corrugado,,DISPONIBLE,SANTIAGO,,,,,
ELANTRA 2006,PROTECTOR ALUMINIO MÚLTIPLE DE ESCAPE,Protector Aluminio Múltiple De Escape,,DISPONIBLE,SANTIAGO,,,,,
ELANTRA 2006,RADIADOR DE AGUA ,Radiador De Agua ,,DISPONIBLE,SANTIAGO,,,,,
ELANTRA 2006,RADIADOR DE AIRE ACONDICIONADO,Radiador De Aire Acondicionado,,DISPONIBLE,SANTIAGO,,,,,
ELANTRA 2006,REFUERZO PARACHOQUE DELANTERO,Refuerzo Parachoque Delantero,Delantera,DISPONIBLE,SANTIAGO,,,,,
ELANTRA 2006,RIEL DE INYECTORES,Riel De Inyectores,,DISPONIBLE,SANTIAGO,,,,,
ELANTRA 2006,SOPORTE DE MOTOR CENTRAL,Soporte De Motor Central,Central,DISPONIBLE,SANTIAGO,,,,,
ELANTRA 2006,SOPORTE DE MOTOR DERECHO,Soporte De Motor Derecho,,DISPONIBLE,SANTIAGO,,,,,
ELANTRA 2006,SOPORTE DE MOTOR IZQUIERDO,Soporte De Motor Izquierdo,,DISPONIBLE,SANTIAGO,,,,,
ELANTRA 2006,TAPABARRO DERECHO,Tapabarro Derecho,,DISPONIBLE,SANTIAGO,,,,,
ELANTRA 2006,VÁLVULA EVAP,Válvula Evap,,DISPONIBLE,SANTIAGO,,,,,
ELANTRA 2006,VARILLA CAPOT,Varilla Capot,,DISPONIBLE,SANTIAGO,,,,,
ELANTRA 2006,VIDRIO LUNETA PUERTA TRASERA DERECHA,Vidrio Luneta Puerta Trasera Derecha,Trasera,DISPONIBLE,SANTIAGO,,,,,
ELANTRA 2006,VIDRIO LUNETA PUERTA TRASERA IZQUIERDA,Vidrio Luneta Puerta Trasera Izquierda,Trasera,DISPONIBLE,SANTIAGO,,,,,
ELANTRA 2006,VIDRIO PUERTA DELANTERA DERECHA,Vidrio Puerta Delantera Derecha,Delantera,DISPONIBLE,SANTIAGO,,,,,
ELANTRA 2006,VIDRIO PUERTA DELANTERA IZQUIERDA,Vidrio Puerta Delantera Izquierda,Delantera,DISPONIBLE,SANTIAGO,,,,,
ELANTRA 2006,VIDRIO PUERTA TRASERA DERECHA,Vidrio Puerta Trasera Derecha,Trasera,DISPONIBLE,SANTIAGO,,,,,
ELANTRA 2006,VIDRIO PUERTA TRASERA IZQUIERDA,Vidrio Puerta Trasera Izquierda,Trasera,DISPONIBLE,SANTIAGO,,,,,
ELANTRA 2006,VOLANTE BIMASA,Volante Bimasa,,DISPONIBLE,SANTIAGO,,,,,
FABIA 2021,ABSORBEDOR DE IMPACTO DELANTERO,Absorbedor De Impacto Delantero,Delantera,VENDIDO,SANTIAGO,25000,20000,,,
FABIA 2021,ABSORBEDOR DE IMPACTO TRASERO,Absorbedor De Impacto Trasero,Trasera,VENDIDO,SANTIAGO,25000,20000,,,
FABIA 2021,AIRBAG DE CORTINA RH,Airbag De Cortina,Derecha,DISPONIBLE,SANTIAGO,,,,,
FABIA 2021,ALFOMBRA O PISO DELANTERO LH,Alfombra O Piso Delantero,Delantera Izquierda,VENDIDO,SANTIAGO,20000,15000,,,
FABIA 2021,ALFOMBRA O PISO DELANTERO RH,Alfombra O Piso Delantero,Delantera Derecha,VENDIDO,SANTIAGO,20000,15000,,,
FABIA 2021,ALFOMBRA O PISO TRASERO LH,Alfombra O Piso Trasero,Trasera Izquierda,VENDIDO,SANTIAGO,15000,10000,,,
FABIA 2021,ALFOMBRA O PISO TRASERO RH,Alfombra O Piso Trasero,Trasera Derecha,VENDIDO,SANTIAGO,20000,15000,,,
FABIA 2021,ALTERNADOR,Alternador,,VENDIDO,SANTIAGO,130000,120000,,,
FABIA 2021,AMORTIGUADOR DELANTERO LH,Amortiguador Delantero,Delantera Izquierda,DISPONIBLE,SANTIAGO,110000,100000,,,
FABIA 2021,AMORTIGUADOR DELANTERO RH,Amortiguador Delantero,Delantera Derecha,VENDIDO,SANTIAGO,110000,100000,,,
FABIA 2021,AMORTIGUADOR PORTALON,Amortiguador Portalón,,DISPONIBLE,,25000,20000,,,PORTALON mal escrito; Sin ubicación
FABIA 2021,AMORTIGUADOR TRASERO DERECHO,Amortiguador Trasero Derecho,Trasera,DISPONIBLE,SANTIAGO,110000,100000,,,
FABIA 2021,AMORTIGUADOR TRASERO DERECHO,Amortiguador Trasero Derecho,Trasera,DISPONIBLE,SANTIAGO,110000,100000,,,
FABIA 2021,ANTENA,Antena,,DISPONIBLE,SANTIAGO,15000,10000,,,
FABIA 2021,APOYA BRAZO CENTRAL,Apoya Brazo Central,Central,DISPONIBLE,,55000,50000,,,Sin ubicación
FABIA 2021,ASIENTO DELANTERO LH,Asiento Delantero,Delantera Izquierda,VENDIDO,SANTIAGO,90000,85000,,,
FABIA 2021,ASIENTO DELANTERO RH,Asiento Delantero,Delantera Derecha,DISPONIBLE,SANTIAGO,90000,85000,,,
FABIA 2021,ASIENTO TRASSERO,Asiento Trassero,,DISPONIBLE,,70000,60000,,,Sin ubicación
FABIA 2021,AUXILIAR USB 1,Auxiliar Usb 1,,DISPONIBLE,SANTIAGO,20000,15000,,,
FABIA 2021,AUXILIAR USB 2,Auxiliar Usb 2,,DISPONIBLE,SANTIAGO,20000,15000,,,
FABIA 2021,BANDEJA DERECHA,Bandeja Derecha,,DISPONIBLE,SANTIAGO,80000,75000,,,
FABIA 2021,BANDEJA IZQUIERDA,Bandeja Izquierda,,VENDIDO,SANTIAGO,80000,75000,,,
FABIA 2021,BASE BATERIA,Base Bateria,,VENDIDO,SANTIAGO,35000,30000,,,
FABIA 2021,BCM,Bcm,,DISPONIBLE,,190400,160000,,,Sin ubicación
FABIA 2021,BISAGRA CAPOT LH,Bisagra Capot,Izquierda,VENDIDO,SANTIAGO,45000,40000,,,
FABIA 2021,BISAGRA CAPOT RH,Bisagra Capot,Derecha,VENDIDO,SANTIAGO,45000,40000,,,
FABIA 2021,BISAGRAS PUERTA DELANTERA RH,Bisagras Puerta Delantera,Delantera Derecha,VENDIDO,SANTIAGO,25000,20000,,,
FABIA 2021,BISAGRAS PUERTA TRASERA LH,Bisagras Puerta Trasera,Trasera Izquierda,DISPONIBLE,,25000,20000,,,Sin ubicación
FABIA 2021,BISAGRAS PUERTA TRASERA RH,Bisagras Puerta Trasera,Trasera Derecha,DISPONIBLE,,25000,20000,,,Sin ubicación
FABIA 2021,BOBINA 1,Bobina 1,,DISPONIBLE,SANTIAGO,35700,30000,,,
FABIA 2021,BOBINA 2,Bobina 2,,DISPONIBLE,SANTIAGO,35700,30000,,,
FABIA 2021,BOBINA 3 ,Bobina 3 ,,DISPONIBLE,SANTIAGO,35700,30000,,,
FABIA 2021,BOMBA DE AGUA,Bomba De Agua,,DISPONIBLE,SANTIAGO,130000,120000,,,
FABIA 2021,BOMBA DE ALTA 1,Bomba De Alta 1,,DISPONIBLE,SANTIAGO,,,,,
FABIA 2021,BOMBA DE ALTA 2,Bomba De Alta 2,,DISPONIBLE,SANTIAGO,,,,,
FABIA 2021,BOMBA DE BENCINA,Bomba De Bencina,,DISPONIBLE,SANTIAGO,95200,80000,,,
FABIA 2021,BOMBA DE COMBUSTIBLE DE ALTA,Bomba De Combustible De Alta,,DISPONIBLE,,178500,150000,,,Sin ubicación
FABIA 2021,BOTON DE ENCENDIDO,Boton De Encendido,,DISPONIBLE,,30000,25000,,,Sin ubicación
FABIA 2021,BOTONERA HAZAR Y CALEFACCIÓN ASIENTOS,Botonera Hazar Y Calefacción Asientos,,DISPONIBLE,,70000,65000,,,Sin ubicación
FABIA 2021,BOTONERA PUERTA DELANTERA LH,Botonera Puerta Delantera,Delantera Izquierda,NO DISPONIBLE,,,,,,Sin ubicación
FABIA 2021,BOTONERA PUERTA DELANTERA RH,Botonera Puerta Delantera,Delantera Derecha,POR CONFIRMAR,,35000,25000,,,Sin ubicación
FABIA 2021,BOTONERA PUERTA TRASERA ,Botonera Puerta Trasera ,Trasera,VENDIDO,SANTIAGO,35000,25000,,,
FABIA 2021,BOTONERA PUERTA TRASERA ,Botonera Puerta Trasera ,Trasera,DISPONIBLE,,35000,25000,,,Sin ubicación
FABIA 2021,BRAZO LIMPIAPARABRISAS TRASERO O PORTALÓN,Brazo Limpiaparabrisas Trasero O Portalón,Trasera,DISPONIBLE,SANTIAGO,,,,,
FABIA 2021,BRAZOS LIMPIAPARABRISAS LH,Brazos Limpiaparabrisas,Izquierda,DISPONIBLE,SANTIAGO,35000,30000,,,
FABIA 2021,BRAZOS LIMPIAPARABRISAS RH,Brazos Limpiaparabrisas,Derecha,DISPONIBLE,SANTIAGO,35000,30000,,,
FABIA 2021,CAJA,Caja,,VENDIDO,SANTIAGO,970000,900000,,ESTE PRECIO SE MANTIENE,
FABIA 2021,CALIPER DELANTERO LH,Caliper Delantero,Delantera Izquierda,DISPONIBLE,SANTIAGO,60000,50000,,,
FABIA 2021,CALIPER DELANTERO RH,Caliper Delantero,Delantera Derecha,DISPONIBLE,SANTIAGO,60000,50000,,,
FABIA 2021,CALIPER TRASERO LH,Caliper Trasero,Trasera Izquierda,DISPONIBLE,SANTIAGO,60000,50000,,,
FABIA 2021,CALIPER TRASERO RH,Caliper Trasero,Trasera Derecha,DISPONIBLE,SANTIAGO,60000,50000,,,
FABIA 2021,CAÑERÍAS AIRE ACONDICIONADO COMPLETO,Cañerías Aire Acondicionado Completo,,DISPONIBLE,SANTIAGO,90000,80000,,,
FABIA 2021,CAÑERIAS PLÁSTICAS DE GASES,Cañerias Plásticas De Gases,,DISPONIBLE,,,,,,Sin ubicación
FABIA 2021,CAPOT,Capot,,VENDIDO,SANTIAGO,310000,300000,,,
FABIA 2021,CARCASA DE CALEFACCIÓN,Carcasa De Calefacción,,DISPONIBLE,,,,,,Sin ubicación
FABIA 2021,CATALÍTICO,Catalítico,,VENDIDO,SANTIAGO,,,,,
FABIA 2021,CHAPA CAPOT,Chapa Capot,,DISPONIBLE,SANTIAGO,47600,40000,,,
FABIA 2021,CHAPA PORTALÓN ,Chapa Portalón ,,NO DISPONIBLE,SANTIAGO,,,,SE VENDIÓ PORTALÓN COMPLETO,
FABIA 2021,CHAPA PUERTA DELANTERA LH,Chapa Puerta Delantera,Delantera Izquierda,NO DISPONIBLE,,,,,,Sin ubicación
FABIA 2021,CHAPA PUERTA DELANTERA RH,Chapa Puerta Delantera,Delantera Derecha,DISPONIBLE,,47600,40000,,,Sin ubicación
FABIA 2021,CHAPA PUERTA TRASERA LH,Chapa Puerta Trasera,Trasera Izquierda,VENDIDO,SANTIAGO,47600,40000,,,
FABIA 2021,CHAPA PUERTA TRASERA RH,Chapa Puerta Trasera,Trasera Derecha,DISPONIBLE,,47600,40000,,,Sin ubicación
FABIA 2021,CINTA AIRBAG,Cinta Airbag,,DISPONIBLE,SANTIAGO,60000,50000,,,
FABIA 2021,CLIMATIZADOR,Climatizador,,DISPONIBLE,,120000,110000,,,Sin ubicación
FABIA 2021,COFIA,Cofia,,DISPONIBLE,,55000,50000,,,Sin ubicación
FABIA 2021,COLUMNA DE DIRECCION ELECTRONICA,Columna De Direccion Electronica,,VENDIDO,SANTIAGO,200000,190000,,,
FABIA 2021,COMPRESOR AIRE ACONDICIONADO,Compresor Aire Acondicionado,,DISPONIBLE,SANTIAGO,100000,90000,,,
FABIA 2021,CORTE COLA,Corte Cola,,VENDIDO,SANTIAGO,220000,210000,,,
FABIA 2021,CORTE TECHO,Corte Techo,,DISPONIBLE,REQUINOA,120000,110000,,,
FABIA 2021,CREMALLERA DE ALZAVIDRIO DELANTERA RH,Cremallera De Alzavidrio Delantera,Delantera Derecha,DISPONIBLE,SANTIAGO,55000,50000,,,
FABIA 2021,CREMALLERA DE ALZAVIDRIO TRASERA LH,Cremallera De Alzavidrio Trasera,Trasera Izquierda,DISPONIBLE,SANTIAGO,55000,50000,,,
FABIA 2021,CREMALLERA DE ALZAVIDRIO TRASERA RH,Cremallera De Alzavidrio Trasera,Trasera Derecha,DISPONIBLE,SANTIAGO,55000,50000,,,
FABIA 2021,CREMALLERA DE DIRECCION,Cremallera De Direccion,,DISPONIBLE,SANTIAGO,140000,130000,,PRECIO ACTUALIZADO,
FABIA 2021,CUBRE CARTER,Cubre Carter,,VENDIDO,SANTIAGO,55000,50000,,,
FABIA 2021,CUBRE CHAPA,Cubre Chapa,,VENDIDO,SANTIAGO,55000,45000,,,
FABIA 2021,CUBRE RUEDA DE REPUESTO ,Cubre Rueda De Repuesto ,,DISPONIBLE,SANTIAGO,35700,30000,,,
FABIA 2021,CUBRE TORPEDO EXTERIOR,Cubre Torpedo Exterior,,DISPONIBLE,,75000,70000,,,Sin ubicación
FABIA 2021,CUERPO DE ACELERACIÓN,Cuerpo De Aceleración,,VENDIDO,SANTIAGO,140000,130000,,,
FABIA 2021,CUNA,Cuna,,DISPONIBLE,SANTIAGO,150000,140000,,,
FABIA 2021,DEPÓSITO DE AGUA O LÍQUIDO REFRIGERANTE ,Depósito De Agua O Líquido Refrigerante ,,DISPONIBLE,SANTIAGO,40000,35000,,,
FABIA 2021,DEPÓSITO LIMPIAPARABRISAS ,Depósito Limpiaparabrisas ,,VENDIDO,SANTIAGO,60000,50000,,,
FABIA 2021,DEPÓSITO Y BOMBA DE FRENO ñ,Depósito Y Bomba De Freno Ñ,,DISPONIBLE,SANTIAGO,,,,,
FABIA 2021,DISCO DELANTERO LH,Disco Delantero,Delantera Izquierda,DISPONIBLE,SANTIAGO,25000,20000,,,
FABIA 2021,DISCO DELANTERO RH,Disco Delantero,Delantera Derecha,DISPONIBLE,SANTIAGO,25000,20000,,,
FABIA 2021,DISCO TRASERO LH,Disco Trasero,Trasera Izquierda,DISPONIBLE,SANTIAGO,25000,20000,,,
FABIA 2021,DISCO TRASERO RH,Disco Trasero,Trasera Derecha,DISPONIBLE,SANTIAGO,25000,20000,,,
FABIA 2021,DISPENSADOR LENTES,Dispensador Lentes,,DISPONIBLE,,35000,30000,,,Sin ubicación
FABIA 2021,ECU,Ecu,,DISPONIBLE,SANTIAGO,230000,220000,,,
FABIA 2021,EJE PALIER LH,Eje Palier,Izquierda,VENDIDO,SANTIAGO,180000,170000,,,
FABIA 2021,EJE PELIER RH,Eje Pelier,Derecha,DISPONIBLE,SANTIAGO,200000,190000,,,
FABIA 2021,EJE TRASERO,Eje Trasero,Trasera,VENDIDO,,210000,200000,,,Sin ubicación
FABIA 2021,ELECTRO VENTILADOR,Electro Ventilador,,VENDIDO,SANTIAGO,110000,100000,,,
FABIA 2021,ENCENDEDOR DE CIGARROS ,Encendedor De Cigarros ,,DISPONIBLE,SANTIAGO,15000,10000,,,
FABIA 2021,ESPEJO CENTRAL,Espejo Central,Central,VENDIDO,SANTIAGO,35000,30000,,,
FABIA 2021,ESPEJO DERECHO,Espejo Derecho,,VENDIDO,SANTIAGO,110000,100000,,,
FABIA 2021,ESPEJO IZQUIERDO,Espejo Izquierdo,,VENDIDO,SANTIAGO,120000,110000,,,
FABIA 2021,ESPIRAL LH TRASEROS,Espiral Traseros,Trasera Izquierda,VENDIDO,SANTIAGO,20000,20000,,,
FABIA 2021,ESPIRAL RH TRASEROS,Espiral Traseros,Trasera Derecha,VENDIDO,SANTIAGO,20000,20000,,,
FABIA 2021,FOCO INTERIOR LUZ TECHO ,Foco Interior Luz Techo ,,DISPONIBLE,SANTIAGO,35000,30000,,,
FABIA 2021,FOCO TRASERO LH,Foco Trasero,Trasera Izquierda,VENDIDO,SANTIAGO,100000,90000,,,
FABIA 2021,FOCO TRASERO RH,Foco Trasero,Trasera Derecha,VENDIDO,SANTIAGO,55000,50000,,,
FABIA 2021,FRONTAL SUPERIOR ,Frontal Superior ,,VENDIDO,SANTIAGO,90000,80000,,,
FABIA 2021,FUNDA DE PARACHOQUE DELANTERO,Funda De Parachoque Delantero,Delantera,VENDIDO,SANTIAGO,160000,150000,,,
FABIA 2021,FUNDA DE PARACHOQUE TRAASERO,Funda De Parachoque Traasero,,VENDIDO,SANTIAGO,160000,150000,,,
FABIA 2021,FUSILERA DELANTERA O BCM,Fusilera Delantera O Bcm,Delantera,VENDIDO,SANTIAGO,220000,210000,,,
FABIA 2021,GOMA MARCO PUERTA DELANTERA LH,Goma Marco Puerta Delantera,Delantera Izquierda,VENDIDO,SANTIAGO,35000,30000,,,
FABIA 2021,GOMA MARCO PUERTA DELANTERA RH,Goma Marco Puerta Delantera,Delantera Derecha,DISPONIBLE,,35000,30000,,,Sin ubicación
FABIA 2021,GOMA MARCO PUERTA TRASERA LH,Goma Marco Puerta Trasera,Trasera Izquierda,DISPONIBLE,,35000,30000,,,Sin ubicación
FABIA 2021,GOMA MARCO PUERTA TRASERA RH,Goma Marco Puerta Trasera,Trasera Derecha,DISPONIBLE,,35000,30000,,,Sin ubicación
FABIA 2021,GOMA TORPEDO,Goma Torpedo,,DISPONIBLE,,45000,40000,,,Sin ubicación
FABIA 2021,GUANTERA,Guantera,,DISPONIBLE,,35000,30000,,,Sin ubicación
FABIA 2021,GUARDAFANGO DELANTERO DER,Guardafango Delantero Der,Delantera,VENDIDO,SANTIAGO,55000,50000,,,
FABIA 2021,GUARDAFANGO DELANTERO IZQ,Guardafango Delantero Izq,Delantera,VENDIDO,SANTIAGO,55000,50000,,,
FABIA 2021,GUARDAFANGO TRASERO LH,Guardafango Trasero,Trasera Izquierda,DISPONIBLE,SANTIAGO,35000,30000,,,
FABIA 2021,GUARDAFANGO TRASERO RH,Guardafango Trasero,Trasera Derecha,DISPONIBLE,SANTIAGO,35000,30000,,,
FABIA 2021,INTERCULER,Interculer,,VENDIDO,SANTIAGO,190000,180000,,,
FABIA 2021,KIT DE AIRBAG,Kit De Airbag,,VENDIDO,SANTIAGO,650000,630000,,TRAER EJE PALIER,Múltiples piezas
FABIA 2021,"KIT ENCENDIDO (CHAPA, LLAVE, )","Kit Encendido (Chapa, Llave, )",,DISPONIBLE,,450000,400000,,,Múltiples piezas; Sin ubicación
FABIA 2021,LETRAS FABIA,Letras Fabia,,DISPONIBLE,,25000,20000,,,Sin ubicación
FABIA 2021,LINEA DE ESCAPE,Linea De Escape,,VENDIDO,SANTIAGO,70000,60000,,,
FABIA 2021,LLABE,Llabe,,DISPONIBLE,,,,,,Sin ubicación
FABIA 2021,LLANTA 1,Llanta 1,,VENDIDO,SANTIAGO,210000,200000,,,
FABIA 2021,LLANTA 2,Llanta 2,,VENDIDO,SANTIAGO,140000,120000,,EL PAR 200,
FABIA 2021,LLANTA 3,Llanta 3,,VENDIDO,SANTIAGO,140000,120000,,EL PAR 200,
FABIA 2021,LLANTA 4,Llanta 4,,VENDIDO,SANTIAGO,140000,120000,,EL PAR 200,
FABIA 2021,LOGO CAPOT,Logo Capot,,VENDIDO,SANTIAGO,30000,25000,,,
FABIA 2021,LUZ INTERIOR  (TECHO),Luz Interior  (Techo),,DISPONIBLE,,45000,40000,,,Sin ubicación
FABIA 2021,MANGUERAS DE RADIADOR,Mangueras De Radiador,,DISPONIBLE,SANTIAGO,45000,40000,,EL PAR,
FABIA 2021,MANILLA INTERIOR PUERTA DEL RH,Manilla Interior Puerta Del,Derecha,VENDIDO,SANTIAGO,35000,30000,,,
FABIA 2021,MANILLA INTERIOR PUERTA TRASERA RH,Manilla Interior Puerta Trasera,Trasera Derecha,DISPONIBLE,SANTIAGO,,,,,
FABIA 2021,MANILLAS DE TECHO 4,Manillas De Techo 4,,DISPONIBLE,,15000,10000,,,Sin ubicación
FABIA 2021,MÁSCARA (REPARADA),Máscara (Reparada),,VENDIDO,SANTIAGO,130000,120000,,,
FABIA 2021,MENSULA DELANTERA LH,Mensula Delantera,Delantera Izquierda,DISPONIBLE,SANTIAGO,60000,50000,,,
FABIA 2021,MENSULA DELANTERA RH,Mensula Delantera,Delantera Derecha,DISPONIBLE,SANTIAGO,60000,50000,,,
FABIA 2021,MENSULA TRASERA LH,Mensula Trasera,Trasera Izquierda,DISPONIBLE,SANTIAGO,40000,35000,,,
FABIA 2021,MENSULA TRASERA RH,Mensula Trasera,Trasera Derecha,DISPONIBLE,SANTIAGO,40000,35000,,,
FABIA 2021,MODULO ABS,Modulo Abs,,DISPONIBLE,,178500,150000,,,Sin ubicación
FABIA 2021,MÓDULO CONTROL CALEFACCIÓN ,Módulo Control Calefacción ,,VENDIDO,,80000,70000,,,Sin ubicación
FABIA 2021,MOLDURA DE PILAR CENTRAL EXTERIOR LH,Moldura De Pilar Central Exterior,Izquierda,DISPONIBLE,REQUINOA,25000,20000,,,
FABIA 2021,MOLDURA DE PILAR CENTRAL EXTERIOR RH,Moldura De Pilar Central Exterior,Derecha,DISPONIBLE,REQUINOA,25000,20000,,,
FABIA 2021,MOTOR ALZAVIDRIO DELANTERO RH,Motor Alzavidrio Delantero,Delantera Derecha,DISPONIBLE,,60000,50000,,,Sin ubicación
FABIA 2021,MOTOR ALZAVIDRIO TRASERO RH,Motor Alzavidrio Trasero,Trasera Derecha,DISPONIBLE,,60000,50000,,,Sin ubicación
FABIA 2021,MOTOR DE PARTIDA,Motor De Partida,,DISPONIBLE,SANTIAGO,95000,80000,,,
FABIA 2021,MOTOR FACTURABLE ,Motor Facturable ,,DISPONIBLE,,690000,650000,,,Sin ubicación
FABIA 2021,MOTOR LIMPIAPARABRISAS CON VARILLAJE,Motor Limpiaparabrisas Con Varillaje,,VENDIDO,,140000,130000,,,Sin ubicación
FABIA 2021,MÚLTIPLE DE ADMISIÓN,Múltiple De Admisión,,VENDIDO,SANTIAGO,170000,160000,,,
FABIA 2021,MUÑÓN Y MAZA LH DELANTERA,Muñón Y Maza Delantera,Delantera Izquierda,VENDIDO,SANTIAGO,120000,110000,,,
FABIA 2021,MUÑÓN Y MAZA RH DELANTERA,Muñón Y Maza Delantera,Delantera Derecha,VENDIDO,SANTIAGO,120000,110000,,,
FABIA 2021,MUÑON Y MAZA TRASERA LH ,Muñón Y Maza Trasera ,Trasera Izquierda,DISPONIBLE,,80000,75000,,,MUÑON mal escrito; Sin ubicación
FABIA 2021,MUÑÓN Y MAZA TRASERA RH,Muñón Y Maza Trasera,Trasera Derecha,DISPONIBLE,,80000,75000,,,Sin ubicación
FABIA 2021,NEBLINERO DELANTERO DERECHO,Neblinero Delantero Derecho,Delantera,VENDIDO,SANTIAGO,55000,50000,,,
FABIA 2021,NEBLINERO DELANTERO IZQUIERDO,Neblinero Delantero Izquierdo,Delantera,VENDIDO,SANTIAGO,55000,50000,,,
FABIA 2021,ÓPTICO DERECHO,Óptico Derecho,,VENDIDO,SANTIAGO,355000,350000,,,
FABIA 2021,ÓPTICO IZQUIERDO,Óptico Izquierdo,,VENDIDO,SANTIAGO,355000,350000,,,
FABIA 2021,PALANCA AJUSTE MANUBRIO ,Palanca Ajuste Manubrio ,,DISPONIBLE,,65000,55000,,,Sin ubicación
FABIA 2021,PALANCA DE CAMBIOS,Palanca De Cambios,,DISPONIBLE,SANTIAGO,85000,80000,,,
FABIA 2021,PARABRISAS,Parabrisas,,VENDIDO,SANTIAGO,110000,100000,,,
FABIA 2021,PARASOL LH,Parasol,Izquierda,DISPONIBLE,SANTIAGO,35000,30000,,COLOR NEGRO,
FABIA 2021,PARASOL RH,Parasol,Derecha,VENDIDO,SANTIAGO,35000,30000,,,
FABIA 2021,PEDAL DE ACELERACION,Pedal De Aceleracion,,DISPONIBLE,SANTIAGO,95200,80000,,,
FABIA 2021,PEDAL DE FRENO,Pedal De Freno,,DISPONIBLE,SANTIAGO,,,,,
FABIA 2021,PERNO RUEDA DE REPUESTO,Perno Rueda De Repuesto,,NO DISPONIBLE,,,,,,Sin ubicación
FABIA 2021,PIOLA CAPOT,Piola Capot,,DISPONIBLE,,25000,20000,,,Sin ubicación
FABIA 2021,PIOLA PALANCA DE CAMBIOS,Piola Palanca De Cambios,,DISPONIBLE,SANTIAGO,,,,,
FABIA 2021,PISOS DE TELA,Pisos De Tela,,DISPONIBLE,,70000,60000,,,Sin ubicación
FABIA 2021,PORTA FILTRO DE AIRE,Porta Filtro De Aire,,VENDIDO,SANTIAGO,80000,70000,,,
FABIA 2021,PORTALÓN  COMPLETO,Portalón  Completo,,VENDIDO,SANTIAGO,500000,480000,,,
FABIA 2021,PROTECTOR INFERIOR PARACHOQUE,Protector Inferior Parachoque,,DISPONIBLE,,55000,50000,,,Sin ubicación
FABIA 2021,PUERTA COMPLETA IZQUIERDA,Puerta Completa Izquierda,,VENDIDO,SANTIAGO,300000,300000,,,
FABIA 2021,PUERTA SOLO LATA DELANTERA RH,Puerta Solo Lata Delantera,Delantera Derecha,VENDIDO,SANTIAGO,210000,200000,,,
FABIA 2021,PUERTA SOLO LATA TRASERA LH,Puerta Solo Lata Trasera,Trasera Izquierda,VENDIDO,SANTIAGO,190000,180000,,,
FABIA 2021,PUERTA SOLO LATA TRASERA RH,Puerta Solo Lata Trasera,Trasera Derecha,VENDIDO,SANTIAGO,160000,150000,,,
FABIA 2021,RADIADOR AGUA,Radiador Agua,,VENDIDO,SANTIAGO,85000,80000,,,
FABIA 2021,RADIADOR AIRE,Radiador Aire,,VENDIDO,SANTIAGO,95000,90000,,,
FABIA 2021,RADIADOR DE CALEFACCIÓN,Radiador De Calefacción,,DISPONIBLE,SANTIAGO,95200,80000,,,
FABIA 2021,RADIO CUERPO,Radio Cuerpo,,VENDIDO,,50000,45000,,,Sin ubicación
FABIA 2021,RADIO PANTALLA,Radio Pantalla,,VENDIDO,SANTIAGO,140000,135000,,,
FABIA 2021,REFUERZO DE PARACHOQUE DELANTERO,Refuerzo De Parachoque Delantero,Delantera,VENDIDO,SANTIAGO,80000,75000,,,
FABIA 2021,REGULADOR DE VOLANTE,Regulador De Volante,,DISPONIBLE,,60000,55000,,,Sin ubicación
FABIA 2021,REJILLA CENTRAL DE VENTILACIÓN,Rejilla Central De Ventilación,Central,DISPONIBLE,,30000,20000,,,Sin ubicación
FABIA 2021,REJILLA INFERIOR CENTRAL,Rejilla Inferior Central,Central,DISPONIBLE,,110000,100000,,,Sin ubicación
FABIA 2021,REJILLA INFERIOR LATERAL LH,Rejilla Inferior Lateral,Izquierda,VENDIDO,SANTIAGO,45000,40000,,,
FABIA 2021,REJILLA INFERIOR LATERAL RH,Rejilla Inferior Lateral,Derecha,VENDIDO,SANTIAGO,45000,40000,,,
FABIA 2021,RESISTENCIA CALEFACCIÓN ,Resistencia Calefacción ,,DISPONIBLE,,40000,35000,,,Sin ubicación
FABIA 2021,RIEL DE INYECCION,Riel De Inyeccion,,DISPONIBLE,,35000,30000,,,Sin ubicación
FABIA 2021,RODAMIENTO TENSOR DE ACCESORIOS ,Rodamiento Tensor De Accesorios ,,DISPONIBLE,SANTIAGO,71400,60000,,,
FABIA 2021,RUEDA DE REPUESTO CON ACCESORIOS,Rueda De Repuesto Con Accesorios,,VENDIDO,SANTIAGO,110000,100000,,,
FABIA 2021,SENSOR ABS DELANTERO LH,Sensor Abs Delantero,Delantera Izquierda,DISPONIBLE,SANTIAGO,25000,20000,,,
FABIA 2021,SENSOR ABS DELANTERO RH,Sensor Abs Delantero,Delantera Derecha,DISPONIBLE,SANTIAGO,25000,20000,,,
FABIA 2021,SENSOR DE OXÍGENO ,Sensor De Oxígeno ,,DISPONIBLE,SANTIAGO,25000,20000,,,
FABIA 2021,SENSOR DE OXÍGENO ,Sensor De Oxígeno ,,DISPONIBLE,SANTIAGO,25000,20000,,,
FABIA 2021,SENSORES DE ESTACIONAMIENTO DELANTEROS,Sensores De Estacionamiento Delanteros,Delantera,VENDIDO,SANTIAGO,110000,105000,,,
FABIA 2021,SENSORES DE ESTACIONAMIENTO TRASEROS ,Sensores De Estacionamiento Traseros ,Trasera,NO DISPONIBLE,,110000,105000,,,Sin ubicación
FABIA 2021,SERVO FRENO,Servo Freno,,DISPONIBLE,SANTIAGO,,,,,
FABIA 2021,SINÓPTICO  (DEVUELTO),Sinóptico  (Devuelto),,DISPONIBLE,,110000,105000,,,Sin ubicación
FABIA 2021,SOPORTE DE MOTOR RH,Soporte De Motor,Derecha,VENDIDO,SANTIAGO,80000,70000,,,
FABIA 2021,TAPA DE BENCINA EXTERIOR,Tapa De Bencina Exterior,,DISPONIBLE,SANTIAGO,30000,25000,,,
FABIA 2021,TAPA DE BENCINA INTERIOR,Tapa De Bencina Interior,,DISPONIBLE,SANTIAGO,,,,,
FABIA 2021,TAPA FUSIBLES MOTOR,Tapa Fusibles Motor,,VENDIDO,SANTIAGO,35000,30000,,,
FABIA 2021,TAPABARRO DERECHO,Tapabarro Derecho,,VENDIDO,SANTIAGO,110000,100000,,,
FABIA 2021,TAPABARRO IZQUIERDO,Tapabarro Izquierdo,,VENDIDO,SANTIAGO,110000,100000,,,
FABIA 2021,TAPIZ PUERTA DELANTERA RH,Tapiz Puerta Delantera,Delantera Derecha,DISPONIBLE,,45000,40000,,,Sin ubicación
FABIA 2021,TAPIZ PUERTA TRASERA LH,Tapiz Puerta Trasera,Trasera Izquierda,DISPONIBLE,,45000,40000,,,Sin ubicación
FABIA 2021,TAPIZ PUERTA TRASERA RH,Tapiz Puerta Trasera,Trasera Derecha,DISPONIBLE,,45000,40000,,,Sin ubicación
FABIA 2021,TELECOMANDO CADA UNO,Telecomando Cada Uno,,DISPONIBLE,SANTIAGO,70000,60000,,,
FABIA 2021,TELECOMANDO COMPLETO,Telecomando Completo,,DISPONIBLE,SANTIAGO,75000,60000,,,
FABIA 2021,TERMOSTATO,Termostato,,VENDIDO,,,,,,Sin ubicación
FABIA 2021,TIRANTE DE PUERTA TRASERA LH,Tirante De Puerta Trasera,Trasera Izquierda,DISPONIBLE,SANTIAGO,15000,10000,,,
FABIA 2021,TUBERÍA DE AGUA,Tubería De Agua,,DISPONIBLE,SANTIAGO,,,,TUBERÍA?,Requiere revisión
FABIA 2021,TUBERIA LIQUIDO REFRIGERANTE,Tuberia Liquido Refrigerante,,DISPONIBLE,,,,,,Sin ubicación
FABIA 2021,TUBO PLÁSTICO CON SENSOR DE FLUJO,Tubo Plástico Con Sensor De Flujo,,VENDIDO,SANTIAGO,,,,,
FABIA 2021,TURBO,Turbo,,VENDIDO,SANTIAGO,190000,170000,,,
FABIA 2021,UNIDAD CONTROLADORA DE COMBUSTIBLE,Unidad Controladora De Combustible,,DISPONIBLE,,65000,60000,,,Sin ubicación
FABIA 2021,VARILLA DE CAPOT,Varilla De Capot,,DISPONIBLE,SANTIAGO,,,,,
FABIA 2021,VIDRIO LUNETA PUERTA TRASERA LH,Vidrio Luneta Puerta Trasera,Trasera Izquierda,DISPONIBLE,SANTIAGO,45000,40000,,,
FABIA 2021,VIDRIO LUNETA PUERTA TRASERA RH,Vidrio Luneta Puerta Trasera,Trasera Derecha,NO DISPONIBLE,,45000,40000,,,Sin ubicación
FABIA 2021,VIDRIO PUERTA DELANTERA LH,Vidrio Puerta Delantera,Delantera Izquierda,NO DISPONIBLE,N/A,,,,,
FABIA 2021,VIDRIO PUERTA DELANTERA RH,Vidrio Puerta Delantera,Delantera Derecha,DISPONIBLE,SANTIAGO,65000,60000,,,
FABIA 2021,VIDRIO PUERTA TRASERA LH,Vidrio Puerta Trasera,Trasera Izquierda,DISPONIBLE,SANTIAGO,65000,60000,,,
FABIA 2021,VIDRIO PUERTA TRASERA RH,Vidrio Puerta Trasera,Trasera Derecha,NO DISPONIBLE,N/A,65000,60000,,,
FABIA 2021,VOLANTE,Volante,,DISPONIBLE,SANTIAGO,35000,30000,,,
FABIA 2021,YUGO TRASERO,Yugo Trasero,Trasera,VENDIDO,SANTIAGO,200000,180000,,,
FOCUS 2012,ALTERNADOR,Alternador,,DISPONIBLE,SANTIAGO,90000,85000,,,
FOCUS 2012,AMORTIGUADOR DELANTERO LH,Amortiguador Delantero,Delantera Izquierda,VENDIDO,SANTIAGO,60000,50000,,,
FOCUS 2012,AMORTIGUADOR DELANTERO RH,Amortiguador Delantero,Delantera Derecha,NO DISPONIBLE,SANTIAGO,,,,,
FOCUS 2012,AMORTIGUADOR TRASERO LH,Amortiguador Trasero,Trasera Izquierda,DISPONIBLE,SANTIAGO,,,,,
FOCUS 2012,AMORTIGUADOR TRASERO RH,Amortiguador Trasero,Trasera Derecha,DISPONIBLE,SANTIAGO,,,,,
FOCUS 2012,BANDEJA PORTA MAZA TRASERA LH,Bandeja Porta Maza Trasera,Trasera Izquierda,DISPONIBLE,SANTIAGO,60000,50000,,,
FOCUS 2012,BANDEJA PORTA MAZA TRASERA RH,Bandeja Porta Maza Trasera,Trasera Derecha,DISPONIBLE,SANTIAGO,60000,50000,,,
FOCUS 2012,BANDEJA TRASERA GRANDE LH,Bandeja Trasera Grande,Trasera Izquierda,DISPONIBLE,SANTIAGO,,,,,
FOCUS 2012,BANDEJA TRASERA GRANDE RH,Bandeja Trasera Grande,Trasera Derecha,DISPONIBLE,SANTIAGO,,,,,
FOCUS 2012,BARRA ESTABILIZADORA TRASERA,Barra Estabilizadora Trasera,Trasera,DISPONIBLE,SANTIAGO,,,,,
FOCUS 2012,BARRA TECHO LH,Barra Techo,Izquierda,DISPONIBLE,SANTIAGO,25000,20000,,,
FOCUS 2012,BARRA TECHO RH,Barra Techo,Derecha,DISPONIBLE,SANTIAGO,25000,20000,,,
FOCUS 2012,BASE DE TERMOSTATO,Base De Termostato,,DISPONIBLE,SANTIAGO,,,,,
FOCUS 2012,BASE LIMPIA PARABRISAS LH,Base Limpia Parabrisas,Izquierda,VENDIDO,SANTIAGO,,,,,
FOCUS 2012,BASE LIMPIA PARABRISAS RH,Base Limpia Parabrisas,Derecha,NO DISPONIBLE,,,,,,Sin ubicación
FOCUS 2012,BIELETA LH,Bieleta,Izquierda,VENDIDO,SANTIAGO,15000,12000,,,
FOCUS 2012,BIELETA RH,Bieleta,Derecha,DISPONIBLE,,15000,12000,,,Sin ubicación
FOCUS 2012,BOBINA 1,Bobina 1,,DISPONIBLE,SANTIAGO,,,,,
FOCUS 2012,BOBINA 2,Bobina 2,,DISPONIBLE,SANTIAGO,,,,,
FOCUS 2012,BOBINA 3,Bobina 3,,DISPONIBLE,SANTIAGO,,,,,
FOCUS 2012,BOBINA 4,Bobina 4,,DISPONIBLE,SANTIAGO,,,,,
FOCUS 2012,BOMBA DE ALTA ,Bomba De Alta ,,VENDIDO,SANTIAGO,80000,75000,,,
FOCUS 2012,BOMBA DE BENCINA,Bomba De Bencina,,DISPONIBLE,SANTIAGO,90000,85000,,,
FOCUS 2012,BOTÓN DE ALZAVIDRIOS TRASERO RH,Botón De Alzavidrios Trasero,Trasera Derecha,DISPONIBLE,SANTIAGO,,,,,
FOCUS 2012,BRAZO DE SUSPENSIÓN TRASERO LH,Brazo De Suspensión Trasero,Trasera Izquierda,DISPONIBLE,SANTIAGO,,,,,
FOCUS 2012,BRAZO DE SUSPENSIÓN TRASERO RH,Brazo De Suspensión Trasero,Trasera Derecha,DISPONIBLE,SANTIAGO,,,,,
FOCUS 2012,BRAZO LIMPIA PARABRISAS TRASERO,Brazo Limpia Parabrisas Trasero,Trasera,VENDIDO,SANTIAGO,20000,15000,,,
FOCUS 2012,BRAZO LIMPIAPARBRISAS LH,Brazo Limpiaparbrisas,Izquierda,DISPONIBLE,SANTIAGO,,,,,
FOCUS 2012,BRAZO LIMPIAPARBRISAS RH,Brazo Limpiaparbrisas,Derecha,DISPONIBLE,SANTIAGO,,,,,
FOCUS 2012,CAJA MALA,Caja Mala,,VENDIDO,SANTIAGO,320000,300000,,,
FOCUS 2012,CALIPER DELANTERO LH,Caliper Delantero,Delantera Izquierda,DISPONIBLE,SANTIAGO,,,,,
FOCUS 2012,CALIPER DELANTERO RH,Caliper Delantero,Delantera Derecha,DISPONIBLE,SANTIAGO,,,,,
FOCUS 2012,CALIPER TRASERO LH,Caliper Trasero,Trasera Izquierda,DISPONIBLE,SANTIAGO,,,,,
FOCUS 2012,CALIPER TRASERO RH,Caliper Trasero,Trasera Derecha,DISPONIBLE,SANTIAGO,,,,,
FOCUS 2012,CAÑERÍAS DE AIRE ACONDICIONADO,Cañerías De Aire Acondicionado,,DISPONIBLE,SANTIAGO,55000,50000,,,
FOCUS 2012,CAPOT,Capot,,VENDIDO,SANTIAGO,140000,130000,,REPARADO Y CON DETALLE,
FOCUS 2012,CATALÍTICO,Catalítico,,VENDIDO,REQUINOA,,,,AL MONTÓN,
FOCUS 2012,CHAPA CAPOT,Chapa Capot,,DISPONIBLE,SANTIAGO,,,,,
FOCUS 2012,CHAPA PORTALÓN ,Chapa Portalón ,,DISPONIBLE,SANTIAGO,20000,15000,,,
FOCUS 2012,CHAPA PUERTA DELANTERA LH,Chapa Puerta Delantera,Delantera Izquierda,VENDIDO,SANTIAGO,,,,,
FOCUS 2012,CHAPA PUERTA DELANTERA RH,Chapa Puerta Delantera,Delantera Derecha,VENDIDO,SANTIAGO,45000,40000,,,
FOCUS 2012,CINTA DE AIRBAG,Cinta De Airbag,,DISPONIBLE,SANTIAGO,,,,,
FOCUS 2012,COLUMNA DE DIRECCIÓN,Columna De Dirección,,DISPONIBLE,SANTIAGO,,,,,
FOCUS 2012,COMPRESOR AIRE ACONDICIONADO,Compresor Aire Acondicionado,,VENDIDO,SANTIAGO,,,,,
FOCUS 2012,CREMALLERA DE ALZAVIDRIO DELANTERA LH ,Cremallera De Alzavidrio Delantera ,Delantera Izquierda,DISPONIBLE,SANTIAGO,,,,,
FOCUS 2012,CREMALLERA DE ALZAVIDRIO DELANTERA RH ,Cremallera De Alzavidrio Delantera ,Delantera Derecha,DISPONIBLE,SANTIAGO,,,,,
FOCUS 2012,CREMALLERA DE ALZAVIDRIO TRASERA LH,Cremallera De Alzavidrio Trasera,Trasera Izquierda,DISPONIBLE,SANTIAGO,,,,,
FOCUS 2012,CREMALLERA DE ALZAVIDRIO TRASERA RH ,Cremallera De Alzavidrio Trasera ,Trasera Derecha,DISPONIBLE,SANTIAGO,,,,,
FOCUS 2012,CREMALLERA DE DIRECCIÓN,Cremallera De Dirección,,VENDIDO,SANTIAGO,260000,250000,,,
FOCUS 2012,CUBRE CARTER,Cubre Carter,,NO DISPONIBLE,,,,,,Sin ubicación
FOCUS 2012,CUBRE ZÓCALO LH,Cubre Zócalo,Izquierda,DISPONIBLE,SANTIAGO,,,,,
FOCUS 2012,CUBRE ZÓCALO RH,Cubre Zócalo,Derecha,DISPONIBLE,SANTIAGO,,,,,
FOCUS 2012,CUERPO DE ACELERACIÓN,Cuerpo De Aceleración,,DISPONIBLE,SANTIAGO,,,,,
FOCUS 2012,CUERPO DE RADIO,Cuerpo De Radio,,VENDIDO,SANTIAGO,,,,,
FOCUS 2012,CUNA DELANTERA,Cuna Delantera,Delantera,DISPONIBLE,SANTIAGO,80000,70000,,,
FOCUS 2012,CUNA TRASERA,Cuna Trasera,Trasera,DISPONIBLE,SANTIAGO,,,,,
FOCUS 2012,DEPOSITO DE AGUA O LÍQUIDO REFRIGERANTE ,Deposito De Agua O Líquido Refrigerante ,,NO DISPONIBLE,SANTIAGO,,,,PEGADO Y SIN TAPA,
FOCUS 2012,DEPÓSITO LIMPIA PARABRISAS,Depósito Limpia Parabrisas,,DISPONIBLE,,25000,20000,,SIN MOTOR Y SIN TAPA,Sin ubicación
FOCUS 2012,DISCO DE FRENO DELANTERO LH,Disco De Freno Delantero,Delantera Izquierda,DISPONIBLE,SANTIAGO,,,,,
FOCUS 2012,DISCO DE FRENO DELANTERO RH ,Disco De Freno Delantero ,Delantera Derecha,DISPONIBLE,SANTIAGO,,,,,
FOCUS 2012,DISCO DE FRENO TRASERO LH,Disco De Freno Trasero,Trasera Izquierda,DISPONIBLE,SANTIAGO,,,,,
FOCUS 2012,DISCO DE FRENO TRASERO RH,Disco De Freno Trasero,Trasera Derecha,DISPONIBLE,SANTIAGO,,,,,
FOCUS 2012,ECU,Ecu,,DISPONIBLE,SANTIAGO,180000,170000,,,
FOCUS 2012,EJE PALIER RH,Eje Palier,Derecha,DISPONIBLE,SANTIAGO,,,,,
FOCUS 2012,ELECTROVENTILADOR ,Electroventilador ,,VENDIDO,SANTIAGO,130000,125000,,,
FOCUS 2012,EMBELLECEDOR PARACHOQUE DELANTERO TRIÁNGULO,Embellecedor Parachoque Delantero Triángulo,Delantera,VENDIDO,SANTIAGO,,,,,
FOCUS 2012,ENCENDEDOR DE CIGARROS ,Encendedor De Cigarros ,,DISPONIBLE,SANTIAGO,,,,,
FOCUS 2012,ESPEJO CENTRAL,Espejo Central,Central,DISPONIBLE,SANTIAGO,,,,,
FOCUS 2012,ESPEJO LH,Espejo,Izquierda,VENDIDO,SANTIAGO,80000,70000,,,
FOCUS 2012,ESPEJO RH (CON DETALLE),Espejo (Con Detalle),Derecha,VENDIDO,SANTIAGO,50000,45000,,,Daños
FOCUS 2012,ESTANQUE DE BENCINA,Estanque De Bencina,,DISPONIBLE,,40000,35000,,,Sin ubicación
FOCUS 2012,FLUJÓMETRO,Flujómetro,,DISPONIBLE,SANTIAGO,25000,20000,,,
FOCUS 2012,FOCO INTERIOR TECHO CENTRAL,Foco Interior Techo Central,Central,DISPONIBLE,SANTIAGO,,,,,
FOCUS 2012,FOCO INTERIOR TECHO DELANTERA,Foco Interior Techo Delantera,Delantera,DISPONIBLE,SANTIAGO,,,,,
FOCUS 2012,FOCO TRASERO DERECHO,Foco Trasero Derecho,Trasera,VENDIDO,SANTIAGO,110000,100000,,,
FOCUS 2012,FOCO TRASERO IZQUIERDO,Foco Trasero Izquierdo,Trasera,VENDIDO,SANTIAGO,,,,,
FOCUS 2012,FRONTAL INFERIOR,Frontal Inferior,,VENDIDO,SANTIAGO,65000,60000,,,
FOCUS 2012,FRONTAL SUPERIOR,Frontal Superior,,VENDIDO,SANTIAGO,35000,30000,,,
FOCUS 2012,FUNDA DE PARACHOQUE DELANTERO,Funda De Parachoque Delantero,Delantera,VENDIDO,SANTIAGO,90000,80000,,"SE VENDIÓ EN 30,000",
FOCUS 2012,FUNDA DE PARACHOQUE TRASERO,Funda De Parachoque Trasero,Trasera,DISPONIBLE,SANTIAGO,,,,,
FOCUS 2012,GUARDAFANGO DELANTERO LH,Guardafango Delantero,Delantera Izquierda,VENDIDO,SANTIAGO,25000,20000,,,
FOCUS 2012,GUARDAFANGO DELANTERO RH,Guardafango Delantero,Delantera Derecha,VENDIDO,SANTIAGO,25000,20000,,,
FOCUS 2012,KIT AIRBAG ,Kit Airbag ,,DISPONIBLE,SANTIAGO,500000,450000,,,Múltiples piezas
FOCUS 2012,KIT DE ENCEDNDIDO,Kit De Encedndido,,DISPONIBLE,SANTIAGO,290000,270000,,,Múltiples piezas
FOCUS 2012,LLANTA CON NEUMÁTICO 1,Llanta Con Neumático 1,,DISPONIBLE,SANTIAGO,80000,75000,,,
FOCUS 2012,LLANTA CON NEUMÁTICO 2,Llanta Con Neumático 2,,DISPONIBLE,SANTIAGO,,,,,
FOCUS 2012,LLANTA CON NEUMÁTICO 3,Llanta Con Neumático 3,,DISPONIBLE,SANTIAGO,,,,,
FOCUS 2012,LLANTA CON NEUMÁTICO 4,Llanta Con Neumático 4,,DISPONIBLE,SANTIAGO,,,,,
FOCUS 2012,LLANTA CON NEUMÁTICO DE REPUESTO,Llanta Con Neumático De Repuesto,,DISPONIBLE,SANTIAGO,,,,,
FOCUS 2012,MANGUERA DE AGUA,Manguera De Agua,,DISPONIBLE,SANTIAGO,,,,,
FOCUS 2012,MANGUERA DE AIRE ,Manguera De Aire ,,VENDIDO,SANTIAGO,20000,15000,,,
FOCUS 2012,MANILLA EXTERIOR PUERTA DELANTERA LH,Manilla Exterior Puerta Delantera,Delantera Izquierda,DISPONIBLE,SANTIAGO,25000,20000,,SIN TAPA DE CERRADURA,
FOCUS 2012,MANILLA EXTERIOR PUERTA DELANTERA RH,Manilla Exterior Puerta Delantera,Delantera Derecha,DISPONIBLE,SANTIAGO,25000,20000,,,
FOCUS 2012,MANILLA EXTERIOR PUERTA TRASERA LH,Manilla Exterior Puerta Trasera,Trasera Izquierda,DISPONIBLE,SANTIAGO,25000,20000,,,
FOCUS 2012,MANILLA EXTERIOR PUERTA TRASERA RH,Manilla Exterior Puerta Trasera,Trasera Derecha,DISPONIBLE,SANTIAGO,25000,20000,,,
FOCUS 2012,MANILLA INTERIOR PUERTA DELANTERA LH,Manilla Interior Puerta Delantera,Delantera Izquierda,DISPONIBLE,SANTIAGO,,,,,
FOCUS 2012,MANILLA INTERIOR PUERTA DELANTERA RH,Manilla Interior Puerta Delantera,Delantera Derecha,POR CONFIRMAR,,,,,,Sin ubicación
FOCUS 2012,MANILLA INTERIOR PUERTA TRASERA LH,Manilla Interior Puerta Trasera,Trasera Izquierda,POR CONFIRMAR,,25000,20000,,,Sin ubicación
FOCUS 2012,MANILLA INTERIOR PUERTA TRASERA RH,Manilla Interior Puerta Trasera,Trasera Derecha,POR CONFIRMAR,,,,,,Sin ubicación
FOCUS 2012,MAZA TRASERA LH (CON RODAMIENTO),Maza Trasera (Con Rodamiento),Trasera Izquierda,DISPONIBLE,SANTIAGO,,,,,
FOCUS 2012,MAZA TRASERA RH (CON RODAMIENTO),Maza Trasera (Con Rodamiento),Trasera Derecha,DISPONIBLE,SANTIAGO,,,,,
FOCUS 2012,MÉNSULA TRASERA CENTRAL,Ménsula Trasera Central,Central,DISPONIBLE,SANTIAGO,,,,,
FOCUS 2012,MÉNSULA TRASERA LH,Ménsula Trasera,Trasera Izquierda,DISPONIBLE,SANTIAGO,,,,,
FOCUS 2012,MÉNSULA TRASERA RH,Ménsula Trasera,Trasera Derecha,DISPONIBLE,SANTIAGO,,,,,
FOCUS 2012,MÓDULO ABS,Módulo Abs,,DISPONIBLE,SANTIAGO,75000,70000,,,
FOCUS 2012,MÓDULO CONTROL BATERÍA,Módulo Control Batería,,DISPONIBLE,,30000,20000,,,Sin ubicación
FOCUS 2012,MOLDURA INFERIOR PARACHOQUE TRASERO,Moldura Inferior Parachoque Trasero,Trasera,DISPONIBLE,SANTIAGO,55000,50000,,,
FOCUS 2012,MOTOR DE PARTIDA,Motor De Partida,,DISPONIBLE,SANTIAGO,65000,60000,,,
FOCUS 2012,MOTOR FACTURABLE,Motor Facturable,,VENDIDO,SANTIAGO,750000,700000,,PRECIO ACTUALIZADO ,
FOCUS 2012,MOTOR LIMPIAPARABRISAS PORTALÓN ,Motor Limpiaparabrisas Portalón ,,DISPONIBLE,SANTIAGO,,,,,
FOCUS 2012,MOTORES LIMPIA PARABRISAS LH SIN BASE,Motores Limpia Parabrisas Sin Base,Izquierda,DISPONIBLE,SANTIAGO,105000,100000,,,
FOCUS 2012,MOTORES LIMPIA PARABRISAS RH SIN BASE,Motores Limpia Parabrisas Sin Base,Derecha,DISPONIBLE,SANTIAGO,105000,100000,,,
FOCUS 2012,MÚLTIPLE ADMISIÓN ,Múltiple Admisión ,,VENDIDO,SANTIAGO,90000,80000,,,
FOCUS 2012,MUÑÓN CON MAZA LH,Muñón Con Maza,Izquierda,VENDIDO,SANTIAGO,75000,65000,,,
FOCUS 2012,ÓPTICO DERECHO,Óptico Derecho,,VENDIDO,SANTIAGO,45000,40000,,,
FOCUS 2012,ÓPTICO IZQUIERDO,Óptico Izquierdo,,VENDIDO,SANTIAGO,45000,45000,,,
FOCUS 2012,PALANCA DE CAMBIOS,Palanca De Cambios,,DISPONIBLE,SANTIAGO,60000,55000,,,
FOCUS 2012,PANTALLA RADIO,Pantalla Radio,,VENDIDO,SANTIAGO,,,,,
FOCUS 2012,PARABRISAS,Parabrisas,,NO DISPONIBLE,,,,,,Sin ubicación
FOCUS 2012,PARASOL LH,Parasol,Izquierda,DISPONIBLE,SANTIAGO,,,,,
FOCUS 2012,PARASOL RH,Parasol,Derecha,DISPONIBLE,SANTIAGO,,,,,
FOCUS 2012,PORTA FILTRO DE AIRE,Porta Filtro De Aire,,VENDIDO,SANTIAGO,40000,35000,,ROTO,
FOCUS 2012,PORTA LENTES (NO INCLUYE CONTROLES,Porta Lentes (No Incluye Controles,,DISPONIBLE,SANTIAGO,20000,20000,,,
FOCUS 2012,PORTALÓN SOLO LATA,Portalón Solo Lata,,VENDIDO,SANTIAGO,95000,90000,,,
FOCUS 2012,PUERTA DELANTERA LH SOLO LATA,Puerta Delantera Solo Lata,Delantera Izquierda,DISPONIBLE,SANTIAGO,110000,100000,,"PRECIO ACTUALIZADO, SE MANTIENE",
FOCUS 2012,PUERTA DELANTERA RH SOLO LATA,Puerta Delantera Solo Lata,Delantera Derecha,DISPONIBLE,SANTIAGO,110000,100000,,"PRECIO ACTUALIZADO, SE MANTIENE",
FOCUS 2012,PUERTA TRASERA SOLO LATA LH,Puerta Trasera Solo Lata,Trasera Izquierda,VENDIDO,SANTIAGO,100000,90000,,"PRECIO ACTUALIZADO, SE MANTIENE",
FOCUS 2012,PUERTA TRASERA SOLO LATA RH,Puerta Trasera Solo Lata,Trasera Derecha,VENDIDO,SANTIAGO,130000,120000,,,
FOCUS 2012,RADIADOR AGUA,Radiador Agua,,VENDIDO,SANTIAGO,80000,75000,,,
FOCUS 2012,RADIADOR AIRE ACONDICIONADO ,Radiador Aire Acondicionado ,,VENDIDO,SANTIAGO,75000,75000,,,
FOCUS 2012,RADIADOR CALEFACCIÓN,Radiador Calefacción,,VENDIDO,SANTIAGO,60000,60000,,,
FOCUS 2012,RADIO,Radio,,VENDIDO,SANTIAGO,,,,,
FOCUS 2012,REFLECTANTE TRASERO LH,Reflectante Trasero,Trasera Izquierda,DISPONIBLE,SANTIAGO,15000,10000,,,
FOCUS 2012,REFLECTANTE TRASERO RH,Reflectante Trasero,Trasera Derecha,DISPONIBLE,SANTIAGO,15000,10000,,,
FOCUS 2012,REFUERZO DE PARACHOQUE DELANTERO ,Refuerzo De Parachoque Delantero ,Delantera,DISPONIBLE,SANTIAGO,70000,60000,,,
FOCUS 2012,REFUERZO PARACHOQUE TRASERO ,Refuerzo Parachoque Trasero ,Trasera,DISPONIBLE,SANTIAGO,45000,40000,,,
FOCUS 2012,RUEDA DE REPUESTO,Rueda De Repuesto,,DISPONIBLE,SANTIAGO,35000,30000,,,
FOCUS 2012,SENSOR ABS TRASERO LH,Sensor Abs Trasero,Trasera Izquierda,DISPONIBLE,SANTIAGO,,,,,
FOCUS 2012,SENSOR ABS TRASERO RH,Sensor Abs Trasero,Trasera Derecha,DISPONIBLE,SANTIAGO,,,,,
FOCUS 2012,SENSOR MAF O FLUJÓMETRO,Sensor Maf O Flujómetro,,VENDIDO,SANTIAGO,35000,30000,,,
FOCUS 2012,SENSOR OXÍGENO ,Sensor Oxígeno ,,DISPONIBLE,SANTIAGO,40000,35000,,,
FOCUS 2012,SENSOR OXÍGENO ,Sensor Oxígeno ,,DISPONIBLE,SANTIAGO,40000,35000,,,
FOCUS 2012,SOPORTE DE MOTOR CENTRAL (HUESO),Soporte De Motor Central (Hueso),Central,VENDIDO,SANTIAGO,35000,30000,,,
FOCUS 2012,SOPORTE DE MOTOR LH,Soporte De Motor,Izquierda,VENDIDO,SANTIAGO,50000,45000,,,
FOCUS 2012,SOPORTE DE MOTOR RH,Soporte De Motor,Derecha,NO DISPONIBLE,N/A,,,,,
FOCUS 2012,SUNROOF SOLO,Sunroof Solo,,VENDIDO,SANTIAGO,130000,125000,,,
FOCUS 2012,TCM,Tcm,,NO DISPONIBLE,,,,,,Sin ubicación
FOCUS 2012,TAPA DE BENCINA EXTERIOR,Tapa De Bencina Exterior,,DISPONIBLE,SANTIAGO,,,,,
FOCUS 2012,TAPABARRO DERECHO,Tapabarro Derecho,,VENDIDO,SANTIAGO,75000,70000,,,
FOCUS 2012,TAPABARRO IZQUIERDO,Tapabarro Izquierdo,,VENDIDO,SANTIAGO,75000,70000,,,
FOCUS 2012,TECHO SOLO LATA,Techo Solo Lata,,DISPONIBLE,,90000,80000,,,Sin ubicación
FOCUS 2012,TELECOMANDO ,Telecomando ,,DISPONIBLE,SANTIAGO,,,,,
FOCUS 2012,TERCERA LUZ DE FRENO,Tercera Luz De Freno,,DISPONIBLE,SANTIAGO,,,,,
FOCUS 2012,TIRANTE DE PUERTA DELANTERA LH,Tirante De Puerta Delantera,Delantera Izquierda,DISPONIBLE,SANTIAGO,,,,,
FOCUS 2012,TIRANTE DE PUERTA TRASERA RH,Tirante De Puerta Trasera,Trasera Derecha,DISPONIBLE,SANTIAGO,,,,,
FOCUS 2012,TUBO CORRUGADO,Tubo Corrugado,,DISPONIBLE,SANTIAGO,15000,10000,,,
FOCUS 2012,VARILLA CAPOT,Varilla Capot,,DISPONIBLE,SANTIAGO,,,,,
FOCUS 2012,VIDRIO PUERTA DELANTERA LH,Vidrio Puerta Delantera,Delantera Izquierda,DISPONIBLE,SANTIAGO,,,,,
FOCUS 2012,VIDRIO PUERTA DELANTERA RH,Vidrio Puerta Delantera,Delantera Derecha,DISPONIBLE,SANTIAGO,,,,,
FOCUS 2012,VIDRIO PUERTA TRASERA LH,Vidrio Puerta Trasera,Trasera Izquierda,DISPONIBLE,SANTIAGO,,,,,
FOCUS 2012,VIDRIO PUERTA TRASERA RH,Vidrio Puerta Trasera,Trasera Derecha,DISPONIBLE,SANTIAGO,,,,,
FOCUS 2012,VOLANTE,Volante,,DISPONIBLE,SANTIAGO,45000,40000,,,
GOLF 2004,ALTERNADOR,Alternador,,DISPONIBLE,SANTIAGO,65000,60000,,,
GOLF 2004,AMORTIGUADOR DELANTERO LH,Amortiguador Delantero,Delantera Izquierda,DISPONIBLE,SANTIAGO,45000,40000,,,
GOLF 2004,AMORTIGUADOR DELANTERO RH,Amortiguador Delantero,Delantera Derecha,DISPONIBLE,SANTIAGO,45000,40000,,,
GOLF 2004,AMORTIGUADOR TRASERO LH,Amortiguador Trasero,Trasera Izquierda,DISPONIBLE,SANTIAGO,20000,15000,,,
GOLF 2004,AMORTIGUADOR TRASERO RH,Amortiguador Trasero,Trasera Derecha,DISPONIBLE,SANTIAGO,20000,15000,,,
GOLF 2004,APOYABRAZO,Apoyabrazo,,NO DISPONIBLE,SANTIAGO,,,,MALO,
GOLF 2004,ASIENTO DELANTERO LH,Asiento Delantero,Delantera Izquierda,DISPONIBLE,SANTIAGO,35000,30000,,,
GOLF 2004,ASIENTO DELANTERO RH,Asiento Delantero,Delantera Derecha,DISPONIBLE,SANTIAGO,35000,30000,,,
GOLF 2004,ASIENTOS TRASEROS,Asientos Traseros,Trasera,DISPONIBLE,SANTIAGO,30000,20000,,DETALLE EN GANCHOS PARA DESTRABAR,
GOLF 2004,BANDEJA DELANTERA LH,Bandeja Delantera,Delantera Izquierda,DISPONIBLE,SANTIAGO,25000,20000,,,
GOLF 2004,BANDEJA DELANTERA RH,Bandeja Delantera,Delantera Derecha,DISPONIBLE,SANTIAGO,25000,20000,,,
GOLF 2004,BARRA DE TECHO LH,Barra De Techo,Izquierda,DISPONIBLE,SANTIAGO,,,,,
GOLF 2004,BARRA DE TECHO RH,Barra De Techo,Derecha,DISPONIBLE,SANTIAGO,,,,,
GOLF 2004,BASE BATERÍA,Base Batería,,DISPONIBLE,SANTIAGO,25000,20000,,,
GOLF 2004,BASE DE SOPORTE LH (CAJA),Base De Soporte (Caja),Izquierda,DISPONIBLE,SANTIAGO,25000,20000,,,
GOLF 2004,BISAGRA CAPOT LH,Bisagra Capot,Izquierda,DISPONIBLE,SANTIAGO,,,,,
GOLF 2004,BISAGRA CAPOT RH,Bisagra Capot,Derecha,DISPONIBLE,SANTIAGO,,,,,
GOLF 2004,BISAGRA INFERIOR PUERTA DELANTERA LH,Bisagra Inferior Puerta Delantera,Delantera Izquierda,DISPONIBLE,SANTIAGO,15000,10000,,,
GOLF 2004,BISEL DE RADIO,Bisel De Radio,,DISPONIBLE,SANTIAGO,25000,20000,,,
GOLF 2004,BISEL RADIO Y CONTROL DE AIRE,Bisel Radio Y Control De Aire,,DISPONIBLE,SANTIAGO,25000,20000,,ESCRITO ASÍ EN INVENTARIO,
GOLF 2004,BOBINA 1,Bobina 1,,DISPONIBLE,SANTIAGO,,,,,
GOLF 2004,BOMBA DE ALTA,Bomba De Alta,,DISPONIBLE,SANTIAGO,,,,,
GOLF 2004,BOMBA DE COMBUSTIBLE,Bomba De Combustible,,DISPONIBLE,SANTIAGO,,,,,
GOLF 2004,BOMBA DE FRENO,Bomba De Freno,,DISPONIBLE,SANTIAGO,45000,40000,,,
GOLF 2004,BOMBA DE PEDAL DE EMBRAGUE,Bomba De Pedal De Embrague,,DISPONIBLE,SANTIAGO,,,,,
GOLF 2004,BOMBA HIDRÁULICA,Bomba Hidráulica,,DISPONIBLE,SANTIAGO,60000,50000,,,
GOLF 2004,BOTÓN ALZAVIDRIO PUERTA TRASERA LH,Botón Alzavidrio Puerta Trasera,Trasera Izquierda,DISPONIBLE,SANTIAGO,15000,10000,,,
GOLF 2004,BOTÓN ALZAVIDRIO PUERTA TRASERA RH,Botón Alzavidrio Puerta Trasera,Trasera Derecha,DISPONIBLE,SANTIAGO,15000,10000,,,
GOLF 2004,BOTON HAZARD,Boton Hazard,,VENDIDO,SANTIAGO,15000,10000,,,
GOLF 2004,BOTONERA DELANTERA LH,Botonera Delantera,Delantera Izquierda,NO DISPONIBLE,N/A,,,,,
GOLF 2004,BRAZO LIMPIAPARABRISAS DELANTERO LH,Brazo Limpiaparabrisas Delantero,Delantera Izquierda,DISPONIBLE,SANTIAGO,,,,,
GOLF 2004,BRAZO LIMPIAPARABRISAS DELANTERO RH,Brazo Limpiaparabrisas Delantero,Delantera Derecha,DISPONIBLE,SANTIAGO,,,,,
GOLF 2004,BRAZO LIMPIAPARABRISAS TRASERO ,Brazo Limpiaparabrisas Trasero ,Trasera,DISPONIBLE,SANTIAGO,15000,10000,,,
GOLF 2004,CAJA,Caja,,VENDIDO,SANTIAGO,350000,320000,,,
GOLF 2004,CALIPER DELANTERO LH,Caliper Delantero,Delantera Izquierda,DISPONIBLE,SANTIAGO,30000,25000,,,
GOLF 2004,CALIPER DELANTERO RH,Caliper Delantero,Delantera Derecha,DISPONIBLE,SANTIAGO,30000,25000,,,
GOLF 2004,CALIPER TRASERO LH,Caliper Trasero,Trasera Izquierda,DISPONIBLE,SANTIAGO,40000,35000,,,
GOLF 2004,CALIPER TRASERO RH,Caliper Trasero,Trasera Derecha,DISPONIBLE,SANTIAGO,40000,35000,,,
GOLF 2004,CAÑERÍA HIDRÁULICA,Cañería Hidráulica,,DISPONIBLE,SANTIAGO,,,,REVISAR SI LLEGÓ O ESTÁ MAL ESCRITA,Requiere revisión
GOLF 2004,CAÑERÍAS DE AIRE ACONDICIONADO,Cañerías De Aire Acondicionado,,DISPONIBLE,SANTIAGO,,,,,
GOLF 2004,CAPOT,Capot,,VENDIDO,SANTIAGO,70000,60000,,TIENE DETALLE,
GOLF 2004,CATALÍTICO (DIÉSEL),Catalítico (Diésel),,VENDIDO,SANTIAGO,60000,50000,,IVÁN,Persona en nota
GOLF 2004,CHAPA CAPOT ,Chapa Capot ,,DISPONIBLE,SANTIAGO,30000,25000,,,
GOLF 2004,CHAPA DE CONTACTO,Chapa De Contacto,,DISPONIBLE,SANTIAGO,,,,,
GOLF 2004,CHAPA PORTALÓN,Chapa Portalón,,DISPONIBLE,SANTIAGO,30000,25000,,,
GOLF 2004,CHAPA PUERTA DELANTERA LH,Chapa Puerta Delantera,Delantera Izquierda,VENDIDO,SANTIAGO,40000,35000,,,
GOLF 2004,CHAPA PUERTA DELANTERA RH,Chapa Puerta Delantera,Delantera Derecha,DISPONIBLE,SANTIAGO,40000,35000,,,
GOLF 2004,CHAPA PUERTA TRASERA LH,Chapa Puerta Trasera,Trasera Izquierda,VENDIDO,SANTIAGO,40000,35000,,,
GOLF 2004,CHAPA PUERTA TRASERA RH,Chapa Puerta Trasera,Trasera Derecha,DISPONIBLE,SANTIAGO,40000,35000,,,
GOLF 2004,CILINDRO CHAPA PUERTA,Cilindro Chapa Puerta,,DISPONIBLE,,15000,10000,,,Sin ubicación
GOLF 2004,CINTA DE AIRBAG,Cinta De Airbag,,DISPONIBLE,SANTIAGO,20000,20000,,,
GOLF 2004,CINTURÓN TRASERO LH,Cinturón Trasero,Trasera Izquierda,DISPONIBLE,SANTIAGO,,,,,
GOLF 2004,CINTURÓN TRASERO RH,Cinturón Trasero,Trasera Derecha,DISPONIBLE,SANTIAGO,,,,,
GOLF 2004,COLECTOR DE ADMISION ,Colector De Admision ,,DISPONIBLE,SANTIAGO,45000,40000,,,
GOLF 2004,COMPRESOR DE AIRE,Compresor De Aire,,DISPONIBLE,SANTIAGO,85000,80000,,,
GOLF 2004,CONSOLA CENTRAL,Consola Central,Central,NO DISPONIBLE,SANTIAGO,,,,MALA,
GOLF 2004,CONTROL DE CALEFACCIÓN,Control De Calefacción,,DISPONIBLE,SANTIAGO,25000,20000,,,
GOLF 2004,CONTROLADOR LUCES,Controlador Luces,,DISPONIBLE,,20000,25000,,,Sin ubicación
GOLF 2004,CREMALLERA DE ALZAVIDRIOS DELANTERA LH,Cremallera De Alzavidrios Delantera,Delantera Izquierda,DISPONIBLE,SANTIAGO,40000,35000,,,
GOLF 2004,CREMALLERA DE ALZAVIDRIOS DELANTERA RH,Cremallera De Alzavidrios Delantera,Delantera Derecha,DISPONIBLE,SANTIAGO,40000,35000,,,
GOLF 2004,CREMALLERA DE ALZAVIDRIOS TRASERA LH,Cremallera De Alzavidrios Trasera,Trasera Izquierda,VENDIDO,SANTIAGO,35000,30000,,,
GOLF 2004,CREMALLERA DE ALZAVIDRIOS TRASERA RH,Cremallera De Alzavidrios Trasera,Trasera Derecha,DISPONIBLE,SANTIAGO,35000,30000,,,
GOLF 2004,CREMALLERA DE DIRECCIÓN,Cremallera De Dirección,,DISPONIBLE,SANTIAGO,90000,80000,,,
GOLF 2004,CUBRE CARTER,Cubre Carter,,VENDIDO,SANTIAGO,,,,,
GOLF 2004,CUBRE EQUIPAJE,Cubre Equipaje,,VENDIDO,SANTIAGO,25000,20000,,"CON DETALLE, PEDIR FOTOS",Requiere revisión
GOLF 2004,CUBRE TORPEDO,Cubre Torpedo,,NO DISPONIBLE,,,,,,Sin ubicación
GOLF 2004,CUNA,Cuna,,DISPONIBLE,SANTIAGO,70000,60000,,,
GOLF 2004,DEPÓSITO DE AGUA O LÍQUIDO REFRIGERANTE ,Depósito De Agua O Líquido Refrigerante ,,DISPONIBLE,SANTIAGO,20000,20000,,RADIADOR,
GOLF 2004,DEPÓSITO LIMPIAPARABRISAS,Depósito Limpiaparabrisas,,DISPONIBLE,SANTIAGO,35000,30000,,,
GOLF 2004,DEPÓSITO LÍQUIDO HIDRÁULICO,Depósito Líquido Hidráulico,,DISPONIBLE,SANTIAGO,15000,10000,,,
GOLF 2004,DISCO DE FRENO DELANTERO LH,Disco De Freno Delantero,Delantera Izquierda,DISPONIBLE,SANTIAGO,15000,10000,,,
GOLF 2004,DISCO DE FRENO DELANTERO RH,Disco De Freno Delantero,Delantera Derecha,DISPONIBLE,SANTIAGO,15000,10000,,,
GOLF 2004,DISCO DE FRENO TRASERO LH,Disco De Freno Trasero,Trasera Izquierda,DISPONIBLE,SANTIAGO,15000,10000,,,
GOLF 2004,ECU,Ecu,,DISPONIBLE,SANTIAGO,,,,,
GOLF 2004,EJE PALIER LH,Eje Palier,Izquierda,DISPONIBLE,SANTIAGO,65000,60000,,,
GOLF 2004,EJE PALIER RH,Eje Palier,Derecha,DISPONIBLE,SANTIAGO,75000,70000,,,
GOLF 2004,EJE TRASERO COMO ESTÁ EN LA FOTO,Eje Trasero Como Está En La Foto,Trasera,VENDIDO,SANTIAGO,60000,55000,,,
GOLF 2004,ELECTROVENTILADOR,Electroventilador,,DISPONIBLE,SANTIAGO,85000,80000,,,
GOLF 2004,ESPEJO CENTRAL,Espejo Central,Central,DISPONIBLE,SANTIAGO,,,,,
GOLF 2004,ESPEJO LH,Espejo,Izquierda,VENDIDO,SANTIAGO,25000,20000,,,
GOLF 2004,ESPEJO RH,Espejo,Derecha,VENDIDO,SANTIAGO,25000,20000,,,
GOLF 2004,FLUJÓMETRO ,Flujómetro ,,DISPONIBLE,SANTIAGO,45000,40000,,,
GOLF 2004,FOCO TRASERO LH,Foco Trasero,Trasera Izquierda,DISPONIBLE,SANTIAGO,40000,35000,,,
GOLF 2004,FOCO TRASERO RH,Foco Trasero,Trasera Derecha,VENDIDO,SANTIAGO,40000,35000,,,
GOLF 2004,FRONTAL,Frontal,,VENDIDO,SANTIAGO,75000,70000,,,
GOLF 2004,FUNDA DE PARACHOQUE DELANTERO ,Funda De Parachoque Delantero ,Delantera,VENDIDO,SANTIAGO,55000,45000,,,
GOLF 2004,FUNDA DE PARACHOQUE TRASERO,Funda De Parachoque Trasero,Trasera,DISPONIBLE,SANTIAGO,65000,55000,,,
GOLF 2004,GOMA CONTORNO DE PUERTA DELANTERA RH,Goma Contorno De Puerta Delantera,Delantera Derecha,DISPONIBLE,SANTIAGO,,,,,
GOLF 2004,GOMA CONTORNO DE PUERTA TRASERA LH,Goma Contorno De Puerta Trasera,Trasera Izquierda,DISPONIBLE,SANTIAGO,,,,,
GOLF 2004,GOMA CONTORNO DE PUERTA TRASERA RH,Goma Contorno De Puerta Trasera,Trasera Derecha,DISPONIBLE,SANTIAGO,,,,,
GOLF 2004,GOMA CONTORNO DE TECHO LH,Goma Contorno De Techo,Izquierda,DISPONIBLE,SANTIAGO,,,,,
GOLF 2004,GOMA CUBRE TORPEDO,Goma Cubre Torpedo,,VENDIDO,SANTIAGO,,,,,
GOLF 2004,GOMA TRASERA CAPOT,Goma Trasera Capot,Trasera,DISPONIBLE,SANTIAGO,,,,,
GOLF 2004,GUANTERA,Guantera,,VENDIDO,SANTIAGO,35000,30000,,,
GOLF 2004,GUARDAFANGO DELANTERO LH,Guardafango Delantero,Delantera Izquierda,DISPONIBLE,SANTIAGO,15000,10000,,,
GOLF 2004,GUARDAFANGO TRASERO LH,Guardafango Trasero,Trasera Izquierda,DISPONIBLE,SANTIAGO,10000,10000,,,
GOLF 2004,GUARDAFANGO TRASERO RH,Guardafango Trasero,Trasera Derecha,VENDIDO,SANTIAGO,10000,10000,,,
GOLF 2004,INTERCOOLER,Intercooler,,DISPONIBLE,SANTIAGO,45000,40000,,,
GOLF 2004,INYECTOR (4),Inyector (4),,VENDIDO,SANTIAGO,80000,70000,,SOLO,
GOLF 2004,KIT DE AIRBAG,Kit De Airbag,,DISPONIBLE,SANTIAGO,240000,220000,,,Múltiples piezas
GOLF 2004,KIT DE EMBRAGUE,Kit De Embrague,,DISPONIBLE,SANTIAGO,35000,30000,,,Múltiples piezas
GOLF 2004,LÍNEA DE ESCAPE DEL CATALÍTICO HACIA ATRÁS,Línea De Escape Del Catalítico Hacia Atrás,,DISPONIBLE,REQUINOA,75000,70000,,CLIENTE IVÁN,Persona en nota
GOLF 2004,LLANTA 1,Llanta 1,,VENDIDO,SANTIAGO,70000,65000,,,
GOLF 2004,LLANTA 2,Llanta 2,,VENDIDO,SANTIAGO,70000,65000,,,
GOLF 2004,LLANTA 3,Llanta 3,,VENDIDO,SANTIAGO,70000,65000,,,
GOLF 2004,LLANTA 4 FIERRO,Llanta 4 Fierro,,VENDIDO,SANTIAGO,70000,65000,,,
GOLF 2004,LLAVE,Llave,,DISPONIBLE,SANTIAGO,,,,,
GOLF 2004,LUZ CENTRAL INTERIOR TECHO,Luz Central Interior Techo,Central,DISPONIBLE,SANTIAGO,,,,,
GOLF 2004,LUZ INTERIOR CIELO TRASERO RH,Luz Interior Cielo Trasero,Trasera Derecha,DISPONIBLE,SANTIAGO,,,,,
GOLF 2004,MANGUERA AGUA ,Manguera Agua ,,DISPONIBLE,SANTIAGO,15000,10000,,,
GOLF 2004,MANGUERA DE AGUA,Manguera De Agua,,DISPONIBLE,SANTIAGO,15000,10000,,,
GOLF 2004,MANGUERA DE AIRE (SALIDA DE PORTAFILTRO),Manguera De Aire (Salida De Portafiltro),,DISPONIBLE,SANTIAGO,15000,10000,,,
GOLF 2004,MANGUERA PORTA FILTRO DE AIRE,Manguera Porta Filtro De Aire,,DISPONIBLE,,25000,20000,,,Sin ubicación
GOLF 2004,MANGUERA SUPERIOR RADIADOR,Manguera Superior Radiador,,DISPONIBLE,SANTIAGO,15000,10000,,,
GOLF 2004,MANILLA DE TECHO DELANTERA RH,Manilla De Techo Delantera,Delantera Derecha,DISPONIBLE,SANTIAGO,,,,,
GOLF 2004,MANILLA DE TECHO TRASERA LH,Manilla De Techo Trasera,Trasera Izquierda,DISPONIBLE,SANTIAGO,,,,,
GOLF 2004,MANILLA DE TECHO TRASERA RH,Manilla De Techo Trasera,Trasera Derecha,DISPONIBLE,SANTIAGO,,,,,
GOLF 2004,MANILLA EXTERIOR DELANTERA LH,Manilla Exterior Delantera,Delantera Izquierda,VENDIDO,SANTIAGO,10000,10000,,CON DETALLE,
GOLF 2004,MANILLA EXTERIOR DELANTERA RH,Manilla Exterior Delantera,Delantera Derecha,DISPONIBLE,SANTIAGO,20000,15000,,,
GOLF 2004,MANILLA EXTERIOR TRASERA LH,Manilla Exterior Trasera,Trasera Izquierda,DISPONIBLE,SANTIAGO,20000,15000,,,
GOLF 2004,MANILLA EXTERIOR TRASERA RH,Manilla Exterior Trasera,Trasera Derecha,DISPONIBLE,SANTIAGO,20000,15000,,,
GOLF 2004,MANILLA INTERIOR DELANTERA LH,Manilla Interior Delantera,Delantera Izquierda,DISPONIBLE,SANTIAGO,15000,10000,,,
GOLF 2004,MANILLA INTERIOR DELANTERA RH,Manilla Interior Delantera,Delantera Derecha,DISPONIBLE,SANTIAGO,15000,10000,,,
GOLF 2004,MANILLA INTERIOR TRASERA LH,Manilla Interior Trasera,Trasera Izquierda,DISPONIBLE,,15000,10000,,,Sin ubicación
GOLF 2004,MANILLA INTERIOR TRASERA RH,Manilla Interior Trasera,Trasera Derecha,DISPONIBLE,,15000,10000,,,Sin ubicación
GOLF 2004,MÁSCARA,Máscara,,DISPONIBLE,SANTIAGO,25000,20000,,,
GOLF 2004,MÉNSULA DELANTERA LH,Ménsula Delantera,Delantera Izquierda,NO DISPONIBLE,,,,,,Sin ubicación
GOLF 2004,MÉNSULA DELANTERA RH ,Ménsula Delantera ,Delantera Derecha,DISPONIBLE,SANTIAGO,15000,15000,,EL PAR (AMBAS DERECHAS),
GOLF 2004,MÉNSULA TRASERA LH,Ménsula Trasera,Trasera Izquierda,DISPONIBLE,SANTIAGO,,,,,
GOLF 2004,MÉNSULA TRASERA RH,Ménsula Trasera,Trasera Derecha,DISPONIBLE,SANTIAGO,,,,,
GOLF 2004,MÓDULO ABS ,Módulo Abs ,,DISPONIBLE,SANTIAGO,,,,,
GOLF 2004,MÓDULO CONFORT,Módulo Confort,,DISPONIBLE,SANTIAGO,80000,70000,,,
GOLF 2004,MOLDURA PUERTA DELANTERA LH,Moldura Puerta Delantera,Delantera Izquierda,DISPONIBLE,SANTIAGO,,,,,
GOLF 2004,MOLDURA PUERTA DELANTERA RH,Moldura Puerta Delantera,Delantera Derecha,DISPONIBLE,SANTIAGO,,,,,
GOLF 2004,MOLDURA PUERTA TRASERA LH,Moldura Puerta Trasera,Trasera Izquierda,DISPONIBLE,SANTIAGO,,,,,
GOLF 2004,MOLDURA PUERTA TRASERA RH,Moldura Puerta Trasera,Trasera Derecha,DISPONIBLE,SANTIAGO,,,,,
GOLF 2004,MOTOR DE CALEFACCIÓN,Motor De Calefacción,,DISPONIBLE,SANTIAGO,,,,,
GOLF 2004,MOTOR DE LIMPIAPARABRISAS TRASERO,Motor De Limpiaparabrisas Trasero,Trasera,DISPONIBLE,SANTIAGO,25000,20000,,DE PORTALÓN,
GOLF 2004,MOTOR DE PARTIDA,Motor De Partida,,VENDIDO,SANTIAGO,65000,60000,,,
GOLF 2004,MOTOR FACTURABLE,Motor Facturable,,VENDIDO,SANTIAGO,750000,700000,,PRECIO ACTUALIZADO ,
GOLF 2004,MOTOR Y VARILLAJE LIMPIAPARABRISAS,Motor Y Varillaje Limpiaparabrisas,,VENDIDO,SANTIAGO,50000,45000,,,
GOLF 2004,MÚLTIPLE DE ESCAPE,Múltiple De Escape,,DISPONIBLE,SANTIAGO,35000,30000,,,
GOLF 2004,MUÑÓN Y MAZA DELANTERA LH,Muñón Y Maza Delantera,Delantera Izquierda,DISPONIBLE,SANTIAGO,45000,40000,,MAZA MALA,
GOLF 2004,MUÑÓN Y MAZA DELANTERA RH,Muñón Y Maza Delantera,Delantera Derecha,DISPONIBLE,SANTIAGO,65000,60000,,,
GOLF 2004,MUÑON Y MAZA TRASERA LH,Muñón Y Maza Trasera,Trasera Izquierda,DISPONIBLE,SANTIAGO,,,,PUESTO EN EJE,MUÑON mal escrito
GOLF 2004,MUÑON Y MAZA TRASERA RH,Muñón Y Maza Trasera,Trasera Derecha,DISPONIBLE,SANTIAGO,,,,PUESTO EN EJE,MUÑON mal escrito
GOLF 2004,ÓPTICO LH,Óptico,Izquierda,VENDIDO,SANTIAGO,50000,45000,,,
GOLF 2004,ÓPTICO RH,Óptico,Derecha,VENDIDO,SANTIAGO,60000,55000,,,
GOLF 2004,PALANCA DE CAMBIOS,Palanca De Cambios,,DISPONIBLE,SANTIAGO,,,,,
GOLF 2004,PALANCA DE FRENO DE MANO,Palanca De Freno De Mano,,DISPONIBLE,SANTIAGO,,,,,
GOLF 2004,PARABRISAS GOLF,Parabrisas Golf,,NO DISPONIBLE,,,,,,Sin ubicación
GOLF 2004,PARASOL LH,Parasol,Izquierda,VENDIDO,SANTIAGO,25000,20000,,,
GOLF 2004,PARASOL RH,Parasol,Derecha,VENDIDO,SANTIAGO,25000,20000,,,
GOLF 2004,PEDAL DE EMBRAGUE CON BOMBA,Pedal De Embrague Con Bomba,,DISPONIBLE,SANTIAGO,,,,,
GOLF 2004,PEDALERA DE FRENO,Pedalera De Freno,,DISPONIBLE,SANTIAGO,,,,,
GOLF 2004,PIOLAS PALANCAS DE CAMBIOS,Piolas Palancas De Cambios,,DISPONIBLE,SANTIAGO,,,,,
GOLF 2004,PORTA ELECTROVENTILADOR,Porta Electroventilador,,VENDIDO,SANTIAGO,35000,35000,,,
GOLF 2004,PORTA FILTRO DE AIRE,Porta Filtro De Aire,,DISPONIBLE,SANTIAGO,45000,40000,,,
GOLF 2004,PORTA LENTES,Porta Lentes,,DISPONIBLE,SANTIAGO,15000,10000,,,
GOLF 2004,PORTALÓN SOLO LATA,Portalón Solo Lata,,DISPONIBLE,SANTIAGO,95000,85000,,INCLUYE VIDRIO,
GOLF 2004,PUERTA DELANTERA SOLO LATA LH,Puerta Delantera Solo Lata,Delantera Izquierda,DISPONIBLE,SANTIAGO,55000,50000,,PRECIO ACTUALIZADO,
GOLF 2004,PUERTA DELANTERA SOLO LATA RH,Puerta Delantera Solo Lata,Delantera Derecha,DISPONIBLE,SANTIAGO,55000,50000,,PRECIO ACTUALIZADO,
GOLF 2004,PUERTA TRASERA SOLO LATA LH,Puerta Trasera Solo Lata,Trasera Izquierda,DISPONIBLE,SANTIAGO,55000,50000,,PRECIO ACTUALIZADO,
GOLF 2004,PUERTA TRASERA SOLO LATA RH,Puerta Trasera Solo Lata,Trasera Derecha,DISPONIBLE,SANTIAGO,55000,50000,,PRECIO ACTUALIZADO,
GOLF 2004,RADIADOR AGUA,Radiador Agua,,VENDIDO,SANTIAGO,45000,40000,,,
GOLF 2004,RADIADOR AIRE,Radiador Aire,,DISPONIBLE,SANTIAGO,80000,75000,,,
GOLF 2004,RADIADOR DE CALEFACCIÓN ,Radiador De Calefacción ,,NO DISPONIBLE,N/A,,,,MALO,
GOLF 2004,RAMAL CON FUSILERA,Ramal Con Fusilera,,DISPONIBLE,SANTIAGO,70000,60000,,,
GOLF 2004,REFUERZO DE PARACHOQUE DELANTERO,Refuerzo De Parachoque Delantero,Delantera,VENDIDO,SANTIAGO,35000,30000,,,
GOLF 2004,REFUERZO DE PARACHOQUE TRASERO,Refuerzo De Parachoque Trasero,Trasera,DISPONIBLE,SANTIAGO,,,,,
GOLF 2004,RESISTENCIA CALEFACCIÓN ,Resistencia Calefacción ,,DISPONIBLE,SANTIAGO,,,,,
GOLF 2004,RIEL DE INYECCIÓN ,Riel De Inyección ,,VENDIDO,SANTIAGO,,,,,
GOLF 2004,RODAMIENTO TENSOR CORREA DE ACCESORIOS,Rodamiento Tensor Correa De Accesorios,,VENDIDO,SANTIAGO,35000,30000,,,
GOLF 2004,ROSCA DE BOMBA DE BENCINA ,Rosca De Bomba De Bencina ,,DISPONIBLE,SANTIAGO,,,,,
GOLF 2004,SENSOR ABS DELANTERO RH,Sensor Abs Delantero,Delantera Derecha,DISPONIBLE,SANTIAGO,,,,,
GOLF 2004,SENSOR DE PEDAL DE EMBRAGUE,Sensor De Pedal De Embrague,,DISPONIBLE,SANTIAGO,,,,,
GOLF 2004,SENSOR DE PEDAL DE FRENO,Sensor De Pedal De Freno,,DISPONIBLE,SANTIAGO,,,,,
GOLF 2004,SENSOR DE VELOCIDAD,Sensor De Velocidad,,DISPONIBLE,REQUINOA,20000,15000,,PUERTO AÚN EN EL VEHÍCULO,
GOLF 2004,SENSOR MAF CON FLUJÓMETRO,Sensor Maf Con Flujómetro,,DISPONIBLE,,50000,45000,,,Sin ubicación
GOLF 2004,SERVO FRENO,Servo Freno,,DISPONIBLE,SANTIAGO,,,,,
GOLF 2004,SINÓPTICO ,Sinóptico ,,DISPONIBLE,SANTIAGO,60000,55000,,,
GOLF 2004,SOPORTE DE MOTOR CENTRAL(HUESO),Soporte De Motor Central(Hueso),Central,DISPONIBLE,SANTIAGO,25000,20000,,,
GOLF 2004,SOPORTE DE MOTOR LH,Soporte De Motor,Izquierda,DISPONIBLE,SANTIAGO,45000,40000,,CAJA,
GOLF 2004,SOPORTE DE MOTOR RH,Soporte De Motor,Derecha,DISPONIBLE,SANTIAGO,45000,40000,,,
GOLF 2004,SOPORTE DE PIOLA DE PALANCA DE CAMBIOS LADO CAJA,Soporte De Piola De Palanca De Cambios Lado Caja,,DISPONIBLE,SANTIAGO,,,,,
GOLF 2004,TAPA DE BENCINA EXTERIOR,Tapa De Bencina Exterior,,NO DISPONIBLE,SANTIAGO,,,,,
GOLF 2004,TAPA DE BENCINA INTERIOR,Tapa De Bencina Interior,,DISPONIBLE,SANTIAGO,,,,,
GOLF 2004,TAPABARRO LH,Tapabarro,Izquierda,VENDIDO,SANTIAGO,55000,50000,,,
GOLF 2004,TAPABARRO RH,Tapabarro,Derecha,VENDIDO,SANTIAGO,55000,50000,,,
GOLF 2004,TAPIZ INTERIOR PORTALÓN,Tapiz Interior Portalón,,DISPONIBLE,SANTIAGO,30000,25000,,,
GOLF 2004,TAPIZ PUERTA DELANTERA LH,Tapiz Puerta Delantera,Delantera Izquierda,DISPONIBLE,SANTIAGO,15000,10000,,,
GOLF 2004,TAPIZ PUERTA DELANTERA RH,Tapiz Puerta Delantera,Delantera Derecha,DISPONIBLE,SANTIAGO,15000,10000,,,
GOLF 2004,TAPIZ PUERTA TRASERA LH,Tapiz Puerta Trasera,Trasera Izquierda,VENDIDO,SANTIAGO,15000,10000,,,
GOLF 2004,TAPIZ PUERTA TRASERA RH,Tapiz Puerta Trasera,Trasera Derecha,DISPONIBLE,SANTIAGO,15000,10000,,,
GOLF 2004,TELECOMANDO,Telecomando,,VENDIDO,SANTIAGO,20000,15000,,,
GOLF 2004,TERMINAL DE DIRECCIÓN + AXIAL,Terminal De Dirección + Axial,,DISPONIBLE,SANTIAGO,45000,40000,,,
GOLF 2004,TUBERÍA DE INTERCOOLER,Tubería De Intercooler,,DISPONIBLE,SANTIAGO,25000,20000,,,
GOLF 2004,TUBERÍA TURBO,Tubería Turbo,,DISPONIBLE,SANTIAGO,,,,,
GOLF 2004,TUBERÍAS DE AIRE,Tuberías De Aire,,VENDIDO,SANTIAGO,10000,10000,,,
GOLF 2004,TURBO,Turbo,,DISPONIBLE,SANTIAGO,90000,80000,,,
GOLF 2004,VALVULA EGR.,Valvula Egr.,,DISPONIBLE,,60000,50000,,,Sin ubicación
GOLF 2004,VIDRIO PUERTA DELANTERA LH,Vidrio Puerta Delantera,Delantera Izquierda,DISPONIBLE,SANTIAGO,35000,30000,,,
GOLF 2004,VIDRIO PUERTA DELANTERA RH,Vidrio Puerta Delantera,Delantera Derecha,DISPONIBLE,SANTIAGO,35000,30000,,,
GOLF 2004,VIDRIO PUERTA TRASERA LR ,Vidrio Puerta Trasera Lr ,Trasera,DISPONIBLE,SANTIAGO,35000,30000,,,
GOLF 2004,VIDRIO PUERTA TRASERA RH,Vidrio Puerta Trasera,Trasera Derecha,DISPONIBLE,SANTIAGO,35000,30000,,,
GOLF 2004,VOLANTE,Volante,,DISPONIBLE,SANTIAGO,25000,20000,,,
GOLF 2004,VOLANTE BIMASA,Volante Bimasa,,VENDIDO,SANTIAGO,140000,130000,,,
IQ 2019,ALTERNADOR,Alternador,,VENDIDO,SANTIAGO,80000,75000,,,
IQ 2019,AMORTIGUADOR DELANTERO LH,Amortiguador Delantero,Delantera Izquierda,VENDIDO,SANTIAGO,70000,65000,,,
IQ 2019,AMORTIGUADOR DELANTERO RH,Amortiguador Delantero,Delantera Derecha,DISPONIBLE,SANTIAGO,55000,50000,,,
IQ 2019,AMORTIGUADOR PORTALÓN,Amortiguador Portalón,,VENDIDO,SANTIAGO,15000,10000,,ES UNO,
IQ 2019,AMORTIGUADOR TRASERO LH,Amortiguador Trasero,Trasera Izquierda,DISPONIBLE,SANTIAGO,10000,10000,,,
IQ 2019,AMORTIGUADOR TRASERO RH,Amortiguador Trasero,Trasera Derecha,DISPONIBLE,SANTIAGO,10000,10000,,,
IQ 2019,AMPOLLETA LH PATENTE,Ampolleta Patente,Izquierda,VENDIDO,SANTIAGO,12000,10000,,,
IQ 2019,ANTENA RADIO,Antena Radio,,DISPONIBLE,SANTIAGO,20000,15000,,,
IQ 2019,ASIENTO DELANTERO LH,Asiento Delantero,Delantera Izquierda,VENDIDO,SANTIAGO,60000,55000,,SIN AIRBAG,
IQ 2019,ASIENTO DELANTERO RH,Asiento Delantero,Delantera Derecha,DISPONIBLE,,60000,55000,,SIN AIRBAG,Sin ubicación
IQ 2019,BANDEJA DELANTERA LH,Bandeja Delantera,Delantera Izquierda,VENDIDO,SANTIAGO,35000,25000,,,
IQ 2019,BANDEJA DELANTERA RH,Bandeja Delantera,Delantera Derecha,VENDIDO,SANTIAGO,35000,25000,,,
IQ 2019,BANDEJA TRASERA LARGA LH,Bandeja Trasera Larga,Trasera Izquierda,VENDIDO,SANTIAGO,25000,20000,,,
IQ 2019,BANDEJA TRASERA LARGA RH,Bandeja Trasera Larga,Trasera Derecha,VENDIDO,SANTIAGO,35000,30000,,,
IQ 2019,BARRA ESTABILIZADORA ,Barra Estabilizadora ,,NO DISPONIBLE,SANTIAGO,60000,50000,,,
IQ 2019,BARRA ESTABILIZADORA TRASERA,Barra Estabilizadora Trasera,Trasera,VENDIDO,SANTIAGO,40000,35000,,,
IQ 2019,BASE COMPRESOR AIRE ACONDICIONADO,Base Compresor Aire Acondicionado,,VENDIDO,SANTIAGO,45000,40000,,,
IQ 2019,BASE DE TERMOSTATO,Base De Termostato,,DISPONIBLE,SANTIAGO,25000,20000,,,
IQ 2019,BASE DEL FILTRO DE ACEITE,Base Del Filtro De Aceite,,DISPONIBLE,SANTIAGO,30000,25000,,,
IQ 2019,BASE DEPÓSITO DE AGUA,Base Depósito De Agua,,DISPONIBLE,,10000,10000,,,Sin ubicación
IQ 2019,BASE LÍQUIDO REFRIGERANTE ,Base Líquido Refrigerante ,,DISPONIBLE,,20000,15000,,,Sin ubicación
IQ 2019,BISAGRA DE CAPOT DELANTERA DERECHA,Bisagra De Capot Delantera Derecha,Delantera,DISPONIBLE,,25000,22000,,,Sin ubicación
IQ 2019,BISAGRA PUERTA DELANTERA DERECHA,Bisagra Puerta Delantera Derecha,Delantera,DISPONIBLE,,15000,12000,,,Sin ubicación
IQ 2019,BISAGRA PUERTA TRASERA DERECHA,Bisagra Puerta Trasera Derecha,Trasera,DISPONIBLE,,15000,12000,,,Sin ubicación
IQ 2019,BISAGRAS PUERTA DELANTERA LH,Bisagras Puerta Delantera,Delantera Izquierda,DISPONIBLE,SANTIAGO,,,,SUPERIOR E INFERIOR,
IQ 2019,BISAGRAS PUERTA TRASERA LH,Bisagras Puerta Trasera,Trasera Izquierda,DISPONIBLE,SANTIAGO,,,,SUPERIOR E INFERIOR,
IQ 2019,BISEL RADIO Y CONTROL DE AIRE,Bisel Radio Y Control De Aire,,DISPONIBLE,SANTIAGO,,,,ESCRITO ASÍ EN INVENTARIO,
IQ 2019,BOBINA 1,Bobina 1,,DISPONIBLE,SANTIAGO,20000,20000,,,
IQ 2019,BOBINA 2,Bobina 2,,DISPONIBLE,SANTIAGO,20000,20000,,,
IQ 2019,BOBINA 3,Bobina 3,,DISPONIBLE,SANTIAGO,20000,20000,,,
IQ 2019,BOCINA,Bocina,,DISPONIBLE,,20000,15000,,,Sin ubicación
IQ 2019,BOMBA DE AGUA,Bomba De Agua,,DISPONIBLE,SANTIAGO,15000,10000,,,
IQ 2019,BOMBA DE AGUA,Bomba De Agua,,DISPONIBLE,SANTIAGO,,,,,
IQ 2019,BOMBA DE BENCINA,Bomba De Bencina,,DISPONIBLE,SANTIAGO,60000,50000,,,
IQ 2019,BOMBA DE FRENO CON DEPÓSITO,Bomba De Freno Con Depósito,,DISPONIBLE,SANTIAGO,35700,30000,,,
IQ 2019,BOMBA HIDRÁULICA,Bomba Hidráulica,,DISPONIBLE,SANTIAGO,,,,,
IQ 2019,BOTÓN DE ALZAVIDRIO TRASERA LH Y RH,Botón De Alzavidrio Trasera Y Rh,Trasera Izquierda,DISPONIBLE,SANTIAGO,25000,20000,,SE VENDEN JUNTOS,
IQ 2019,BOTONERA DELANTERA CENTRAL,Botonera Delantera Central,Central,VENDIDO,SANTIAGO,15000,10000,,queda solo el rh,
IQ 2019,BRAZO LIMPIAPARABRISAS LH,Brazo Limpiaparabrisas,Izquierda,DISPONIBLE,SANTIAGO,20000,15000,,30 EL PAR,
IQ 2019,BRAZO LIMPIAPARABRISAS RH,Brazo Limpiaparabrisas,Derecha,DISPONIBLE,SANTIAGO,20000,15000,,,
IQ 2019,BRAZO LIMPIAPARABRISAS TRASERO,Brazo Limpiaparabrisas Trasero,Trasera,VENDIDO,SANTIAGO,25000,15000,,PUESTO EN PORTALÓN,
IQ 2019,CADENA DE TIEMPO MOTOR ,Cadena De Tiempo Motor ,,DISPONIBLE,SANTIAGO,25000,20000,,,
IQ 2019,CAJA DE CAMBIOS,Caja De Cambios,,VENDIDO,SANTIAGO,450000,400000,,,
IQ 2019,CALIPER DELANTERO LH,Caliper Delantero,Delantera Izquierda,VENDIDO,SANTIAGO,35700,30000,,,
IQ 2019,CALIPER DELANTERO RH,Caliper Delantero,Delantera Derecha,VENDIDO,SANTIAGO,35700,30000,,,
IQ 2019,CAÑERÍA DE AIRE 1,Cañería De Aire 1,,DISPONIBLE,SANTIAGO,35700,30000,,,
IQ 2019,CAÑERÍA DE AIRE 2,Cañería De Aire 2,,DISPONIBLE,SANTIAGO,35700,30000,,,
IQ 2019,CAÑERÍA DE AIRE 3,Cañería De Aire 3,,DISPONIBLE,SANTIAGO,35700,30000,,,
IQ 2019,CAÑERÍA DE BOMBA DE AGUA,Cañería De Bomba De Agua,,VENDIDO,SANTIAGO,35000,30000,,ANGEEL,
IQ 2019,CAÑERÍA HIDRÁULICA ,Cañería Hidráulica ,,DISPONIBLE,SANTIAGO,35700,30000,,,
IQ 2019,CAPOT,Capot,,VENDIDO,SANTIAGO,110000,100000,,,
IQ 2019,CARTER,Carter,,DISPONIBLE,SANTIAGO,,,,,
IQ 2019,CATALÍTICO ,Catalítico ,,DISPONIBLE,SANTIAGO,50000,45000,,,
IQ 2019,CHAPA CAPOT,Chapa Capot,,DISPONIBLE,SANTIAGO,,,,,
IQ 2019,CHAPA CON CILINDRO PUERTA DELANTERA LH,Chapa Con Cilindro Puerta Delantera,Delantera Izquierda,DISPONIBLE,,15000,10000,,,Sin ubicación
IQ 2019,CHAPA DE CONTACTO ,Chapa De Contacto ,,DISPONIBLE,SANTIAGO,45000,40000,,,
IQ 2019,CHAPA PORTALÓN ,Chapa Portalón ,,DISPONIBLE,SANTIAGO,35000,30000,,,
IQ 2019,CHAPA PUERTA TRASERA LH,Chapa Puerta Trasera,Trasera Izquierda,DISPONIBLE,,25000,20000,,,Sin ubicación
IQ 2019,CHAPA PUERTA TRASERA RH,Chapa Puerta Trasera,Trasera Derecha,VENDIDO,SANTIAGO,45000,40000,,,
IQ 2019,CIGUEÑAL,Cigueñal,,DISPONIBLE,SANTIAGO,,,,,
IQ 2019,CINTA DE AIRBAG,Cinta De Airbag,,NO DISPONIBLE,,40000,35000,,,Sin ubicación
IQ 2019,"CINTURÓN TRASERO LH (SE VENDIÓ UNO, NO SE SABE QUÉ LADO)","Cinturón Trasero (Se Vendió Uno, No Se Sabe Qué Lado)",Trasera Izquierda,POR CONFIRMAR,SANTIAGO,10000,10000,,,
IQ 2019,"CINTURÓN TRASERO RH (SE VENDIÓ UNO, NO SE SABE QUÉ LADO)","Cinturón Trasero (Se Vendió Uno, No Se Sabe Qué Lado)",Trasera Derecha,POR CONFIRMAR,SANTIAGO,10000,10000,,,
IQ 2019,COFIA,Cofia,,DISPONIBLE,SANTIAGO,25000,20000,,,
IQ 2019,COMANDO LUCES,Comando Luces,,DISPONIBLE,,25000,20000,,cada lado,Sin ubicación
IQ 2019,COMPRESOR AIRE ACONDICIONADO,Compresor Aire Acondicionado,,VENDIDO,SANTIAGO,110000,105000,,,
IQ 2019,CONTROL CALEFACCIÓN,Control Calefacción,,DISPONIBLE,,55000,50000,,,Sin ubicación
IQ 2019,CONTROL DE NEBLINERO Y BLOQUEO DE ALZAVIDRIOS,Control De Neblinero Y Bloqueo De Alzavidrios,,VENDIDO,SANTIAGO,25000,20000,,,
IQ 2019,CORTE PUNTA,Corte Punta,,DISPONIBLE,,120000,120000,,MAS IVA,Sin ubicación
IQ 2019,CREMALLERA DE ALZAVIDRIO DELANTERA LH,Cremallera De Alzavidrio Delantera,Delantera Izquierda,DISPONIBLE,SANTIAGO,40000,35000,,,
IQ 2019,CREMALLERA DE ALZAVIDRIO DELANTERA RH,Cremallera De Alzavidrio Delantera,Delantera Derecha,VENDIDO,SANTIAGO,,,,,
IQ 2019,CREMALLERA DE ALZAVIDRIO TRASERA LH,Cremallera De Alzavidrio Trasera,Trasera Izquierda,NO DISPONIBLE,N/A,,,,,
IQ 2019,CREMALLERA DE ALZAVIDRIO TRASERA RH,Cremallera De Alzavidrio Trasera,Trasera Derecha,DISPONIBLE,SANTIAGO,40000,35000,,,
IQ 2019,CREMALLERA DE DIRECCIÓN ,Cremallera De Dirección ,,DISPONIBLE,SANTIAGO,95000,90000,,,
IQ 2019,CUARTO DE POLLO ,Cuarto De Pollo ,,DISPONIBLE,,60000,55000,,,Sin ubicación
IQ 2019,CUBRE MALETA CON DETALLE,Cubre Maleta Con Detalle,,VENDIDO,SANTIAGO,17000,15000,,,Daños
IQ 2019,CUBRE RUEDA DE REPUESTO,Cubre Rueda De Repuesto,,VENDIDO,SANTIAGO,25000,20000,,,
IQ 2019,CUBRE TORPEDO,Cubre Torpedo,,VENDIDO,SANTIAGO,35000,30000,,,
IQ 2019,CUERPO DE ACELERACIÓN,Cuerpo De Aceleración,,DISPONIBLE,SANTIAGO,90000,85000,,,
IQ 2019,CULATA COMPLETA,Culata Completa,,DISPONIBLE,SANTIAGO,210000,190000,,,
IQ 2019,CUNA MAS BARRA ESTABILIZADORA,Cuna Mas Barra Estabilizadora,,DISPONIBLE,,90000,85000,,,Sin ubicación
IQ 2019,DEPÓSITO AGUA RADIADOR,Depósito Agua Radiador,,VENDIDO,SANTIAGO,20000,15000,,,
IQ 2019,DEPÓSITO DE LIMPIAPARABRISAS,Depósito De Limpiaparabrisas,,DISPONIBLE,SANTIAGO,30000,25000,,,
IQ 2019,DEPÓSITO DE LÍQUIDO HIDRÁULICO,Depósito De Líquido Hidráulico,,DISPONIBLE,,25000,20000,,,Sin ubicación
IQ 2019,depósito líquido refrigerante ,Depósito Líquido Refrigerante ,,VENDIDO,,,,,,Sin ubicación
IQ 2019,DISCO DE FRENO DELANTERO LH,Disco De Freno Delantero,Delantera Izquierda,DISPONIBLE,,25000,20000,,SE VENDE CON EL MUÑÓN Y LA MAZA,Sin ubicación
IQ 2019,DISCO DE FRENO DELANTERO RH,Disco De Freno Delantero,Delantera Derecha,VENDIDO,SANTIAGO,25000,20000,,,
IQ 2019,ECU,Ecu,,DISPONIBLE,SANTIAGO,142800,120000,,,
IQ 2019,EJE PALIER DERECHO,Eje Palier Derecho,,VENDIDO,SANTIAGO,100000,90000,,,
IQ 2019,EJE PALIER IZQUIERDO,Eje Palier Izquierdo,,DISPONIBLE,SANTIAGO,90000,80000,,,
IQ 2019,ELECTROVENTILADOR,Electroventilador,,VENDIDO,SANTIAGO,60000,50000,,,
IQ 2019,EMBELLECEDOR CONSOLA CENTRAL,Embellecedor Consola Central,Central,DISPONIBLE,,25000,20000,,,Sin ubicación
IQ 2019,ESPEJO LH,Espejo,Izquierda,DISPONIBLE,SANTIAGO,50000,45000,,TIENE LA PATENTE MARCADA,
IQ 2019,ESPEJO RH,Espejo,Derecha,VENDIDO,SANTIAGO,50000,45000,,TIENE LA PATENTE MARCADA,
IQ 2019,ESPIRAL TRASERO LH,Espiral Trasero,Trasera Izquierda,DISPONIBLE,SANTIAGO,15000,10000,,,
IQ 2019,ESPIRAL TRASERO RH,Espiral Trasero,Trasera Derecha,DISPONIBLE,SANTIAGO,15000,10000,,,
IQ 2019,FLEXIBLES,Flexibles,,DISPONIBLE,SANTIAGO,,,,,
IQ 2019,FOCO INTERIOR LUZ TECHO ,Foco Interior Luz Techo ,,DISPONIBLE,SANTIAGO,23000,20000,,,
IQ 2019,FOCO PATENTE DERECHA,Foco Patente Derecha,,DISPONIBLE,,15000,10000,,,Sin ubicación
IQ 2019,FOCO PATENTE IZQUIERDA,Foco Patente Izquierda,,DISPONIBLE,,15000,10000,,,Sin ubicación
IQ 2019,FOCO TAPABARRO DERECHO,Foco Tapabarro Derecho,,DISPONIBLE,,7000,5000,,,Sin ubicación
IQ 2019,FOCO TRASERO LH,Foco Trasero,Trasera Izquierda,VENDIDO,SANTIAGO,25000,20000,,,
IQ 2019,FOCO TRASERO RH,Foco Trasero,Trasera Derecha,DISPONIBLE,SANTIAGO,25000,20000,,,
IQ 2019,FUNDA DE PARACHOQUE DELANTERO,Funda De Parachoque Delantero,Delantera,VENDIDO,SANTIAGO,100000,100000,,,
IQ 2019,FUNDA DE PARACHOQUE TRASERO,Funda De Parachoque Trasero,Trasera,VENDIDO,SANTIAGO,70000,60000,,CON DETALLE,
IQ 2019,GATA,Gata,,VENDIDO,SANTIAGO,30000,25000,,,
IQ 2019,GOMA CONTORNO DE PUERTA TRASERA LH,Goma Contorno De Puerta Trasera,Trasera Izquierda,DISPONIBLE,SANTIAGO,,,,,
IQ 2019,GOMA CONTORNO DE PUERTA TRASERA LH,Goma Contorno De Puerta Trasera,Trasera Izquierda,DISPONIBLE,SANTIAGO,,,,,
IQ 2019,GOMA PORTALÓN,Goma Portalón,,DISPONIBLE,,20000,15000,,,Sin ubicación
IQ 2019,GOMA PUERTA DELANTERA LH,Goma Puerta Delantera,Delantera Izquierda,DISPONIBLE,,30000,25000,,,Sin ubicación
IQ 2019,GOMA PUERTA DELANTERA RH ,Goma Puerta Delantera ,Delantera Derecha,DISPONIBLE,,30000,25000,,,Sin ubicación
IQ 2019,GUARDAFANGO DELANTERO LH,Guardafango Delantero,Delantera Izquierda,NO DISPONIBLE,N/A,,,,MALO,
IQ 2019,GUARDAFANGO DELANTERO RH,Guardafango Delantero,Delantera Derecha,NO DISPONIBLE,N/A,,,,MALO,
IQ 2019,GUARDAFANGO TRASERO DERECHO,Guardafango Trasero Derecho,Trasera,VENDIDO,SANTIAGO,23000,20000,,,
IQ 2019,GUARDAFANGO TRASERO IZQUIERDO,Guardafango Trasero Izquierdo,Trasera,DISPONIBLE,,23000,20000,,,Sin ubicación
IQ 2019,INTERMITENTE TAPABARRO RH,Intermitente Tapabarro,Derecha,DISPONIBLE,,,,,,Sin ubicación
IQ 2019,INYECTOR 1,Inyector 1,,DISPONIBLE,SANTIAGO,25000,20000,,,
IQ 2019,INYECTOR 2,Inyector 2,,DISPONIBLE,SANTIAGO,25000,20000,,,
IQ 2019,INYECTOR 3,Inyector 3,,DISPONIBLE,SANTIAGO,25000,20000,,,
IQ 2019,KIT DE AIRBAG,Kit De Airbag,,DISPONIBLE,SANTIAGO,310000,290000,,PRECIO ACTUALIZADO ,Múltiples piezas
IQ 2019,LLANTA 1,Llanta 1,,VENDIDO,SANTIAGO,90000,85000,,,
IQ 2019,LLANTA 2,Llanta 2,,VENDIDO,SANTIAGO,90000,85000,,,
IQ 2019,LLANTA 3 PINCHADA,Llanta 3 Pinchada,,VENDIDO,SANTIAGO,60000,55000,,SIN TAPA CENTRO,
IQ 2019,LLAVE,Llave,,DISPONIBLE,SANTIAGO,25000,20000,,,
IQ 2019,LOGO CAPOT,Logo Capot,,VENDIDO,SANTIAGO,25000,25000,,,
IQ 2019,LOGO TRASERO,Logo Trasero,Trasera,DISPONIBLE,,25000,20000,,,Sin ubicación
IQ 2019,MANGUERA DE AGUA 1,Manguera De Agua 1,,DISPONIBLE,SANTIAGO,,,,,
IQ 2019,MANGUERA DE AGUA 2,Manguera De Agua 2,,DISPONIBLE,SANTIAGO,,,,,
IQ 2019,MANGUERA INFERIOR RADIADOR,Manguera Inferior Radiador,,DISPONIBLE,,25000,20000,,,Sin ubicación
IQ 2019,MANILLA DE TECHO DELANTERA RH,Manilla De Techo Delantera,Delantera Derecha,DISPONIBLE,SANTIAGO,,,,,
IQ 2019,MANILLA DE TECHO TRASERA LH,Manilla De Techo Trasera,Trasera Izquierda,DISPONIBLE,SANTIAGO,,,,,
IQ 2019,MANILLA DE TECHO TRASERA RH,Manilla De Techo Trasera,Trasera Derecha,DISPONIBLE,SANTIAGO,,,,,
IQ 2019,MANILLA EXTERIOR PUERTA DELANTERA DERECHA ,Manilla Exterior Puerta Delantera Derecha ,Delantera,DISPONIBLE,SANTIAGO,,,,,
IQ 2019,MANILLA EXTERIOR PUERTA DELANTERA IZQUIERDA ,Manilla Exterior Puerta Delantera Izquierda ,Delantera,DISPONIBLE,SANTIAGO,,,,,
IQ 2019,MANILLA INTERIOR DE CAPOT MÁS PIOLA,Manilla Interior De Capot Más Piola,,DISPONIBLE,SANTIAGO,,,,,
IQ 2019,MANILLA INTERIOR DE PORTALÓN MAS PIOLA,Manilla Interior De Portalón Mas Piola,,DISPONIBLE,SANTIAGO,,,,,
IQ 2019,MANILLA INTERIOR PUERTA DELANTERA LH,Manilla Interior Puerta Delantera,Delantera Izquierda,DISPONIBLE,SANTIAGO,15000,10000,,,
IQ 2019,MANILLA INTERIOR PUERTA DELANTERA RH,Manilla Interior Puerta Delantera,Delantera Derecha,POR CONFIRMAR,SANTIAGO,15000,10000,,,
IQ 2019,MANILLA INTERIOR PUERTA TRASERA LH,Manilla Interior Puerta Trasera,Trasera Izquierda,DISPONIBLE,SANTIAGO,15000,10000,,,
IQ 2019,MANILLA INTERIOR PUERTA TRASERA RH,Manilla Interior Puerta Trasera,Trasera Derecha,POR CONFIRMAR,,15000,10000,,,Sin ubicación
IQ 2019,MAZA DELANTERA DERECHA ,Maza Delantera Derecha ,Delantera,VENDIDO,SANTIAGO,60000,55000,,(SE VENDE CON MUÑÓN),
IQ 2019,MAZA DELANTERA IZQUIERDA,Maza Delantera Izquierda,Delantera,VENDIDO,SANTIAGO,80000,75000,,(SE VENDE CON MUÑÓN Y DISCO),
IQ 2019,MAZA Y TAMBOR TRASERO LH,Maza Y Tambor Trasero,Trasera Izquierda,VENDIDO,SANTIAGO,60000,50000,,,
IQ 2019,MAZA Y TAMBOR TRASERO RH,Maza Y Tambor Trasero,Trasera Derecha,VENDIDO,SANTIAGO,60000,50000,,,
IQ 2019,MÉNSULA DELANTERA DERECHA,Ménsula Delantera Derecha,Delantera,DISPONIBLE,SANTIAGO,15000,10000,,,
IQ 2019,MÉNSULA TRASERA LH,Ménsula Trasera,Trasera Izquierda,DISPONIBLE,SANTIAGO,15000,10000,,,
IQ 2019,MÉNSULA TRASERA RH,Ménsula Trasera,Trasera Derecha,DISPONIBLE,SANTIAGO,15000,10000,,,
IQ 2019,MÓDULO ABS,Módulo Abs,,NO DISPONIBLE,SANTIAGO,85000,75000,,,
IQ 2019,MOTOR DE CALEFACCIÓN ,Motor De Calefacción ,,DISPONIBLE,SANTIAGO,50000,40000,,,
IQ 2019,MOTOR DE PARTIDA,Motor De Partida,,VENDIDO,SANTIAGO,85000,80000,,,
IQ 2019,MOTOR FACTURABLE,Motor Facturable,,VENDIDO,SANTIAGO,800000,760000,,,
IQ 2019,MOTOR LIMPIA PARABRISAS CON BRAZOS,Motor Limpia Parabrisas Con Brazos,,VENDIDO,SANTIAGO,50000,45000,,,
IQ 2019,MOTOR LIMPIA PARABRISAS TRASERO,Motor Limpia Parabrisas Trasero,Trasera,VENDIDO,SANTIAGO,30000,25000,,,
IQ 2019,MÚLTIPLE DE ESCAPE CON CATALÍTICO,Múltiple De Escape Con Catalítico,,VENDIDO,SANTIAGO,90000,85000,,,
IQ 2019,NEBLINERO DELANTERO DERECHO,Neblinero Delantero Derecho,Delantera,DISPONIBLE,SANTIAGO,20000,15000,,,
IQ 2019,NEBLINERO DELANTERO IZQUIERDO,Neblinero Delantero Izquierdo,Delantera,VENDIDO,SANTIAGO,20000,15000,,,
IQ 2019,NEBLINERO TRASERO DERECHO,Neblinero Trasero Derecho,Trasera,VENDIDO,SANTIAGO,15000,15000,,,
IQ 2019,NEBLINERO TRASERO IZQUIERDO,Neblinero Trasero Izquierdo,Trasera,DISPONIBLE,SANTIAGO,15000,15000,,,
IQ 2019,ÓPTICO DERECHO IMPECABLE,Óptico Derecho Impecable,,VENDIDO,SANTIAGO,60000,55000,,,
IQ 2019,ÓPTICO IZQUIERDO ,Óptico Izquierdo ,,VENDIDO,SANTIAGO,45000,40000,,BUENO DETALLE PATITA ABAJO QUE ENGANCHA AL TAPABARRO,
IQ 2019,PALANCA DE CAMBIO,Palanca De Cambio,,DISPONIBLE,SANTIAGO,60000,55000,,SIN PIOLAS,
IQ 2019,PALANCA FRENO DE MANO,Palanca Freno De Mano,,DISPONIBLE,SANTIAGO,25000,20000,,,
IQ 2019,PARABRISAS,Parabrisas,,VENDIDO,SANTIAGO,70000,60000,,,
IQ 2019,PARACHOQUE TRASERO ,Parachoque Trasero ,Trasera,DISPONIBLE,,160000,150000,,COMPLETO SIN SENSORES DE ESTACIONAMIENTO,Sin ubicación
IQ 2019,PARASOL DERECHO,Parasol Derecho,,VENDIDO,SANTIAGO,20000,15000,,,
IQ 2019,PARASOL IZQUIERDO,Parasol Izquierdo,,VENDIDO,SANTIAGO,30000,25000,,,
IQ 2019,PARLANTE 1,Parlante 1,,VENDIDO,SANTIAGO,15000,10000,,,
IQ 2019,PARLANTE 2,Parlante 2,,VENDIDO,SANTIAGO,15000,10000,,,
IQ 2019,PARLANTE 3,Parlante 3,,VENDIDO,SANTIAGO,15000,10000,,,
IQ 2019,PARLANTE 4,Parlante 4,,VENDIDO,SANTIAGO,15000,10000,,,
IQ 2019,PEDAL DE ACELERACIÓN,Pedal De Aceleración,,VENDIDO,SANTIAGO,60000,55000,,,
IQ 2019,PEDALERA,Pedalera,,DISPONIBLE,SANTIAGO,80000,70000,,,
IQ 2019,PERNO DE CULATA C/U,Perno De Culata C/U,,VENDIDO,SANTIAGO,25000,20000,,,
IQ 2019,PIOLA DE EMBRAGUE,Piola De Embrague,,DISPONIBLE,SANTIAGO,15000,10000,,,
IQ 2019,PIOLAS PALANCA DE CAMBIO,Piolas Palanca De Cambio,,DISPONIBLE,SANTIAGO,50000,45000,,,
IQ 2019,PISTONES (3),Pistones (3),,DISPONIBLE,SANTIAGO,,,,,
IQ 2019,PLÁSTICO TRIÁNGULO TAPABARRO DERECHO,Plástico Triángulo Tapabarro Derecho,,VENDIDO,SANTIAGO,7000,5000,,,
IQ 2019,PLÁSTICO TRIÁNGULO TAPABARRO IZQUIERDO,Plástico Triángulo Tapabarro Izquierdo,,VENDIDO,SANTIAGO,5000,5000,,,
IQ 2019,PORTA FILTRO,Porta Filtro,,VENDIDO,SANTIAGO,50000,40000,,,
IQ 2019,PORTA FILTRO DE ACEITE,Porta Filtro De Aceite,,DISPONIBLE,SANTIAGO,,,,,
IQ 2019,PORTALÓN,Portalón,,VENDIDO,SANTIAGO,130000,120000,,,
IQ 2019,PUERTA DELANTERA SOLO LATA LH,Puerta Delantera Solo Lata,Delantera Izquierda,NO DISPONIBLE,,,,,,Sin ubicación
IQ 2019,PUERTA DELANTERA SOLO LATA RH,Puerta Delantera Solo Lata,Delantera Derecha,VENDIDO,SANTIAGO,70000,65000,,,
IQ 2019,PUERTA TRASERA IZQUIERDA ,Puerta Trasera Izquierda ,Trasera,NO DISPONIBLE,N/A,,,,,
IQ 2019,PUERTA TRASERA SOLO LATA RH,Puerta Trasera Solo Lata,Trasera Derecha,DISPONIBLE,SANTIAGO,70000,65000,,,
IQ 2019,RADIADOR CALEFACCIÓN,Radiador Calefacción,,DISPONIBLE,SANTIAGO,40000,35000,,,
IQ 2019,RADIADOR DE AGUA,Radiador De Agua,,VENDIDO,SANTIAGO,80000,75000,,,
IQ 2019,RADIADOR DE AIRE ACONDICIONADO,Radiador De Aire Acondicionado,,VENDIDO,SANTIAGO,80000,75000,,,
IQ 2019,RADIO,Radio,,DISPONIBLE,REQUINOA,25000,20000,,,
IQ 2019,RAMAL DE ALTERNADOR ,Ramal De Alternador ,,VENDIDO,SANTIAGO,25000,20000,,,
IQ 2019,RAMAL ELÉCTRICO ,Ramal Eléctrico ,,DISPONIBLE,,80000,75000,,,Sin ubicación
IQ 2019,RAMAL EXTERIOR,Ramal Exterior,,DISPONIBLE,SANTIAGO,45000,40000,,,
IQ 2019,RAMAL INTERIOR,Ramal Interior,,DISPONIBLE,SANTIAGO,35700,30000,,,
IQ 2019,RAMAL TRASERO,Ramal Trasero,Trasera,VENDIDO,SANTIAGO,65000,60000,,,
IQ 2019,REFUERZO PARACHOQUE DELANTERO ,Refuerzo Parachoque Delantero ,Delantera,VENDIDO,SANTIAGO,60000,50000,,,
IQ 2019,REJILLA INFERIOR,Rejilla Inferior,,DISPONIBLE,,20000,15000,,,Sin ubicación
IQ 2019,REJILLA INTERIOR LATERAL LH,Rejilla Interior Lateral,Izquierda,VENDIDO,SANTIAGO,15000,10000,,SALIDA DE AIRE,
IQ 2019,REJILLA INTERIOR LATERAL RH,Rejilla Interior Lateral,Derecha,VENDIDO,SANTIAGO,15000,10000,,SALIDA DE AIRE,
IQ 2019,RESISTENCIA DE CALEFACCIÓN INTERIOR ,Resistencia De Calefacción Interior ,,DISPONIBLE,SANTIAGO,25000,20000,,,
IQ 2019,RUEDA DE REPUESTO,Rueda De Repuesto,,VENDIDO,SANTIAGO,50000,45000,,,
IQ 2019,SALIDA DE AIRE CENTRAL INTERIOR,Salida De Aire Central Interior,Central,DISPONIBLE,,25000,20000,,,Sin ubicación
IQ 2019,SEGURO PUERTA,Seguro Puerta,,DISPONIBLE,,18000,15000,,,Sin ubicación
IQ 2019,SENSOR ABS DELANTERO LH,Sensor Abs Delantero,Delantera Izquierda,DISPONIBLE,SANTIAGO,15000,10000,,,
IQ 2019,SENSOR ABS DELANTERO RH,Sensor Abs Delantero,Delantera Derecha,VENDIDO,SANTIAGO,10000,10000,,,
IQ 2019,SENSOR ABS TRASERO LH,Sensor Abs Trasero,Trasera Izquierda,DISPONIBLE,SANTIAGO,15000,10000,,,
IQ 2019,SENSOR ABS TRASERO RH,Sensor Abs Trasero,Trasera Derecha,DISPONIBLE,SANTIAGO,15000,10000,,,
IQ 2019,SENSOR DE OXÍGENO BANCO 1,Sensor De Oxígeno Banco 1,,DISPONIBLE,SANTIAGO,20000,15000,,,
IQ 2019,SENSOR DE OXÍGENO BANCO 2,Sensor De Oxígeno Banco 2,,DISPONIBLE,SANTIAGO,20000,15000,,,
IQ 2019,SENSOR DE POSICIÓN CIGÛEÑAL,Sensor De Posición Cigûeñal,,DISPONIBLE,SANTIAGO,25000,20000,,,
IQ 2019,SENSOR DE TEMPERATURA,Sensor De Temperatura,,VENDIDO,SANTIAGO,15000,15000,,,
IQ 2019,SERVO FRENO,Servo Freno,,DISPONIBLE,SANTIAGO,35000,30000,,,
IQ 2019,SINÓPTICO,Sinóptico,,DISPONIBLE,SANTIAGO,65000,60000,,,
IQ 2019,SOPORTE BARRA ESTABILIZADORA LH,Soporte Barra Estabilizadora,Izquierda,VENDIDO,SANTIAGO,30000,25000,,,
IQ 2019,SOPORTE BARRA ESTABILIZADORA LH,Soporte Barra Estabilizadora,Izquierda,VENDIDO,SANTIAGO,25000,25000,,,
IQ 2019,SOPORTE BARRA ESTABILIZADORA RH,Soporte Barra Estabilizadora,Derecha,VENDIDO,SANTIAGO,30000,25000,,,
IQ 2019,SOPORTE BARRA ESTABILIZADORA RH,Soporte Barra Estabilizadora,Derecha,VENDIDO,SANTIAGO,30000,30000,,,
IQ 2019,SOPORTE DE MOTOR CENTRAL INFERIOR ,Soporte De Motor Central Inferior ,Central,NO DISPONIBLE,N/A,25000,20000,,,
IQ 2019,SOPORTE DE MOTOR DERECHO ,Soporte De Motor Derecho ,,DISPONIBLE,SANTIAGO,45000,40000,,,
IQ 2019,SOPORTE DE MOTOR IZQUIERDO ,Soporte De Motor Izquierdo ,,VENDIDO,SANTIAGO,45000,40000,,(SOPORTE DE CAJA),
IQ 2019,SOPORTE O BASE COMPRESOR AIRE ACONDICIONADO,Soporte O Base Compresor Aire Acondicionado,,VENDIDO,SANTIAGO,,,,,
IQ 2019,SOPORTE O BASE RADIADOR CADA UNO,Soporte O Base Radiador Cada Uno,,DISPONIBLE,,15000,10000,,,Sin ubicación
IQ 2019,SWITCH O BULBO PEDAL DE FRENO,Switch O Bulbo Pedal De Freno,,DISPONIBLE,SANTIAGO,15000,10000,,,
IQ 2019,TAPA DE BENCINA EXTERIOR,Tapa De Bencina Exterior,,VENDIDO,SANTIAGO,20000,15000,,,
IQ 2019,TAPA DE BENCINA INTERIOR,Tapa De Bencina Interior,,DISPONIBLE,SANTIAGO,15000,10000,,,
IQ 2019,TAPA DE DISTRIBUCIÓN,Tapa De Distribución,,DISPONIBLE,SANTIAGO,,,,,
IQ 2019,TAPA DE VÁLVULA,Tapa De Válvula,,DISPONIBLE,SANTIAGO,50000,45000,,,
IQ 2019,TAPA NEBLINERO LH,Tapa Neblinero,Izquierda,DISPONIBLE,,15000,10000,,,Sin ubicación
IQ 2019,TAPA NEBLINERO RH,Tapa Neblinero,Derecha,DISPONIBLE,,15000,10000,,,Sin ubicación
IQ 2019,TAPABARRO DELANTERO LH,Tapabarro Delantero,Delantera Izquierda,NO DISPONIBLE,,80000,70000,,,Sin ubicación
IQ 2019,TAPABARRO DELANTERO RH,Tapabarro Delantero,Delantera Derecha,VENDIDO,SANTIAGO,80000,70000,,,
IQ 2019,TAPIZ PUERTA DELANTERA LH,Tapiz Puerta Delantera,Delantera Izquierda,DISPONIBLE,SANTIAGO,,,,,
IQ 2019,TAPIZ PUERTA DELANTERA RH,Tapiz Puerta Delantera,Delantera Derecha,VENDIDO,SANTIAGO,,,,,
IQ 2019,TAPIZ PUERTA TRASERA LH,Tapiz Puerta Trasera,Trasera Izquierda,DISPONIBLE,SANTIAGO,,,,,
IQ 2019,TAPIZ PUERTA TRASERA RH,Tapiz Puerta Trasera,Trasera Derecha,DISPONIBLE,SANTIAGO,,,,,
IQ 2019,TELECOMANDO,Telecomando,,VENDIDO,SANTIAGO,35000,30000,,,
IQ 2019,TERCERA LUZ DE FRENO,Tercera Luz De Freno,,DISPONIBLE,SANTIAGO,15000,15000,,,
IQ 2019,TORNILLO QUE AFIRMA RUEDA DE REPUESTO,Tornillo Que Afirma Rueda De Repuesto,,DISPONIBLE,,12000,10000,,,Sin ubicación
IQ 2019,TREN O EJE TRASERO,Tren O Eje Trasero,Trasera,DISPONIBLE,SANTIAGO,60000,50000,,,
IQ 2019,TRIANGULO TAPABARRO DELANTERO RH,Triangulo Tapabarro Delantero,Delantera Derecha,DISPONIBLE,,15000,10000,,,Sin ubicación
IQ 2019,VENTILADOR DE CALEFACCIÓN ,Ventilador De Calefacción ,,DISPONIBLE,SANTIAGO,30000,25000,,,
IQ 2019,VIDRIO LUNETA PUERTA TRASERA LH,Vidrio Luneta Puerta Trasera,Trasera Izquierda,VENDIDO,SANTIAGO,25000,20000,,,
IQ 2019,VIDRIO LUNETA PUERTA TRASERA RH,Vidrio Luneta Puerta Trasera,Trasera Derecha,DISPONIBLE,SANTIAGO,25000,20000,,,
IQ 2019,VIDRIO PUERTA DELANTERA LH,Vidrio Puerta Delantera,Delantera Izquierda,DISPONIBLE,SANTIAGO,40000,35000,,,
IQ 2019,VIDRIO PUERTA DELANTERA RH,Vidrio Puerta Delantera,Delantera Derecha,NO DISPONIBLE,N/A,40000,35000,,,
IQ 2019,VIDRIO PUERTA TRASERA LH,Vidrio Puerta Trasera,Trasera Izquierda,DISPONIBLE,SANTIAGO,35000,30000,,,
IQ 2019,VIDRIO PUERTA TRASERA RH,Vidrio Puerta Trasera,Trasera Derecha,VENDIDO,SANTIAGO,35000,30000,,,
IQ 2019,VOLANTE,Volante,,DISPONIBLE,SANTIAGO,35000,30000,,,
IQ 2019,VOLANTE BIMASA,Volante Bimasa,,VENDIDO,SANTIAGO,,,,,
IQ 2019,VOLANTE DE INERCIA,Volante De Inercia,,VENDIDO,SANTIAGO,45000,45000,,,
JOYEAR X3 2019,AMORTIGUADOR RH,Amortiguador,Derecha,DISPONIBLE,SANTIAGO,65000,60000,,CONFIRMAR LADO,
JOYEAR X3 2019,AMORTIGUADOR TRASERO LH,Amortiguador Trasero,Trasera Izquierda,NO DISPONIBLE,SANTIAGO,25000,20000,,,
JOYEAR X3 2019,AMORTIGUADOR TRASERO RH,Amortiguador Trasero,Trasera Derecha,NO DISPONIBLE,SANTIAGO,25000,20000,,,
JOYEAR X3 2019,ASIENTO DELANTERO LH,Asiento Delantero,Delantera Izquierda,NO DISPONIBLE,N/A,,,,,
JOYEAR X3 2019,ASIENTO DELANTERO RH,Asiento Delantero,Delantera Derecha,CONFIRMAR,,,,,,Sin ubicación
JOYEAR X3 2019,BANDEJA IZQUIERDA,Bandeja Izquierda,,DISPONIBLE,,35000,30000,,,Sin ubicación
JOYEAR X3 2019,BOBINA 1,Bobina 1,,VENDIDO,SANTIAGO,20000,15000,,,
JOYEAR X3 2019,BOBINA 2,Bobina 2,,VENDIDO,SANTIAGO,20000,15000,,,
JOYEAR X3 2019,BOBINA 3,Bobina 3,,DISPONIBLE,SANTIAGO,20000,15000,,,
JOYEAR X3 2019,BOBINA 4,Bobina 4,,CONFIRMAR,,20000,15000,,,Sin ubicación
JOYEAR X3 2019,BOCINA LH,Bocina,Izquierda,DISPONIBLE,SANTIAGO,12000,10000,,,
JOYEAR X3 2019,BOCINA RH,Bocina,Derecha,DISPONIBLE,SANTIAGO,12000,10000,,,
JOYEAR X3 2019,BOMBA DE BENCINA ,Bomba De Bencina ,,DISPONIBLE,SANTIAGO,75000,70000,,,
JOYEAR X3 2019,BOMBA DE EMBRAGUE DE CAJA,Bomba De Embrague De Caja,,DISPONIBLE,SANTIAGO,,,,,
JOYEAR X3 2019,BOMBA DE FRENO,Bomba De Freno,,VENDIDO,SANTIAGO,30000,30000,,,
JOYEAR X3 2019,BOMBA DE PEDAL DE EMBRAGUE,Bomba De Pedal De Embrague,,DISPONIBLE,SANTIAGO,,,,,
JOYEAR X3 2019,BOTONERA DE ALZAVIDRIOS DELANTERA LH,Botonera De Alzavidrios Delantera,Delantera Izquierda,DISPONIBLE,SANTIAGO,,,,,
JOYEAR X3 2019,CAJA,Caja,,NO DISPONIBLE,N/A,,,,,
JOYEAR X3 2019,CALIPER DELANTERO LH,Caliper Delantero,Delantera Izquierda,DISPONIBLE,SANTIAGO,,,,,
JOYEAR X3 2019,CALIPER DELANTERO RH,Caliper Delantero,Delantera Derecha,DISPONIBLE,SANTIAGO,,,,,
JOYEAR X3 2019,CALIPER TRASERO?,Caliper Trasero?,Trasera,DISPONIBLE,SANTIAGO,,,,,
JOYEAR X3 2019,CANISTER,Canister,,DISPONIBLE,SANTIAGO,25000,20000,,,
JOYEAR X3 2019,CAPOT,Capot,,NO DISPONIBLE,N/A,,,,,
JOYEAR X3 2019,CHAPA DE CONTACTO,Chapa De Contacto,,NO DISPONIBLE,N/A,,,,,
JOYEAR X3 2019,COLUMNA DE DIRECCIÓN,Columna De Dirección,,DISPONIBLE,SANTIAGO,70000,60000,,,
JOYEAR X3 2019,COMPRESOR DE AIRE ACONDICIONADO,Compresor De Aire Acondicionado,,DISPONIBLE,SANTIAGO,200000,180000,,CONFIRMAR PRECIO,
JOYEAR X3 2019,CONTROL ESPEJOS,Control Espejos,,DISPONIBLE,SANTIAGO,,,,,
JOYEAR X3 2019,CREMALLERA DE ALZAVIDRIO DELANTERA LH,Cremallera De Alzavidrio Delantera,Delantera Izquierda,VENDIDO,SANTIAGO,30000,30000,,,
JOYEAR X3 2019,CREMALLERA DE ALZAVIDRIO TRASERA RH,Cremallera De Alzavidrio Trasera,Trasera Derecha,DISPONIBLE,SANTIAGO,50000,40000,,,
JOYEAR X3 2019,CREMALLERA DE DIRECCIÓN,Cremallera De Dirección,,DISPONIBLE,SANTIAGO,650000,600000,,CONFIRMAR PRECIO,
JOYEAR X3 2019,CUBRE ZÓCALO LH,Cubre Zócalo,Izquierda,DISPONIBLE,SANTIAGO,35000,30000,,,
JOYEAR X3 2019,CUBRE ZÓCALO RH,Cubre Zócalo,Derecha,DISPONIBLE,SANTIAGO,35000,30000,,,
JOYEAR X3 2019,CUERPO DE ACELERACIÓN,Cuerpo De Aceleración,,DISPONIBLE,SANTIAGO,100000,90000,,,
JOYEAR X3 2019,DEPÓSITO DE AGUA O LÍQUIDO REFRIGERANTE ,Depósito De Agua O Líquido Refrigerante ,,DISPONIBLE,SANTIAGO,,,,SIN TAPA,
JOYEAR X3 2019,ECU,Ecu,,DISPONIBLE,SANTIAGO,120000,100000,,,
JOYEAR X3 2019,EJE PALIER LH ,Eje Palier ,Izquierda,DISPONIBLE,SANTIAGO,,,,,
JOYEAR X3 2019,EJE PALIER RH,Eje Palier,Derecha,DISPONIBLE,,100000,95000,,,Sin ubicación
JOYEAR X3 2019,EJE TRASERO ,Eje Trasero ,Trasera,VENDIDO,SANTIAGO,90000,80000,,,
JOYEAR X3 2019,ELECTROVENTILADOR ,Electroventilador ,,DISPONIBLE,SANTIAGO,75000,70000,,,
JOYEAR X3 2019,ESPEJO LH,Espejo,Izquierda,VENDIDO,SANTIAGO,45000,40000,,CON DETALLE,
JOYEAR X3 2019,ESPEJO RH ,Espejo ,Derecha,NO DISPONIBLE,N/A,,,,,
JOYEAR X3 2019,ESPIRAL TRASERO LH,Espiral Trasero,Trasera Izquierda,DISPONIBLE,,25000,20000,,,Sin ubicación
JOYEAR X3 2019,ESPIRAL TRASERO RH,Espiral Trasero,Trasera Derecha,DISPONIBLE,,25000,20000,,,Sin ubicación
JOYEAR X3 2019,FOCO INTERIOR LUZ TECHO  DELANTERA,Foco Interior Luz Techo  Delantera,Delantera,DISPONIBLE,SANTIAGO,25000,20000,,,
JOYEAR X3 2019,FOCO INTERIOR LUZ TECHO CENTRAL,Foco Interior Luz Techo Central,Central,DISPONIBLE,SANTIAGO,25000,20000,,,
JOYEAR X3 2019,FOCO TRASERO LH,Foco Trasero,Trasera Izquierda,NO DISPONIBLE,N/A,,,,,
JOYEAR X3 2019,FOCO TRASERO RH,Foco Trasero,Trasera Derecha,NO DISPONIBLE,N/A,,,,,
JOYEAR X3 2019,FRONTAL SUPERIOR,Frontal Superior,,VENDIDO,SANTIAGO,60000,55000,,,
JOYEAR X3 2019,FRONTAL SUPERIOR VERTICAL,Frontal Superior Vertical,,VENDIDO,SANTIAGO,30000,25000,,,
JOYEAR X3 2019,FUSILERA DELANTERA CON RAMAL,Fusilera Delantera Con Ramal,Delantera,DISPONIBLE,SANTIAGO,60000,50000,,,
JOYEAR X3 2019,GUARDAFANGO TRASERO LH,Guardafango Trasero,Trasera Izquierda,DISPONIBLE,SANTIAGO,35700,30000,,,
JOYEAR X3 2019,GUARDAFANGO TRASERO RH ,Guardafango Trasero ,Trasera Derecha,DISPONIBLE,SANTIAGO,37500,30000,,,
JOYEAR X3 2019,GUARDAFANGOS DELANTEROS ,Guardafangos Delanteros ,Delantera,NO DISPONIBLE,N/A,,,,,
JOYEAR X3 2019,LUZ PATENTE,Luz Patente,,DISPONIBLE,SANTIAGO,,,,UNA O DOS?,Requiere revisión
JOYEAR X3 2019,MANILLA EXTERIOR DELANTERA LH,Manilla Exterior Delantera,Delantera Izquierda,NO DISPONIBLE,N/A,,,,,
JOYEAR X3 2019,MANILLA EXTERIOR DELANTERA RH,Manilla Exterior Delantera,Delantera Derecha,DISPONIBLE,SANTIAGO,70000,60000,,,
JOYEAR X3 2019,MANILLA EXTERIOR TRASERA RH,Manilla Exterior Trasera,Trasera Derecha,DISPONIBLE,SANTIAGO,60000,50000,,,
JOYEAR X3 2019,MASA TRASERA ,Masa Trasera ,Trasera,VENDIDO,SANTIAGO,45000,40000,,,
JOYEAR X3 2019,MOLDURA PUERTA DELANTERA RH,Moldura Puerta Delantera,Delantera Derecha,DISPONIBLE,SANTIAGO,,,,,
JOYEAR X3 2019,MOLDURA PUERTA TRASERA RH,Moldura Puerta Trasera,Trasera Derecha,DISPONIBLE,SANTIAGO,,,,,
JOYEAR X3 2019,MOTOR DE PARTIDA,Motor De Partida,,DISPONIBLE,SANTIAGO,,,,,
JOYEAR X3 2019,MOTOR FACTURABLE,Motor Facturable,,VENDIDO,SANTIAGO,590000,550000,,"53,000 KM PRECIO ACTUALIZADO",
JOYEAR X3 2019,MÚLTIPLE DE ADMISIÓN,Múltiple De Admisión,,DISPONIBLE,,,,,,Sin ubicación
JOYEAR X3 2019,PALANCA DE CAMBIOS,Palanca De Cambios,,DISPONIBLE,SANTIAGO,,,,,
JOYEAR X3 2019,PARASOL LH,Parasol,Izquierda,DISPONIBLE,SANTIAGO,,,,,
JOYEAR X3 2019,PARASOL RH,Parasol,Derecha,DISPONIBLE,SANTIAGO,,,,,
JOYEAR X3 2019,PUERTA DELANTERA RH,Puerta Delantera,Delantera Derecha,DISPONIBLE,SANTIAGO,60000,55000,,,
JOYEAR X3 2019,SENSOR ABS,Sensor Abs,,DISPONIBLE,SANTIAGO,,,,,
JOYEAR X3 2019,SOPORTE DE CAJA LH,Soporte De Caja,Izquierda,DISPONIBLE,SANTIAGO,25000,20000,,,
JOYEAR X3 2019,TAPA DE BENCINA INTERIOR,Tapa De Bencina Interior,,DISPONIBLE,SANTIAGO,10000,10000,,,
JOYEAR X3 2019,VIDRIO LUNETA TRASERA,Vidrio Luneta Trasera,Trasera,VENDIDO,SANTIAGO,40000,,,,
JOYEAR X3 2019,RADIADOR DE CALEFACCIÓN,Radiador De Calefacción,,VENDIDO,,,,,,Sin ubicación
JOYEAR X3 2019,RADIADOR DE AIRE ACONDICIONADO INTERIOR,Radiador De Aire Acondicionado Interior,,VENDIDO,,,,,,Sin ubicación
KICKS 2019,AIRBAG DE CORTINA LH,Airbag De Cortina,Izquierda,DISPONIBLE,SANTIAGO,,,,,
KICKS 2019,AIRBAG DE CORTINA RH,Airbag De Cortina,Derecha,DISPONIBLE,SANTIAGO,,,,,
KICKS 2019,ALTERNADOR,Alternador,,DISPONIBLE,SANTIAGO,90000,80000,,,
KICKS 2019,AMORTIGUADOR DELANTERO LH COMPLETO,Amortiguador Delantero Completo,Delantera Izquierda,DISPONIBLE,SANTIAGO,90000,80000,,,
KICKS 2019,AMORTIGUADOR DELANTERO RH COMPLETO,Amortiguador Delantero Completo,Delantera Derecha,DISPONIBLE,SANTIAGO,90000,80000,,,
KICKS 2019,AMORTIGUADOR PORTALÓN LH,Amortiguador Portalón,Izquierda,DISPONIBLE,SANTIAGO,20000,15000,,,
KICKS 2019,AMORTIGUADOR PORTALÓN RH,Amortiguador Portalón,Derecha,DISPONIBLE,SANTIAGO,20000,15000,,,
KICKS 2019,AMORTIGUADOR TRASERO LH,Amortiguador Trasero,Trasera Izquierda,DISPONIBLE,SANTIAGO,,,,,
KICKS 2019,AMORTIGUADOR TRASERO RH,Amortiguador Trasero,Trasera Derecha,DISPONIBLE,SANTIAGO,,,,,
KICKS 2019,ASIENTO DELANTERO LH,Asiento Delantero,Delantera Izquierda,VENDIDO,SANTIAGO,55000,50000,,,
KICKS 2019,ASIENTO DELANTERO RH,Asiento Delantero,Delantera Derecha,VENDIDO,SANTIAGO,80000,75000,,,
KICKS 2019,BANDEJA DELANTERA LH,Bandeja Delantera,Delantera Izquierda,VENDIDO,SANTIAGO,35000,30000,,,
KICKS 2019,BANDEJA DELANTERA RH,Bandeja Delantera,Delantera Derecha,VENDIDO,SANTIAGO,35000,30000,,,
KICKS 2019,BARRA ESTABILIZADORA,Barra Estabilizadora,,DISPONIBLE,,45000,40000,,,Sin ubicación
KICKS 2019,BASE BATERÍA,Base Batería,,DISPONIBLE,,20000,15000,,,Sin ubicación
KICKS 2019,BASE DE TERMOSTATO,Base De Termostato,,DISPONIBLE,SANTIAGO,,,,,
KICKS 2019,BASE NEBLINERO LH,Base Neblinero,Izquierda,VENDIDO,SANTIAGO,25000,20000,,,
KICKS 2019,BASE NEBLINERO RH,Base Neblinero,Derecha,VENDIDO,SANTIAGO,25000,20000,,,
KICKS 2019,BASE SOPORTE DE CAJA LH,Base Soporte De Caja,Izquierda,DISPONIBLE,,65000,55000,,,Sin ubicación
KICKS 2019,BIELETA LH,Bieleta,Izquierda,VENDIDO,,15000,10000,,,Sin ubicación
KICKS 2019,BIELETA RH,Bieleta,Derecha,VENDIDO,,15000,10000,,,Sin ubicación
KICKS 2019,BISAGRA CAPOT LH,Bisagra Capot,Izquierda,DISPONIBLE,,25000,20000,,,Sin ubicación
KICKS 2019,BISAGRA CAPOT RH,Bisagra Capot,Derecha,DISPONIBLE,,25000,20000,,,Sin ubicación
KICKS 2019,BISAGRAS PUERTA DELANTERA LH,Bisagras Puerta Delantera,Delantera Izquierda,DISPONIBLE,SANTIAGO,,,,,
KICKS 2019,BISAGRAS PUERTA DELANTERA RH,Bisagras Puerta Delantera,Delantera Derecha,DISPONIBLE,SANTIAGO,,,,,
KICKS 2019,BISAGRAS PUERTA TRASERA LH,Bisagras Puerta Trasera,Trasera Izquierda,DISPONIBLE,SANTIAGO,,,,,
KICKS 2019,BISAGRAS PUERTA TRASERA RH,Bisagras Puerta Trasera,Trasera Derecha,DISPONIBLE,SANTIAGO,,,,,
KICKS 2019,BOBINA 1,Bobina 1,,DISPONIBLE,SANTIAGO,,,,,
KICKS 2019,BOBINA 2,Bobina 2,,DISPONIBLE,SANTIAGO,,,,,
KICKS 2019,BOBINA 3,Bobina 3,,DISPONIBLE,SANTIAGO,,,,,
KICKS 2019,BOBINA 4,Bobina 4,,POR CONFIRMAR,,,,,,Sin ubicación
KICKS 2019,BOCINA,Bocina,,DISPONIBLE,,20000,15000,,,Sin ubicación
KICKS 2019,BOMBA DE AGUA,Bomba De Agua,,DISPONIBLE,SANTIAGO,50000,45000,,,
KICKS 2019,BOMBA DE BENCINA,Bomba De Bencina,,VENDIDO,SANTIAGO,100000,90000,,,
KICKS 2019,BOMBA DE EMBRAGUE,Bomba De Embrague,,VENDIDO,SANTIAGO,60000,50000,,,
KICKS 2019,BOTÓN DE ALZAVIDRIOS DELANTERA RH,Botón De Alzavidrios Delantera,Delantera Derecha,DISPONIBLE,SANTIAGO,25000,20000,,,
KICKS 2019,BOTÓN DE ALZAVIDRIOS TRASERA LH,Botón De Alzavidrios Trasera,Trasera Izquierda,DISPONIBLE,,25000,20000,,,Sin ubicación
KICKS 2019,BOTÓN DE ALZAVIDRIOS TRASERA RH,Botón De Alzavidrios Trasera,Trasera Derecha,DISPONIBLE,SANTIAGO,25000,20000,,,
KICKS 2019,BOTÓN DE ENCENDIDO CON EMBELLECEDOR,Botón De Encendido Con Embellecedor,,DISPONIBLE,,45000,40000,,,Sin ubicación
KICKS 2019,BOTÓN PORTALÓN ,Botón Portalón ,,VENDIDO,SANTIAGO,20000,15000,,,
KICKS 2019,BOTONERA DE ALZAVIDRIOS DELANTERA LH,Botonera De Alzavidrios Delantera,Delantera Izquierda,VENDIDO,SANTIAGO,55000,50000,,,
KICKS 2019,BRAZO LIMPIAPARABRISAS LH,Brazo Limpiaparabrisas,Izquierda,DISPONIBLE,SANTIAGO,25000,20000,,,
KICKS 2019,BRAZO LIMPIAPARABRISAS RH,Brazo Limpiaparabrisas,Derecha,DISPONIBLE,SANTIAGO,25000,25000,,,
KICKS 2019,BRAZO LIMPIAPARABRISAS TRASERO (PORTALÓN),Brazo Limpiaparabrisas Trasero (Portalón),Trasera,DISPONIBLE,SANTIAGO,20000,15000,,,
KICKS 2019,CAJA DE CAMBIOS ,Caja De Cambios ,,VENDIDO,SANTIAGO,350000,320000,,,
KICKS 2019,CALIPER DELANTERO LH,Caliper Delantero,Delantera Izquierda,DISPONIBLE,SANTIAGO,55000,50000,,,
KICKS 2019,CALIPER DELANTERO RH,Caliper Delantero,Delantera Derecha,DISPONIBLE,SANTIAGO,55000,55000,,,
KICKS 2019,CAÑERÍAS DE AIRE ACONDICIONADO ,Cañerías De Aire Acondicionado ,,DISPONIBLE,SANTIAGO,105000,95000,,TODAS,
KICKS 2019,CAPOT (CON DETALLE),Capot (Con Detalle),,VENDIDO,SANTIAGO,170000,155000,,,Daños
KICKS 2019,CARTER,Carter,,VENDIDO,SANTIAGO,75000,65000,,,
KICKS 2019,CATALÍTICO,Catalítico,,DISPONIBLE,REQUINOA,,,,AL MONTÓN,
KICKS 2019,CHAPA CAPOT,Chapa Capot,,VENDIDO,SANTIAGO,25000,20000,,,
KICKS 2019,CHAPA PORTALÓN ,Chapa Portalón ,,DISPONIBLE,SANTIAGO,50000,45000,,,
KICKS 2019,CHAPA PUERTA DELANTERA LH,Chapa Puerta Delantera,Delantera Izquierda,VENDIDO,SANTIAGO,55000,50000,,,
KICKS 2019,CHAPA PUERTA DELANTERA RH,Chapa Puerta Delantera,Delantera Derecha,VENDIDO,SANTIAGO,55000,50000,,,
KICKS 2019,CHAPA PUERTA TRASERA LH,Chapa Puerta Trasera,Trasera Izquierda,DISPONIBLE,,50000,45000,,,Sin ubicación
KICKS 2019,CHAPA PUERTA TRASERA RH,Chapa Puerta Trasera,Trasera Derecha,DISPONIBLE,SANTIAGO,50000,45000,,,
KICKS 2019,CINTA DE AIRBAG ,Cinta De Airbag ,,VENDIDO,SANTIAGO,40000,35000,,,
KICKS 2019,CINTURÓN TRASERO LH,Cinturón Trasero,Trasera Izquierda,DISPONIBLE,SANTIAGO,,,,,
KICKS 2019,CINTURÓN TRASERO RH,Cinturón Trasero,Trasera Derecha,DISPONIBLE,SANTIAGO,,,,,
KICKS 2019,COFIA,Cofia,,DISPONIBLE,SANTIAGO,,,,,
KICKS 2019,COLUMNA DE DIRECCIÓN  ELECTRONICA,Columna De Dirección  Electronica,,DISPONIBLE,SANTIAGO,160000,150000,,,
KICKS 2019,COMPRESOR AIRE ACONDICIONADO ,Compresor Aire Acondicionado ,,DISPONIBLE,SANTIAGO,90000,80000,,,
KICKS 2019,CONSOLA CENTRAL,Consola Central,Central,VENDIDO,SANTIAGO,,,,,
KICKS 2019,CONTROL ESPEJOS,Control Espejos,,DISPONIBLE,SANTIAGO,,,,,
KICKS 2019,CREMALLERA DE ALZAVIDRIO PUERTA DELANTERA LH,Cremallera De Alzavidrio Puerta Delantera,Delantera Izquierda,DISPONIBLE,SANTIAGO,55000,50000,,,
KICKS 2019,CREMALLERA DE ALZAVIDRIO PUERTA DELANTERA RH,Cremallera De Alzavidrio Puerta Delantera,Delantera Derecha,DISPONIBLE,SANTIAGO,55000,50000,,,
KICKS 2019,CREMALLERA DE ALZAVIDRIO PUERTA TRASERA LH,Cremallera De Alzavidrio Puerta Trasera,Trasera Izquierda,DISPONIBLE,SANTIAGO,45000,40000,,,
KICKS 2019,CREMALLERA DE ALZAVIDRIO PUERTA TRASERA RH,Cremallera De Alzavidrio Puerta Trasera,Trasera Derecha,DISPONIBLE,SANTIAGO,45000,40000,,,
KICKS 2019,CREMALLERRA DE DIRECCIÓN,Cremallerra De Dirección,,DISPONIBLE,SANTIAGO,170000,160000,,,
KICKS 2019,CUBRE CHAPA DELANTERA,Cubre Chapa Delantera,Delantera,DISPONIBLE,,50000,45000,,,Sin ubicación
KICKS 2019,CUBRE CHAPA PORTALON ,Cubre Chapa Portalón ,,DISPONIBLE,,30000,25000,,,PORTALON mal escrito; Sin ubicación
KICKS 2019,CUBRE EQUIPAJE (2 PARTES),Cubre Equipaje (2 Partes),,VENDIDO,SANTIAGO,80000,75000,,,
KICKS 2019,CUBRE RUEDA DE REPUESTO,Cubre Rueda De Repuesto,,VENDIDO,SANTIAGO,40000,35000,,,
KICKS 2019,CUBRE TORPEDO,Cubre Torpedo,,DISPONIBLE,,50000,450000,,,Sin ubicación
KICKS 2019,CUBRE ZÓCALO LH,Cubre Zócalo,Izquierda,DISPONIBLE,SANTIAGO,45000,40000,,,
KICKS 2019,CUBRE ZÓCALO RH,Cubre Zócalo,Derecha,DISPONIBLE,SANTIAGO,45000,40000,,,
KICKS 2019,CUERPO DE ACELERACIÓN,Cuerpo De Aceleración,,DISPONIBLE,SANTIAGO,,,,,
KICKS 2019,CUNA,Cuna,,VENDIDO,SANTIAGO,100000,95000,,,
KICKS 2019,DEPÓSITO DE AGUA O LÍQUIDO REFRIGERANTE,Depósito De Agua O Líquido Refrigerante,,DISPONIBLE,SANTIAGO,25000,20000,,,
KICKS 2019,DEPÓSITO LIMPIA PARABRISAS,Depósito Limpia Parabrisas,,VENDIDO,SANTIAGO,50000,45000,,,
KICKS 2019,DISCO DE FRENO DELANTERO LH,Disco De Freno Delantero,Delantera Izquierda,DISPONIBLE,SANTIAGO,35000,30000,,,
KICKS 2019,DISCO DE FRENO DELANTERO RH,Disco De Freno Delantero,Delantera Derecha,DISPONIBLE,SANTIAGO,35000,30000,,,
KICKS 2019,ECU,Ecu,,VENDIDO,SANTIAGO,110000,100000,,,
KICKS 2019,EJE PALIER LH,Eje Palier,Izquierda,DISPONIBLE,SANTIAGO,,,,,
KICKS 2019,EJE PALIER RH ,Eje Palier ,Derecha,DISPONIBLE,SANTIAGO,,,,,
KICKS 2019,EJE TRASERO SOLO,Eje Trasero Solo,Trasera,VENDIDO,SANTIAGO,55000,50000,,,
KICKS 2019,ELECTROVENTILADOR,Electroventilador,,DISPONIBLE,SANTIAGO,100000,90000,,,
KICKS 2019,EMBELLECEDOR TABLERO (RADIO),Embellecedor Tablero (Radio),,DISPONIBLE,SANTIAGO,,,,,
KICKS 2019,ESPEJO CENTRAL,Espejo Central,Central,DISPONIBLE,SANTIAGO,20000,15000,,,
KICKS 2019,ESPEJO LH,Espejo,Izquierda,VENDIDO,SANTIAGO,20000,20000,,SIN LUNETA,
KICKS 2019,ESPEJO RH,Espejo,Derecha,DISPONIBLE,SANTIAGO,70000,65000,,CON DETALLE EN PINTURA,
KICKS 2019,ESPIRAL TRASERO LH,Espiral Trasero,Trasera Izquierda,DISPONIBLE,,25000,20000,,,Sin ubicación
KICKS 2019,ESPIRAL TRASERO RH,Espiral Trasero,Trasera Derecha,DISPONIBLE,,25000,20000,,,Sin ubicación
KICKS 2019,FOCO TRASERO EXTERIOR LH,Foco Trasero Exterior,Trasera Izquierda,VENDIDO,SANTIAGO,75000,70000,,,
KICKS 2019,FOCO TRASERO EXTERIOR RH,Foco Trasero Exterior,Trasera Derecha,VENDIDO,SANTIAGO,55000,50000,,,
KICKS 2019,FOCO TRASERO INTERIOR LH,Foco Trasero Interior,Trasera Izquierda,VENDIDO,SANTIAGO,,,,,
KICKS 2019,FOCO TRASERO INTERIOR RH,Foco Trasero Interior,Trasera Derecha,DISPONIBLE,,35000,30000,,,Sin ubicación
KICKS 2019,FRENO TRASERO LH (SISTEMA),Freno Trasero (Sistema),Trasera Izquierda,DISPONIBLE,SANTIAGO,,,,,
KICKS 2019,FRENO TRASERO RH (SISTEMA),Freno Trasero (Sistema),Trasera Derecha,DISPONIBLE,SANTIAGO,,,,,
KICKS 2019,FRONTAL SUPERIOR,Frontal Superior,,VENDIDO,SANTIAGO,50000,60000,,,
KICKS 2019,FUNDA PARACHOQUE DELANTERO,Funda Parachoque Delantero,Delantera,VENDIDO,SANTIAGO,90000,80000,,,
KICKS 2019,FUNDA PARACHOQUE TRASERO,Funda Parachoque Trasero,Trasera,DISPONIBLE,SANTIAGO,70000,60000,,SOLO FUNDA,
KICKS 2019,GANCHO  DE SEGURIDAD O CHAPA CAPOT,Gancho  De Seguridad O Chapa Capot,,DISPONIBLE,SANTIAGO,,,,,
KICKS 2019,GOMA CONTORNO PUERTA DELANTERA LH,Goma Contorno Puerta Delantera,Delantera Izquierda,DISPONIBLE,SANTIAGO,,,,,
KICKS 2019,GOMA CONTORNO PUERTA DELANTERA RH,Goma Contorno Puerta Delantera,Delantera Derecha,DISPONIBLE,SANTIAGO,,,,,
KICKS 2019,GOMA CONTORNO PUERTA TRASERA LH,Goma Contorno Puerta Trasera,Trasera Izquierda,DISPONIBLE,SANTIAGO,,,,,
KICKS 2019,GOMA CONTORNO PUERTA TRASERA RH,Goma Contorno Puerta Trasera,Trasera Derecha,DISPONIBLE,SANTIAGO,,,,,
KICKS 2019,GOMA MARCO PORTALÓN,Goma Marco Portalón,,VENDIDO,SANTIAGO,,,,,
KICKS 2019,GUARDAFANGO DELANTERO LH,Guardafango Delantero,Delantera Izquierda,DISPONIBLE,SANTIAGO,40000,35000,,CON DETALLE ,
KICKS 2019,GUARDAFANGO DELANTERO RH,Guardafango Delantero,Delantera Derecha,DISPONIBLE,SANTIAGO,40000,35000,,CON DETALLE,
KICKS 2019,KIT DE AIRBAG ,Kit De Airbag ,,VENDIDO,SANTIAGO,380000,350000,,,Múltiples piezas
KICKS 2019,LETRAS KICKS,Letras Kicks,,DISPONIBLE,,25000,20000,,,Sin ubicación
KICKS 2019,LLANTA CON NEUMÁTICO 1,Llanta Con Neumático 1,,VENDIDO,SANTIAGO,110000,100000,,,
KICKS 2019,LLANTA CON NEUMÁTICO 2,Llanta Con Neumático 2,,VENDIDO,SANTIAGO,100000,90000,,,
KICKS 2019,LLANTA CON NEUMÁTICO 3,Llanta Con Neumático 3,,VENDIDO,SANTIAGO,100000,90000,,,
KICKS 2019,LLANTA CON NEUMÁTICO 4,Llanta Con Neumático 4,,VENDIDO,SANTIAGO,100000,90000,,,
KICKS 2019,LOGO ,Logo ,,DISPONIBLE,,30000,25000,,,Sin ubicación
KICKS 2019,LOGO TRASERO,Logo Trasero,Trasera,DISPONIBLE,,25000,20000,,,Sin ubicación
KICKS 2019,LUZ CENTRAL INTERIOR,Luz Central Interior,Central,DISPONIBLE,SANTIAGO,,,,,
KICKS 2019,LUZ TECHO,Luz Techo,,DISPONIBLE,SANTIAGO,,,,,
KICKS 2019,MALETA,Maleta,,VENDIDO,SANTIAGO,,,,,
KICKS 2019,MÁNGUERA AGUA,Mánguera Agua,,DISPONIBLE,,20000,15000,,,Sin ubicación
KICKS 2019,MANILLA DE TECHO DELANTERA RH,Manilla De Techo Delantera,Delantera Derecha,DISPONIBLE,SANTIAGO,,,,,
KICKS 2019,MANILLA DE TECHO TRASERA LH,Manilla De Techo Trasera,Trasera Izquierda,DISPONIBLE,SANTIAGO,,,,,
KICKS 2019,MANILLA DE TECHO TRASERA RH,Manilla De Techo Trasera,Trasera Derecha,DISPONIBLE,SANTIAGO,,,,,
KICKS 2019,MANILLA EXTERIOR PUERTA DELANTERA LH,Manilla Exterior Puerta Delantera,Delantera Izquierda,DISPONIBLE,SANTIAGO,,,,,
KICKS 2019,MANILLA EXTERIOR PUERTA DELANTERA RH,Manilla Exterior Puerta Delantera,Delantera Derecha,DISPONIBLE,SANTIAGO,,,,,
KICKS 2019,MANILLA EXTERIOR PUERTA TRASERA LH,Manilla Exterior Puerta Trasera,Trasera Izquierda,POR CONFIRMAR,,,,,,Sin ubicación
KICKS 2019,MANILLA EXTERIOR PUERTA TRASERA RH,Manilla Exterior Puerta Trasera,Trasera Derecha,DISPONIBLE,SANTIAGO,,,,,
KICKS 2019,MANILLA INTERIOR APERTURA BENCINA,Manilla Interior Apertura Bencina,,DISPONIBLE,SANTIAGO,,,,,
KICKS 2019,MANILLA INTERIOR APERTURA CAPOT,Manilla Interior Apertura Capot,,DISPONIBLE,SANTIAGO,,,,,
KICKS 2019,MANILLA INTERIOR PUERTA DELANTERA LH,Manilla Interior Puerta Delantera,Delantera Izquierda,DISPONIBLE,SANTIAGO,20000,15000,,,
KICKS 2019,MANILLA INTERIOR PUERTA DELANTERA RH,Manilla Interior Puerta Delantera,Delantera Derecha,DISPONIBLE,SANTIAGO,20000,15000,,,
KICKS 2019,MANILLA INTERIOR PUERTA TRASERA LH,Manilla Interior Puerta Trasera,Trasera Izquierda,POR CONFIRMAR,,20000,15000,,,Sin ubicación
KICKS 2019,MANILLA INTERIOR PUERTA TRASERA RH,Manilla Interior Puerta Trasera,Trasera Derecha,DISPONIBLE,SANTIAGO,20000,15000,,,
KICKS 2019,MÁSCARA,Máscara,,VENDIDO,SANTIAGO,105000,95000,,,
KICKS 2019,MAZA O RODAMIENTO TRASERO LH,Maza O Rodamiento Trasero,Trasera Izquierda,DISPONIBLE,SANTIAGO,,,,PREGUNTAR QUÉ ES AL CUBITA,Persona en nota; Requiere revisión
KICKS 2019,MAZA O RODAMIENTO TRASERO RH,Maza O Rodamiento Trasero,Trasera Derecha,DISPONIBLE,SANTIAGO,,,,PREGUNTAR QUÉ ES AL CUBITA,Persona en nota; Requiere revisión
KICKS 2019,MÉNSULA DELANTERA LH,Ménsula Delantera,Delantera Izquierda,VENDIDO,SANTIAGO,20000,15000,,,
KICKS 2019,MÉNSULA DELANTERA RH,Ménsula Delantera,Delantera Derecha,VENDIDO,SANTIAGO,20000,15000,,,
KICKS 2019,MÉNSULA TRASERA LH,Ménsula Trasera,Trasera Izquierda,VENDIDO,SANTIAGO,20000,15000,,,
KICKS 2019,MÉNSULA TRASERA RH,Ménsula Trasera,Trasera Derecha,DISPONIBLE,SANTIAGO,20000,15000,,,
KICKS 2019,MÓDULO ABS ,Módulo Abs ,,DISPONIBLE,SANTIAGO,,,,,
KICKS 2019,MOLDURA EXTERIOR COSTADO TRASERO LH,Moldura Exterior Costado Trasero,Trasera Izquierda,DISPONIBLE,SANTIAGO,,,,PREGUNTAR A SERGIO CUAL ES,Requiere revisión
KICKS 2019,MOLDURA EXTERIOR COSTADO TRASERO RH,Moldura Exterior Costado Trasero,Trasera Derecha,DISPONIBLE,SANTIAGO,,,,PREGUNTAR A SERGIO CUAL ES,Requiere revisión
KICKS 2019,MOLDURA PUERTA DELANTERA LH,Moldura Puerta Delantera,Delantera Izquierda,VENDIDO,,30000,25000,,,Sin ubicación
KICKS 2019,MOLDURA PUERTA DELANTERA RH,Moldura Puerta Delantera,Delantera Derecha,NO DISPONIBLE,N/A,,,,NO VENÍA EN LA PUERTA,
KICKS 2019,MOLDURA PUERTA TRASERA LH,Moldura Puerta Trasera,Trasera Izquierda,NO DISPONIBLE,,30000,25000,,,Sin ubicación
KICKS 2019,MOLDURA PUERTA TRASERA RH,Moldura Puerta Trasera,Trasera Derecha,DISPONIBLE,SANTIAGO,30000,25000,,,
KICKS 2019,MOLDURA PUERTA TRASERA RH (PUESTA EN PUERTA),Moldura Puerta Trasera (Puesta En Puerta),Trasera Derecha,DISPONIBLE,SANTIAGO,,,,,
KICKS 2019,MOLDURA TAPABARRO DELANTERO DERECHO,Moldura Tapabarro Delantero Derecho,Delantera,VENDIDO,SANTIAGO,45000,40000,,,
KICKS 2019,MOLDURA TAPABARRO DELANTERO IZQUIERDO,Moldura Tapabarro Delantero Izquierdo,Delantera,DISPONIBLE,SANTIAGO,45000,40000,,,
KICKS 2019,MOLDURA TAPABARRO TRASERO LH,Moldura Tapabarro Trasero,Trasera Izquierda,DISPONIBLE,SANTIAGO,45000,40000,,,
KICKS 2019,MOLDURA TAPABARRO TRASERO RH,Moldura Tapabarro Trasero,Trasera Derecha,DISPONIBLE,SANTIAGO,45000,40000,,,
KICKS 2019,MOTOR CON VARILLAJE,Motor Con Varillaje,,DISPONIBLE,,90000,85000,,,Sin ubicación
KICKS 2019,MOTOR DE CALEFACCIÓN,Motor De Calefacción,,DISPONIBLE,SANTIAGO,,,,,
KICKS 2019,MOTOR DE PARTIDA,Motor De Partida,,DISPONIBLE,SANTIAGO,60000,55000,,,
KICKS 2019,MOTOR LIMPIAPARABRISAS TRASERO ,Motor Limpiaparabrisas Trasero ,Trasera,DISPONIBLE,,35000,30000,,,Sin ubicación
KICKS 2019,MOTOR NO FACTURABLE,Motor No Facturable,,NO DISPONIBLE,SANTIAGO,550000,520000,,DESPIEZADO,
KICKS 2019,MÚLTIPLE DE ADMISIÓN,Múltiple De Admisión,,DISPONIBLE,,85000,75000,,,Sin ubicación
KICKS 2019,MUÑÓN CON MAZA LH,Muñón Con Maza,Izquierda,DISPONIBLE,,,,,,Sin ubicación
KICKS 2019,MUÑÓN CON MAZA RH,Muñón Con Maza,Derecha,DISPONIBLE,,,,,,Sin ubicación
KICKS 2019,NEBLINERO DELANTERO LH,Neblinero Delantero,Delantera Izquierda,VENDIDO,SANTIAGO,35000,30000,,,
KICKS 2019,NEBLINERO DELANTERO RH,Neblinero Delantero,Delantera Derecha,VENDIDO,SANTIAGO,35000,30000,,,
KICKS 2019,ÓPTICO LH CON DETALLE,Óptico Con Detalle,Izquierda,VENDIDO,SANTIAGO,110000,100000,,,Daños
KICKS 2019,ÓPTICO RH,Óptico,Derecha,VENDIDO,SANTIAGO,110000,100000,,,
KICKS 2019,PALANCA DE CAMBIOS,Palanca De Cambios,,DISPONIBLE,SANTIAGO,80000,70000,,,
KICKS 2019,PALANCA DE FRENO DE MANO,Palanca De Freno De Mano,,DISPONIBLE,SANTIAGO,,,,,
KICKS 2019,PANEL TRASERO,Panel Trasero,Trasera,VENDIDO,SANTIAGO,160000,160000,,,
KICKS 2019,PARABRISAS,Parabrisas,,NO DISPONIBLE,,,,,,Sin ubicación
KICKS 2019,PARASOL LH,Parasol,Izquierda,DISPONIBLE,SANTIAGO,,,,,
KICKS 2019,PARASOL RH,Parasol,Derecha,DISPONIBLE,SANTIAGO,,,,,
KICKS 2019,PÁSTICO TERCERA LUZ DE FRENO PORTALÓN,Pástico Tercera Luz De Freno Portalón,,DISPONIBLE,,35000,30000,,,Sin ubicación
KICKS 2019,PEDAL DE EMGRAGUE,Pedal De Embrague,,DISPONIBLE,SANTIAGO,,,,,EMGRAGUE mal escrito
KICKS 2019,PEDAL DE FRENO,Pedal De Freno,,DISPONIBLE,SANTIAGO,,,,,
KICKS 2019,PIOLA PALANCA DE CAMBIOS,Piola Palanca De Cambios,,DISPONIBLE,SANTIAGO,,,,,
KICKS 2019,PISTONES (LOS 4),Pistones (Los 4),,DISPONIBLE,SANTIAGO,120000,100000,,,
KICKS 2019,PLÁSTICO ABAJO COFIA,Plástico Abajo Cofia,,VENDIDO,SANTIAGO,25000,20000,,,
KICKS 2019,PLÁSTICO TRIÁNGULO LH,Plástico Triángulo,Izquierda,DISPONIBLE,,10000,10000,,CON DETALLE (ESTÁN QUEMADOS),Sin ubicación
KICKS 2019,PLÁSTICO TRIÁNGULO RH,Plástico Triángulo,Derecha,DISPONIBLE,,10000,10000,,CON DETALLE (ESTÁN QUEMADOS),Sin ubicación
KICKS 2019,PORTA FILTRO,Porta Filtro,,DISPONIBLE,SANTIAGO,110000,100000,,,
KICKS 2019,PORTALÓN SOLO LATA CON VIDRIO ,Portalón Solo Lata Con Vidrio ,,VENDIDO,SANTIAGO,140000,130000,,SIN LOS OTROS ACCESORIOS,
KICKS 2019,PRE CARTER,Pre Carter,,VENDIDO,SANTIAGO,95000,85000,,,
KICKS 2019,PUERTA DELANTERA LH SOLO LATA,Puerta Delantera Solo Lata,Delantera Izquierda,VENDIDO,SANTIAGO,75000,70000,,,
KICKS 2019,PUERTA DELANTERA RH SOLO LATA,Puerta Delantera Solo Lata,Delantera Derecha,DISPONIBLE,SANTIAGO,70000,65000,,,
KICKS 2019,PUERTA TRASERA LH SOLO LATA,Puerta Trasera Solo Lata,Trasera Izquierda,VENDIDO,SANTIAGO,30000,30000,,,
KICKS 2019,PUERTA TRASERA RH SOLO LATA,Puerta Trasera Solo Lata,Trasera Derecha,DISPONIBLE,SANTIAGO,70000,65000,,PRECIO ACTUALIZADO,
KICKS 2019,RADIADOR DE AGUA,Radiador De Agua,,VENDIDO,SANTIAGO,80000,70000,,,
KICKS 2019,RADIADOR DE AIRE ACONDICIONADO,Radiador De Aire Acondicionado,,DISPONIBLE,,90000,80000,,CON DETALLE,Sin ubicación
KICKS 2019,RADIADOR DE CALEFACCIÓN ,Radiador De Calefacción ,,VENDIDO,SANTIAGO,55000,50000,,,
KICKS 2019,RADIO,Radio,,VENDIDO,SANTIAGO,95000,85000,,,
KICKS 2019,RAMAL EXTERIOR,Ramal Exterior,,VENDIDO,SANTIAGO,55000,55000,,,
KICKS 2019,RAMAL INTERIOR,Ramal Interior,,DISPONIBLE,SANTIAGO,,,,,
KICKS 2019,REFLECTANTE TRADERO LH,Reflectante Tradero,Izquierda,VENDIDO,SANTIAGO,30000,25000,,,
KICKS 2019,REFLECTANTE TRASERO RH,Reflectante Trasero,Trasera Derecha,DISPONIBLE,,30000,25000,,,Sin ubicación
KICKS 2019,REFUERZO DE PARACHOQUE,Refuerzo De Parachoque,,VENDIDO,SANTIAGO,60000,50000,,,
KICKS 2019,REJILLA INFERIOR ,Rejilla Inferior ,,DISPONIBLE,,50000,40000,,CON DETALLE,Sin ubicación
KICKS 2019,RESISTENCIA CALEFACCION,Resistencia Calefaccion,,DISPONIBLE,SANTIAGO,40000,35000,,,
KICKS 2019,RESISTENCIA ELECTROVENTILADOR,Resistencia Electroventilador,,DISPONIBLE,,40000,35000,,,Sin ubicación
KICKS 2019,RODAMIENTO TENSOR DE ACCESORIOS ,Rodamiento Tensor De Accesorios ,,DISPONIBLE,SANTIAGO,,,,,
KICKS 2019,RUEDA DE REPUESTO,Rueda De Repuesto,,DISPONIBLE,SANTIAGO,,,,,
KICKS 2019,SEGURO CAPOT (GANCHO),Seguro Capot (Gancho),,DISPONIBLE,,25000,20000,,,Sin ubicación
KICKS 2019,SELECTORA CAJA DE CAMBIOS,Selectora Caja De Cambios,,VENDIDO,SANTIAGO,,,,,
KICKS 2019,SENSOR ABS DELANTERO LH,Sensor Abs Delantero,Delantera Izquierda,DISPONIBLE,SANTIAGO,10000,10000,,,
KICKS 2019,SENSOR ABS DELANTERO RH,Sensor Abs Delantero,Delantera Derecha,VENDIDO,SANTIAGO,10000,10000,,,
KICKS 2019,SENSOR ABS TRASERO LH,Sensor Abs Trasero,Trasera Izquierda,DISPONIBLE,SANTIAGO,10000,10000,,,
KICKS 2019,SENSOR ABS TRASERO RH,Sensor Abs Trasero,Trasera Derecha,DISPONIBLE,SANTIAGO,10000,10000,,,
KICKS 2019,SENSOR DE ÁNGULO DE GIRO,Sensor De Ángulo De Giro,,DISPONIBLE,SANTIAGO,,,,,
KICKS 2019,SENSOR DE OXÍGENO BANCO 1,Sensor De Oxígeno Banco 1,,DISPONIBLE,SANTIAGO,,,,,
KICKS 2019,SENSOR DE OXÍGENO BANCO 2,Sensor De Oxígeno Banco 2,,DISPONIBLE,SANTIAGO,,,,,
KICKS 2019,SOPORTE DE CAJA IZQUIERDO ,Soporte De Caja Izquierdo ,,DISPONIBLE,,85000,75000,,,Sin ubicación
KICKS 2019,SOPORTE DE MOTOR CENTRAL,Soporte De Motor Central,Central,VENDIDO,SANTIAGO,,,,,
KICKS 2019,SOPORTE DE MOTOR RH ,Soporte De Motor ,Derecha,DISPONIBLE,SANTIAGO,,,,,
KICKS 2019,SOPORTE SUPERIOR DE BATERÍA,Soporte Superior De Batería,,DISPONIBLE,,,,,,Sin ubicación
KICKS 2019,TAMBOR TRASERO LH,Tambor Trasero,Trasera Izquierda,DISPONIBLE,SANTIAGO,,,,,
KICKS 2019,TAMBOR TRASERO RH,Tambor Trasero,Trasera Derecha,DISPONIBLE,SANTIAGO,,,,,
KICKS 2019,TAPA DE BENCINA EXTERIOR,Tapa De Bencina Exterior,,DISPONIBLE,SANTIAGO,,,,,
KICKS 2019,TAPA DE BENCINA INTERIOR,Tapa De Bencina Interior,,DISPONIBLE,SANTIAGO,,,,,
KICKS 2019,TAPABARRO DELANTERO DERECHO,Tapabarro Delantero Derecho,Delantera,VENDIDO,SANTIAGO,90000,80000,,,
KICKS 2019,TAPABARRO DELANTERO IZQUIERDO,Tapabarro Delantero Izquierdo,Delantera,DISPONIBLE,SANTIAGO,75000,70000,,,
KICKS 2019,TAPIZ INTERIOR PORTALÓN,Tapiz Interior Portalón,,DISPONIBLE,,25000,20000,,,Sin ubicación
KICKS 2019,TAPIZ INTERIOR PUERTA DELANTERA LH,Tapiz Interior Puerta Delantera,Delantera Izquierda,DISPONIBLE,,35000,30000,,,Sin ubicación
KICKS 2019,TAPIZ INTERIOR PUERTA DELANTERA RH,Tapiz Interior Puerta Delantera,Delantera Derecha,DISPONIBLE,,35000,30000,,,Sin ubicación
KICKS 2019,TAPIZ INTERIOR PUERTA TRASERA LH,Tapiz Interior Puerta Trasera,Trasera Izquierda,DISPONIBLE,,30000,25000,,,Sin ubicación
KICKS 2019,TAPIZ INTERIOR PUERTA TRASERA RH,Tapiz Interior Puerta Trasera,Trasera Derecha,DISPONIBLE,SANTIAGO,30000,25000,,,
KICKS 2019,TECHO SOLO LATA,Techo Solo Lata,,DISPONIBLE,,85000,75000,,,Sin ubicación
KICKS 2019,TELECOMANDO ,Telecomando ,,DISPONIBLE,SANTIAGO,,,,,
KICKS 2019,TOMA DE AIRE PORTA FILTRO,Toma De Aire Porta Filtro,,DISPONIBLE,,25000,20000,,,Sin ubicación
KICKS 2019,TORNILLO RUEDA DE REPUESTO,Tornillo Rueda De Repuesto,,DISPONIBLE,,20000,15000,,,Sin ubicación
KICKS 2019,TRINQUETE PORTALÓN KICKS,Trinquete Portalón Kicks,,DISPONIBLE,SANTIAGO,,,,,
KICKS 2019,VARILLA CAPOT,Varilla Capot,,DISPONIBLE,SANTIAGO,20000,15000,,,
KICKS 2019,VENTILADOR CALEFACCIÓN,Ventilador Calefacción,,DISPONIBLE,,80000,70000,,,Sin ubicación
KICKS 2019,VIDRIO PUERTA DELANTERA LH,Vidrio Puerta Delantera,Delantera Izquierda,DISPONIBLE,SANTIAGO,50000,45000,,,
KICKS 2019,VIDRIO PUERTA DELANTERA RH,Vidrio Puerta Delantera,Delantera Derecha,DISPONIBLE,SANTIAGO,50000,45000,,,
KICKS 2019,VIDRIO PUERTA TRASERA LH,Vidrio Puerta Trasera,Trasera Izquierda,DISPONIBLE,,45000,40000,,,Sin ubicación
KICKS 2019,VIDRIO PUERTA TRASERA LH LUNETA PEQUEÑA,Vidrio Puerta Trasera Luneta Pequeña,Trasera Izquierda,DISPONIBLE,,40000,35000,,,Sin ubicación
KICKS 2019,VIDRIO PUERTA TRASERA RH,Vidrio Puerta Trasera,Trasera Derecha,VENDIDO,SANTIAGO,45000,40000,,ORIGINAL SIN PPU MARCADA,
KICKS 2019,VIDRIO PUERTA TRASERA RH LUNETA PEQUEÑA,Vidrio Puerta Trasera Luneta Pequeña,Trasera Derecha,VENDIDO,SANTIAGO,40000,35000,,,
KICKS 2019,VOLANTE,Volante,,DISPONIBLE,SANTIAGO,75000,70000,,,
KWID 2021,AMORTIGUADOR TRASERO,Amortiguador Trasero,Trasera,DISPONIBLE,SANTIAGO,,,,LADO POR CONFIRMAR,
KWID 2021,ASIENTO DELANTERO RH,Asiento Delantero,Delantera Derecha,DISPONIBLE,,45000,40000,,,Sin ubicación
KWID 2021,BASE DE TERMOSTATO,Base De Termostato,,DISPONIBLE,SANTIAGO,,,,CON DETALLE,
KWID 2021,BISAGRAS PUERTA TRASERA RH,Bisagras Puerta Trasera,Trasera Derecha,VENDIDO,SANTIAGO,,,,,
KWID 2021,BOMBA DE BENCINA,Bomba De Bencina,,DISPONIBLE,SANTIAGO,,,,,
KWID 2021,CAJA,Caja,,VENDIDO,SANTIAGO,,,,,
KWID 2021,CALIPER DELANTERO LH,Caliper Delantero,Delantera Izquierda,DISPONIBLE,SANTIAGO,35000,30000,,,
KWID 2021,CALIPER DELANTERO RH,Caliper Delantero,Delantera Derecha,DISPONIBLE,SANTIAGO,,,,,
KWID 2021,CATALÍTICO,Catalítico,,VENDIDO,SANTIAGO,,,,AL MONTÓN,
KWID 2021,CHAPA CAPOT,Chapa Capot,,DISPONIBLE,SANTIAGO,25000,20000,,,
KWID 2021,CHAPA PORTALÓN,Chapa Portalón,,DISPONIBLE,SANTIAGO,20000,15000,,,
KWID 2021,CHAPA TRASERA RH,Chapa Trasera,Trasera Derecha,VENDIDO,SANTIAGO,25000,20000,,,
KWID 2021,CINTA DE AIRBAG,Cinta De Airbag,,DISPONIBLE,SANTIAGO,,,,,
KWID 2021,COLUMNA DE DIRECCIÓN ELECTRONICA,Columna De Dirección Electronica,,DISPONIBLE,SANTIAGO,95000,90000,,,
KWID 2021,COMPRESOR DE AIRE ACONDICIONADO,Compresor De Aire Acondicionado,,VENDIDO,SANTIAGO,100000,90000,,,
KWID 2021,CUERPO DE ACELERACIÓN,Cuerpo De Aceleración,,DISPONIBLE,SANTIAGO,75000,70000,,,
KWID 2021,DEPÓSITO LIMPIAPARABRISAS,Depósito Limpiaparabrisas,,DISPONIBLE,SANTIAGO,25000,20000,,,
KWID 2021,DISCO DELANTERO LH ,Disco Delantero ,Delantera Izquierda,DISPONIBLE,SANTIAGO,,,,,
KWID 2021,EJE PALIER LH CON DETALLE SIN TERMINALES,Eje Palier Con Detalle Sin Terminales,Izquierda,DISPONIBLE,,55000,50000,,N9 DISPONIBLE ,Daños; Sin ubicación
KWID 2021,EJE PALIER RH CON DETALLE SIN TERMINALES,Eje Palier Con Detalle Sin Terminales,Derecha,DISPONIBLE,SANTIAGO,30000,25000,,,Daños
KWID 2021,EJE TRASERO SOLO,Eje Trasero Solo,Trasera,VENDIDO,SANTIAGO,110000,100000,,,
KWID 2021,ESPIRAL TRASERO LH,Espiral Trasero,Trasera Izquierda,DISPONIBLE,,25000,20000,,,Sin ubicación
KWID 2021,ESPIRAL TRASERO RH,Espiral Trasero,Trasera Derecha,DISPONIBLE,,25000,20000,,,Sin ubicación
KWID 2021,FOCO INTERIOR LUZ TECHO ,Foco Interior Luz Techo ,,DISPONIBLE,SANTIAGO,,,,,
KWID 2021,GUANTERA,Guantera,,VENDIDO,,,,,,Sin ubicación
KWID 2021,INYECTOR 1,Inyector 1,,DISPONIBLE,SANTIAGO,25000,20000,,,
KWID 2021,INYECTOR 2,Inyector 2,,DISPONIBLE,SANTIAGO,25000,20000,,,
KWID 2021,INYECTOR 3,Inyector 3,,DISPONIBLE,SANTIAGO,25000,20000,,,
KWID 2021,MANGUERA CALEFACCIÓN,Manguera Calefacción,,VENDIDO,SANTIAGO,25000,25000,,,
KWID 2021,MANILLA EXTERIOR DELANTERA LH,Manilla Exterior Delantera,Delantera Izquierda,DISPONIBLE,SANTIAGO,25000,20000,,,
KWID 2021,MANILLA EXTERIOR DELANTERA RH,Manilla Exterior Delantera,Delantera Derecha,VENDIDO,SANTIAGO,25000,20000,,,
KWID 2021,MANILLA EXTERIOR TRASERA RH,Manilla Exterior Trasera,Trasera Derecha,DISPONIBLE,SANTIAGO,25000,20000,,,
KWID 2021,MANILLA INTERIOR PUERTA DELANTERA LH,Manilla Interior Puerta Delantera,Delantera Izquierda,DISPONIBLE,SANTIAGO,,,,,
KWID 2021,MANILLA INTERIOR PUERTA DELANTERA RH,Manilla Interior Puerta Delantera,Delantera Derecha,DISPONIBLE,SANTIAGO,,,,,
KWID 2021,MANILLA INTERIOR PUERTA TRASERA LH,Manilla Interior Puerta Trasera,Trasera Izquierda,DISPONIBLE,SANTIAGO,,,,,
KWID 2021,MANILLA INTERIOR PUERTA TRASERA RH,Manilla Interior Puerta Trasera,Trasera Derecha,DISPONIBLE,SANTIAGO,,,,,
KWID 2021,MANILLA PARA ABRIR CAPOT,Manilla Para Abrir Capot,,DISPONIBLE,SANTIAGO,25000,20000,,,
KWID 2021,MANILLA PARA ABRIR PORTALÓN,Manilla Para Abrir Portalón,,DISPONIBLE,SANTIAGO,25000,20000,,,
KWID 2021,MANILLA PARA ABRIR TAPA DE BENCINA,Manilla Para Abrir Tapa De Bencina,,DISPONIBLE,SANTIAGO,25000,20000,,,
KWID 2021,MAZA TRASERA CON TAMBOR RH,Maza Trasera Con Tambor,Trasera Derecha,VENDIDO,SANTIAGO,75000,65000,,,
KWID 2021,MÉNSULA TRASERA LH,Ménsula Trasera,Trasera Izquierda,DISPONIBLE,SANTIAGO,,,,,
KWID 2021,MÉNSULA TRASERA RH,Ménsula Trasera,Trasera Derecha,DISPONIBLE,SANTIAGO,,,,,
KWID 2021,MOLDURA PUERTA DELANTERA LH,Moldura Puerta Delantera,Delantera Izquierda,VENDIDO,SANTIAGO,,,,,
KWID 2021,MOLDURA PUERTA DELANTERA RH,Moldura Puerta Delantera,Delantera Derecha,DISPONIBLE,SANTIAGO,35000,32000,,,
KWID 2021,MOLDURA PUERTA TRASERA LH,Moldura Puerta Trasera,Trasera Izquierda,VENDIDO,SANTIAGO,,,,,
KWID 2021,MOLDURA PUERTA TRASERA RH,Moldura Puerta Trasera,Trasera Derecha,DISPONIBLE,SANTIAGO,35000,32000,,,
KWID 2021,MOLDURA TABABARRO TRASERA RH,Moldura Tababarro Trasera,Trasera Derecha,VENDIDO,,35000,30000,,,Sin ubicación
KWID 2021,MOTOR,Motor,,VENDIDO,SANTIAGO,700000,650000,,,
KWID 2021,MUÑON DELANTERO LH,Muñón Delantero,Delantera Izquierda,VENDIDO,SANTIAGO,60000,55000,,,MUÑON mal escrito
KWID 2021,PALANCA DE CAMBIOS,Palanca De Cambios,,DISPONIBLE,SANTIAGO,,,,,
KWID 2021,PARASOL RH,Parasol,Derecha,DISPONIBLE,SANTIAGO,,,,,
KWID 2021,PEDAL ACELERACIÓN,Pedal Aceleración,,DISPONIBLE,,80000,70000,,,Sin ubicación
KWID 2021,PUERTA  DELANTERA SOLO LATA RH,Puerta  Delantera Solo Lata,Delantera Derecha,VENDIDO,SANTIAGO,120000,110000,,,
KWID 2021,PUERTA TRASERA RH SOLO LATA,Puerta Trasera Solo Lata,Trasera Derecha,VENDIDO,SANTIAGO,90000,85000,,PRECIO ACTUALIZADO,
KWID 2021,RIEL DE INYECCIÓN CON LOS 2 RIELES,Riel De Inyección Con Los 2 Rieles,,DISPONIBLE,SANTIAGO,80000,70000,,,
KWID 2021,RIEL DE INYECCIÓN SOLO,Riel De Inyección Solo,,DISPONIBLE,SANTIAGO,35000,30000,,,
KWID 2021,TAMBOR Y BALATA LH,Tambor Y Balata,Izquierda,VENDIDO,SANTIAGO,,,,,
KWID 2021,TAMBOR Y BALATA RH,Tambor Y Balata,Derecha,VENDIDO,SANTIAGO,,,,,
KWID 2021,TAPA DE BENCINA EXTERIOR,Tapa De Bencina Exterior,,DISPONIBLE,SANTIAGO,,,,,
KWID 2021,VARILLA CAPOT,Varilla Capot,,DISPONIBLE,SANTIAGO,,,,,
KWID 2021,VIDRIO PUERTA TRASERA RH,Vidrio Puerta Trasera,Trasera Derecha,DISPONIBLE,SANTIAGO,,,,,
KWID 2021,VOLANTE DE INERCIA,Volante De Inercia,,DISPONIBLE,,90000,85000,,,Sin ubicación
MAZDA 3 2021,ALTERNADOR,Alternador,,DISPONIBLE,SANTIAGO,80000,70000,,,
MAZDA 3 2021,AMORTIGUADOR DELANTERO LH,Amortiguador Delantero,Delantera Izquierda,VENDIDO,SANTIAGO,60000,50000,,,
MAZDA 3 2021,AMORTIGUADOR TRASER LH ,Amortiguador Traser ,Izquierda,DISPONIBLE,SANTIAGO,35000,30000,,,
MAZDA 3 2021,AMORTIGUADOR TRASERO RH,Amortiguador Trasero,Trasera Derecha,DISPONIBLE,SANTIAGO,35000,30000,,,
MAZDA 3 2021,APOYA BRAZO CENTRAL,Apoya Brazo Central,Central,VENDIDO,SANTIAGO,35000,30000,,,
MAZDA 3 2021,ASIENTO DELANTERO RH,Asiento Delantero,Delantera Derecha,VENDIDO,SANTIAGO,50000,40000,,,
MAZDA 3 2021,ASIENTO DELANTERTO LH,Asiento Delanterto,Izquierda,VENDIDO,SANTIAGO,50000,40000,,,
MAZDA 3 2021,ASIENTOS TRASEROS,Asientos Traseros,Trasera,DISPONIBLE,SANTIAGO,50000,40000,,,
MAZDA 3 2021,BANDEJA DELANTERA LH,Bandeja Delantera,Delantera Izquierda,DISPONIBLE,SANTIAGO,35000,30000,,,
MAZDA 3 2021,BANDEJA DELANTERA RH,Bandeja Delantera,Delantera Derecha,NO DISPONIBLE,SANTIAGO,,,,,
MAZDA 3 2021,BANDEJA TRASERA INFERIOR LH,Bandeja Trasera Inferior,Trasera Izquierda,DISPONIBLE,SANTIAGO,50000,40000,,,
MAZDA 3 2021,BANDEJA TRASERA RH,Bandeja Trasera,Trasera Derecha,DISPONIBLE,SANTIAGO,50000,40000,,,
MAZDA 3 2021,BANDEJA TRASERA SUPERIOR LH,Bandeja Trasera Superior,Trasera Izquierda,DISPONIBLE,SANTIAGO,,,,,
MAZDA 3 2021,BARRA ESTABILIZADORA CON BILETA LH,Barra Estabilizadora Con Bileta,Izquierda,DISPONIBLE,SANTIAGO,35000,30000,,,
MAZDA 3 2021,BASE DE SOPORTE DE CAJA,Base De Soporte De Caja,,DISPONIBLE,SANTIAGO,25000,20000,,,
MAZDA 3 2021,BASE DE TERMOSTATO,Base De Termostato,,DISPONIBLE,SANTIAGO,,,,,
MAZDA 3 2021,BISAGRA DE CAPOT LH,Bisagra De Capot,Izquierda,DISPONIBLE,SANTIAGO,20000,15000,,,
MAZDA 3 2021,BISAGRA DE CAPOT RH,Bisagra De Capot,Derecha,NO DISPONIBLE,N/A,,,,MALA,
MAZDA 3 2021,BISAGRA MALETA LH,Bisagra Maleta,Izquierda,DISPONIBLE,SANTIAGO,,,,,
MAZDA 3 2021,BISAGRA MALETA RH,Bisagra Maleta,Derecha,DISPONIBLE,SANTIAGO,,,,,
MAZDA 3 2021,BISEL DE CONTROL DE CALEFACCIÓN,Bisel De Control De Calefacción,,DISPONIBLE,SANTIAGO,,,,,
MAZDA 3 2021,BISEL DE TABLERO DESDE VENTILACION HASTA GUANTERA ,Bisel De Tablero Desde Ventilacion Hasta Guantera ,,DISPONIBLE,SANTIAGO,,,,,
MAZDA 3 2021,BOBINA 1,Bobina 1,,DISPONIBLE,SANTIAGO,,,,,
MAZDA 3 2021,BOBINA 2,Bobina 2,,DISPONIBLE,SANTIAGO,,,,,
MAZDA 3 2021,BOBINA 3,Bobina 3,,DISPONIBLE,SANTIAGO,,,,,
MAZDA 3 2021,BOBINA 4,Bobina 4,,DISPONIBLE,SANTIAGO,,,,,
MAZDA 3 2021,BOCINA LH,Bocina,Izquierda,DISPONIBLE,SANTIAGO,15000,10000,,,
MAZDA 3 2021,BOCINA RH,Bocina,Derecha,DISPONIBLE,SANTIAGO,15000,10000,,,
MAZDA 3 2021,BOMBA DE BENCINA,Bomba De Bencina,,DISPONIBLE,SANTIAGO,,,,,
MAZDA 3 2021,BOMBA DE EMBRAGUE DE CAJA,Bomba De Embrague De Caja,,DISPONIBLE,SANTIAGO,,,,,
MAZDA 3 2021,BOMBA DE PEDAL DE EMBRAGUE,Bomba De Pedal De Embrague,,DISPONIBLE,SANTIAGO,,,,,
MAZDA 3 2021,BORNER POSITIVO,Borner Positivo,,VENDIDO,SANTIAGO,25000,25000,,,
MAZDA 3 2021,BOTÓN DE ALZAVIDRIOS DELANTERA RH,Botón De Alzavidrios Delantera,Delantera Derecha,DISPONIBLE,SANTIAGO,15000,10000,,,
MAZDA 3 2021,BOTONERA PUERTA DELANTERA LH,Botonera Puerta Delantera,Delantera Izquierda,DISPONIBLE,SANTIAGO,60000,50000,,,
MAZDA 3 2021,BRAZO DE SUSPENCIÓN TRASERA LH,Brazo De Suspención Trasera,Trasera Izquierda,VENDIDO,SANTIAGO,,,,,
MAZDA 3 2021,BRAZO DE SUSPENCIÓN TRASERA RH,Brazo De Suspención Trasera,Trasera Derecha,DISPONIBLE,SANTIAGO,,,,,
MAZDA 3 2021,BRAZO LIMPIAPARABRISAS DELANTERO LH,Brazo Limpiaparabrisas Delantero,Delantera Izquierda,DISPONIBLE,SANTIAGO,,,,,
MAZDA 3 2021,BRAZO LIMPIAPARABRISAS DELANTERO RH,Brazo Limpiaparabrisas Delantero,Delantera Derecha,DISPONIBLE,SANTIAGO,,,,,
MAZDA 3 2021,CABLE NEGATIVO DESDE MOTOR A LA CARROCERÍA,Cable Negativo Desde Motor A La Carrocería,,DISPONIBLE,SANTIAGO,,,,NO ES EL DE LA BATERÍA,
MAZDA 3 2021,CAJA,Caja,,VENDIDO,SANTIAGO,370000,350000,,,
MAZDA 3 2021,CALIPER DELANTERO LH,Caliper Delantero,Delantera Izquierda,DISPONIBLE,SANTIAGO,,,,,
MAZDA 3 2021,CALIPER DELANTERO RH,Caliper Delantero,Delantera Derecha,DISPONIBLE,SANTIAGO,,,,,
MAZDA 3 2021,CALIPER TRASERO LH,Caliper Trasero,Trasera Izquierda,DISPONIBLE,SANTIAGO,,,,,
MAZDA 3 2021,CALIPER TRASERO RH,Caliper Trasero,Trasera Derecha,DISPONIBLE,SANTIAGO,,,,,
MAZDA 3 2021,CANISTER,Canister,,DISPONIBLE,SANTIAGO,,,,,
MAZDA 3 2021,CAÑERÍAS DE AIRE ACONDICIONADO (3),Cañerías De Aire Acondicionado (3),,DISPONIBLE,SANTIAGO,,,,,
MAZDA 3 2021,CAPOT,Capot,,NO DISPONIBLE,N/A,,,,,
MAZDA 3 2021,CATALÍTICO,Catalítico,,VENDIDO,SANTIAGO,,,,,
MAZDA 3 2021,CHAPA DE CAPOT,Chapa De Capot,,DISPONIBLE,SANTIAGO,30000,25000,,,
MAZDA 3 2021,CHAPA DE MALETA,Chapa De Maleta,,DISPONIBLE,SANTIAGO,,,,,
MAZDA 3 2021,CHAPA DE PUERTA DELANTERA RH,Chapa De Puerta Delantera,Delantera Derecha,DISPONIBLE,SANTIAGO,,,,,
MAZDA 3 2021,CHAPA DE PUERTA TRASERA RH,Chapa De Puerta Trasera,Trasera Derecha,DISPONIBLE,SANTIAGO,,,,,
MAZDA 3 2021,CHAPA PUERTA DELANTERA LH,Chapa Puerta Delantera,Delantera Izquierda,DISPONIBLE,SANTIAGO,54000,45000,,,
MAZDA 3 2021,CHAPA PUERTA TRASERA LH,Chapa Puerta Trasera,Trasera Izquierda,DISPONIBLE,SANTIAGO,35000,30000,,,
MAZDA 3 2021,CINTURÓN TRASERO CENTRAL,Cinturón Trasero Central,Central,DISPONIBLE,SANTIAGO,,,,,
MAZDA 3 2021,CINTURÓN TRASERO LH,Cinturón Trasero,Trasera Izquierda,DISPONIBLE,SANTIAGO,,,,,
MAZDA 3 2021,CINTURÓN TRASERO RH,Cinturón Trasero,Trasera Derecha,DISPONIBLE,SANTIAGO,,,,,
MAZDA 3 2021,COFIA,Cofia,,DISPONIBLE,SANTIAGO,,,,2 PARTES,
MAZDA 3 2021,COLUMNA DE DIRECCION,Columna De Direccion,,DISPONIBLE,SANTIAGO,120000,100000,,,
MAZDA 3 2021,COMPRESOR DE AIRE ACONDICIONADO,Compresor De Aire Acondicionado,,VENDIDO,SANTIAGO,,,,DETALLE EN ,
MAZDA 3 2021,CREMALLERA DE ALZAVIDRIO PUERTA DELANTERA LH,Cremallera De Alzavidrio Puerta Delantera,Delantera Izquierda,DISPONIBLE,SANTIAGO,45000,40000,,,
MAZDA 3 2021,CREMALLERA DE ALZAVIDRIO PUERTA DELANTERA RH,Cremallera De Alzavidrio Puerta Delantera,Delantera Derecha,DISPONIBLE,SANTIAGO,45000,40000,,,
MAZDA 3 2021,CREMALLERA DE ALZAVIDRIOS PUERTA TRASERA RH,Cremallera De Alzavidrios Puerta Trasera,Trasera Derecha,DISPONIBLE,SANTIAGO,45000,40000,,,
MAZDA 3 2021,CREMALLERA DE DIRECCION,Cremallera De Direccion,,DISPONIBLE,SANTIAGO,120000,100000,,,
MAZDA 3 2021,CUBRE CARTER,Cubre Carter,,DISPONIBLE,SANTIAGO,,,,TIENE DETALLE,
MAZDA 3 2021,CUBRE CHAPA,Cubre Chapa,,DISPONIBLE,SANTIAGO,42000,35000,,,
MAZDA 3 2021,CUBRE CHAPA PLÁSTICO TRASERO,Cubre Chapa Plástico Trasero,Trasera,VENDIDO,SANTIAGO,,,,,
MAZDA 3 2021,CUBRE MOTOR,Cubre Motor,,NO DISPONIBLE,SANTIAGO,,,,,
MAZDA 3 2021,CUBRE RUEDA DE REPUESTO,Cubre Rueda De Repuesto,,VENDIDO,SANTIAGO,25000,20000,,,
MAZDA 3 2021,CUBRE TORPEDO,Cubre Torpedo,,DISPONIBLE,SANTIAGO,,,,,
MAZDA 3 2021,CUERPO DE ACELERACIÓN,Cuerpo De Aceleración,,DISPONIBLE,SANTIAGO,70000,65000,,PRECIO ACTUALIZADO,
MAZDA 3 2021,CUNA TRASERA,Cuna Trasera,Trasera,DISPONIBLE,SANTIAGO,,,,,
MAZDA 3 2021,DEFLECTOR LH,Deflector,Izquierda,DISPONIBLE,SANTIAGO,,,,,
MAZDA 3 2021,DEFLECTOR RH,Deflector,Derecha,DISPONIBLE,SANTIAGO,,,,,
MAZDA 3 2021,DEPÓSITO DE AGUA O LÍQUIDO REFRIGERNTE,Depósito De Agua O Líquido Refrigernte,,DISPONIBLE,SANTIAGO,36000,30000,,,
MAZDA 3 2021,DEPÓSITO LIMPIAPARABRISAS,Depósito Limpiaparabrisas,,NO DISPONIBLE,N/A,,,,,
MAZDA 3 2021,DEPÓSITO Y BOMBA DE FRENO,Depósito Y Bomba De Freno,,DISPONIBLE,SANTIAGO,,,,,
MAZDA 3 2021,DISCO DE FRENO DELANTERO LH,Disco De Freno Delantero,Delantera Izquierda,DISPONIBLE,SANTIAGO,,,,,
MAZDA 3 2021,DISCO TRASERO RH,Disco Trasero,Trasera Derecha,VENDIDO,SANTIAGO,,,,HAY QUE SEPARARLO DE LA MAZA,
MAZDA 3 2021,ECU,Ecu,,DISPONIBLE,SANTIAGO,,,,,
MAZDA 3 2021,EJE PALIER RH,Eje Palier,Derecha,DISPONIBLE,SANTIAGO,,,,,
MAZDA 3 2021,ELECTROVENTILADOR,Electroventilador,,DISPONIBLE,SANTIAGO,95000,80000,,,
MAZDA 3 2021,ESPEJO LH,Espejo,Izquierda,VENDIDO,SANTIAGO,90000,80000,,,
MAZDA 3 2021,ESPEJO RH (FALTA LA TAPA TRASERA Y TIENE LA PPU MARCADA),Espejo (Falta La Tapa Trasera Y Tiene La Ppu Marcada),Trasera Derecha,VENDIDO,SANTIAGO,45000,40000,,NO ES EL ABATIBLE ELECTRÓNICAMENTE,
MAZDA 3 2021,ESPIRAL TRASERO RH,Espiral Trasero,Trasera Derecha,DISPONIBLE,SANTIAGO,,,,,
MAZDA 3 2021,FOCO TRASERO EXTERIOR LH,Foco Trasero Exterior,Trasera Izquierda,VENDIDO,SANTIAGO,70000,60000,,,
MAZDA 3 2021,FOCO TRASERO EXTERIOR RH,Foco Trasero Exterior,Trasera Derecha,VENDIDO,SANTIAGO,70000,60000,,,
MAZDA 3 2021,FOCO TRASERO INTERIOR LH,Foco Trasero Interior,Trasera Izquierda,VENDIDO,SANTIAGO,50000,40000,,,
MAZDA 3 2021,FOCO TRASERO INTERIOR RH,Foco Trasero Interior,Trasera Derecha,DISPONIBLE,SANTIAGO,50000,40000,,,
MAZDA 3 2021,FRONTAL SUPERIOR ,Frontal Superior ,,DISPONIBLE,SANTIAGO,30000,25000,,PEQUEÑO DETALLE,
MAZDA 3 2021,FUNDA DE PARACHOQUE DELANTERO,Funda De Parachoque Delantero,Delantera,NO DISPONIBLE,N/A,,,,,
MAZDA 3 2021,FUNDA DE PARACHOQUE TRASERO,Funda De Parachoque Trasero,Trasera,VENDIDO,SANTIAGO,55000,50000,,,
MAZDA 3 2021,GATA COMPLETA,Gata Completa,,POR CONFIRMAR,SANTIAGO,,,,,
MAZDA 3 2021,GOMA CONTORNO DE PUERTA TRASERA LH,Goma Contorno De Puerta Trasera,Trasera Izquierda,DISPONIBLE,SANTIAGO,20000,15000,,,
MAZDA 3 2021,GOMA CONTORNO DE PUERTA TRASERA RH,Goma Contorno De Puerta Trasera,Trasera Derecha,VENDIDO,SANTIAGO,,,,,
MAZDA 3 2021,GOMA DE CONTORNO MALETA,Goma De Contorno Maleta,,DISPONIBLE,SANTIAGO,20000,15000,,,
MAZDA 3 2021,GOMA DE CONTORNO PUERTA DELANTERA RH,Goma De Contorno Puerta Delantera,Delantera Derecha,DISPONIBLE,SANTIAGO,25000,20000,,,
MAZDA 3 2021,GUANTERA,Guantera,,DISPONIBLE,SANTIAGO,,,,,
MAZDA 3 2021,GUARDAFANGO ALETA TRASERA LH,Guardafango Aleta Trasera,Trasera Izquierda,VENDIDO,SANTIAGO,30000,25000,,,
MAZDA 3 2021,GUARDAFANGO ALETA TRASERA RH,Guardafango Aleta Trasera,Trasera Derecha,DISPONIBLE,SANTIAGO,30000,25000,,,
MAZDA 3 2021,GUARDAFANGO DELANTERO LH,Guardafango Delantero,Delantera Izquierda,NO DISPONIBLE,N/A,,,,,
MAZDA 3 2021,GUARDAFANGO DELANTERO RH,Guardafango Delantero,Delantera Derecha,NO DISPONIBLE,N/A,,,,,
MAZDA 3 2021,GUARDAFANGO TRASERO INFERIOR LH,Guardafango Trasero Inferior,Trasera Izquierda,DISPONIBLE,SANTIAGO,25000,20000,,,
MAZDA 3 2021,GUARDAFANGO TRASERO INFERIOR RH,Guardafango Trasero Inferior,Trasera Derecha,DISPONIBLE,SANTIAGO,25000,20000,,,
MAZDA 3 2021,GUARDAFANGO TRASERO SUPERIOR LH,Guardafango Trasero Superior,Trasera Izquierda,DISPONIBLE,SANTIAGO,25000,20000,,,
MAZDA 3 2021,GUARDAFANGO TRASERO SUPERIOR RH,Guardafango Trasero Superior,Trasera Derecha,DISPONIBLE,SANTIAGO,25000,20000,,,
MAZDA 3 2021,KIT DE AIRBAG,Kit De Airbag,,NO DISPONIBLE,N/A,,,,,Múltiples piezas
MAZDA 3 2021,KIT DE EMBRAGUE,Kit De Embrague,,DISPONIBLE,SANTIAGO,,,,,Múltiples piezas
MAZDA 3 2021,LÍNEA DE ESCAPE (TIENE UN CORTE EN UN EXTREMO),Línea De Escape (Tiene Un Corte En Un Extremo),,DISPONIBLE,SANTIAGO,30000,25000,,,
MAZDA 3 2021,LLANTA 1,Llanta 1,,VENDIDO,SANTIAGO,80000,70000,,,
MAZDA 3 2021,LLANTA 2,Llanta 2,,VENDIDO,SANTIAGO,80000,70000,,,
MAZDA 3 2021,LLANTA 3,Llanta 3,,VENDIDO,SANTIAGO,80000,70000,,,
MAZDA 3 2021,LLANTA 4,Llanta 4,,NO DISPONIBLE,N/A,,,,,
MAZDA 3 2021,LOGO DELANTERO,Logo Delantero,Delantera,DISPONIBLE,SANTIAGO,15000,10000,,,
MAZDA 3 2021,LUZ TECHO DE ADELANTE ,Luz Techo De Adelante ,,DISPONIBLE,SANTIAGO,30000,25000,,,
MAZDA 3 2021,MALETA,Maleta,,VENDIDO,SANTIAGO,120000,110000,,,
MAZDA 3 2021,MANGUERA DE AGUA SALIDA INFERIOR DE RADIADOR,Manguera De Agua Salida Inferior De Radiador,,DISPONIBLE,SANTIAGO,,,,,
MAZDA 3 2021,MANGUERA DE TERMOSTATO,Manguera De Termostato,,DISPONIBLE,SANTIAGO,,,,,
MAZDA 3 2021,MANGUERAS DE CALEFACCIÓN (2),Mangueras De Calefacción (2),,DISPONIBLE,SANTIAGO,,,,,
MAZDA 3 2021,MANILLA EXTERIOR PUERTA DELANTERA LH,Manilla Exterior Puerta Delantera,Delantera Izquierda,VENDIDO,SANTIAGO,35000,30000,,,
MAZDA 3 2021,MANILLA INTERIOR PUERTA DELANTERA LH,Manilla Interior Puerta Delantera,Delantera Izquierda,DISPONIBLE,SANTIAGO,15000,10000,,,
MAZDA 3 2021,MANILLA INTERIOR PUERTA DELANTERA RH,Manilla Interior Puerta Delantera,Delantera Derecha,DISPONIBLE,SANTIAGO,15000,10000,,,
MAZDA 3 2021,MANILLA INTERIOR PUERTA TRASERA LH,Manilla Interior Puerta Trasera,Trasera Izquierda,DISPONIBLE,SANTIAGO,15000,10000,,,
MAZDA 3 2021,MANILLA INTERIOR PUERTA TRASERA RH,Manilla Interior Puerta Trasera,Trasera Derecha,DISPONIBLE,SANTIAGO,15000,10000,,,
MAZDA 3 2021,MÁSCARA ,Máscara ,,NO DISPONIBLE,N/A,,,,,
MAZDA 3 2021,MAZA TRASERA RH,Maza Trasera,Trasera Derecha,DISPONIBLE,SANTIAGO,,,,HAY QUE SEPARARLO DEL DISCO,
MAZDA 3 2021,MÉSULA TRASERA LH,Mésula Trasera,Trasera Izquierda,DISPONIBLE,SANTIAGO,,,,,
MAZDA 3 2021,MÉSULA TRASERA RH,Mésula Trasera,Trasera Derecha,DISPONIBLE,SANTIAGO,,,,,
MAZDA 3 2021,MÓDULO ABS,Módulo Abs,,VENDIDO,SANTIAGO,100000,90000,,PRECIO ACTUALIZADO,
MAZDA 3 2021,MÓDULO ELÉCTRICO MALETA ,Módulo Eléctrico Maleta ,,DISPONIBLE,SANTIAGO,,,,,
MAZDA 3 2021,MOLDURA PARABRISA TRIÁNGULO LH,Moldura Parabrisa Triángulo,Izquierda,VENDIDO,SANTIAGO,,,,,
MAZDA 3 2021,MOTOR DE CALEFACCIÓN,Motor De Calefacción,,DISPONIBLE,SANTIAGO,,,,,
MAZDA 3 2021,MOTOR DE PARTIDA,Motor De Partida,,DISPONIBLE,SANTIAGO,55000,50000,,,
MAZDA 3 2021,MOTOR DEPÓSITO LIMPIAPARABRISAS,Motor Depósito Limpiaparabrisas,,DISPONIBLE,SANTIAGO,72000,60000,,,
MAZDA 3 2021,MOTOR FACTURABLE,Motor Facturable,,VENDIDO,SANTIAGO,950000,900000,,,
MAZDA 3 2021,MOTOR Y VARILLAJE DE LIMPIAPARABRISAS DELANTERO,Motor Y Varillaje De Limpiaparabrisas Delantero,Delantera,DISPONIBLE,SANTIAGO,,,,,
MAZDA 3 2021,MÚLTIPLE DE ADMISIÓN,Múltiple De Admisión,,DISPONIBLE,SANTIAGO,,,,,
MAZDA 3 2021,MUÑÓN Y MAZA DELANTERO LH,Muñón Y Maza Delantero,Delantera Izquierda,DISPONIBLE,SANTIAGO,,,,,
MAZDA 3 2021,NEGATIVO,Negativo,,DISPONIBLE,SANTIAGO,,,,,
MAZDA 3 2021,OPTICO LH,Optico,Izquierda,NO DISPONIBLE,N/A,,,,,
MAZDA 3 2021,OPTICO RH,Optico,Derecha,VENDIDO,SANTIAGO,,,,,
MAZDA 3 2021,PALANCA DE CAMBIOS,Palanca De Cambios,,DISPONIBLE,SANTIAGO,,,,,
MAZDA 3 2021,PALANCA FRENO DE MANO,Palanca Freno De Mano,,DISPONIBLE,SANTIAGO,,,,,
MAZDA 3 2021,PARABRISAS,Parabrisas,,NO DISPONIBLE,N/A,,,,,
MAZDA 3 2021,PARASOL LH,Parasol,Izquierda,DISPONIBLE,SANTIAGO,,,,,
MAZDA 3 2021,PARASOL RH,Parasol,Derecha,DISPONIBLE,SANTIAGO,,,,,
MAZDA 3 2021,PEDAL DE ACELERACIÓN,Pedal De Aceleración,,DISPONIBLE,SANTIAGO,,,,,
MAZDA 3 2021,PEDAL DE EMBRAGUE,Pedal De Embrague,,DISPONIBLE,SANTIAGO,,,,,
MAZDA 3 2021,PEDAL DE FRENO,Pedal De Freno,,DISPONIBLE,SANTIAGO,,,,,
MAZDA 3 2021,PIOLA DE BENCINA,Piola De Bencina,,DISPONIBLE,SANTIAGO,,,,,
MAZDA 3 2021,PIOLA DE CAPOT,Piola De Capot,,DISPONIBLE,SANTIAGO,,,,,
MAZDA 3 2021,PIOLA DE PALANCA DE FRENO DE MANO,Piola De Palanca De Freno De Mano,,DISPONIBLE,SANTIAGO,,,,,
MAZDA 3 2021,PIOLAS DE ASIENTOS TRASEROS,Piolas De Asientos Traseros,Trasera,DISPONIBLE,SANTIAGO,,,,,
MAZDA 3 2021,PIOLAS PALANCA DE CAMBIO,Piolas Palanca De Cambio,,DISPONIBLE,SANTIAGO,,,,,
MAZDA 3 2021,PORTA FILTRO,Porta Filtro,,DISPONIBLE,SANTIAGO,45000,40000,,,
MAZDA 3 2021,PORTA PLACA ,Porta Placa ,,DISPONIBLE,SANTIAGO,15000,10000,,,
MAZDA 3 2021,PORTAVASOS,Portavasos,,DISPONIBLE,SANTIAGO,,,,,
MAZDA 3 2021,PROTECTOR DE BATERIA (CONTORNO),Protector De Bateria (Contorno),,DISPONIBLE,SANTIAGO,,,,,
MAZDA 3 2021,PUERTA DELANTERA LH SOLO LATA,Puerta Delantera Solo Lata,Delantera Izquierda,VENDIDO,SANTIAGO,85000,75000,,SIN DETALLE,
MAZDA 3 2021,PUERTA DELANTERA RH SOLO LATA CON DETALLE,Puerta Delantera Solo Lata Con Detalle,Delantera Derecha,VENDIDO,SANTIAGO,60000,50000,,CON DETALLE,Daños
MAZDA 3 2021,PUERTA TRASERA LH SOLO LATA,Puerta Trasera Solo Lata,Trasera Izquierda,VENDIDO,SANTIAGO,70000,60000,,CON DETALLE,
MAZDA 3 2021,PUERTA TRASERA RH SOLO LATA CON DETALLE,Puerta Trasera Solo Lata Con Detalle,Trasera Derecha,VENDIDO,SANTIAGO,,,,CON DETALLE,Daños
MAZDA 3 2021,RADIADOR DE AGUA,Radiador De Agua,,DISPONIBLE,SANTIAGO,80000,70000,,,
MAZDA 3 2021,RADIADOR DE AIRE ACONDICIONADO,Radiador De Aire Acondicionado,,DISPONIBLE,SANTIAGO,90000,80000,,,
MAZDA 3 2021,RADIADOR DE CALEFACCIÓN ,Radiador De Calefacción ,,DISPONIBLE,SANTIAGO,,,,,
MAZDA 3 2021,RADIADOR INTERIOR DE AIRE ,Radiador Interior De Aire ,,DISPONIBLE,SANTIAGO,,,,,
MAZDA 3 2021,RADIO,Radio,,DISPONIBLE,SANTIAGO,,,,,
MAZDA 3 2021,RAMAL EXTERIOR DELANTERO,Ramal Exterior Delantero,Delantera,DISPONIBLE,SANTIAGO,,,,,
MAZDA 3 2021,RAMAL INTERIOR ,Ramal Interior ,,DISPONIBLE,SANTIAGO,,,,,
MAZDA 3 2021,RAMAL TRASERO,Ramal Trasero,Trasera,DISPONIBLE,SANTIAGO,,,,,
MAZDA 3 2021,REFLECTANTE TRASERO LH,Reflectante Trasero,Trasera Izquierda,VENDIDO,SANTIAGO,20000,15000,,,
MAZDA 3 2021,REFLECTANTE TRASERO RH,Reflectante Trasero,Trasera Derecha,VENDIDO,SANTIAGO,20000,15000,,,
MAZDA 3 2021,REFUERZO DE PARACHOQUE DELANTERO,Refuerzo De Parachoque Delantero,Delantera,NO DISPONIBLE,N/A,,,,,
MAZDA 3 2021,REFUERZO DE PARACHOQUE TRASERO,Refuerzo De Parachoque Trasero,Trasera,DISPONIBLE,SANTIAGO,,,,,
MAZDA 3 2021,REJILLAS DE VENTILACIÓN CENTRAL (TABLERO),Rejillas De Ventilación Central (Tablero),Central,DISPONIBLE,SANTIAGO,,,,,
MAZDA 3 2021,RESISTENCIA INTERIOR DE CALEFACCIÓN ,Resistencia Interior De Calefacción ,,DISPONIBLE,SANTIAGO,,,,,
MAZDA 3 2021,RIEL DE INYECCIÓN,Riel De Inyección,,DISPONIBLE,SANTIAGO,,,,,
MAZDA 3 2021,RUEDA DE REPUESTO,Rueda De Repuesto,,VENDIDO,SANTIAGO,50000,40000,,,
MAZDA 3 2021,SENSOR ABS TRASERO RH,Sensor Abs Trasero,Trasera Derecha,DISPONIBLE,SANTIAGO,25000,20000,,,
MAZDA 3 2021,SENSOR DE CAJA ,Sensor De Caja ,,DISPONIBLE,SANTIAGO,,,,,
MAZDA 3 2021,SERVO FRENO,Servo Freno,,DISPONIBLE,SANTIAGO,,,,,
MAZDA 3 2021,SILENCIADOR DE ESCAPE,Silenciador De Escape,,VENDIDO,SANTIAGO,25000,20000,,,
MAZDA 3 2021,SINÓPTICO,Sinóptico,,DISPONIBLE,SANTIAGO,,,,,
MAZDA 3 2021,SOPORTE CENTRAL CAJA (HUESO),Soporte Central Caja (Hueso),Central,VENDIDO,SANTIAGO,,,,,
MAZDA 3 2021,SOPORTE DE MOTOR O CAJA LH,Soporte De Motor O Caja,Izquierda,DISPONIBLE,SANTIAGO,,,,,
MAZDA 3 2021,SOPORTE DE MOTOR RH,Soporte De Motor,Derecha,DISPONIBLE,SANTIAGO,,,,,
MAZDA 3 2021,SUJETADOR DE BATERÍA,Sujetador De Batería,,DISPONIBLE,SANTIAGO,20000,15000,,,
MAZDA 3 2021,TAPA DE BENCINA EXTERIOR,Tapa De Bencina Exterior,,DISPONIBLE,SANTIAGO,25000,20000,,,
MAZDA 3 2021,TAPA DE REMOLQUE TRASERO LH,Tapa De Remolque Trasero,Trasera Izquierda,VENDIDO,SANTIAGO,,,,CONFIRMAR CANTIDAD,
MAZDA 3 2021,TAPA DE REMOLQUE TRASERO RH,Tapa De Remolque Trasero,Trasera Derecha,DISPONIBLE,SANTIAGO,,,,,
MAZDA 3 2021,TAPA EXTERIOR DE BENCINA,Tapa Exterior De Bencina,,DISPONIBLE,SANTIAGO,,,,,
MAZDA 3 2021,TAPA INTERIOR DE BENCINA,Tapa Interior De Bencina,,DISPONIBLE,SANTIAGO,,,,,
MAZDA 3 2021,TAPA PLÁSTICA COSTADO INTERIOR MALETA,Tapa Plástica Costado Interior Maleta,,DISPONIBLE,SANTIAGO,,,,,
MAZDA 3 2021,TAPABARRO LH CON DETALLE,Tapabarro Con Detalle,Izquierda,DISPONIBLE,SANTIAGO,25000,20000,,PEDIR FOTO (SE PUEDE REPARAR),Daños; Requiere revisión
MAZDA 3 2021,TAPABARRO RH,Tapabarro,Derecha,NO DISPONIBLE,N/A,,,,,
MAZDA 3 2021,TAPIZ INTERIOR PUERTA DELANTERA LH,Tapiz Interior Puerta Delantera,Delantera Izquierda,DISPONIBLE,SANTIAGO,15000,10000,,,
MAZDA 3 2021,TAPIZ PUERTA DELANTERA RH,Tapiz Puerta Delantera,Delantera Derecha,DISPONIBLE,SANTIAGO,15000,10000,,,
MAZDA 3 2021,TAPIZ PUERTA TRASERA LH,Tapiz Puerta Trasera,Trasera Izquierda,DISPONIBLE,SANTIAGO,15000,10000,,,
MAZDA 3 2021,TELECOMANDO,Telecomando,,DISPONIBLE,SANTIAGO,,,,,
MAZDA 3 2021,TENSOR DE CORREA DE ACCESORIOS,Tensor De Correa De Accesorios,,DISPONIBLE,SANTIAGO,,,,,
MAZDA 3 2021,TORNILLO SUJETADOR RUEDA DE REPUESTO,Tornillo Sujetador Rueda De Repuesto,,DISPONIBLE,SANTIAGO,15000,10000,,,
MAZDA 3 2021,VÁLVULA EVAP,Válvula Evap,,VENDIDO,SANTIAGO,20000,20000,,,
MAZDA 3 2021,VÁLVULA RECUPERACIÓN DE GASES ,Válvula Recuperación De Gases ,,DISPONIBLE,,25000,20000,,,Sin ubicación
MAZDA 3 2021,VARILLA DE CAPOT,Varilla De Capot,,DISPONIBLE,SANTIAGO,20000,15000,,,
MAZDA 3 2021,VIDRIO PEQUEÑO PUERTA TRASERA LH,Vidrio Pequeño Puerta Trasera,Trasera Izquierda,DISPONIBLE,SANTIAGO,25000,20000,,,
MAZDA 3 2021,VIDRIO PEQUEÑO PUERTA TRASERA RH,Vidrio Pequeño Puerta Trasera,Trasera Derecha,DISPONIBLE,SANTIAGO,25000,20000,,,
MAZDA 3 2021,VIDRIO PUERTA DELANTERA LH,Vidrio Puerta Delantera,Delantera Izquierda,DISPONIBLE,SANTIAGO,30000,25000,,PATENTE MARCADA,
MAZDA 3 2021,VIDRIO PUERTA DELANTERA RH,Vidrio Puerta Delantera,Delantera Derecha,DISPONIBLE,SANTIAGO,30000,25000,,PATENTE MARCADA,
MAZDA 3 2021,VIDRIO PUERTA TRASERA LH,Vidrio Puerta Trasera,Trasera Izquierda,DISPONIBLE,SANTIAGO,30000,25000,,,
MAZDA 3 2021,VIDRIO PUERTA TRASERA RH,Vidrio Puerta Trasera,Trasera Derecha,DISPONIBLE,SANTIAGO,30000,25000,,PATENTE MARCADA,
MAZDA 3 2021,VOLANTE,Volante,,VENDIDO,SANTIAGO,40000,35000,,,
MAZDA 3 2021,VOLANTE DE INERCIA,Volante De Inercia,,DISPONIBLE,SANTIAGO,,,,,
MEGANE II 2007,AMORTIGUADOR MALETA LH,Amortiguador Maleta,Izquierda,DISPONIBLE,SANTIAGO,15000,10000,,,
MEGANE II 2007,AMORTIGUADOR MALETA RH,Amortiguador Maleta,Derecha,DISPONIBLE,SANTIAGO,15000,10000,,,
MEGANE II 2007,BISAGRA DE CAPOT LH,Bisagra De Capot,Izquierda,DISPONIBLE,SANTIAGO,15000,10000,,,
MEGANE II 2007,BISAGRA DE CAPOT RH,Bisagra De Capot,Derecha,DISPONIBLE,SANTIAGO,15000,10000,,,
MEGANE II 2007,BISAGRA MALETA LH,Bisagra Maleta,Izquierda,DISPONIBLE,SANTIAGO,15000,10000,,,
MEGANE II 2007,BISAGRA MALETA RH,Bisagra Maleta,Derecha,DISPONIBLE,SANTIAGO,15000,10000,,,
MEGANE II 2007,BOMBA DE BENCINA,Bomba De Bencina,,DISPONIBLE,SANTIAGO,60000,50000,,,
MEGANE II 2007,CAJA,Caja,,NO DISPONIBLE,N/A,,,,,
MEGANE II 2007,CAPOT,Capot,,DISPONIBLE,SANTIAGO,50000,40000,,,
MEGANE II 2007,CHAPA MALETA,Chapa Maleta,,DISPONIBLE,SANTIAGO,25000,20000,,,
MEGANE II 2007,CHAPA PUERTA DELANTERA LH,Chapa Puerta Delantera,Delantera Izquierda,DISPONIBLE,SANTIAGO,25000,20000,,,
MEGANE II 2007,CHAPA PUERTA DELANTERA RH,Chapa Puerta Delantera,Delantera Derecha,DISPONIBLE,SANTIAGO,25000,20000,,,
MEGANE II 2007,CHAPA PUERTA TRASERA LH,Chapa Puerta Trasera,Trasera Izquierda,DISPONIBLE,SANTIAGO,25000,20000,,,
MEGANE II 2007,CHAPA PUERTA TRASERA RH,Chapa Puerta Trasera,Trasera Derecha,DISPONIBLE,SANTIAGO,25000,20000,,,
MEGANE II 2007,CREMALLERA DE DIRECCIÓN,Cremallera De Dirección,,NO DISPONIBLE,N/A,,,,,
MEGANE II 2007,CUBRE TORPEDO,Cubre Torpedo,,DISPONIBLE,SANTIAGO,,,,,
MEGANE II 2007,EJE PALIER LH,Eje Palier,Izquierda,NO DISPONIBLE,N/A,,,,,
MEGANE II 2007,EJE PALIER RH,Eje Palier,Derecha,NO DISPONIBLE,N/A,,,,,
MEGANE II 2007,ESPEJO LH,Espejo,Izquierda,VENDIDO,SANTIAGO,15000,10000,,CON DETALLE,
MEGANE II 2007,ESPEJO RH,Espejo,Derecha,DISPONIBLE,SANTIAGO,25000,20000,,,
MEGANE II 2007,FOCO TRASERO LH,Foco Trasero,Trasera Izquierda,DISPONIBLE,SANTIAGO,45000,40000,,,
MEGANE II 2007,FOCO TRASERO RH,Foco Trasero,Trasera Derecha,DISPONIBLE,SANTIAGO,45000,40000,,,
MEGANE II 2007,MALETA ,Maleta ,,DISPONIBLE,SANTIAGO,50000,40000,,,
MEGANE II 2007,MOLDURA PUERTA DELANTERA LH,Moldura Puerta Delantera,Delantera Izquierda,DISPONIBLE,SANTIAGO,,,,,
MEGANE II 2007,MOLDURA PUERTA DELANTERA RH,Moldura Puerta Delantera,Delantera Derecha,DISPONIBLE,SANTIAGO,,,,,
MEGANE II 2007,MOLDURA PUERTA TRASERA LH,Moldura Puerta Trasera,Trasera Izquierda,DISPONIBLE,SANTIAGO,,,,,
MEGANE II 2007,MOLDURA PUERTA TRASERA RH,Moldura Puerta Trasera,Trasera Derecha,DISPONIBLE,SANTIAGO,,,,,
MEGANE II 2007,MOTOR,Motor,,NO DISPONIBLE,N/A,,,,,
MEGANE II 2007,MOTOR DE PARTIDA,Motor De Partida,,VENDIDO,SANTIAGO,35000,30000,,,
MEGANE II 2007,MÚLTIPLE DE ADMISIÓN,Múltiple De Admisión,,DISPONIBLE,SANTIAGO,35000,30000,,,
MEGANE II 2007,PALANCA DE CAMBIOS,Palanca De Cambios,,DISPONIBLE,REQUINOA,20000,15000,,,
MEGANE II 2007,PALANCA DE FRENO DE MANO,Palanca De Freno De Mano,,DISPONIBLE,SANTIAGO,25000,20000,,,
MEGANE II 2007,PIOLAS PALANCA DE CAMBIOS,Piolas Palanca De Cambios,,NO DISPONIBLE,N/A,,,,,
MEGANE II 2007,PORTA FILTRO,Porta Filtro,,VENDIDO,SANTIAGO,25000,25000,,,
MEGANE II 2007,PUERTA DELANTERA SOLO LATA LH,Puerta Delantera Solo Lata,Delantera Izquierda,DISPONIBLE,SANTIAGO,35000,30000,,,
MEGANE II 2007,PUERTA DELANTERA SOLO LATA RH,Puerta Delantera Solo Lata,Delantera Derecha,DISPONIBLE,SANTIAGO,35000,30000,,,
MEGANE II 2007,PUERTA TRASERA SOLO LATA LH,Puerta Trasera Solo Lata,Trasera Izquierda,DISPONIBLE,SANTIAGO,35000,30000,,,
MEGANE II 2007,PUERTA TRASERA SOLO LATA RH,Puerta Trasera Solo Lata,Trasera Derecha,DISPONIBLE,SANTIAGO,35000,30000,,,
MEGANE II 2007,RADIO,Radio,,DISPONIBLE,REQUINOA,30000,25000,,,
MEGANE II 2007,SOPORTE DE PIOLAS DE PALANCA DE CAMBIOS,Soporte De Piolas De Palanca De Cambios,,NO DISPONIBLE,N/A,,,,,
MEGANE II 2007,TAPA DE BENCINA EXTERIOR,Tapa De Bencina Exterior,,DISPONIBLE,SANTIAGO,15000,10000,,,
MEGANE II 2007,VIDRIO PUERTA DELANTERA LH,Vidrio Puerta Delantera,Delantera Izquierda,DISPONIBLE,SANTIAGO,25000,20000,,,
MEGANE II 2007,VIDRIO PUERTA TRASERA LH,Vidrio Puerta Trasera,Trasera Izquierda,DISPONIBLE,SANTIAGO,25000,20000,,,
MEGANE II 2007,VIDRIO PUERTA TRASERA RH,Vidrio Puerta Trasera,Trasera Derecha,VENDIDO,SANTIAGO,25000,20000,,,
NEW BALENO 2021,ALTERNADOR,Alternador,,DISPONIBLE,SANTIAGO,70000,65000,,,
NEW BALENO 2021,AMORTIGUADOR DELANTERO RH,Amortiguador Delantero,Delantera Derecha,DISPONIBLE,,60000,55000,,,Sin ubic
NEW BALENO 2021,AMORTIGUADOR TRASERO ,Amortiguador Trasero ,Trasera,VENDIDO,SANTIAGO,20000,15000,,,
NEW BALENO 2021,AMORTIGUADOR TRASERO ,Amortiguador Trasero ,Trasera,DISPONIBLE,SANTIAGO,20000,15000,,,
NEW BALENO 2021,BOBINA 1,Bobina 1,,DISPONIBLE,SANTIAGO,20000,15000,,,
NEW BALENO 2021,BOBINA 2,Bobina 2,,DISPONIBLE,,20000,15000,,,Sin ubic
NEW BALENO 2021,BOBINA 3,Bobina 3,,DISPONIBLE,,20000,15000,,,Sin ubic
NEW BALENO 2021,BOMBA DE BENCINA,Bomba De Bencina,,DISPONIBLE,SANTIAGO,75000,70000,,,
NEW BALENO 2021,BOMBA DE EMBRAGUE DE CAJA,Bomba De Embrague De Caja,,DISPONIBLE,SANTIAGO,,,,,
NEW BALENO 2021,BOMBA DE PEDAL DE EMBRAGUE,Bomba De Pedal De Embrague,,DISPONIBLE,SANTIAGO,,,,,
NEW BALENO 2021,BOTONERA DELANTERA LH,Botonera Delantera,Delantera Izquierda,VENDIDO,SANTIAGO,35000,30000,,,
NEW BALENO 2021,BRAZO LIMPIAPARABRISAS LH,Brazo Limpiaparabrisas,Izquierda,DISPONIBLE,SANTIAGO,15000,10000,,,
NEW BALENO 2021,BRAZO LIMPIAPARABRISAS RH,Brazo Limpiaparabrisas,Derecha,DISPONIBLE,SANTIAGO,15000,10000,,,
NEW BALENO 2021,CAJA,Caja,,VENDIDO,,300000,280000,,,Sin ubic
NEW BALENO 2021,CALIPER DELANTERO LH,Caliper Delantero,Delantera Izquierda,DISPONIBLE,SANTIAGO,25000,20000,,,
NEW BALENO 2021,CALIPER DELANTERO RH,Caliper Delantero,Delantera Derecha,DISPONIBLE,SANTIAGO,25000,20000,,,
NEW BALENO 2021,CAPOT,Capot,,NO DISPONIBLE,N/A,,,,,
NEW BALENO 2021,CARTER,Carter,,VENDIDO,SANTIAGO,65000,65000,,,
NEW BALENO 2021,CATALÍTICO,Catalítico,,VENDIDO,SANTIAGO,,,,,
NEW BALENO 2021,CHUPADOR DE ACEITE ,Chupador De Aceite ,,VENDIDO,SANTIAGO,40000,35000,,,
NEW BALENO 2021,COLUMNA DE DIRECCIÓN ELECTRONICA,Columna De Dirección Electronica,,VENDIDO,SANTIAGO,110000,100000,,,
NEW BALENO 2021,COMPRESOR DE AIRE ACONDICIONADO,Compresor De Aire Acondicionado,,DISPONIBLE,SANTIAGO,110000,100000,,,
NEW BALENO 2021,CONTROL DE ESPEJOS,Control De Espejos,,DISPONIBLE,SANTIAGO,15000,10000,,,
NEW BALENO 2021,CREMALLERA DE ALZAVIDRIO DELANTERA RH,Cremallera De Alzavidrio Delantera,Delantera Derecha,DISPONIBLE,SANTIAGO,35000,30000,,,
NEW BALENO 2021,CREMALLERA DE ALZAVIDRIO TRASERA RH,Cremallera De Alzavidrio Trasera,Trasera Derecha,DISPONIBLE,SANTIAGO,35000,30000,,,
NEW BALENO 2021,CREMALLERA DE DIRECCIÓN,Cremallera De Dirección,,DISPONIBLE,SANTIAGO,80000,70000,,,
NEW BALENO 2021,CUBRE CARTER,Cubre Carter,,NO DISPONIBLE,N/A,,,,,
NEW BALENO 2021,CUBRE EQUIPAJE,Cubre Equipaje,,NO DISPONIBLE,N/A,,,,,
NEW BALENO 2021,CUBRE RUEDA DE REPUESTO ,Cubre Rueda De Repuesto ,,DISPONIBLE,SANTIAGO,25000,20000,,,
NEW BALENO 2021,CUBRE ZÓCALO LH,Cubre Zócalo,Izquierda,DISPONIBLE,SANTIAGO,30000,25000,,,
NEW BALENO 2021,CUBRE ZÓCALO RH,Cubre Zócalo,Derecha,DISPONIBLE,SANTIAGO,30000,25000,,,
NEW BALENO 2021,CUERPO DE ACELERACIÓN,Cuerpo De Aceleración,,DISPONIBLE,SANTIAGO,50000,40000,,,
NEW BALENO 2021,CUNA,Cuna,,DISPONIBLE,SANTIAGO,70000,60000,,,
NEW BALENO 2021,DISCO DE FRENO DELANTERO LH,Disco De Freno Delantero,Delantera Izquierda,DISPONIBLE,SANTIAGO,20000,15000,,,
NEW BALENO 2021,DISCO DE FRENO DELANTERO RH,Disco De Freno Delantero,Delantera Derecha,DISPONIBLE,SANTIAGO,20000,15000,,,
NEW BALENO 2021,ECU,Ecu,,DISPONIBLE,SANTIAGO,120000,100000,,PRECIO ACTUALIZADO,
NEW BALENO 2021,EJE PALIER RH,Eje Palier,Derecha,VENDIDO,SANTIAGO,65000,60000,,,
NEW BALENO 2021,ESPEJO LH,Espejo,Izquierda,DISPONIBLE,SANTIAGO,35000,30000,,CONFIRMAR,
NEW BALENO 2021,ESPEJO RH,Espejo,Derecha,DISPONIBLE,SANTIAGO,35000,30000,,CONFIRMAR ,
NEW BALENO 2021,FOCO TRASERO RH,Foco Trasero,Trasera Derecha,NO DISPONIBLE,SANTIAGO,,,,LO QUEBRARON,
NEW BALENO 2021,FRONTALES,Frontales,,NO DISPONIBLE,N/A,,,,,
NEW BALENO 2021,FUNDA DE PARACHOQUE DELANTERO,Funda De Parachoque Delantero,Delantera,NO DISPONIBLE,N/A,,,,,
NEW BALENO 2021,FUNDA DE PARACHOQUE TRASERO,Funda De Parachoque Trasero,Trasera,NO DISPONIBLE,N/A,,,,,
NEW BALENO 2021,GUARDAFANGO DELANTERO RH ,Guardafango Delantero ,Delantera Derecha,DISPONIBLE,SANTIAGO,25000,20000,,,
NEW BALENO 2021,GUARDAFANGO TRASERO LH,Guardafango Trasero,Trasera Izquierda,DISPONIBLE,SANTIAGO,15000,10000,,,
NEW BALENO 2021,KIT DE AIRBAG,Kit De Airbag,,NO DISPONIBLE,N/A,,,,,Múltiples
NEW BALENO 2021,LLANTA CON NEUMÁTICO 1,Llanta Con Neumático 1,,VENDIDO,SANTIAGO,55000,50000,,,
NEW BALENO 2021,LLANTA CON NEUMÁTICO 2,Llanta Con Neumático 2,,VENDIDO,SANTIAGO,55000,50000,,,
NEW BALENO 2021,LLANTA CON NEUMÁTICO 3,Llanta Con Neumático 3,,DISPONIBLE,SANTIAGO,55000,50000,,,
NEW BALENO 2021,LLANTA CON NEUMÁTICO 4,Llanta Con Neumático 4,,DISPONIBLE,SANTIAGO,55000,50000,,,
NEW BALENO 2021,MANILLA INTERIOR PUERTA TRASERA LH,Manilla Interior Puerta Trasera,Trasera Izquierda,DISPONIBLE,SANTIAGO,,,,,
NEW BALENO 2021,MANILLA INTERIOR PUERTA TRASERA RH,Manilla Interior Puerta Trasera,Trasera Derecha,POR CONFIRMAR,SANTIAGO,,,,,
NEW BALENO 2021,MAZA Y RODAMIENTO DELANTERO,Maza Y Rodamiento Delantero,Delantera,DISPONIBLE,,55000,50000,,,Sin ubic
NEW BALENO 2021,MOTOR DE PARTIDA,Motor De Partida,,DISPONIBLE,SANTIAGO,45000,40000,,,
NEW BALENO 2021,MOTOR NO FACTURABLE,Motor No Facturable,,VENDIDO,,550000,300000,,,Sin ubic
NEW BALENO 2021,PARASOL LH,Parasol,Izquierda,DISPONIBLE,SANTIAGO,,,,,
NEW BALENO 2021,PARASOL RH,Parasol,Derecha,DISPONIBLE,SANTIAGO,,,,,
NEW BALENO 2021,PIOLAS PALANCA DE CAMBIO,Piolas Palanca De Cambio,,NO DISPONIBLE,,50000,40000,,,Sin ubic
NEW BALENO 2021,PORTA FILTRO,Porta Filtro,,DISPONIBLE,SANTIAGO,35000,30000,,,
NEW BALENO 2021,PUERTA DELANTERA DERECHA SOLO LATA,Puerta Delantera Derecha Solo Lata,Delantera,VENDIDO,SANTIAGO,95000,85000,,,
NEW BALENO 2021,PUERTA DELANTERA IZQUIERDA SOLO LATA,Puerta Delantera Izquierda Solo Lata,Delantera,VENDIDO,SANTIAGO,45000,45000,,DETALLE,
NEW BALENO 2021,PUERTA TRASERA DERECHA SOLO LATA,Puerta Trasera Derecha Solo Lata,Trasera,VENDIDO,SANTIAGO,90000,80000,,,
NEW BALENO 2021,PUERTA TRASERA IZQUIERDA SOLO LATA,Puerta Trasera Izquierda Solo Lata,Trasera,DISPONIBLE,SANTIAGO,90000,80000,,,
NEW BALENO 2021,RAMAL COMPLETO,Ramal Completo,,DISPONIBLE,,90000,80000,,,Sin ubic
NEW BALENO 2021,SENSOR ABS,Sensor Abs,,DISPONIBLE,SANTIAGO,15000,10000,,,
NEW BALENO 2021,SENSOR DE OXÍGENO ,Sensor De Oxígeno ,,DISPONIBLE,SANTIAGO,25000,20000,,,
NEW BALENO 2021,SISTEMA DE FRENO LH,Sistema De Freno,Izquierda,DISPONIBLE,SANTIAGO,45000,40000,,,
NEW BALENO 2021,SISTEMA DE FRENO RH,Sistema De Freno,Derecha,DISPONIBLE,SANTIAGO,45000,40000,,,
NEW BALENO 2021,TAPABARRO LH,Tapabarro,Izquierda,NO DISPONIBLE,N/A,,,,,
NEW BALENO 2021,TAPABARRO RH,Tapabarro,Derecha,NO DISPONIBLE,N/A,70000,65000,,,
NEW BALENO 2021,TELECOMANDO,Telecomando,,DISPONIBLE,SANTIAGO,45000,40000,,,
NEW BALENO 2021,VIDRIO PUERTA DELANTERA RH,Vidrio Puerta Delantera,Delantera Derecha,DISPONIBLE,SANTIAGO,35000,30000,,,
NEW BALENO 2021,VIDRIO PUERTA TRASERA LH,Vidrio Puerta Trasera,Trasera Izquierda,DISPONIBLE,SANTIAGO,35000,30000,,,
NEW BALENO 2021,VOLANTE,Volante,,DISPONIBLE,SANTIAGO,35000,30000,,,
NEW BALENO 2021,SINÓPTICO,Sinóptico,,VENDIDO,SANTIAGO,50000,50000,,,
NEW SAIL 2021,ALTERNADOR ,Alternador ,,VENDIDO,SANTIAGO,60000,55000,,,
NEW SAIL 2021,AMORTIGUADOR DELANTERO LH,Amortiguador Delantero,Delantera Izquierda,DISPONIBLE,SANTIAGO,45000,40000,,AMORTIGUADOR + ESPIRAL + CAZOLETA,
NEW SAIL 2021,AMORTIGUADOR DELANTERO LH,Amortiguador Delantero,Delantera Izquierda,DISPONIBLE,SANTIAGO,,,,,
NEW SAIL 2021,AMORTIGUADOR DELANTERO RH,Amortiguador Delantero,Delantera Derecha,DISPONIBLE,SANTIAGO,45000,40000,,AMORTIGUADOR + ESPIRAL + CAZOLETA,
NEW SAIL 2021,AMORTIGUADOR DELANTERO RH,Amortiguador Delantero,Delantera Derecha,DISPONIBLE,SANTIAGO,,,,,
NEW SAIL 2021,AMORTIGUADOR TRASERO LH,Amortiguador Trasero,Trasera Izquierda,DISPONIBLE,SANTIAGO,,,,,
NEW SAIL 2021,AMORTIGUADOR TRASERO RH,Amortiguador Trasero,Trasera Derecha,DISPONIBLE,SANTIAGO,,,,,
NEW SAIL 2021,ANTENA,Antena,,DISPONIBLE,SANTIAGO,,,,,
NEW SAIL 2021,ASIENTO DELANTERO LH,Asiento Delantero,Delantera Izquierda,VENDIDO,SANTIAGO,20000,15000,,,
NEW SAIL 2021,ASIENTO DELANTERO LH (3ER AUTO),Asiento Delantero (3Er Auto),Delantera Izquierda,VENDIDO,SANTIAGO,,,,,
NEW SAIL 2021,ASIENTO DELANTERO RH,Asiento Delantero,Delantera Derecha,VENDIDO,SANTIAGO,25000,20000,,,
NEW SAIL 2021,ASIENTOS TRASEROS ,Asientos Traseros ,Trasera,VENDIDO,SANTIAGO,30000,30000,,,
NEW SAIL 2021,BANDEJA DELANTERA LH,Bandeja Delantera,Delantera Izquierda,DISPONIBLE,SANTIAGO,20000,20000,,,
NEW SAIL 2021,BANDEJA DELANTERA LH,Bandeja Delantera,Delantera Izquierda,DISPONIBLE,SANTIAGO,,,,,
NEW SAIL 2021,BANDEJA DELANTERA RH,Bandeja Delantera,Delantera Derecha,VENDIDO,SANTIAGO,,,,,
NEW SAIL 2021,BANDEJA DELANTERA RH,Bandeja Delantera,Delantera Derecha,DISPONIBLE,SANTIAGO,,,,,
NEW SAIL 2021,BASE BATERÍA,Base Batería,,DISPONIBLE,SANTIAGO,,,,,
NEW SAIL 2021,BASE DE ALTERNADOR,Base De Alternador,,DISPONIBLE,SANTIAGO,25000,20000,,,
NEW SAIL 2021,BASE DE BATERÍA,Base De Batería,,VENDIDO,SANTIAGO,10000,10000,,,
NEW SAIL 2021,BASE DE ÓPTICO LH,Base De Óptico,Izquierda,VENDIDO,SANTIAGO,,,,,
NEW SAIL 2021,BASE DE ÓPTICO RH,Base De Óptico,Derecha,VENDIDO,SANTIAGO,,,,,
NEW SAIL 2021,BASE DE PIOLAS CAJA DE CAMBIOS,Base De Piolas Caja De Cambios,,DISPONIBLE,SANTIAGO,20000,15000,,,
NEW SAIL 2021,BASE DE SOPORTE CENTRAL (BASE DE HUESO),Base De Soporte Central (Base De Hueso),Central,VENDIDO,SANTIAGO,25000,20000,,,
NEW SAIL 2021,BASE DE SOPORTE DE CAJA LH,Base De Soporte De Caja,Izquierda,VENDIDO,SANTIAGO,,,,,
NEW SAIL 2021,BASE DE TERMOSTATO,Base De Termostato,,DISPONIBLE,SANTIAGO,15000,10000,,,
NEW SAIL 2021,BASE DE TERMOSTATO CON MANGUERA,Base De Termostato Con Manguera,,DISPONIBLE,SANTIAGO,,,,,
NEW SAIL 2021,BASE SUPERIOR METÁLICA ÓPTICO LH,Base Superior Metálica Óptico,Izquierda,DISPONIBLE,SANTIAGO,,,,,
NEW SAIL 2021,BCM,Bcm,,VENDIDO,SANTIAGO,95000,90000,,,
NEW SAIL 2021,BCM,Bcm,,DISPONIBLE,SANTIAGO,90000,80000,,,
NEW SAIL 2021,BIBINA 1,Bibina 1,,DISPONIBLE,SANTIAGO,,,,,
NEW SAIL 2021,BISAGRA CAPOT LH,Bisagra Capot,Izquierda,DISPONIBLE,SANTIAGO,,,,,
NEW SAIL 2021,BISAGRA CAPOT RH,Bisagra Capot,Derecha,DISPONIBLE,SANTIAGO,,,,,
NEW SAIL 2021,BISAGRA DE CAPOT LH,Bisagra De Capot,Izquierda,DISPONIBLE,SANTIAGO,20000,15000,,,
NEW SAIL 2021,BISAGRA DE CAPOT RH,Bisagra De Capot,Derecha,DISPONIBLE,SANTIAGO,20000,15000,,,
NEW SAIL 2021,BISAGRAS DE PUERTA DELANTERA LH,Bisagras De Puerta Delantera,Delantera Izquierda,DISPONIBLE,SANTIAGO,,,,,
NEW SAIL 2021,BISAGRAS DE PUERTA DELANTERA RH,Bisagras De Puerta Delantera,Delantera Derecha,DISPONIBLE,SANTIAGO,15000,10000,,,
NEW SAIL 2021,BISAGRAS DE PUERTA TRASERA RH,Bisagras De Puerta Trasera,Trasera Derecha,DISPONIBLE,SANTIAGO,,,,,
NEW SAIL 2021,BISEL DE SINÓPTICO,Bisel De Sinóptico,,DISPONIBLE,SANTIAGO,15000,10000,,,
NEW SAIL 2021,BISEL PORTA LUCES TRASERAS,Bisel Porta Luces Traseras,Trasera,VENDIDO,SANTIAGO,15000,10000,,,
NEW SAIL 2021,BISEL SINÓPTICO,Bisel Sinóptico,,DISPONIBLE,SANTIAGO,,,,,
NEW SAIL 2021,BOBINA 1,Bobina 1,,VENDIDO,SANTIAGO,13000,10000,,,
NEW SAIL 2021,BOBINA 2,Bobina 2,,VENDIDO,SANTIAGO,,,,,
NEW SAIL 2021,BOBINA 2 ,Bobina 2 ,,DISPONIBLE,SANTIAGO,13000,10000,,,
NEW SAIL 2021,BOBINA 3,Bobina 3,,VENDIDO,SANTIAGO,,,,,
NEW SAIL 2021,BOBINA 3 ,Bobina 3 ,,DISPONIBLE,SANTIAGO,13000,10000,,,
NEW SAIL 2021,BOBINA 4,Bobina 4,,VENDIDO,SANTIAGO,,,,,
NEW SAIL 2021,BOBINA 4 ,Bobina 4 ,,DISPONIBLE,SANTIAGO,13000,10000,,,
NEW SAIL 2021,BOCINA,Bocina,,DISPONIBLE,SANTIAGO,,,,,
NEW SAIL 2021,BOCINA ,Bocina ,,VENDIDO,SANTIAGO,15000,10000,,,
NEW SAIL 2021,BOMBA DE AGUA,Bomba De Agua,,DISPONIBLE,SANTIAGO,20000,15000,,,
NEW SAIL 2021,BOMBA DE AGUA,Bomba De Agua,,DISPONIBLE,SANTIAGO,,,,,
NEW SAIL 2021,BOMBA DE BENCINA,Bomba De Bencina,,DISPONIBLE,SANTIAGO,50000,40000,,,
NEW SAIL 2021,BOMBA DE DIRECCIÓN HIDRÁULICA,Bomba De Dirección Hidráulica,,VENDIDO,SANTIAGO,55000,50000,,,
NEW SAIL 2021,BOMBA DE DIRECCIÓN HIDRÁULICA,Bomba De Dirección Hidráulica,,DISPONIBLE,SANTIAGO,,,,,
NEW SAIL 2021,BOMBA DE EMBRAGUE DE CAJA,Bomba De Embrague De Caja,,DISPONIBLE,SANTIAGO,,,,,
NEW SAIL 2021,BOMBA DE EMBRAGUE DE CAJA,Bomba De Embrague De Caja,,DISPONIBLE,SANTIAGO,,,,,
NEW SAIL 2021,BOMBA DE FRENO,Bomba De Freno,,DISPONIBLE,SANTIAGO,35000,30000,,,
NEW SAIL 2021,BOMBA DE FRENO,Bomba De Freno,,DISPONIBLE,SANTIAGO,,,,,
NEW SAIL 2021,BOMBA DE PEDAL DE EMBRAGUE,Bomba De Pedal De Embrague,,DISPONIBLE,SANTIAGO,,,,,
NEW SAIL 2021,BOMBA HIDRÁULICA BRAZO (3ER AUTO),Bomba Hidráulica Brazo (3Er Auto),,DISPONIBLE,SANTIAGO,,,,,
NEW SAIL 2021,BOMBA HIDRÁULICA DE PEDAL DE EMBRAGUE,Bomba Hidráulica De Pedal De Embrague,,DISPONIBLE,SANTIAGO,,,,,
NEW SAIL 2021,BORNER NEGATIVO,Borner Negativo,,DISPONIBLE,SANTIAGO,,,,,
NEW SAIL 2021,BORNER POSITIVO,Borner Positivo,,DISPONIBLE,SANTIAGO,25000,20000,,,
NEW SAIL 2021,BOTÓN ALZAVIDRIO TRASERO LH,Botón Alzavidrio Trasero,Trasera Izquierda,DISPONIBLE,SANTIAGO,10000,10000,,,
NEW SAIL 2021,BOTÓN ALZAVIDRIO TRASERO RH,Botón Alzavidrio Trasero,Trasera Derecha,DISPONIBLE,SANTIAGO,10000,10000,,,
NEW SAIL 2021,BOTONERA CENTRAL DE ALZA VIDRIOS,Botonera Central De Alza Vidrios,Central,DISPONIBLE,SANTIAGO,,,,,
NEW SAIL 2021,BOTONERA DELANTERA LH (CENTRAL),Botonera Delantera (Central),Delantera Izquierda,DISPONIBLE,SANTIAGO,45000,40000,,,
NEW SAIL 2021,BRAZO LIMPIAPARABRISAS LH,Brazo Limpiaparabrisas,Izquierda,DISPONIBLE,SANTIAGO,,,,,
NEW SAIL 2021,BRAZO LIMPIAPARABRISAS LH,Brazo Limpiaparabrisas,Izquierda,DISPONIBLE,SANTIAGO,,,,,
NEW SAIL 2021,BRAZO LIMPIAPARABRISAS LH,Brazo Limpiaparabrisas,Izquierda,DISPONIBLE,SANTIAGO,,,,,
NEW SAIL 2021,BRAZO LIMPIAPARABRISAS RH,Brazo Limpiaparabrisas,Derecha,DISPONIBLE,SANTIAGO,,,,,
NEW SAIL 2021,BRAZO LIMPIAPARABRISAS RH,Brazo Limpiaparabrisas,Derecha,DISPONIBLE,SANTIAGO,,,,,
NEW SAIL 2021,BRAZO LIMPIAPARABRISAS RH,Brazo Limpiaparabrisas,Derecha,DISPONIBLE,SANTIAGO,,,,,
NEW SAIL 2021,CAJA (3ER AUTO),Caja (3Er Auto),,VENDIDO,SANTIAGO,280000,250000,,PRECIO ACTUALIZADO,
NEW SAIL 2021,CAJETÍN,Cajetín,,DISPONIBLE,SANTIAGO,,,,,
NEW SAIL 2021,CALIPER DELANTERO LH,Caliper Delantero,Delantera Izquierda,DISPONIBLE,SANTIAGO,35000,30000,,,
NEW SAIL 2021,CALIPER DELANTERO LH,Caliper Delantero,Delantera Izquierda,DISPONIBLE,SANTIAGO,,,,,
NEW SAIL 2021,CALIPER DELANTERO RH,Caliper Delantero,Delantera Derecha,DISPONIBLE,SANTIAGO,35000,30000,,,
NEW SAIL 2021,CALIPER DELANTERO RH,Caliper Delantero,Delantera Derecha,DISPONIBLE,SANTIAGO,,,,,
NEW SAIL 2021,CANISTER ,Canister ,,DISPONIBLE,SANTIAGO,,,,,
NEW SAIL 2021,CAÑERÍA DE AIRE ACONDICIONADO JUEGO,Cañería De Aire Acondicionado Juego,,VENDIDO,SANTIAGO,45000,40000,,,Múltiples
NEW SAIL 2021,CAÑERÍA DE LÍQUIDO DE EMBRAGUE ADELANTE,Cañería De Líquido De Embrague Adelante,,DISPONIBLE,SANTIAGO,30000,25000,,,
NEW SAIL 2021,CAÑERÍA DIRECCIÓN HIDRÁULICA FRONTAL INFERIOR ,Cañería Dirección Hidráulica Frontal Inferior ,,VENDIDO,SANTIAGO,20000,20000,,,
NEW SAIL 2021,CAÑERÍA DIRECCIÓN HIDRÁULICA FRONTAL INFERIOR ,Cañería Dirección Hidráulica Frontal Inferior ,,DISPONIBLE,SANTIAGO,,,,,
NEW SAIL 2021,CAÑERÍA LÍQUIDO HIDRÁULICO FRONTAL INFERIOR,Cañería Líquido Hidráulico Frontal Inferior,,VENDIDO,SANTIAGO,30000,25000,,,
NEW SAIL 2021,CAPOT,Capot,,VENDIDO,SANTIAGO,70000,65000,,,
NEW SAIL 2021,CARTER,Carter,,VENDIDO,SANTIAGO,45000,40000,,,
NEW SAIL 2021,CATALÍTICO,Catalítico,,VENDIDO,SANTIAGO,22500,22500,,,
NEW SAIL 2021,CATALÍTICO,Catalítico,,VENDIDO,SANTIAGO,,,,,
NEW SAIL 2021,CHAPA CAPOT,Chapa Capot,,DISPONIBLE,SANTIAGO,15000,15000,,,
NEW SAIL 2021,CHAPA CAPOT,Chapa Capot,,DISPONIBLE,SANTIAGO,15000,10000,,,
NEW SAIL 2021,CHAPA CAPOT,Chapa Capot,,DISPONIBLE,SANTIAGO,,,,,
NEW SAIL 2021,CHAPA DE CONTACTO,Chapa De Contacto,,VENDIDO,SANTIAGO,,,,,
NEW SAIL 2021,CHAPA DE CONTACTO CON LLAVE SIN ANTENA,Chapa De Contacto Con Llave Sin Antena,,DISPONIBLE,SANTIAGO,30000,25000,,,
NEW SAIL 2021,CHAPA DE MALETA,Chapa De Maleta,,VENDIDO,SANTIAGO,15000,15000,,,
NEW SAIL 2021,CHAPA MALETA,Chapa Maleta,,POR CONFIRMAR,SANTIAGO,,,,,
NEW SAIL 2021,CHAPA PUERTA DELANTERA LH,Chapa Puerta Delantera,Delantera Izquierda,VENDIDO,SANTIAGO,25000,20000,,,
NEW SAIL 2021,CHAPA PUERTA DELANTERA LH,Chapa Puerta Delantera,Delantera Izquierda,DISPONIBLE,SANTIAGO,,,,,
NEW SAIL 2021,CHAPA PUERTA DELANTERA RH,Chapa Puerta Delantera,Delantera Derecha,DISPONIBLE,SANTIAGO,25000,20000,,,
NEW SAIL 2021,CHAPA PUERTA DELANTERA RH,Chapa Puerta Delantera,Delantera Derecha,DISPONIBLE,SANTIAGO,,,,,
NEW SAIL 2021,CHAPA PUERTA TRASERA LH,Chapa Puerta Trasera,Trasera Izquierda,DISPONIBLE,SANTIAGO,,,,,
NEW SAIL 2021,CHAPA PUERTA TRASERA RH,Chapa Puerta Trasera,Trasera Derecha,DISPONIBLE,SANTIAGO,25000,20000,,,
NEW SAIL 2021,CHAPA PUERTA TRASERA RLH,Chapa Puerta Trasera Rlh,Trasera,DISPONIBLE,SANTIAGO,25000,20000,,,
NEW SAIL 2021,CIGÜEÑAL,Cigüeñal,,DISPONIBLE,SANTIAGO,60000,55000,,,
NEW SAIL 2021,CINTA DE AIRBAG,Cinta De Airbag,,DISPONIBLE,SANTIAGO,,,,,
NEW SAIL 2021,CINTA DE AIRBAG MALA,Cinta De Airbag Mala,,NO DISPONIBLE,SANTIAGO,,,,,
NEW SAIL 2021,CINTURON DELANTERO LH,Cinturon Delantero,Delantera Izquierda,NO DISPONIBLE,SANTIAGO,30000,25000,,,
NEW SAIL 2021,CINTURON DELANTERO RH,Cinturon Delantero,Delantera Derecha,NO DISPONIBLE,SANTIAGO,30000,25000,,,
NEW SAIL 2021,CINTURÓN TRASERO CENTRAL,Cinturón Trasero Central,Central,DISPONIBLE,SANTIAGO,,,,,
NEW SAIL 2021,CINTURÓN TRASERO LH,Cinturón Trasero,Trasera Izquierda,DISPONIBLE,SANTIAGO,,,,,
NEW SAIL 2021,CINTURÓN TRASERO RH,Cinturón Trasero,Trasera Derecha,VENDIDO,,,,,,Sin ubic
NEW SAIL 2021,COFIA,Cofia,,VENDIDO,SANTIAGO,15000,10000,,,
NEW SAIL 2021,COFIA,Cofia,,DISPONIBLE,SANTIAGO,15000,10000,,,
NEW SAIL 2021,COLUMNA DE DIRECCIÓN,Columna De Dirección,,DISPONIBLE,SANTIAGO,,,,,
NEW SAIL 2021,COLUMNA DE DIRECCIÓN,Columna De Dirección,,DISPONIBLE,SANTIAGO,,,,,
NEW SAIL 2021,COMPRESOR AIRE ACONDICIONADO,Compresor Aire Acondicionado,,VENDIDO,SANTIAGO,,,,,
NEW SAIL 2021,COMPRESOR DE AIRE ACONDICIONADO,Compresor De Aire Acondicionado,,VENDIDO,SANTIAGO,,,,,
NEW SAIL 2021,CONECTOR DE RAMAL CKP,Conector De Ramal Ckp,,VENDIDO,SANTIAGO,,,,,
NEW SAIL 2021,CONSOLA CENTRAL CON APOYA BRAZO (PREGUNTAR SI ESTÁ EL DEL OTRO AUTO),Consola Central Con Apoya Brazo (Preguntar Si Está El Del Otro Auto),Central,VENDIDO,SANTIAGO,,,,(3ER AUTO),
NEW SAIL 2021,CONTROL DE CALEFACCIÓN (CON AIRE) (3ER AUTO),Control De Calefacción (Con Aire) (3Er Auto),,VENDIDO,SANTIAGO,,,,,
NEW SAIL 2021,CONTROL DE CALEFACCIÓN (SIN AIRE),Control De Calefacción (Sin Aire),,DISPONIBLE,SANTIAGO,25000,20000,,,
NEW SAIL 2021,CREMALLERA DE ALZAVIDRIO DELANTERA LH,Cremallera De Alzavidrio Delantera,Delantera Izquierda,DISPONIBLE,SANTIAGO,40000,35000,,,
NEW SAIL 2021,CREMALLERA DE ALZAVIDRIO DELANTERA RH,Cremallera De Alzavidrio Delantera,Delantera Derecha,DISPONIBLE,SANTIAGO,40000,35000,,,
NEW SAIL 2021,CREMALLERA DE ALZAVIDRIO TRASERA LH,Cremallera De Alzavidrio Trasera,Trasera Izquierda,DISPONIBLE,SANTIAGO,35000,30000,,,
NEW SAIL 2021,CREMALLERA DE ALZAVIDRIO TRASERA RH,Cremallera De Alzavidrio Trasera,Trasera Derecha,DISPONIBLE,SANTIAGO,35000,30000,,,
NEW SAIL 2021,CREMALLERA DE ALZAVIDRIOS DELANTERA LH,Cremallera De Alzavidrios Delantera,Delantera Izquierda,DISPONIBLE,SANTIAGO,,,,,
NEW SAIL 2021,CREMALLERA DE ALZAVIDRIOS DELANTERA RH,Cremallera De Alzavidrios Delantera,Delantera Derecha,DISPONIBLE,SANTIAGO,,,,,
NEW SAIL 2021,CREMALLERA DE ALZAVIDRIOS TRASERA LH,Cremallera De Alzavidrios Trasera,Trasera Izquierda,DISPONIBLE,SANTIAGO,,,,,
NEW SAIL 2021,CREMALLERA DE ALZAVIDRIOS TRASERA RH,Cremallera De Alzavidrios Trasera,Trasera Derecha,DISPONIBLE,SANTIAGO,,,,,
NEW SAIL 2021,CREMALLERA DE DIRECCIÓN,Cremallera De Dirección,,VENDIDO,SANTIAGO,75000,70000,,,
NEW SAIL 2021,CREMALLERA DE DIRECCIÓN CON MANGUERAS,Cremallera De Dirección Con Mangueras,,VENDIDO,SANTIAGO,75000,70000,,,
NEW SAIL 2021,CUBRE RUEDA DE REPUESTO,Cubre Rueda De Repuesto,,VENDIDO,SANTIAGO,25000,20000,,,
NEW SAIL 2021,CUBRE TORPEDO EXTERIOR,Cubre Torpedo Exterior,,VENDIDO,SANTIAGO,35000,30000,,,
NEW SAIL 2021,CUBRE TORPEDO EXTERIOR,Cubre Torpedo Exterior,,POR CONFIRMAR,SANTIAGO,,,,,
NEW SAIL 2021,CUBRE TORPEDO EXTERIOR 3ER AUTO,Cubre Torpedo Exterior 3Er Auto,,VENDIDO,SANTIAGO,,,,,
NEW SAIL 2021,CUERPO DE ACELERACIÓN ,Cuerpo De Aceleración ,,VENDIDO,SANTIAGO,55000,50000,,,
NEW SAIL 2021,CUERPO DE ACELERACIÓN (3ER AUTO),Cuerpo De Aceleración (3Er Auto),,DISPONIBLE,SANTIAGO,,,,,
NEW SAIL 2021,CULATA,Culata,,DISPONIBLE,SANTIAGO,160000,150000,,,
NEW SAIL 2021,CUNA,Cuna,,DISPONIBLE,SANTIAGO,45000,40000,,,
NEW SAIL 2021,CUNA CON BARRA ESTABILIZADORA Y BIELETAS,Cuna Con Barra Estabilizadora Y Bieletas,,VENDIDO,SANTIAGO,45000,40000,,,
NEW SAIL 2021,DAMPER,Damper,,DISPONIBLE,SANTIAGO,45000,40000,,,
NEW SAIL 2021,DEFLECTOR PLÁSTICO  RADIADOR,Deflector Plástico  Radiador,,DISPONIBLE,SANTIAGO,,,,,
NEW SAIL 2021,DEPÓSITO DE AGUA,Depósito De Agua,,VENDIDO,SANTIAGO,15000,15000,,,
NEW SAIL 2021,DEPÓSITO DE AGUA,Depósito De Agua,,DISPONIBLE,SANTIAGO,15000,15000,,,
NEW SAIL 2021,DEPÓSITO DE LIMPIAPARABRISAS,Depósito De Limpiaparabrisas,,DISPONIBLE,SANTIAGO,20000,20000,,,
NEW SAIL 2021,DEPOSITO DE LÍQUIDO DE FRENO,Deposito De Líquido De Freno,,DISPONIBLE,SANTIAGO,,,,,
NEW SAIL 2021,DEPÓSITO DE LÍQUIDO HIDRÁULICO,Depósito De Líquido Hidráulico,,VENDIDO,SANTIAGO,,,,,
NEW SAIL 2021,DEPÓSITO DE LÍQUIDO HIDRÁULICO,Depósito De Líquido Hidráulico,,DISPONIBLE,SANTIAGO,20000,15000,,,
NEW SAIL 2021,DEPÓSITO LIMPIAPARABRISAS,Depósito Limpiaparabrisas,,DISPONIBLE,SANTIAGO,15000,15000,,,
NEW SAIL 2021,DISCO DE FRENO DELANTERO LH,Disco De Freno Delantero,Delantera Izquierda,DISPONIBLE,SANTIAGO,10000,10000,,,
NEW SAIL 2021,DISCO DE FRENO DELANTERO RH,Disco De Freno Delantero,Delantera Derecha,DISPONIBLE,SANTIAGO,10000,10000,,,
NEW SAIL 2021,DISCO DELANTERO LH,Disco Delantero,Delantera Izquierda,DISPONIBLE,SANTIAGO,,,,,
NEW SAIL 2021,DISCO DELANTERO RH,Disco Delantero,Delantera Derecha,DISPONIBLE,SANTIAGO,,,,,
NEW SAIL 2021,ECU,Ecu,,DISPONIBLE,SANTIAGO,110000,100000,,,
NEW SAIL 2021,ECU ,Ecu ,,VENDIDO,SANTIAGO,115000,100000,,,
NEW SAIL 2021,EJE PALIER LH,Eje Palier,Izquierda,DISPONIBLE,SANTIAGO,55000,50000,,,
NEW SAIL 2021,EJE PALIER LH,Eje Palier,Izquierda,DISPONIBLE,SANTIAGO,,,,,
NEW SAIL 2021,EJE PALIER RH,Eje Palier,Derecha,VENDIDO,SANTIAGO,65000,60000,,,
NEW SAIL 2021,EJE PALIER RH,Eje Palier,Derecha,DISPONIBLE,SANTIAGO,,,,,
NEW SAIL 2021,EJE TRASERO SOLO,Eje Trasero Solo,Trasera,DISPONIBLE,SANTIAGO,50000,45000,,,
NEW SAIL 2021,ELECTROVENTILADOR,Electroventilador,,VENDIDO,SANTIAGO,15000,10000,,ESTÁ CON DETALLE (PARTIDO),
NEW SAIL 2021,ELECTROVENTILADOR (3ER AUTO),Electroventilador (3Er Auto),,DISPONIBLE,SANTIAGO,35000,30000,,,
NEW SAIL 2021,ESPEJO CENTRAL,Espejo Central,Central,DISPONIBLE,SANTIAGO,15000,10000,,,
NEW SAIL 2021,ESPEJO CENTRAL,Espejo Central,Central,DISPONIBLE,SANTIAGO,,,,,
NEW SAIL 2021,ESPEJO CENTRAL (SOLO TAPA),Espejo Central (Solo Tapa),Central,DISPONIBLE,SANTIAGO,,,,REVISAR QUE LLEGÓ,Revisar
NEW SAIL 2021,ESPEJO LH,Espejo,Izquierda,VENDIDO,SANTIAGO,,,,,
NEW SAIL 2021,ESPEJO RH,Espejo,Derecha,VENDIDO,SANTIAGO,,,,,
NEW SAIL 2021,ESPIRAL TRASERO LH,Espiral Trasero,Trasera Izquierda,VENDIDO,SANTIAGO,,,,,
NEW SAIL 2021,ESPIRAL TRASERO RH,Espiral Trasero,Trasera Derecha,VENDIDO,SANTIAGO,,,,,
NEW SAIL 2021,FLEXIBLE CAÑERIA EMBRAGUE ,Flexible Cañeria Embrague ,,VENDIDO,SANTIAGO,25000,20000,,POR CONFIRMAR DONDE ESTÁ,
NEW SAIL 2021,FOCO TRASERO LH,Foco Trasero,Trasera Izquierda,VENDIDO,SANTIAGO,20000,15000,,,
NEW SAIL 2021,FOCO TRASERO RH CON DETALLE,Foco Trasero Con Detalle,Trasera Derecha,VENDIDO,SANTIAGO,,,,,Daños
NEW SAIL 2021,FRONTAL INFERIOR,Frontal Inferior,,DISPONIBLE,SANTIAGO,25000,20000,,,
NEW SAIL 2021,FRONTAL SUPERIOR,Frontal Superior,,DISPONIBLE,SANTIAGO,30000,25000,,,
NEW SAIL 2021,FUNDA DE PARACHOQUE DELANTERO,Funda De Parachoque Delantero,Delantera,VENDIDO,SANTIAGO,20000,20000,,,
NEW SAIL 2021,FUNDA DE PARACHOQUE TRASERA,Funda De Parachoque Trasera,Trasera,NO DISPONIBLE,SANTIAGO,,,,ROTA,
NEW SAIL 2021,FUNDA DE PARACHOQUE TRASERO,Funda De Parachoque Trasero,Trasera,VENDIDO,SANTIAGO,,,,,
NEW SAIL 2021,FUSIBLE BORNER BATERÍA,Fusible Borner Batería,,DISPONIBLE,REQUINOA,25000,20000,,,
NEW SAIL 2021,GANCHOS BATERÍA,Ganchos Batería,,DISPONIBLE,SANTIAGO,,,,,
NEW SAIL 2021,GOMA PUERTA DELANTERA LH,Goma Puerta Delantera,Delantera Izquierda,VENDIDO,SANTIAGO,10000,10000,,,
NEW SAIL 2021,GOMA PUERTA DELANTERA RH,Goma Puerta Delantera,Delantera Derecha,VENDIDO,SANTIAGO,10000,10000,,,
NEW SAIL 2021,GOMA PUERTA TRASERA LH,Goma Puerta Trasera,Trasera Izquierda,VENDIDO,SANTIAGO,10000,10000,,,
NEW SAIL 2021,GOMA PUERTA TRASERA RH,Goma Puerta Trasera,Trasera Derecha,VENDIDO,SANTIAGO,10000,10000,,,
NEW SAIL 2021,GUANTERA,Guantera,,DISPONIBLE,SANTIAGO,25000,20000,,,
NEW SAIL 2021,GUANTERA,Guantera,,DISPONIBLE,SANTIAGO,,,,,
NEW SAIL 2021,GUARDAFANGO DELANTERO LH,Guardafango Delantero,Delantera Izquierda,VENDIDO,SANTIAGO,,,,MALO,
NEW SAIL 2021,GUARDAFANGO DELANTERO RH,Guardafango Delantero,Delantera Derecha,NO DISPONIBLE,SANTIAGO,,,,MALO,
NEW SAIL 2021,GUARDAFANGO TRASERO LH,Guardafango Trasero,Trasera Izquierda,DISPONIBLE,REQUINOA,8000,8000,,,
NEW SAIL 2021,GUARDAFANGO TRASERO RH,Guardafango Trasero,Trasera Derecha,DISPONIBLE,REQUINOA,8000,8000,,,
NEW SAIL 2021,INTERMITENTE LH,Intermitente,Izquierda,VENDIDO,SANTIAGO,,,,,
NEW SAIL 2021,INTERMITENTE RH,Intermitente,Derecha,DISPONIBLE,SANTIAGO,,,,,
NEW SAIL 2021,INYECTOR 1,Inyector 1,,DISPONIBLE,SANTIAGO,15000,10000,,,
NEW SAIL 2021,INYECTOR 2,Inyector 2,,DISPONIBLE,SANTIAGO,15000,10000,,,
NEW SAIL 2021,INYECTOR 3,Inyector 3,,DISPONIBLE,SANTIAGO,15000,10000,,,
NEW SAIL 2021,KIT DE AIRBAG,Kit De Airbag,,NO DISPONIBLE,SANTIAGO,,,,VEHÍCULO SIN AIRBAG,Múltiples
NEW SAIL 2021,KIT DE AIRBAG (3ER AUTO),Kit De Airbag (3Er Auto),,VENDIDO,SANTIAGO,,,,,Múltiples
NEW SAIL 2021,KIT DE ENCENDIDO,Kit De Encendido,,DISPONIBLE,SANTIAGO,260000,250000,,LLEGA LO QUE FALTA 15-11,Múltiples
NEW SAIL 2021,LLANTA CON NEUMÁTICO 1,Llanta Con Neumático 1,,VENDIDO,SANTIAGO,35000,30000,,,
NEW SAIL 2021,LLANTA CON NEUMÁTICO 2,Llanta Con Neumático 2,,VENDIDO,SANTIAGO,35000,30000,,,
NEW SAIL 2021,LLANTA CON NEUMÁTICO 3,Llanta Con Neumático 3,,VENDIDO,SANTIAGO,35000,30000,,,
NEW SAIL 2021,LLANTA CON NEUMÁTICO 4,Llanta Con Neumático 4,,VENDIDO,SANTIAGO,35000,30000,,,
NEW SAIL 2021,LOGO DELANTERO,Logo Delantero,Delantera,VENDIDO,SANTIAGO,15000,10000,,,
NEW SAIL 2021,LOGO DELANTERO,Logo Delantero,Delantera,VENDIDO,SANTIAGO,,,,,
NEW SAIL 2021,LOGO TRASERO,Logo Trasero,Trasera,VENDIDO,SANTIAGO,15000,10000,,,
NEW SAIL 2021,LUNETA TRASERA,Luneta Trasera,Trasera,VENDIDO,SANTIAGO,55000,50000,,PARABRISAS TRASERO(GM ORIGINAL),
NEW SAIL 2021,LUZ CENTRAL INTERIOR,Luz Central Interior,Central,DISPONIBLE,SANTIAGO,,,,NO ESPECIFICA LUGAR (LLEGÓ 25-11),
NEW SAIL 2021,LUZ DE PATENTE LH,Luz De Patente,Izquierda,VENDIDO,SANTIAGO,7000,5000,,,
NEW SAIL 2021,LUZ DE PATENTE RH,Luz De Patente,Derecha,VENDIDO,SANTIAGO,7000,5000,,,
NEW SAIL 2021,LUZ DE TECHO,Luz De Techo,,DISPONIBLE,SANTIAGO,,,,,
NEW SAIL 2021,LUZ TAPABARRO LH,Luz Tapabarro,Izquierda,DISPONIBLE,SANTIAGO,7000,5000,,,
NEW SAIL 2021,LUZ TAPABARRO LH,Luz Tapabarro,Izquierda,DISPONIBLE,SANTIAGO,7000,5000,,,
NEW SAIL 2021,LUZ TAPABARRO RH,Luz Tapabarro,Derecha,DISPONIBLE,SANTIAGO,7000,5000,,,
NEW SAIL 2021,MALETA (3ER AUTO),Maleta (3Er Auto),,VENDIDO,SANTIAGO,,,,,
NEW SAIL 2021,MANGUERA DE AGUA SAIL,Manguera De Agua Sail,,DISPONIBLE,SANTIAGO,15000,10000,,,
NEW SAIL 2021,MANGUERA DE AGUA SUPERIOR,Manguera De Agua Superior,,DISPONIBLE,SANTIAGO,,,,,
NEW SAIL 2021,MANGÜERA DE CALEFCCIÓN,Mangüera De Calefcción,,VENDIDO,SANTIAGO,,,,,
NEW SAIL 2021,MANGUERA DELGADA DEPÓSITO DE AGUA,Manguera Delgada Depósito De Agua,,DISPONIBLE,SANTIAGO,,,,,
NEW SAIL 2021,MANGUERA INFERIOR DE RADIADOR,Manguera Inferior De Radiador,,DISPONIBLE,SANTIAGO,15000,10000,,,
NEW SAIL 2021,MANGUERA SUPERIOR RADIADOR ,Manguera Superior Radiador ,,DISPONIBLE,SANTIAGO,15000,10000,,,
NEW SAIL 2021,MANILLA DE TECHO ,Manilla De Techo ,,DISPONIBLE,SANTIAGO,,,,,
NEW SAIL 2021,MANILLA DE TECHO ,Manilla De Techo ,,DISPONIBLE,SANTIAGO,,,,,
NEW SAIL 2021,MANILLA DE TECHO ,Manilla De Techo ,,DISPONIBLE,SANTIAGO,,,,,
NEW SAIL 2021,MANILLA EXTERIOR DELANTERA LH,Manilla Exterior Delantera,Delantera Izquierda,VENDIDO,SANTIAGO,25000,20000,,,
NEW SAIL 2021,MANILLA EXTERIOR DELANTERA RH,Manilla Exterior Delantera,Delantera Derecha,VENDIDO,SANTIAGO,25000,20000,,,
NEW SAIL 2021,MANILLA EXTERIOR PUERTA DELANTERA LH,Manilla Exterior Puerta Delantera,Delantera Izquierda,DISPONIBLE,SANTIAGO,,,,,
NEW SAIL 2021,MANILLA EXTERIOR PUERTA DELANTERA RH,Manilla Exterior Puerta Delantera,Delantera Derecha,DISPONIBLE,SANTIAGO,,,,,
NEW SAIL 2021,MANILLA EXTERIOR PUERTA TRASERA LH,Manilla Exterior Puerta Trasera,Trasera Izquierda,DISPONIBLE,SANTIAGO,,,,,
NEW SAIL 2021,MANILLA EXTERIOR PUERTA TRASERA RH,Manilla Exterior Puerta Trasera,Trasera Derecha,DISPONIBLE,SANTIAGO,,,,,
NEW SAIL 2021,MANILLA EXTERIOR TRASERA LH,Manilla Exterior Trasera,Trasera Izquierda,DISPONIBLE,SANTIAGO,25000,20000,,,
NEW SAIL 2021,MANILLA EXTERIOR TRASERA LH (3ER AUTO),Manilla Exterior Trasera (3Er Auto),Trasera Izquierda,VENDIDO,SANTIAGO,,,,,
NEW SAIL 2021,MANILLA EXTERIOR TRASERA RH,Manilla Exterior Trasera,Trasera Derecha,DISPONIBLE,SANTIAGO,25000,20000,,,
NEW SAIL 2021,MANILLA INTERIOR APERTURA DE CAPOT Y BENCINA,Manilla Interior Apertura De Capot Y Bencina,,DISPONIBLE,SANTIAGO,,,,,
NEW SAIL 2021,MANILLA INTERIOR CON PIOLA DE CAPOT,Manilla Interior Con Piola De Capot,,VENDIDO,SANTIAGO,,,,,
NEW SAIL 2021,MANILLA INTERIOR TECHO 1,Manilla Interior Techo 1,,DISPONIBLE,SANTIAGO,,,,,
NEW SAIL 2021,MANILLA INTERIOR TECHO 2,Manilla Interior Techo 2,,DISPONIBLE,SANTIAGO,,,,,
NEW SAIL 2021,MANILLA INTERIOR TECHO 3,Manilla Interior Techo 3,,DISPONIBLE,SANTIAGO,,,,,
NEW SAIL 2021,MANILLA INTERIOR TRASERA DERECHA,Manilla Interior Trasera Derecha,Trasera,VENDIDO,SANTIAGO,,,,,
NEW SAIL 2021,MÁSCARA,Máscara,,VENDIDO,SANTIAGO,30000,25000,,SIN LOGO,
NEW SAIL 2021,MÁSCARA,Máscara,,NO DISPONIBLE,SANTIAGO,,,,,
NEW SAIL 2021,MÉNSULA DELANTERA LH,Ménsula Delantera,Delantera Izquierda,VENDIDO,SANTIAGO,,,,,
NEW SAIL 2021,MÉNSULA DELANTERA RH,Ménsula Delantera,Delantera Derecha,DISPONIBLE,SANTIAGO,7000,7000,,,
NEW SAIL 2021,MÉNSULA TRASERA LH,Ménsula Trasera,Trasera Izquierda,VENDIDO,SANTIAGO,7000,7000,,,
NEW SAIL 2021,MÉNSULA TRASERA RH,Ménsula Trasera,Trasera Derecha,DISPONIBLE,SANTIAGO,7000,7000,,,
NEW SAIL 2021,MÉNSULAS DELANTERAS (2DO AUTO),Ménsulas Delanteras (2Do Auto),Delantera,NO DISPONIBLE,SANTIAGO,,,,,
NEW SAIL 2021,MÉNSULAS TRASERAS (2DO AUTO),Ménsulas Traseras (2Do Auto),Trasera,NO DISPONIBLE,SANTIAGO,,,,,
NEW SAIL 2021,MÓDULO ABS,Módulo Abs,,DISPONIBLE,SANTIAGO,75000,70000,,,
NEW SAIL 2021,MÓDULO ABS,Módulo Abs,,DISPONIBLE,SANTIAGO,,,,,
NEW SAIL 2021,MOLDURA TRIÁNGULO TAPABARRO DELANTERA LH,Moldura Triángulo Tapabarro Delantera,Delantera Izquierda,DISPONIBLE,SANTIAGO,,,,,
NEW SAIL 2021,MOLDURA TRIÁNGULO TAPABARRO DELANTERA RH,Moldura Triángulo Tapabarro Delantera,Delantera Derecha,DISPONIBLE,SANTIAGO,,,,,
NEW SAIL 2021,MOTOR DE PARTIDA,Motor De Partida,,VENDIDO,SANTIAGO,50000,45000,,,
NEW SAIL 2021,MOTOR DE PARTIDA,Motor De Partida,,DISPONIBLE,SANTIAGO,,,,,
NEW SAIL 2021,MOTOR LIMPIAPARABRISAS CON VARILLAJE,Motor Limpiaparabrisas Con Varillaje,,VENDIDO,SANTIAGO,45000,40000,,,
NEW SAIL 2021,MOTOR LIMPIAPARABRISAS CON VARILLAJE (3ER AUTO),Motor Limpiaparabrisas Con Varillaje (3Er Auto),,VENDIDO,SANTIAGO,45000,40000,,,
NEW SAIL 2021,MÚLTIPLE DE ADMISIÓN,Múltiple De Admisión,,DISPONIBLE,SANTIAGO,65000,60000,,,
NEW SAIL 2021,MÚLTIPLE DE ADMISIÓN,Múltiple De Admisión,,DISPONIBLE,SANTIAGO,,,,,
NEW SAIL 2021,MÚLTIPLE DE ESCAPE,Múltiple De Escape,,DISPONIBLE,SANTIAGO,,,,,
NEW SAIL 2021,MUÑÓN CON MAZA DELANTERO RH,Muñón Con Maza Delantero,Delantera Derecha,DISPONIBLE,SANTIAGO,,,,,
NEW SAIL 2021,MUÑÓN DELANTERO LH (INCLUYE MAZA),Muñón Delantero (Incluye Maza),Delantera Izquierda,DISPONIBLE,SANTIAGO,,,,,
NEW SAIL 2021,MUÑÓN Y MAZA LH,Muñón Y Maza,Izquierda,DISPONIBLE,SANTIAGO,50000,45000,,,
NEW SAIL 2021,MUÑÓN Y MAZA RH,Muñón Y Maza,Derecha,DISPONIBLE,SANTIAGO,50000,45000,,,
NEW SAIL 2021,MUÑÓN Y MAZA TRASERA LH,Muñón Y Maza Trasera,Trasera Izquierda,DISPONIBLE,SANTIAGO,20000,20000,,,
NEW SAIL 2021,MUÑON Y MAZA TRASERA RH,Muñón Y Maza Trasera,Trasera Derecha,DISPONIBLE,SANTIAGO,20000,20000,,,MUÑON
NEW SAIL 2021,NEBLINERO DELANTERO LH (DETALLE SERIO),Neblinero Delantero (Detalle Serio),Delantera Izquierda,DISPONIBLE,SANTIAGO,,,,,
NEW SAIL 2021,NEBLINERO DELANTERO RH (DETALLE SERIO),Neblinero Delantero (Detalle Serio),Delantera Derecha,DISPONIBLE,SANTIAGO,,,,,
NEW SAIL 2021,ÓPTICO LH,Óptico,Izquierda,VENDIDO,SANTIAGO,20000,20000,,PATAS QUEBRADAS,
NEW SAIL 2021,ÓPTICO LH (3ER AUTO),Óptico (3Er Auto),Izquierda,VENDIDO,SANTIAGO,35000,30000,,,
NEW SAIL 2021,ÓPTICO RH,Óptico,Derecha,VENDIDO,SANTIAGO,20000,20000,,PATAS QUEBRADAS,
NEW SAIL 2021,ÓPTICO RH (3ER AUTO),Óptico (3Er Auto),Derecha,VENDIDO,SANTIAGO,35000,30000,,,
NEW SAIL 2021,PALANCA DE CAMBIOS,Palanca De Cambios,,DISPONIBLE,SANTIAGO,20000,15000,,,
NEW SAIL 2021,PALANCA DE CAMBIOS,Palanca De Cambios,,DISPONIBLE,SANTIAGO,,,,,
NEW SAIL 2021,PALANCA DE FRENO DE MANOS,Palanca De Freno De Manos,,DISPONIBLE,SANTIAGO,,,,,
NEW SAIL 2021,PALANCA FRENO DE MANOS,Palanca Freno De Manos,,DISPONIBLE,SANTIAGO,,,,,
NEW SAIL 2021,PANEL TRASERO PLÁSTICO,Panel Trasero Plástico,Trasera,VENDIDO,SANTIAGO,,,,,
NEW SAIL 2021,PARABRISAS,Parabrisas,,NO DISPONIBLE,REQUINOA,,,,TRIZADO,
NEW SAIL 2021,PARABRISAS,Parabrisas,,NO DISPONIBLE,SANTIAGO,,,,,
NEW SAIL 2021,PARASOL LH,Parasol,Izquierda,DISPONIBLE,SANTIAGO,,,,,
NEW SAIL 2021,PARASOL LH,Parasol,Izquierda,DISPONIBLE,SANTIAGO,,,,,
NEW SAIL 2021,PARASOL RH,Parasol,Derecha,DISPONIBLE,SANTIAGO,,,,,
NEW SAIL 2021,PARASOL RH,Parasol,Derecha,DISPONIBLE,SANTIAGO,,,,,
NEW SAIL 2021,PEDAL DE ACELERACIÓN,Pedal De Aceleración,,VENDIDO,SANTIAGO,40000,35000,,,
NEW SAIL 2021,PEDAL DE ACELERACIÓN,Pedal De Aceleración,,DISPONIBLE,SANTIAGO,40000,35000,,,
NEW SAIL 2021,PEDAL DE EMBRAGUE ,Pedal De Embrague ,,DISPONIBLE,SANTIAGO,,,,,
NEW SAIL 2021,PEDAL DE FRENO,Pedal De Freno,,DISPONIBLE,SANTIAGO,,,,,
NEW SAIL 2021,PIOLA DE CAPOT,Piola De Capot,,DISPONIBLE,SANTIAGO,,,,,
NEW SAIL 2021,PIOLA PALANCA DE CAMBIOS,Piola Palanca De Cambios,,DISPONIBLE,SANTIAGO,40000,35000,,,
NEW SAIL 2021,PIOLA TAPA DE BENCINA,Piola Tapa De Bencina,,VENDIDO,SANTIAGO,,,,,
NEW SAIL 2021,PIOLAS DE PALANCA DE CAMBIOS,Piolas De Palanca De Cambios,,DISPONIBLE,SANTIAGO,,,,,
NEW SAIL 2021,PISTONES (JUEGO) CON BIELA,Pistones (Juego) Con Biela,,DISPONIBLE,SANTIAGO,65000,60000,,,Múltiples
NEW SAIL 2021,PLÁSTICO PUERTA TRASERA LH,Plástico Puerta Trasera,Trasera Izquierda,VENDIDO,SANTIAGO,10000,10000,,CLIENTE IVÁN,Persona
NEW SAIL 2021,PLÁSTICO PUERTA TRASERA RH,Plástico Puerta Trasera,Trasera Derecha,VENDIDO,SANTIAGO,10000,10000,,CLIENTE IVÁN,Persona
NEW SAIL 2021,POLEA DE CIGÛEÑAL,Polea De Cigûeñal,,DISPONIBLE,SANTIAGO,35000,30000,,,
NEW SAIL 2021,PORTA FILTRO,Porta Filtro,,VENDIDO,SANTIAGO,25000,20000,,,
NEW SAIL 2021,PORTA FILTRO (3ER AUTO),Porta Filtro (3Er Auto),,NO DISPONIBLE,SANTIAGO,,,,,
NEW SAIL 2021,PUERTA DELANTERA LH SOLO LATA,Puerta Delantera Solo Lata,Delantera Izquierda,VENDIDO,SANTIAGO,75000,70000,,,
NEW SAIL 2021,PUERTA DELANTERA RH SOLO LATA CON DETALLE,Puerta Delantera Solo Lata Con Detalle,Delantera Derecha,VENDIDO,SANTIAGO,65000,60000,,,Daños
NEW SAIL 2021,PUERTA TRASERA LH SOLO LATA,Puerta Trasera Solo Lata,Trasera Izquierda,VENDIDO,SANTIAGO,75000,70000,,PRECIO ACTUALIZADO,
NEW SAIL 2021,PUERTA TRASERA RH SOLO LATA,Puerta Trasera Solo Lata,Trasera Derecha,VENDIDO,SANTIAGO,75000,70000,,PRECIO ACTUALIZADO,
NEW SAIL 2021,PUNTA DE CHASIS DERECHA,Punta De Chasis Derecha,,VENDIDO,SANTIAGO,60000,50000,,SEGÚN FOTO DE CLIENTE IVÁN,Persona
NEW SAIL 2021,RADIADOR AGUA,Radiador Agua,,VENDIDO,SANTIAGO,30000,25000,,,
NEW SAIL 2021,RADIADOR AIRE,Radiador Aire,,VENDIDO,SANTIAGO,,,,,
NEW SAIL 2021,RADIADOR DE CALEFACCIÓN,Radiador De Calefacción,,DISPONIBLE,SANTIAGO,35000,30000,,,
NEW SAIL 2021,RADIO,Radio,,VENDIDO,SANTIAGO,,,,,
NEW SAIL 2021,RADIO CON PERILLAS,Radio Con Perillas,,POR CONFIRMAR,SANTIAGO,35000,30000,,NO ORIGINAL,
NEW SAIL 2021,RAMAL CON FUSILERA DELANTERA (CON AIRE),Ramal Con Fusilera Delantera (Con Aire),Delantera,VENDIDO,SANTIAGO,,,,CON AIRE,
NEW SAIL 2021,RAMAL CON FUSILERA DELANTERA (SIN AIRE),Ramal Con Fusilera Delantera (Sin Aire),Delantera,DISPONIBLE,SANTIAGO,55000,50000,,SIN AIRE - CON CONECTORES CORTADOS,
NEW SAIL 2021,RAMAL CON FUSILERA INTERIOR,Ramal Con Fusilera Interior,,DISPONIBLE,SANTIAGO,,,,,
NEW SAIL 2021,RAMAL EXTERIOR,Ramal Exterior,,DISPONIBLE,SANTIAGO,,,,,
NEW SAIL 2021,REFUERZO DE PARACHOQUE DELANTERO (CON DETALLE),Refuerzo De Parachoque Delantero (Con Detalle),Delantera,DISPONIBLE,SANTIAGO,20000,15000,,,Daños
NEW SAIL 2021,REFUERZO DE PARACHOQUE DELANTERO BRAZO (3ER AUTO),Refuerzo De Parachoque Delantero Brazo (3Er Auto),Delantera,VENDIDO,SANTIAGO,25000,25000,,,
NEW SAIL 2021,REFUERZO INFERIOR PARACHOQUE DELANTERO,Refuerzo Inferior Parachoque Delantero,Delantera,DISPONIBLE,SANTIAGO,,,,,
NEW SAIL 2021,REJILLA CENTRAL DE VENTILACIÓN INTERIOR,Rejilla Central De Ventilación Interior,Central,DISPONIBLE,SANTIAGO,,,,CON DETALLE,
NEW SAIL 2021,RESISTENCIA DE CALEFACCIÓN,Resistencia De Calefacción,,VENDIDO,SANTIAGO,,,,,
NEW SAIL 2021,RESISTENCIA DE ELECTROVENTILADOR,Resistencia De Electroventilador,,DISPONIBLE,SANTIAGO,25000,20000,,,
NEW SAIL 2021,RIEL CON INYECTORES (3ER AUTO),Riel Con Inyectores (3Er Auto),,DISPONIBLE,SANTIAGO,,,,,
NEW SAIL 2021,RIEL DE INYECCIÓN ,Riel De Inyección ,,DISPONIBLE,SANTIAGO,,,,,
NEW SAIL 2021,RODAMIENTO TENSOR DE CORREA DE ACCESORIOS ,Rodamiento Tensor De Correa De Accesorios ,,DISPONIBLE,SANTIAGO,,,,,
NEW SAIL 2021,ROTOR CON BASE DE SOPORTE,Rotor Con Base De Soporte,,DISPONIBLE,SANTIAGO,,,,,
NEW SAIL 2021,SENSOR DE ABS DEL LH,Sensor De Abs Del,Izquierda,VENDIDO,SANTIAGO,,10000,,,
NEW SAIL 2021,SENSOR DE ABS DEL RH,Sensor De Abs Del,Derecha,VENDIDO,SANTIAGO,,10000,,,
NEW SAIL 2021,SENSOR DE OXÍGENO,Sensor De Oxígeno,,DISPONIBLE,SANTIAGO,,,,,
NEW SAIL 2021,SENSOR DE OXÍGENO,Sensor De Oxígeno,,DISPONIBLE,SANTIAGO,,,,,
NEW SAIL 2021,SENSOR DE OXÍGENO BCO 1,Sensor De Oxígeno Bco 1,,DISPONIBLE,SANTIAGO,,,,,
NEW SAIL 2021,SENSOR DE OXÍGENO BCO 1,Sensor De Oxígeno Bco 1,,DISPONIBLE,SANTIAGO,,,,,
NEW SAIL 2021,SENSOR LEVA 1,Sensor Leva 1,,DISPONIBLE,SANTIAGO,,,,,
NEW SAIL 2021,SENSOR LEVA 2,Sensor Leva 2,,DISPONIBLE,SANTIAGO,,,,,
NEW SAIL 2021,SERVO FRENO ,Servo Freno ,,VENDIDO,SANTIAGO,25000,25000,,,
NEW SAIL 2021,SERVO FRENO ,Servo Freno ,,DISPONIBLE,SANTIAGO,25000,25000,,,
NEW SAIL 2021,SINÓPTICO,Sinóptico,,VENDIDO,SANTIAGO,55000,50000,,,
NEW SAIL 2021,SINÓPTICO,Sinóptico,,DISPONIBLE,SANTIAGO,55000,50000,,,
NEW SAIL 2021,SOPORTE CON POLEA DE CORREA DE ACCESORIOS,Soporte Con Polea De Correa De Accesorios,,DISPONIBLE,SANTIAGO,,,,,
NEW SAIL 2021,SOPORTE DE BOMBA HIDRÁULICA,Soporte De Bomba Hidráulica,,DISPONIBLE,SANTIAGO,,,,,
NEW SAIL 2021,SOPORTE DE CAJA LH,Soporte De Caja,Izquierda,DISPONIBLE,SANTIAGO,,,,,
NEW SAIL 2021,SOPORTE DE MOTOR CENTRAL (HUESO),Soporte De Motor Central (Hueso),Central,DISPONIBLE,SANTIAGO,15000,15000,,,
NEW SAIL 2021,SOPORTE DE MOTOR RH,Soporte De Motor,Derecha,DISPONIBLE,SANTIAGO,15000,15000,,,
NEW SAIL 2021,SOPORTE DE MOTOR RH,Soporte De Motor,Derecha,VENDIDO,SANTIAGO,,,,,
NEW SAIL 2021,SOPORTE LH (CAJA),Soporte (Caja),Izquierda,DISPONIBLE,SANTIAGO,15000,15000,,,
NEW SAIL 2021,SOPORTES SUPERIORES DE RADIADOR (X2),Soportes Superiores De Radiador (X2),,VENDIDO,SANTIAGO,20000,15000,,,
NEW SAIL 2021,SUJETADORES METÁLICOS RADIADOR,Sujetadores Metálicos Radiador,,DISPONIBLE,SANTIAGO,,,,,
NEW SAIL 2021,TAMBOR TRASERO CON MAZA LH,Tambor Trasero Con Maza,Trasera Izquierda,DISPONIBLE,SANTIAGO,,,,,
NEW SAIL 2021,TAMBOR TRASERO CON MAZA RH,Tambor Trasero Con Maza,Trasera Derecha,DISPONIBLE,SANTIAGO,,,,,
NEW SAIL 2021,TAPA DE AIRBAG COPILOTO,Tapa De Airbag Copiloto,,DISPONIBLE,,25000,20000,,,Sin ubic
NEW SAIL 2021,TAPA DE BENCINA EXTERIOR,Tapa De Bencina Exterior,,VENDIDO,SANTIAGO,20000,15000,,,
NEW SAIL 2021,TAPA DE BENCINA EXTERIOR (3ER AUTO),Tapa De Bencina Exterior (3Er Auto),,DISPONIBLE,SANTIAGO,,,,,
NEW SAIL 2021,TAPA DE BENCINA INTERIOR,Tapa De Bencina Interior,,DISPONIBLE,SANTIAGO,,,,,
NEW SAIL 2021,TAPA DE BENCINA INTERIOR (3ER AUTO),Tapa De Bencina Interior (3Er Auto),,DISPONIBLE,SANTIAGO,,,,,
NEW SAIL 2021,TAPA DE NEBLINERO DELANTERO LH,Tapa De Neblinero Delantero,Delantera Izquierda,DISPONIBLE,SANTIAGO,12000,10000,,,
NEW SAIL 2021,TAPA DE NEBLINERO DELANTERO LH (3ER AUTO),Tapa De Neblinero Delantero (3Er Auto),Delantera Izquierda,VENDIDO,SANTIAGO,,,,,
NEW SAIL 2021,TAPA DE NEBLINERO DELANTERO RH,Tapa De Neblinero Delantero,Delantera Derecha,DISPONIBLE,SANTIAGO,12000,10000,,,
NEW SAIL 2021,TAPA DE NEBLINERO DELANTERO RH (3ER AUTO),Tapa De Neblinero Delantero (3Er Auto),Delantera Derecha,VENDIDO,SANTIAGO,,,,,
NEW SAIL 2021,TAPA DE RUEDA,Tapa De Rueda,,VENDIDO,SANTIAGO,10000,8000,,PREGUNTAR ESTADO Y PEDIR FOTO,Revisar
NEW SAIL 2021,TAPA DE RUEDA 1 (3ER AUTO),Tapa De Rueda 1 (3Er Auto),,VENDIDO,SANTIAGO,,,,,
NEW SAIL 2021,TAPA DE RUEDA 2 (3ER AUTO),Tapa De Rueda 2 (3Er Auto),,DISPONIBLE,SANTIAGO,,,,,
NEW SAIL 2021,TAPA DE RUEDA 3 (3ER AUTO),Tapa De Rueda 3 (3Er Auto),,DISPONIBLE,SANTIAGO,,,,,
NEW SAIL 2021,TAPA DE VÁLVULA,Tapa De Válvula,,DISPONIBLE,SANTIAGO,55000,50000,,,
NEW SAIL 2021,TAPA DE VOLANTE,Tapa De Volante,,DISPONIBLE,SANTIAGO,25000,20000,,SIN AIRBAG,
NEW SAIL 2021,TAPA MÚLTIPLE DE ESCAPE,Tapa Múltiple De Escape,,DISPONIBLE,SANTIAGO,,,,,
NEW SAIL 2021,TAPA PLÁSTICA FUSILERA INTERIOR,Tapa Plástica Fusilera Interior,,DISPONIBLE,,,,,,Sin ubic
NEW SAIL 2021,TAPABARRO DELANTERO LH CON DETALLE,Tapabarro Delantero Con Detalle,Delantera Izquierda,VENDIDO,SANTIAGO,25000,20000,,,Daños
NEW SAIL 2021,TAPABARRO DELANTERO RH CON DETALLE,Tapabarro Delantero Con Detalle,Delantera Derecha,VENDIDO,SANTIAGO,25000,20000,,,Daños
NEW SAIL 2021,TAPABARRO LH,Tapabarro,Izquierda,DISPONIBLE,SANTIAGO,,,,,
NEW SAIL 2021,TAPABARRO RH,Tapabarro,Derecha,DISPONIBLE,SANTIAGO,,,,,
NEW SAIL 2021,TAPIZ INTERIOR PANEL TRASERO,Tapiz Interior Panel Trasero,Trasera,DISPONIBLE,SANTIAGO,,,,,
NEW SAIL 2021,TAPIZ PUERTA DELANTERA LH,Tapiz Puerta Delantera,Delantera Izquierda,VENDIDO,SANTIAGO,20000,15000,,,
NEW SAIL 2021,TAPIZ PUERTA DELANTERA LH 3RO,Tapiz Puerta Delantera 3Ro,Delantera Izquierda,VENDIDO,SANTIAGO,,,,,
NEW SAIL 2021,TAPIZ PUERTA DELANTERA RH,Tapiz Puerta Delantera,Delantera Derecha,VENDIDO,SANTIAGO,20000,15000,,,
NEW SAIL 2021,TAPIZ PUERTA DELANTERA RH 3RO,Tapiz Puerta Delantera 3Ro,Delantera Derecha,VENDIDO,SANTIAGO,,,,,
NEW SAIL 2021,TAPIZ PUERTA TRASERA LH,Tapiz Puerta Trasera,Trasera Izquierda,NO DISPONIBLE,SANTIAGO,20000,15000,,,
NEW SAIL 2021,TAPIZ PUERTA TRASERA LH 3RO,Tapiz Puerta Trasera 3Ro,Trasera Izquierda,VENDIDO,SANTIAGO,,,,,
NEW SAIL 2021,TAPIZ PUERTA TRASERA RH,Tapiz Puerta Trasera,Trasera Derecha,VENDIDO,SANTIAGO,20000,15000,,,
NEW SAIL 2021,TAPIZ PUERTA TRASERA RH 3RO,Tapiz Puerta Trasera 3Ro,Trasera Derecha,VENDIDO,SANTIAGO,,,,,
NEW SAIL 2021,TELECOMANDO,Telecomando,,DISPONIBLE,SANTIAGO,,,,,
NEW SAIL 2021,TELECOMANDO LADO LH LUCES,Telecomando Lado Luces,Izquierda,DISPONIBLE,SANTIAGO,15000,15000,,,
NEW SAIL 2021,TELECOMANDO LADO RH PARABRISAS,Telecomando Lado Parabrisas,Derecha,DISPONIBLE,SANTIAGO,15000,15000,,,
NEW SAIL 2021,TELECOMANDOS,Telecomandos,,DISPONIBLE,SANTIAGO,,,,,
NEW SAIL 2021,TOMA DE AGUA CON SENSOR,Toma De Agua Con Sensor,,DISPONIBLE,SANTIAGO,,,,,
NEW SAIL 2021,TREN TRASERO COMPLETO,Tren Trasero Completo,Trasera,VENDIDO,SANTIAGO,80000,80000,,,
NEW SAIL 2021,TUBO CON MANGUERAS,Tubo Con Mangueras,,DISPONIBLE,SANTIAGO,,,,,
NEW SAIL 2021,TUBO CORRIGADO CON SENSOR,Tubo Corrigado Con Sensor,,DISPONIBLE,SANTIAGO,,,,,
NEW SAIL 2021,TUBO PORTA FILTRO DE AIRE,Tubo Porta Filtro De Aire,,DISPONIBLE,SANTIAGO,15000,10000,,,
NEW SAIL 2021,TUBO SALIDA PORTA FILTRO,Tubo Salida Porta Filtro,,DISPONIBLE,SANTIAGO,15000,10000,,,
NEW SAIL 2021,VÁLVULA PRESOSTÁTICA,Válvula Presostática,,NO DISPONIBLE,N/A,25000,20000,,,
NEW SAIL 2021,VARILLA ACEITE,Varilla Aceite,,DISPONIBLE,SANTIAGO,10000,10000,,,
NEW SAIL 2021,VARILLA DE CAPOT,Varilla De Capot,,VENDIDO,SANTIAGO,15000,10000,,,
NEW SAIL 2021,VARILLA DE MOTOR,Varilla De Motor,,DISPONIBLE,SANTIAGO,,,,,
NEW SAIL 2021,VENTILADOR DE CALEFACCIÓN,Ventilador De Calefacción,,DISPONIBLE,SANTIAGO,30000,25000,,,
NEW SAIL 2021,VIDRIO ALETA PUERTA TRASERA LH,Vidrio Aleta Puerta Trasera,Trasera Izquierda,DISPONIBLE,SANTIAGO,,,,,
NEW SAIL 2021,VIDRIO ALETA PUERTA TRASERA RH,Vidrio Aleta Puerta Trasera,Trasera Derecha,DISPONIBLE,SANTIAGO,,,,,
NEW SAIL 2021,VIDRIO LUNETA TRASERA (PARABRISAS),Vidrio Luneta Trasera (Parabrisas),Trasera,VENDIDO,SANTIAGO,,,,,
NEW SAIL 2021,VIDRIO PUERTA DELANTERA LH,Vidrio Puerta Delantera,Delantera Izquierda,VENDIDO,SANTIAGO,35000,30000,,,
NEW SAIL 2021,VIDRIO PUERTA DELANTERA RH,Vidrio Puerta Delantera,Delantera Derecha,VENDIDO,SANTIAGO,35000,30000,,,
NEW SAIL 2021,VIDRIO PUERTA TRASERA LH,Vidrio Puerta Trasera,Trasera Izquierda,NO DISPONIBLE,SANTIAGO,35000,30000,,,
NEW SAIL 2021,VIDRIO PUERTA TRASERA RH,Vidrio Puerta Trasera,Trasera Derecha,VENDIDO,SANTIAGO,35000,30000,,,
NEW SAIL 2021,VOLANTE,Volante,,DISPONIBLE,SANTIAGO,25000,20000,,,
NEW SAIL 2021,VOLANTE,Volante,,DISPONIBLE,SANTIAGO,,,,,
NEW SAIL 2021,VOLANTE DE INERCIA,Volante De Inercia,,DISPONIBLE,SANTIAGO,45000,40000,,,
NEW SAIL 2021,VULVO DE MARCHA DE RETROCESO,Vulvo De Marcha De Retroceso,,NO DISPONIBLE,SANTIAGO,,,,,
OPTRA 2009,AMORTIGUADOR DELANTERO LH,Amortiguador Delantero,Delantera Izquierda,DISPONIBLE,SANTIAGO,25000,20000,,,
OPTRA 2009,AMORTIGUADOR DELANTERO RH,Amortiguador Delantero,Delantera Derecha,DISPONIBLE,SANTIAGO,25000,20000,,,
OPTRA 2009,BANDEJA DELANTERA LH,Bandeja Delantera,Delantera Izquierda,DISPONIBLE,SANTIAGO,,,,,
OPTRA 2009,BANDEJA DELANTERA RH,Bandeja Delantera,Delantera Derecha,DISPONIBLE,SANTIAGO,,,,,
OPTRA 2009,BISEL RADIO Y CONTROL DE AIRE,Bisel Radio Y Control De Aire,,DISPONIBLE,SANTIAGO,,,,ESCRITO ASÍ EN INVENTARIO (REVISAR),Revisar
OPTRA 2009,BOMBA DE PEDAL DE EMBRAGUE,Bomba De Pedal De Embrague,,DISPONIBLE,SANTIAGO,,,,,
OPTRA 2009,CALIPER DELANTERO LH,Caliper Delantero,Delantera Izquierda,DISPONIBLE,SANTIAGO,25000,20000,,,
OPTRA 2009,CALIPER DELANTERO RH,Caliper Delantero,Delantera Derecha,DISPONIBLE,SANTIAGO,25000,20000,,,
OPTRA 2009,CALIPER TRASERO LH,Caliper Trasero,Trasera Izquierda,DISPONIBLE,SANTIAGO,,,,,
OPTRA 2009,CALIPER TRASERO RH,Caliper Trasero,Trasera Derecha,DISPONIBLE,SANTIAGO,,,,,
OPTRA 2009,CAÑERÍAS DE AIRE ACONDICIONADO,Cañerías De Aire Acondicionado,,DISPONIBLE,SANTIAGO,,,,,
OPTRA 2009,CINTA DE AIRBAG,Cinta De Airbag,,DISPONIBLE,SANTIAGO,,,,,
OPTRA 2009,COLUMNA DE DIRECCIÓN,Columna De Dirección,,DISPONIBLE,SANTIAGO,,,,,
OPTRA 2009,CREMALLERA DE DIRECCIÓN,Cremallera De Dirección,,DISPONIBLE,SANTIAGO,,,,,
OPTRA 2009,CUERPO DE ACELERACIÓN,Cuerpo De Aceleración,,DISPONIBLE,SANTIAGO,45000,40000,,,
OPTRA 2009,CUNA,Cuna,,VENDIDO,SANTIAGO,,,,,
OPTRA 2009,DISCO DE FRENO TRASERO LH,Disco De Freno Trasero,Trasera Izquierda,DISPONIBLE,SANTIAGO,15000,10000,,REVISAR SI SON TRASEROS LOS QUE ESTÁN ACÁ,Revisar
OPTRA 2009,DISCO DE FRENO TRASERO RH,Disco De Freno Trasero,Trasera Derecha,DISPONIBLE,SANTIAGO,15000,10000,,REVISAR SI SON TRASEROS LOS QUE ESTÁN ACÁ,Revisar
OPTRA 2009,FOCO INTERIOR LUZ TECHO ,Foco Interior Luz Techo ,,DISPONIBLE,SANTIAGO,,,,,
OPTRA 2009,GUARDAFANGO DELANTERO LH,Guardafango Delantero,Delantera Izquierda,DISPONIBLE,SANTIAGO,,,,,
OPTRA 2009,GUARDAFANGO DELANTERO RH,Guardafango Delantero,Delantera Derecha,DISPONIBLE,SANTIAGO,,,,,
OPTRA 2009,GUARDAFANGO TRASERO LR,Guardafango Trasero Lr,Trasera,DISPONIBLE,SANTIAGO,,,,,
OPTRA 2009,GUARDAFANGO TRASERO RH,Guardafango Trasero,Trasera Derecha,DISPONIBLE,SANTIAGO,,,,,
OPTRA 2009,KIT DE AIRBAG,Kit De Airbag,,DISPONIBLE,SANTIAGO,150000,140000,,,Múltiples
OPTRA 2009,LLANTA CON NEUMÁTICO 1,Llanta Con Neumático 1,,DISPONIBLE,SANTIAGO,,,,,
OPTRA 2009,MALETA,Maleta,,VENDIDO,,30000,25000,,,Sin ubic
OPTRA 2009,MANILLA EXTERIOR DELANTERA RH,Manilla Exterior Delantera,Delantera Derecha,VENDIDO,SANTIAGO,10000,10000,,,
OPTRA 2009,MANILLA INTERIOR PUERTA DELANTERA RH,Manilla Interior Puerta Delantera,Delantera Derecha,DISPONIBLE,SANTIAGO,,,,,
OPTRA 2009,MAZA Y RODAMIENTO DELANTERO LH,Maza Y Rodamiento Delantero,Delantera Izquierda,DISPONIBLE,,45000,40000,,,Sin ubic
OPTRA 2009,MAZA Y RODAMIENTO DELANTERO RH,Maza Y Rodamiento Delantero,Delantera Derecha,DISPONIBLE,,45000,40000,,,Sin ubic
OPTRA 2009,MOLDURA PUERTA DELANTERA LH,Moldura Puerta Delantera,Delantera Izquierda,DISPONIBLE,SANTIAGO,,,,,
OPTRA 2009,MOLDURA PUERTA DELANTERA RH,Moldura Puerta Delantera,Delantera Derecha,DISPONIBLE,SANTIAGO,,,,,
OPTRA 2009,MOLDURA PUERTA TRASERA LH,Moldura Puerta Trasera,Trasera Izquierda,DISPONIBLE,SANTIAGO,,,,,
OPTRA 2009,MOLDURA PUERTA TRASERA RH,Moldura Puerta Trasera,Trasera Derecha,DISPONIBLE,SANTIAGO,,,,,
OPTRA 2009,PALANCA DE CAMBIOS,Palanca De Cambios,,DISPONIBLE,SANTIAGO,,,,,
OPTRA 2009,PIOLAS PALANCA DE CAMBIO,Piolas Palanca De Cambio,,DISPONIBLE,SANTIAGO,,,,,
OPTRA 2009,PUERTA PUERTA DELANTERA LH,Puerta Puerta Delantera,Delantera Izquierda,VENDIDO,SANTIAGO,,,,,
OPTRA 2009,PUERTA PUERTA DELANTERA RH,Puerta Puerta Delantera,Delantera Derecha,DISPONIBLE,SANTIAGO,30000,25000,,,
OPTRA 2009,PUERTA TRASERA LH,Puerta Trasera,Trasera Izquierda,DISPONIBLE,SANTIAGO,30000,25000,,,
OPTRA 2009,PUERTA TRASERA RH,Puerta Trasera,Trasera Derecha,DISPONIBLE,SANTIAGO,30000,25000,,,
OPTRA 2009,RADIO,Radio,,VENDIDO,SANTIAGO,,,,,
OPTRA 2009,TAPA DE BENCINA EXTERIOR,Tapa De Bencina Exterior,,DISPONIBLE,SANTIAGO,,,,,
OPTRA 2009,TELECOMANDO INTERMITENTES,Telecomando Intermitentes,,DISPONIBLE,SANTIAGO,,,,,
OPTRA 2009,TELECOMANDO LIMPIAPARABRISAS ,Telecomando Limpiaparabrisas ,,DISPONIBLE,SANTIAGO,,,,,
OPTRA 2009,VIDRIO LUNETA TRASERA LH,Vidrio Luneta Trasera,Trasera Izquierda,DISPONIBLE,,18000,15000,,,Sin ubic
OPTRA 2009,VIDRIO LUNETA TRASERA RH,Vidrio Luneta Trasera,Trasera Derecha,VENDIDO,SANTIAGO,18000,15000,,,
OPTRA 2009,VOLANTE,Volante,,DISPONIBLE,SANTIAGO,30000,25000,,,
OTROS,CAPOT MONTERO,Capot Montero,,VENDIDO,SANTIAGO,160000,160000,,,Vehículo MONTERO especificado en nombre
OTROS,DEPOSITO LIMPIAPARABRISAS CARLOS,Depósito Limpiaparabrisas,,VENDIDO,SANTIAGO,,,,,CARLOS es nombre de persona - flagged
OTROS,DEPOSITO LIMPIAPARABRISAS CARLOS MORNING,Depósito Limpiaparabrisas,,VENDIDO,SANTIAGO,,,,,CARLOS es nombre de persona; MORNING es modelo del vehículo
OTROS,FUNDA DE PARACHOQUE DELANTERO BALENO NICO,Funda De Parachoque,Delantera,DISPONIBLE,SANTIAGO,,,,,BALENO es modelo; NICO es nombre de persona - flagged
OTROS,FUNDA DE PARACHOQUE DELANTERO BALENO NICO,Funda De Parachoque,Delantera,DISPONIBLE,SANTIAGO,,,,,Duplicado exacto de fila 4; BALENO es modelo; NICO es nombre de persona
OTROS,FUNDA DE PARACHOQUE DELANTERO CX70 CON REJILLAS NICO,Funda De Parachoque Con Rejillas,Delantera,DISPONIBLE,SANTIAGO,,,,,CX70 es modelo; CON REJILLAS indica incluye rejillas; NICO es nombre de persona
OTROS,FUNDA DE PARACHOQUE DELANTERO CX70 NICO,Funda De Parachoque,Delantera,DISPONIBLE,SANTIAGO,,,,,CX70 es modelo; NICO es nombre de persona - flagged
OTROS,FUNDA DE PARACHOQUE DELANTERO MG ZS NICO,Funda De Parachoque,Delantera,DISPONIBLE,SANTIAGO,,,,,MG ZS es modelo; NICO es nombre de persona - flagged
OTROS,FUNDA DE PARACHOQUE DELANTERO OUTLANDER NICO,Funda De Parachoque,Delantera,DISPONIBLE,SANTIAGO,,,,,OUTLANDER es modelo; NICO es nombre de persona - flagged
OTROS,FUNDA DE PARACHOQUE DELANTERO SAIL NICO,Funda De Parachoque,Delantera,DISPONIBLE,SANTIAGO,,,,,SAIL es modelo; NICO es nombre de persona - flagged
OTROS,FUNDA DE PARACHOQUE DELANTERO TIGGO 2 NICO,Funda De Parachoque,Delantera,DISPONIBLE,SANTIAGO,,,,,TIGGO 2 es modelo; NICO es nombre de persona - flagged
OTROS,FUNDA DE PARACHOQUE TRASERO KIA RIO 5 2020,Funda De Parachoque,Trasera,DISPONIBLE,SANTIAGO,,,,,KIA RIO 5 2020 es modelo y año
OTROS,LLANTA 3008,Llanta,,VENDIDO,SANTIAGO,,,,,3008 es modelo del vehículo
OTROS,LLANTA DE REPUESTO KIA,Llanta De Repuesto,,DISPONIBLE,SANTIAGO,40000,35000,,,KIA es marca
OTROS,LLANTA Y RUEDA DE REPUESTO CAMARO,Llanta Y Rueda De Repuesto,,DISPONIBLE,SANTIAGO,60000,50000,,,CAMARO es modelo; LLANTA Y RUEDA indica son 2 componentes
OTROS,MÁSCARA FIESTA,Máscara,,VENDIDO,SANTIAGO,15000,15000,,,FIESTA es modelo
OTROS,MÉNSULA DELANTERA LH MAZDA CX5,Ménsula,Delantera Izquierda,DISPONIBLE,SANTIAGO,,,,,MAZDA CX5 es modelo
OTROS,MÉNSULA DELANTERA RH MAZDA CX5,Ménsula,Delantera Derecha,DISPONIBLE,SANTIAGO,,,,,MAZDA CX5 es modelo
OTROS,MOLDURA DE TAPABARRO DELANTERA RH SUBARU XV 2019,Moldura De Tapabarro,Delantera Derecha,DISPONIBLE,SANTIAGO,,,,,SUBARU XV 2019 es modelo y año
OTROS,MOLDURA PUERA TRASERA RH,Moldura Puerta,Trasera Derecha,DISPONIBLE,SANTIAGO,,,,,PUERA mal escrito (debería ser PUERTA)
OTROS,ÓPTICO LH PILOT,Óptico,Izquierda,DISPONIBLE,SANTIAGO,,,,,PILOT es modelo
OTROS,ÓPTICO LH TIGGO,Óptico,Izquierda,DISPONIBLE,SANTIAGO,,,,,TIGGO es modelo
OTROS,ÓPTICO RH TIGGO,Óptico,Derecha,VENDIDO,SANTIAGO,,,,,TIGGO es modelo
OTROS,PUERTA DELANTERA CITROEN XSARA D-RH,Puerta,Delantera Derecha,DISPONIBLE,SANTIAGO,45000,40000,,,CITROEN XSARA es marca y modelo; D-RH indica Delantera-RH
OTROS,PUERTA TRASERA CITROEN XSARA T-LH,Puerta,Trasera Izquierda,DISPONIBLE,SANTIAGO,45000,40000,,,CITROEN XSARA es marca y modelo; T-LH indica Trasera-LH
OTROS,RADIO FOCUS CARLOS,Radio,,VENDIDO,SANTIAGO,,,,,FOCUS es modelo; CARLOS es nombre de persona - flagged
OTROS,REJILLA INFERIOR EDGE,Rejilla,Inferior,VENDIDO,SANTIAGO,,,,,EDGE es modelo
OTROS,REJILLA INFERIOR FIESTA,Rejilla,Inferior,VENDIDO,SANTIAGO,25000,25000,,,FIESTA es modelo
OTROS,TAPA DE NEBLINERO BEETLE,Tapa De Neblinero,,DISPONIBLE,SANTIAGO,35000,30000,,,BEETLE es modelo
OTROS,TAPA DE NEBLINERO MG3,Tapa De Neblinero,,VENDIDO,SANTIAGO,,,,,MG3 es modelo
OTROS,TAPABARRO 301,Tapabarro,,DISPONIBLE,SANTIAGO,,,,,301 es modelo
OUTLANDER 2014,ALETA DE GUARDAFANGO TRASERO LH,Aleta De Guardafango Trasero,Trasera Izquierda,DISPONIBLE,REVISADO,,,,,
OUTLANDER 2014,ALETA DE GUARDAFANGO TRASERO RH,Aleta De Guardafango Trasero,Trasera Derecha,DISPONIBLE,REVISADO,,,,,
OUTLANDER 2014,ALFOMBRA COMPLETA DE PISO DE VEHÍCULO,Alfombra Completa De Piso De Vehículo,,VENDIDO,REVISADO,,,,,
OUTLANDER 2014,ALTERNADOR,Alternador,,VENDIDO,REVISADO,,,,,
OUTLANDER 2014,ALTERNADOR 14,Alternador 14,,DISPONIBLE,REVISADO,90000,85000,,,
OUTLANDER 2014,AMORTIGUADOR COMPLETO LH 14,Amortiguador Completo 14,Izquierda,VENDIDO,REVISADO,55000,50000,,,
OUTLANDER 2014,AMORTIGUADOR DE PORTALÓN LH,Amortiguador De Portalón,Izquierda,VENDIDO,REVISADO,20000,20000,,30 EL PAR,
OUTLANDER 2014,AMORTIGUADOR DE PORTALÓN RH,Amortiguador De Portalón,Derecha,VENDIDO,REVISADO,20000,20000,,,
OUTLANDER 2014,AMORTIGUADOR DELANTERO LH,Amortiguador Delantero,Delantera Izquierda,DISPONIBLE,REVISADO,,,,,
OUTLANDER 2014,AMORTIGUADOR DELANTERO RH,Amortiguador Delantero,Delantera Derecha,DISPONIBLE,REVISADO,,,,,
OUTLANDER 2014,AMORTIGUADOR TRASERO LH,Amortiguador Trasero,Trasera Izquierda,DISPONIBLE,REVISADO,50000,45000,,,
OUTLANDER 2014,AMORTIGUADOR TRASERO LH 14,Amortiguador Trasero 14,Trasera Izquierda,DISPONIBLE,REVISADO,30000,25000,,,
OUTLANDER 2014,AMORTIGUADOR TRASERO RH,Amortiguador Trasero,Trasera Derecha,DISPONIBLE,REVISADO,50000,45000,,,
OUTLANDER 2014,AMORTIGUADOR TRASERO RH 14,Amortiguador Trasero 14,Trasera Derecha,DISPONIBLE,REVISADO,30000,25000,,,
OUTLANDER 2014,ANTENA TIBURÓN,Antena Tiburón,,DISPONIBLE,REVISADO,,,,,
OUTLANDER 2014,APOYA BRAZO CENTRAL CON DETALLE,Apoya Brazo Central Con Detalle,Central,DISPONIBLE,REVISADO,,,,,Daños
OUTLANDER 2014,ARGOLLA DE FIJACIÓN METÁLICA,Argolla De Fijación Metálica,,DISPONIBLE,REVISADO,,,,,
OUTLANDER 2014,ASIENTO DELANTERO LH,Asiento Delantero,Delantera Izquierda,VENDIDO,REVISADO,,,,,
OUTLANDER 2014,ASIENTO DELANTERO RH,Asiento Delantero,Delantera Derecha,VENDIDO,REVISADO,,,,,
OUTLANDER 2014,ASIENTOS TRASEROS ,Asientos Traseros ,Trasera,VENDIDO,REVISADO,,,,,
OUTLANDER 2014,BANDEJA DELANTERA LH,Bandeja Delantera,Delantera Izquierda,VENDIDO,REVISADO,,,,,
OUTLANDER 2014,BANDEJA DELANTERA RH,Bandeja Delantera,Delantera Derecha,DISPONIBLE,REVISADO,,,,,
OUTLANDER 2014,BANDEJA DERECHA 14,Bandeja Derecha 14,,NO DISPONIBLE,REVISADO,30000,25000,,,
OUTLANDER 2014,BANDEJA IZQUIERDA 14,Bandeja Izquierda 14,,DISPONIBLE,REVISADO,30000,25000,,,
OUTLANDER 2014,BANDEJAS TRASERAS ,Bandejas Traseras ,Trasera,VENDIDO,REVISADO,,,,,
OUTLANDER 2014,BARRAS DE TECHO,Barras De Techo,,DISPONIBLE,REVISADO,60000,55000,,EL PAR,
OUTLANDER 2014,BASE DE BATERÍA,Base De Batería,,DISPONIBLE,REVISADO,,,,,
OUTLANDER 2014,BASE DE TERMOSTATO,Base De Termostato,,DISPONIBLE,REVISADO,,,,,
OUTLANDER 2014,BATERÍA,Batería,,VENDIDO,REVISADO,30000,30000,,,
OUTLANDER 2014,BISAGRA DE CAPOT LH,Bisagra De Capot,Izquierda,DISPONIBLE,REVISADO,,,,,
OUTLANDER 2014,BISAGRA DE CAPOT RH,Bisagra De Capot,Derecha,DISPONIBLE,REVISADO,,,,,
OUTLANDER 2014,BOBINA 1,Bobina 1,,DISPONIBLE,REVISADO,,,,,
OUTLANDER 2014,BOBINA 1  14,Bobina 1  14,,DISPONIBLE,REVISADO,,,,,
OUTLANDER 2014,BOBINA 2,Bobina 2,,DISPONIBLE,REVISADO,,,,,
OUTLANDER 2014,BOBINA 2 14,Bobina 2 14,,DISPONIBLE,REVISADO,,,,,
OUTLANDER 2014,BOBINA 3,Bobina 3,,DISPONIBLE,REVISADO,,,,,
OUTLANDER 2014,BOBINA 3 14,Bobina 3 14,,DISPONIBLE,REVISADO,,,,,
OUTLANDER 2014,BOBINA 4,Bobina 4,,DISPONIBLE,REVISADO,,,,,
OUTLANDER 2014,BOBINA 4 14,Bobina 4 14,,DISPONIBLE,REVISADO,,,,,
OUTLANDER 2014,BOCINAS X2,Bocinas X2,,DISPONIBLE,REVISADO,,,,,
OUTLANDER 2014,BOMBA DE AGUA,Bomba De Agua,,DISPONIBLE,REVISADO,,,,,
OUTLANDER 2014,BOMBA DE AGUA 14,Bomba De Agua 14,,DISPONIBLE,REVISADO,,,,,
OUTLANDER 2014,BOMBA DE BENCINA,Bomba De Bencina,,DISPONIBLE,REVISADO,,,,,
OUTLANDER 2014,BOMBA DE BENCINA 14,Bomba De Bencina 14,,DISPONIBLE,REVISADO,,,,,
OUTLANDER 2014,BOMBA DE FRENO,Bomba De Freno,,DISPONIBLE,REVISADO,55000,50000,,,
OUTLANDER 2014,BORNER NEGATIVO,Borner Negativo,,DISPONIBLE,REVISADO,25000,20000,,,
OUTLANDER 2014,BOTÓN DE ALZAVIDRIOS PUERTA DELANTERA RH,Botón De Alzavidrios Puerta Delantera,Delantera Derecha,DISPONIBLE,REVISADO,,,,,
OUTLANDER 2014,BOTÓN DE ALZAVIDRIOS PUERTA TRASERA RH,Botón De Alzavidrios Puerta Trasera,Trasera Derecha,DISPONIBLE,REVISADO,,,,,
OUTLANDER 2014,BOTÓN DE ALZAVIDRIOS TRASERA LH 14,Botón De Alzavidrios Trasera 14,Trasera Izquierda,DISPONIBLE,REVISADO,,,,,
OUTLANDER 2014,BOTÓN PUERTA TRASERA LH,Botón Puerta Trasera,Trasera Izquierda,DISPONIBLE,REVISADO,,,,,
OUTLANDER 2014,BOTONERA ALZAVIDRIOS PUERTA DELANTERA LH,Botonera Alzavidrios Puerta Delantera,Delantera Izquierda,DISPONIBLE,REVISADO,,,,,
OUTLANDER 2014,BOTONERA DE ALZAVIDRIOS LH 14,Botonera De Alzavidrios 14,Izquierda,DISPONIBLE,REVISADO,,,,,
OUTLANDER 2014,BRAZO LIMPIAPARABRISAS LH,Brazo Limpiaparabrisas,Izquierda,DISPONIBLE,REVISADO,,,,,
OUTLANDER 2014,BRAZO LIMPIAPARABRISAS RH,Brazo Limpiaparabrisas,Derecha,VENDIDO,REVISADO,,,,,
OUTLANDER 2014,CAJA ,Caja ,,DISPONIBLE,REVISADO,400000,390000,,,
OUTLANDER 2014,CALIPER DELANTERO LH,Caliper Delantero,Delantera Izquierda,DISPONIBLE,REVISADO,45000,40000,,,
OUTLANDER 2014,CALIPER DELANTERO LH 14,Caliper Delantero 14,Delantera Izquierda,VENDIDO,REVISADO,,,,,
OUTLANDER 2014,CALIPER DELANTERO RH,Caliper Delantero,Delantera Derecha,DISPONIBLE,REVISADO,45000,40000,,,
OUTLANDER 2014,CALIPER DELANTERO RH 14,Caliper Delantero 14,Delantera Derecha,VENDIDO,REVISADO,,,,,
OUTLANDER 2014,CALIPER TRASERO LH,Caliper Trasero,Trasera Izquierda,VENDIDO,REVISADO,40000,35000,,,
OUTLANDER 2014,CALIPER TRASERO RH,Caliper Trasero,Trasera Derecha,VENDIDO,REVISADO,40000,35000,,,
OUTLANDER 2014,CANISTER,Canister,,DISPONIBLE,REVISADO,,,,,
OUTLANDER 2014,CAÑERÍAS DE AIRE ACONDICIONADO,Cañerías De Aire Acondicionado,,DISPONIBLE,REVISADO,,,,,
OUTLANDER 2014,CAPOT,Capot,,VENDIDO,REVISADO,210000,200000,,,
OUTLANDER 2014,CHAPA CAPOT,Chapa Capot,,DISPONIBLE,REVISADO,,,,,
OUTLANDER 2014,CHAPA DE CONTACTO,Chapa De Contacto,,DISPONIBLE,REVISADO,,,,,
OUTLANDER 2014,CHAPA PUERTA DELANTERA LH,Chapa Puerta Delantera,Delantera Izquierda,VENDIDO,REVISADO,40000,35000,,,
OUTLANDER 2014,CHAPA PUERTA DELANTERA RH,Chapa Puerta Delantera,Delantera Derecha,DISPONIBLE,REVISADO,40000,35000,,,
OUTLANDER 2014,CHAPA PUERTA TRASERA RH,Chapa Puerta Trasera,Trasera Derecha,DISPONIBLE,REVISADO,40000,35000,,,
OUTLANDER 2014,CINTA DE AIRBAG,Cinta De Airbag,,VENDIDO,REVISADO,,,,,
OUTLANDER 2014,CINTA DE AIRBAG 14,Cinta De Airbag 14,,DISPONIBLE,REVISADO,,,,,
OUTLANDER 2014,CINTURÓN TRASERO ,Cinturón Trasero ,Trasera,VENDIDO,REVISADO,,,,,
OUTLANDER 2014,CINTURÓN TRASERO ,Cinturón Trasero ,Trasera,DISPONIBLE,REVISADO,,,,,
OUTLANDER 2014,CINTURÓN TRASERO CENTRAL,Cinturón Trasero Central,Central,DISPONIBLE,REVISADO,,,,,
OUTLANDER 2014,COFIA,Cofia,,DISPONIBLE,REVISADO,,,,,
OUTLANDER 2014,COLUMNA DE DIRECCIÓN,Columna De Dirección,,DISPONIBLE,REVISADO,,,,,
OUTLANDER 2014,COMPRESOR AIRE ACONDICIONADO 14,Compresor Aire Acondicionado 14,,VENDIDO,REVISADO,,,,,
OUTLANDER 2014,COMPRESOR DE AIRE,Compresor De Aire,,DISPONIBLE,REVISADO,125000,120000,,,
OUTLANDER 2014,CONTROL DE CALEFACCIÓN O DE CLIMATIZACIÓN,Control De Calefacción O De Climatización,,DISPONIBLE,REVISADO,,,,,
OUTLANDER 2014,CONTROL DE ESPEJOS 14,Control De Espejos 14,,DISPONIBLE,REVISADO,,,,,
OUTLANDER 2014,CREMALLERA DE ALZAVIDRIOS DELANTERA LH 14,Cremallera De Alzavidrios Delantera 14,Delantera Izquierda,DISPONIBLE,REVISADO,,,,,
OUTLANDER 2014,CREMALLERA DE ALZAVIDRIOS DELANTERA RH,Cremallera De Alzavidrios Delantera,Delantera Derecha,DISPONIBLE,REVISADO,,,,,
OUTLANDER 2014,CREMALLERA DE ALZAVIDRIOS DELANTERA RH 14,Cremallera De Alzavidrios Delantera 14,Delantera Derecha,DISPONIBLE,REVISADO,,,,,
OUTLANDER 2014,CREMALLERA DE ALZAVIDRIOS TRASERA LH,Cremallera De Alzavidrios Trasera,Trasera Izquierda,VENDIDO,REVISADO,,,,,
OUTLANDER 2014,CREMALLERA DE ALZAVIDRIOS TRASERA LH 14,Cremallera De Alzavidrios Trasera 14,Trasera Izquierda,DISPONIBLE,REVISADO,,,,,
OUTLANDER 2014,CREMALLERA DE ALZAVIDRIOS TRASERA RH,Cremallera De Alzavidrios Trasera,Trasera Derecha,DISPONIBLE,REVISADO,,,,,
OUTLANDER 2014,CREMALLERA DE ALZAVIDRIOS TRASERA RH 14,Cremallera De Alzavidrios Trasera 14,Trasera Derecha,DISPONIBLE,REVISADO,,,,,
OUTLANDER 2014,CREMALLERA DE DIRECCIÓN,Cremallera De Dirección,,VENDIDO,REVISADO,125000,125000,,,
OUTLANDER 2014,CUBRE CHAPA,Cubre Chapa,,DISPONIBLE,REVISADO,,,,,
OUTLANDER 2014,CUBRE EQUIPAJE,Cubre Equipaje,,DISPONIBLE,REVISADO,55000,50000,,,
OUTLANDER 2014,CUBRE MOTOR INFERIOR DELANTERO ,Cubre Motor Inferior Delantero ,Delantera,DISPONIBLE,REVISADO,,,,CONTINUACIÓN DEL PARACHOQUE POR ABAJO,
OUTLANDER 2014,CUBRE MOTOR SUPERIOR,Cubre Motor Superior,,DISPONIBLE,REVISADO,20000,20000,,,
OUTLANDER 2014,CUBRE TORPEDO EXTERIOR,Cubre Torpedo Exterior,,DISPONIBLE,REVISADO,35000,30000,,,
OUTLANDER 2014,CUBRE ZÓCALO RH 14,Cubre Zócalo 14,Derecha,DISPONIBLE,REVISADO,25000,25000,,,
OUTLANDER 2014,CUERPO ACELERACIÓN 14,Cuerpo Aceleración 14,,VENDIDO,REVISADO,,,,,
OUTLANDER 2014,CUERPO DE ACELERACIÓN,Cuerpo De Aceleración,,DISPONIBLE,REVISADO,,,,,
OUTLANDER 2014,CULATA,Culata,,VENDIDO,REVISADO,210000,200000,,,
OUTLANDER 2014,CUNA,Cuna,,VENDIDO,REVISADO,,,,,
OUTLANDER 2014,DEPÓSITO DE AGUA,Depósito De Agua,,DISPONIBLE,REVISADO,,,,,
OUTLANDER 2014,DEPÓSITO LIMPIAPARABRISAS,Depósito Limpiaparabrisas,,VENDIDO,REVISADO,50000,50000,,,
OUTLANDER 2014,DISCO DE FRENO DELANTERA RH,Disco De Freno Delantera,Delantera Derecha,DISPONIBLE,REVISADO,,,,,
OUTLANDER 2014,DISCO DE FRENO DELANTERO LH,Disco De Freno Delantero,Delantera Izquierda,DISPONIBLE,REVISADO,,,,,
OUTLANDER 2014,DISCO DE FRENO DELANTERO LH 14,Disco De Freno Delantero 14,Delantera Izquierda,DISPONIBLE,REVISADO,,,,,
OUTLANDER 2014,DISCO DE FRENO DELANTERO RH 14,Disco De Freno Delantero 14,Delantera Derecha,DISPONIBLE,REVISADO,,,,,
OUTLANDER 2014,DISCO DE FRENO TRASERO LH,Disco De Freno Trasero,Trasera Izquierda,VENDIDO,REVISADO,,,,,
OUTLANDER 2014,DISCO DE FRENO TRASERO RH,Disco De Freno Trasero,Trasera Derecha,VENDIDO,REVISADO,,,,,
OUTLANDER 2014,DUCTO CORRUGADO 14,Ducto Corrugado 14,,DISPONIBLE,REVISADO,25000,20000,,,
OUTLANDER 2014,ECU,Ecu,,VENDIDO,REVISADO,180000,180000,,,
OUTLANDER 2014,EJE O TREN TRASERO 14,Eje O Tren Trasero 14,Trasera,DISPONIBLE,REVISADO,,,,,
OUTLANDER 2014,EJE PALIER DERECHO 14,Eje Palier Derecho 14,,VENDIDO,REVISADO,100000,90000,,,
OUTLANDER 2014,EJE PALIER IZQUIERDO 14,Eje Palier Izquierdo 14,,VENDIDO,REVISADO,90000,80000,,,
OUTLANDER 2014,EJE PALIER LH,Eje Palier,Izquierda,VENDIDO,REVISADO,,,,,
OUTLANDER 2014,EJE PALIER RH,Eje Palier,Derecha,DISPONIBLE,REVISADO,,,,,
OUTLANDER 2014,EJE TRASERO COMPLETO 2018 ,Eje Trasero Completo 2018 ,Trasera,VENDIDO,REVISADO,,,,,Año
OUTLANDER 2014,EJE TRASERO DEL 2014 DISPONIBLE (SON IGUALES),Eje Trasero Del 2014 Disponible (Son Iguales),Trasera,DISPONIBLE,REVISADO,,,,,Año
OUTLANDER 2014,ELECTROVENTILADOR,Electroventilador,,DISPONIBLE,REVISADO,,,,,
OUTLANDER 2014,EMBELLECEDOR DE SINÓPTICO,Embellecedor De Sinóptico,,DISPONIBLE,REVISADO,,,,,
OUTLANDER 2014,ENCENDEDOR COM ENTRADA USB,Encendedor Com Entrada Usb,,DISPONIBLE,REVISADO,,,,,
OUTLANDER 2014,ESPEJO CENTRAL,Espejo Central,Central,DISPONIBLE,REVISADO,,,,,
OUTLANDER 2014,ESPEJO CENTRAL 14,Espejo Central 14,Central,DISPONIBLE,REVISADO,,,,,
OUTLANDER 2014,ESPEJO LH CON DETALLE,Espejo Con Detalle,Izquierda,VENDIDO,REVISADO,80000,75000,,detalles,Daños
OUTLANDER 2014,ESPEJO RH CON DETALLE,Espejo Con Detalle,Derecha,VENDIDO,REVISADO,,,,,Daños
OUTLANDER 2014,EXTENSIÓN DE CUNA LH,Extensión De Cuna,Izquierda,DISPONIBLE,REVISADO,,,,,
OUTLANDER 2014,EXTENSIÓN DE CUNA RH,Extensión De Cuna,Derecha,DISPONIBLE,REVISADO,,,,,
OUTLANDER 2014,FIJACIÓN DE BATERÍA,Fijación De Batería,,DISPONIBLE,REVISADO,,,,,
OUTLANDER 2014,FOCO INTERIOR LUZ TECHO  14,Foco Interior Luz Techo  14,,DISPONIBLE,REVISADO,,,,,
OUTLANDER 2014,FOCO TRASERO EXTERIOR LH,Foco Trasero Exterior,Trasera Izquierda,VENDIDO,REVISADO,120000,110000,,,
OUTLANDER 2014,FOCO TRASERO EXTERIOR RH,Foco Trasero Exterior,Trasera Derecha,VENDIDO,REVISADO,120000,110000,,,
OUTLANDER 2014,FRENO DE MANO,Freno De Mano,,DISPONIBLE,REVISADO,,,,,
OUTLANDER 2014,FRONTAL INFERIOR 14,Frontal Inferior 14,,VENDIDO,REVISADO,50000,50000,,,
OUTLANDER 2014,FRONTAL SUPERIOR CENTRAL,Frontal Superior Central,Central,VENDIDO,REVISADO,95000,95000,,,
OUTLANDER 2014,FRONTAL SUPERIOR LATERAL LH,Frontal Superior Lateral,Izquierda,VENDIDO,REVISADO,,,,,
OUTLANDER 2014,FRONTAL SUPERIOR SECUNDARIO,Frontal Superior Secundario,,DISPONIBLE,REVISADO,45000,45000,,,
OUTLANDER 2014,FUNDA DE PARACHOQUE DELANTERA COMPLETA,Funda De Parachoque Delantera Completa,Delantera,VENDIDO,REVISADO,,,,,
OUTLANDER 2014,FUNDA DE PARACHOQUE TRASERA ,Funda De Parachoque Trasera ,Trasera,VENDIDO,REVISADO,,,,,
OUTLANDER 2014,FUSILERA INTERIOR,Fusilera Interior,,DISPONIBLE,REVISADO,,,,,
OUTLANDER 2014,FUSILERA INTERIOR 14,Fusilera Interior 14,,DISPONIBLE,REVISADO,180000,170000,,,
OUTLANDER 2014,GANCHO DE RUEDA CON PERNO,Gancho De Rueda Con Perno,,VENDIDO,REVISADO,10000,10000,,,
OUTLANDER 2014,GOMA DE PUERTA DELANTERA RH,Goma De Puerta Delantera,Delantera Derecha,DISPONIBLE,REVISADO,,,,,
OUTLANDER 2014,GOMA DE PUERTA TRASERA RH,Goma De Puerta Trasera,Trasera Derecha,DISPONIBLE,REVISADO,,,,,
OUTLANDER 2014,GOMA PORTALÓN,Goma Portalón,,VENDIDO,POR REVISAR,,,,,
OUTLANDER 2014,GOMA PUERTA DELANTERA LH,Goma Puerta Delantera,Delantera Izquierda,DISPONIBLE,REVISADO,,,,,
OUTLANDER 2014,GOMA PUERTA TRASERA LH,Goma Puerta Trasera,Trasera Izquierda,DISPONIBLE,REVISADO,,,,,
OUTLANDER 2014,GUANTERA,Guantera,,DISPONIBLE,REVISADO,,,,,
OUTLANDER 2014,GUARDAFANGO DELANTERO LH,Guardafango Delantero,Delantera Izquierda,VENDIDO,REVISADO,,,,,
OUTLANDER 2014,GUARDAFANGO DELANTERO RH,Guardafango Delantero,Delantera Derecha,VENDIDO,REVISADO,,,,,
OUTLANDER 2014,GUARDAFANGO TRASERO LH,Guardafango Trasero,Trasera Izquierda,DISPONIBLE,REVISADO,15000,10000,,,
OUTLANDER 2014,GUARDAFANGO TRASERO LH 14,Guardafango Trasero 14,Trasera Izquierda,DISPONIBLE,REVISADO,,,,,
OUTLANDER 2014,GUARDAFANGO TRASERO RH,Guardafango Trasero,Trasera Derecha,DISPONIBLE,REVISADO,15000,10000,,,
OUTLANDER 2014,KIT DE AIRBAG,Kit De Airbag,,VENDIDO,REVISADO,450000,430000,,,Múltiples
OUTLANDER 2014,KIT DE AIRBAG  14,Kit De Airbag  14,,VENDIDO,REVISADO,500000,450000,,,Múltiples
OUTLANDER 2014,LLANTA 1,Llanta 1,,VENDIDO,REVISADO,110000,100000,,,
OUTLANDER 2014,LLANTA 2,Llanta 2,,DISPONIBLE,REVISADO,110000,100000,,,
OUTLANDER 2014,LLANTA 3,Llanta 3,,DISPONIBLE,REVISADO,110000,100000,,,
OUTLANDER 2014,LLANTA 4,Llanta 4,,DISPONIBLE,REVISADO,110000,100000,,,
OUTLANDER 2014,LLANTAS JUEGO X4,Llantas Juego X4,,DISPONIBLE,REVISADO,,,,,Múltiples
OUTLANDER 2014,LUZ TAPABARRO 14,Luz Tapabarro 14,,DISPONIBLE,REVISADO,,,,,
OUTLANDER 2014,LUZ TECHO INTERIOR DELANTERA,Luz Techo Interior Delantera,Delantera,VENDIDO,REVISADO,,,,,
OUTLANDER 2014,LUZ TECHO INTERIOR TRASERA Y CENTRAL,Luz Techo Interior Trasera Y Central,Central,DISPONIBLE,REVISADO,,,,CONFIRMAR SI VAN SEPARADAS O JUNTAS,
OUTLANDER 2014,MANGUERAS DE AGUA GORDAS,Mangueras De Agua Gordas,,DISPONIBLE,REVISADO,,,,,
OUTLANDER 2014,MANILLA EXTERIOR ELANTERA LH 14,Manilla Exterior Elantera 14,Izquierda,DISPONIBLE,REVISADO,,,,,
OUTLANDER 2014,MANILLA EXTERIOR PUERTA DELANTERA LH,Manilla Exterior Puerta Delantera,Delantera Izquierda,DISPONIBLE,REVISADO,,,,,
OUTLANDER 2014,MANILLA EXTERIOR PUERTA DELANTERA RH,Manilla Exterior Puerta Delantera,Delantera Derecha,DISPONIBLE,REVISADO,,,,,
OUTLANDER 2014,MANILLA EXTERIOR PUERTA TRASERA RH,Manilla Exterior Puerta Trasera,Trasera Derecha,DISPONIBLE,REVISADO,,,,,
OUTLANDER 2014,MANILLA EXTERIOR TRASERA LH 14,Manilla Exterior Trasera 14,Trasera Izquierda,DISPONIBLE,REVISADO,,,,,
OUTLANDER 2014,MANILLA INTERIOR DE PUERTA DELANTERA LH,Manilla Interior De Puerta Delantera,Delantera Izquierda,DISPONIBLE,REVISADO,,,,,
OUTLANDER 2014,MANILLA INTERIOR DE PUERTA DELANTERA RH,Manilla Interior De Puerta Delantera,Delantera Derecha,DISPONIBLE,REVISADO,,,,,
OUTLANDER 2014,MANILLA INTERIOR DE PUERTA TRASERA LH,Manilla Interior De Puerta Trasera,Trasera Izquierda,DISPONIBLE,REVISADO,,,,,
OUTLANDER 2014,MANILLA INTERIOR DE PUERTA TRASERA RH,Manilla Interior De Puerta Trasera,Trasera Derecha,DISPONIBLE,REVISADO,,,,,
OUTLANDER 2014,MANILLA INTERIOR PUERTA TRASERA LH 14,Manilla Interior Puerta Trasera 14,Trasera Izquierda,DISPONIBLE,REVISADO,,,,,
OUTLANDER 2014,MÁSCARA CON LOGO,Máscara Con Logo,,VENDIDO,REVISADO,115000,110000,,,
OUTLANDER 2014,MÉNSULA DELANTERA LH,Ménsula Delantera,Delantera Izquierda,DISPONIBLE,REVISADO,20000,15000,,,
OUTLANDER 2014,MÉNSULA DELANTERA RH,Ménsula Delantera,Delantera Derecha,DISPONIBLE,REVISADO,20000,15000,,,
OUTLANDER 2014,MÉNSULA DELANTERA RH 14,Ménsula Delantera 14,Delantera Derecha,DISPONIBLE,REVISADO,,,,,
OUTLANDER 2014,MÉNSULA TRASERA LH,Ménsula Trasera,Trasera Izquierda,DISPONIBLE,REVISADO,20000,15000,,,
OUTLANDER 2014,MÉNSULA TRASERA LH 14,Ménsula Trasera 14,Trasera Izquierda,DISPONIBLE,REVISADO,,,,,
OUTLANDER 2014,MÉNSULA TRASERA RH,Ménsula Trasera,Trasera Derecha,DISPONIBLE,REVISADO,20000,15000,,,
OUTLANDER 2014,MÉNSULA TRASERA RH 14,Ménsula Trasera 14,Trasera Derecha,DISPONIBLE,REVISADO,,,,,
OUTLANDER 2014,MÓDULO ABS,Módulo Abs,,DISPONIBLE,REVISADO,,,,,
OUTLANDER 2014,MÓDULO CONTROL DE VÁLVULA O DIRECCIÓN,Módulo Control De Válvula O Dirección,,DISPONIBLE,REVISADO,,,,,
OUTLANDER 2014,MOLDURA DE TAPABARRO DELANTERA LH,Moldura De Tapabarro Delantera,Delantera Izquierda,VENDIDO,REVISADO,30000,25000,,,
OUTLANDER 2014,MOLDURA DE TAPABARRO DELANTERA RH,Moldura De Tapabarro Delantera,Delantera Derecha,VENDIDO,REVISADO,30000,25000,,,
OUTLANDER 2014,MOLDURA DE TAPABARRO TRASERO LH,Moldura De Tapabarro Trasero,Trasera Izquierda,VENDIDO,REVISADO,20000,15000,,,
OUTLANDER 2014,MOLDURA DE TAPABARRO TRASERO RH,Moldura De Tapabarro Trasero,Trasera Derecha,VENDIDO,REVISADO,20000,15000,,,
OUTLANDER 2014,MOLDURA PUERTA DELANTERA LH,Moldura Puerta Delantera,Delantera Izquierda,VENDIDO,REVISADO,,,,,
OUTLANDER 2014,MOLDURA PUERTA DELANTERA RH,Moldura Puerta Delantera,Delantera Derecha,DISPONIBLE,REVISADO,,,,,
OUTLANDER 2014,MOLDURA PUERTA TRASERA LH,Moldura Puerta Trasera,Trasera Izquierda,VENDIDO,REVISADO,,,,,
OUTLANDER 2014,MOLDURA PUERTA TRASERA RH,Moldura Puerta Trasera,Trasera Derecha,DISPONIBLE,REVISADO,,,,,
OUTLANDER 2014,MOLDURA TRIÁNGULO ESQUINA PARABRISAS LH,Moldura Triángulo Esquina Parabrisas,Izquierda,VENDIDO,REVISADO,15000,15000,,,
OUTLANDER 2014,MOLDURA TRIÁNGULO ESQUINA PARABRISAS RH,Moldura Triángulo Esquina Parabrisas,Derecha,DISPONIBLE,REVISADO,15000,15000,,,
OUTLANDER 2014,MOTOR DE PARTIDA,Motor De Partida,,VENDIDO,REVISADO,85000,85000,,,
OUTLANDER 2014,MOTOR DE PARTIDA 14,Motor De Partida 14,,VENDIDO,REVISADO,80000,75000,,,
OUTLANDER 2014,MOTOR LIMPIAPARABRISAS CON VARILLAJE,Motor Limpiaparabrisas Con Varillaje,,DISPONIBLE,REVISADO,,,,,
OUTLANDER 2014,MÚLTIPLE DE ADMISIÓN,Múltiple De Admisión,,DISPONIBLE,REVISADO,,,,,
OUTLANDER 2014,MULTIPLE DE ADMISIÓN  14,Multiple De Admisión  14,,VENDIDO,REVISADO,,,,,
OUTLANDER 2014,MÚLTOPLE DE ESCAPE CON CATALÍTICO,Múltople De Escape Con Catalítico,,DISPONIBLE,REVISADO,,,,,
OUTLANDER 2014,MUÑÓN DELANTERO LH (VA CON MAZA) ,Muñón Delantero (Va Con Maza) ,Delantera Izquierda,DISPONIBLE,REVISADO,,,,,
OUTLANDER 2014,MUÑÓN DELANTERO RH (VA CON MAZA) ,Muñón Delantero (Va Con Maza) ,Delantera Derecha,DISPONIBLE,REVISADO,,,,,
OUTLANDER 2014,ÓPTICO LH,Óptico,Izquierda,VENDIDO,REVISADO,190000,180000,,,
OUTLANDER 2014,ÓPTICO RH,Óptico,Derecha,VENDIDO,REVISADO,190000,180000,,,
OUTLANDER 2014,PALANCA DE CAMBIO,Palanca De Cambio,,DISPONIBLE,REVISADO,,,,,
OUTLANDER 2014,PALANCA DE CAMBIOS 14,Palanca De Cambios 14,,DISPONIBLE,REVISADO,50000,40000,,,
OUTLANDER 2014,PANEL TRASERO TAPIZ O MOLDURA,Panel Trasero Tapiz O Moldura,Trasera,DISPONIBLE,REVISADO,,,,,
OUTLANDER 2014,PARABRISAS 14,Parabrisas 14,,VENDIDO,REVISADO,80000,70000,,,
OUTLANDER 2014,PARACHOQUE TRASERO COMPLETO,Parachoque Trasero Completo,Trasera,VENDIDO,REVISADO,320000,300000,,,
OUTLANDER 2014,PARASOL LH,Parasol,Izquierda,DISPONIBLE,REVISADO,,20000,,,
OUTLANDER 2014,PARASOL LH 14,Parasol 14,Izquierda,DISPONIBLE,REVISADO,,,,,
OUTLANDER 2014,PARASOL RH,Parasol,Derecha,DISPONIBLE,REVISADO,,20000,,,
OUTLANDER 2014,PEDAL DE ACELERACIÓN,Pedal De Aceleración,,DISPONIBLE,REVISADO,,,,,
OUTLANDER 2014,PEDAL DE EMBRAGUE,Pedal De Embrague,,DISPONIBLE,REVISADO,,,,,
OUTLANDER 2014,PEDAL DE FRENO CON INTERRUPTOR,Pedal De Freno Con Interruptor,,DISPONIBLE,REVISADO,,,,,
OUTLANDER 2014,PIOLA CON MANILLA TAPA DE BENCINA,Piola Con Manilla Tapa De Bencina,,DISPONIBLE,REVISADO,,,,,
OUTLANDER 2014,PIOLA DE CAPOT CON MANILLA,Piola De Capot Con Manilla,,DISPONIBLE,REVISADO,,,,,
OUTLANDER 2014,PIOLA FRENO DE MANOS,Piola Freno De Manos,,VENDIDO,REVISADO,40000,40000,,,
OUTLANDER 2014,PIOLA PALANCA DE CAMBIOS,Piola Palanca De Cambios,,VENDIDO,REVISADO,,,,,
OUTLANDER 2014,PIOLAS DE FRENO TRASERO,Piolas De Freno Trasero,Trasera,VENDIDO,REVISADO,20000,20000,,,
OUTLANDER 2014,PISOS DE GOMA,Pisos De Goma,,VENDIDO,REVISADO,25000,25000,,,
OUTLANDER 2014,PORTA FILTRO,Porta Filtro,,DISPONIBLE,REVISADO,,,,,
OUTLANDER 2014,PORTA FILTRO 14,Porta Filtro 14,,DISPONIBLE,REVISADO,50000,40000,,,
OUTLANDER 2014,PORTALÓN COMPLETO,Portalón Completo,,VENDIDO,REVISADO,470000,450000,,,
OUTLANDER 2014,PUERTA DELANTERA LH 14,Puerta Delantera 14,Delantera Izquierda,VENDIDO,REVISADO,120000,110000,,,
OUTLANDER 2014,PUERTA SOLO LATA DELANTERA LH,Puerta Solo Lata Delantera,Delantera Izquierda,VENDIDO,REVISADO,75000,70000,,,
OUTLANDER 2014,PUERTA SOLO LATA DELANTERA RH,Puerta Solo Lata Delantera,Delantera Derecha,VENDIDO,REVISADO,85000,80000,,PRECIO ACTUALIZADO,
OUTLANDER 2014,PUERTA SOLO LATA TRASERA LH,Puerta Solo Lata Trasera,Trasera Izquierda,DISPONIBLE,REVISADO,85000,80000,,PRECIO ACTUALIZADO,
OUTLANDER 2014,PUERTA SOLO LATA TRASERA RH,Puerta Solo Lata Trasera,Trasera Derecha,VENDIDO,REVISADO,75000,70000,,,
OUTLANDER 2014,PUERTA TRASERA LH SOLO LATA 14,Puerta Trasera Solo Lata 14,Trasera Izquierda,DISPONIBLE,REVISADO,120000,110000,,,
OUTLANDER 2014,RADIADOR AGUA ,Radiador Agua ,,VENDIDO,REVISADO,95000,95000,,,
OUTLANDER 2014,RADIADOR AIRE ACONDICIONADO,Radiador Aire Acondicionado,,DISPONIBLE,REVISADO,,,,,
OUTLANDER 2014,RADIADOR DE AGUA,Radiador De Agua,,VENDIDO,REVISADO,,,,,
OUTLANDER 2014,RADIADOR DE AIRE,Radiador De Aire,,DISPONIBLE,REVISADO,,,,,
OUTLANDER 2014,RADIADOR DE CALEFACCIÓN INTERIOR,Radiador De Calefacción Interior,,DISPONIBLE,REVISADO,,,,,
OUTLANDER 2014,RADIO,Radio,,VENDIDO,REVISADO,,,,,
OUTLANDER 2014,REFUERZO DE PARACHOQUE DELANTERO,Refuerzo De Parachoque Delantero,Delantera,VENDIDO,REVISADO,60000,60000,,,
OUTLANDER 2014,REFUERZO DE PARACHOQUE SUPERIOR,Refuerzo De Parachoque Superior,,DISPONIBLE,REVISADO,55000,50000,,,
OUTLANDER 2014,RESONADOR PORTA FILTRO DE AIRE,Resonador Porta Filtro De Aire,,VENDIDO,REVISADO,,,,,
OUTLANDER 2014,RIEL DE INYECCIÓN,Riel De Inyección,,DISPONIBLE,REVISADO,,,,,
OUTLANDER 2014,RODAMIENTO TENSOR CON SOPORTE CON RODILLOS,Rodamiento Tensor Con Soporte Con Rodillos,,DISPONIBLE,REVISADO,,,,,
OUTLANDER 2014,SENSOR ABS DELANTERO LH,Sensor Abs Delantero,Delantera Izquierda,DISPONIBLE,REVISADO,,,,,
OUTLANDER 2014,SENSOR ABS DELANTERO RH,Sensor Abs Delantero,Delantera Derecha,DISPONIBLE,REVISADO,,,,,
OUTLANDER 2014,SENSOR ABS LH 14,Sensor Abs 14,Izquierda,DISPONIBLE,REVISADO,,,,,
OUTLANDER 2014,SENSOR DE OXÍGENO  14,Sensor De Oxígeno  14,,DISPONIBLE,REVISADO,,,,,
OUTLANDER 2014,SENSOR DE OXÍGENO  14,Sensor De Oxígeno  14,,DISPONIBLE,REVISADO,,,,,
OUTLANDER 2014,SENSOR DE OXÍGENO BANCO 1,Sensor De Oxígeno Banco 1,,DISPONIBLE,REVISADO,,,,,
OUTLANDER 2014,SENSOR DE OXÍGENO BANCO 2,Sensor De Oxígeno Banco 2,,DISPONIBLE,REVISADO,,,,,
OUTLANDER 2014,SENSOR DE SERVO FRENO,Sensor De Servo Freno,,DISPONIBLE,REVISADO,,,,,
OUTLANDER 2014,SENSOR MAF 14,Sensor Maf 14,,DISPONIBLE,REVISADO,25000,20000,,,
OUTLANDER 2014,SERVO FRENO,Servo Freno,,DISPONIBLE,REVISADO,,,,,
OUTLANDER 2014,SINÓPTICO,Sinóptico,,DISPONIBLE,REVISADO,,,,,
OUTLANDER 2014,SOPORTE DE CAJA SUPERIOR,Soporte De Caja Superior,,DISPONIBLE,REVISADO,,,,,
OUTLANDER 2014,SOPORTE DE MOTOR INFERIOR CENTRAL,Soporte De Motor Inferior Central,Central,VENDIDO,REVISADO,20000,20000,,,
OUTLANDER 2014,SOPORTE DE MOTOR LH 14,Soporte De Motor 14,Izquierda,VENDIDO,REVISADO,,,,,
OUTLANDER 2014,SOPORTE DE MOTOR RH,Soporte De Motor,Derecha,VENDIDO,REVISADO,,,,,
OUTLANDER 2014,SOPORTE DE MOTOR RH  14,Soporte De Motor  14,Derecha,VENDIDO,REVISADO,45000,45000,,,
OUTLANDER 2014,TAPA DE BENCINA EXTERIOR,Tapa De Bencina Exterior,,DISPONIBLE,REVISADO,,,,,
OUTLANDER 2014,TAPA DE BENCINA EXTERIOR 14,Tapa De Bencina Exterior 14,,DISPONIBLE,REVISADO,,,,,
OUTLANDER 2014,TAPA DE BENCINA INTERIOR,Tapa De Bencina Interior,,DISPONIBLE,REVISADO,,,,,
OUTLANDER 2014,TAPA FUSILERA EXTERIOR,Tapa Fusilera Exterior,,VENDIDO,REVISADO,30000,30000,,,
OUTLANDER 2014,TAPABARRO LH,Tapabarro,Izquierda,VENDIDO,REVISADO,100000,100000,,,
OUTLANDER 2014,TAPABARRO RH,Tapabarro,Derecha,VENDIDO,REVISADO,95000,95000,,,
OUTLANDER 2014,TAPAS DE NEBLINEROS ,Tapas De Neblineros ,,VENDIDO,REVISADO,,,,,
OUTLANDER 2014,TAPIZ DE PUERTA DELANTERA RH,Tapiz De Puerta Delantera,Delantera Derecha,DISPONIBLE,REVISADO,,,,,
OUTLANDER 2014,TAPIZ DE PUERTA TRASERA RH,Tapiz De Puerta Trasera,Trasera Derecha,DISPONIBLE,REVISADO,,,,,
OUTLANDER 2014,TAPIZ PUERTA DELANTERA LH,Tapiz Puerta Delantera,Delantera Izquierda,DISPONIBLE,REVISADO,,,,,
OUTLANDER 2014,TAPIZ PUERTA TRASERA LH,Tapiz Puerta Trasera,Trasera Izquierda,DISPONIBLE,REVISADO,,,,,
OUTLANDER 2014,TAPIZ TECHO,Tapiz Techo,,VENDIDO,REVISADO,,,,,
OUTLANDER 2014,TELECOMANDO 14,Telecomando 14,,DISPONIBLE,REVISADO,,,,,
OUTLANDER 2014,TELECOMANDO DE LIMPIAPARABRISAS,Telecomando De Limpiaparabrisas,,DISPONIBLE,REVISADO,,,,,
OUTLANDER 2014,TELECOMANDO DE LUCES,Telecomando De Luces,,DISPONIBLE,REVISADO,,,,,
OUTLANDER 2014,TIRANTE DE PUERTA DELANTERA LH 14,Tirante De Puerta Delantera 14,Delantera Izquierda,DISPONIBLE,REVISADO,,,,,
OUTLANDER 2014,TOMA DE AIRE PORTA FILTRO,Toma De Aire Porta Filtro,,VENDIDO,REVISADO,,,,,
OUTLANDER 2014,TUBO DE AIRE FRONTAL SUPERIOR 14,Tubo De Aire Frontal Superior 14,,VENDIDO,REVISADO,25000,20000,,,
OUTLANDER 2014,VARILLA DE CAPOT,Varilla De Capot,,DISPONIBLE,REVISADO,,,,,
OUTLANDER 2014,VIDRIO LUNETA TRASERA LATERAL LH 14,Vidrio Luneta Trasera Lateral 14,Trasera Izquierda,VENDIDO,REVISADO,,,,,
OUTLANDER 2014,VIDRIO LUNETA TRASERA LATERAL RH  14,Vidrio Luneta Trasera Lateral  14,Trasera Derecha,VENDIDO,REVISADO,,,,,
OUTLANDER 2014,VIDRIO PUERTA DELANTERA LH,Vidrio Puerta Delantera,Delantera Izquierda,NO DISPONIBLE,REVISADO,,,,,
OUTLANDER 2014,VIDRIO PUERTA DELANTERA LH 14,Vidrio Puerta Delantera 14,Delantera Izquierda,DISPONIBLE,REVISADO,50000,45000,,,
OUTLANDER 2014,VIDRIO PUERTA DELANTERA RH,Vidrio Puerta Delantera,Delantera Derecha,NO DISPONIBLE,REVISADO,,,,,
OUTLANDER 2014,VIDRIO PUERTA DELANTERA RH 14,Vidrio Puerta Delantera 14,Delantera Derecha,DISPONIBLE,REVISADO,50000,45000,,,
OUTLANDER 2014,VIDRIO PUERTA TRASERA LH,Vidrio Puerta Trasera,Trasera Izquierda,NO DISPONIBLE,REVISADO,,,,,
OUTLANDER 2014,VIDRIO PUERTA TRASERA LH 14,Vidrio Puerta Trasera 14,Trasera Izquierda,VENDIDO,REVISADO,50000,45000,,,
OUTLANDER 2014,VIDRIO PUERTA TRASERA RH,Vidrio Puerta Trasera,Trasera Derecha,NO DISPONIBLE,REVISADO,,,,,
OUTLANDER 2014,VOLANTE,Volante,,DISPONIBLE,REVISADO,,,,,
OUTLANDER 2014,VOLANTE 14,Volante 14,,VENDIDO,REVISADO,35000,30000,,,
OUTLANDER 2014,POSITIVO BATERÍA,Positivo Batería,,VENDIDO,,,,,,Sin ubic
PASSAT 2003,ALTERNADOR,Alternador,,DISPONIBLE,SANTIAGO,120000,100000,,,
PASSAT 2003,AMORTIGUADOR DELANTERO LH,Amortiguador Delantero,Delantera Izquierda,DISPONIBLE,SANTIAGO,55000,50000,,,
PASSAT 2003,AMORTIGUADOR DELANTERO RH,Amortiguador Delantero,Delantera Derecha,VENDIDO,SANTIAGO,55000,50000,,,
PASSAT 2003,AMORTIGUADOR TRASERO LH,Amortiguador Trasero,Trasera Izquierda,VENDIDO,SANTIAGO,,,,,
PASSAT 2003,AMORTIGUADOR TRASERO RH,Amortiguador Trasero,Trasera Derecha,VENDIDO,SANTIAGO,,,,,
PASSAT 2003,ASIENTO DELANTERO LH,Asiento Delantero,Delantera Izquierda,NO DISPONIBLE,SANTIAGO,45000,40000,,,
PASSAT 2003,ASIENTO DELANTERO RH,Asiento Delantero,Delantera Derecha,DISPONIBLE,SANTIAGO,55000,50000,,,
PASSAT 2003,ASIENTOS TRASEROS,Asientos Traseros,Trasera,DISPONIBLE,REQUINOA,80000,70000,,,
PASSAT 2003,BANDEJA DELANTERA LH INFERIOR EXTERIOR,Bandeja Delantera Inferior Exterior,Delantera Izquierda,DISPONIBLE,SANTIAGO,20000,15000,,30 EL PAR ,
PASSAT 2003,BANDEJA DELANTERA LH INFERIOR INTERIOR,Bandeja Delantera Inferior Interior,Delantera Izquierda,DISPONIBLE,SANTIAGO,20000,15000,,,
PASSAT 2003,BANDEJA DELANTERA LH SUPERIOR EXTERIOR,Bandeja Delantera Superior Exterior,Delantera Izquierda,DISPONIBLE,SANTIAGO,20000,15000,,30 EL PAR,
PASSAT 2003,BANDEJA DELANTERA LH SUPERIOR INTERIOR,Bandeja Delantera Superior Interior,Delantera Izquierda,DISPONIBLE,SANTIAGO,20000,15000,,,
PASSAT 2003,BANDEJA DELANTERA RH INFERIOR EXTERIOR,Bandeja Delantera Inferior Exterior,Delantera Derecha,DISPONIBLE,SANTIAGO,20000,15000,,30 EL PAR,
PASSAT 2003,BANDEJA DELANTERA RH INFERIOR INTERIOR,Bandeja Delantera Inferior Interior,Delantera Derecha,DISPONIBLE,SANTIAGO,20000,15000,,,
PASSAT 2003,BANDEJA DELANTERA RH SUPERIOR EXTERIOR,Bandeja Delantera Superior Exterior,Delantera Derecha,VENDIDO,SANTIAGO,,,,,
PASSAT 2003,BANDEJA DELANTERA RH SUPERIOR INTERIOR,Bandeja Delantera Superior Interior,Delantera Derecha,VENDIDO,SANTIAGO,,,,,
PASSAT 2003,BANDEJA TRASERA INFERIOR LH,Bandeja Trasera Inferior,Trasera Izquierda,DISPONIBLE,SANTIAGO,,,,,
PASSAT 2003,BANDEJA TRASERA INFERIOR RH,Bandeja Trasera Inferior,Trasera Derecha,DISPONIBLE,SANTIAGO,,,,,
PASSAT 2003,BANDEJA TRASERA SUPERIOR LH,Bandeja Trasera Superior,Trasera Izquierda,DISPONIBLE,SANTIAGO,,,,,
PASSAT 2003,BANDEJA TRASERA SUPERIOR RH,Bandeja Trasera Superior,Trasera Derecha,DISPONIBLE,SANTIAGO,,,,,
PASSAT 2003,BARRA ESTABILIZADORA DELANTERA,Barra Estabilizadora Delantera,Delantera,DISPONIBLE,SANTIAGO,,,,,
PASSAT 2003,BARRA ESTABILIZADORA TRASERA,Barra Estabilizadora Trasera,Trasera,DISPONIBLE,SANTIAGO,,,,,
PASSAT 2003,BARRA TRASERA LH,Barra Trasera,Trasera Izquierda,NO DISPONIBLE,SANTIAGO,,,,MALA,
PASSAT 2003,BARRA TRASERA RH,Barra Trasera,Trasera Derecha,DISPONIBLE,SANTIAGO,,,,,
PASSAT 2003,BASE COMPRESOR DE AIRE,Base Compresor De Aire,,DISPONIBLE,SANTIAGO,,,,,
PASSAT 2003,BASE SOPORTE,Base Soporte,,DISPONIBLE,SANTIAGO,,,,LLEGARON 3 EL 17 DE DIC,
PASSAT 2003,BASE SOPORTE,Base Soporte,,DISPONIBLE,SANTIAGO,,,,LLEGARON 3 EL 17 DE DIC,
PASSAT 2003,BASE SOPORTE,Base Soporte,,DISPONIBLE,SANTIAGO,,,,LLEGARON 3 EL 17 DE DIC,
PASSAT 2003,BISAGRA DE CAPOT LH,Bisagra De Capot,Izquierda,DISPONIBLE,SANTIAGO,,,,,
PASSAT 2003,BISAGRA DE CAPOT RH,Bisagra De Capot,Derecha,DISPONIBLE,SANTIAGO,,,,,
PASSAT 2003,BISAGRA DELANTERA PUERTA LH INFERIOR,Bisagra Delantera Puerta Inferior,Delantera Izquierda,DISPONIBLE,SANTIAGO,,,,,
PASSAT 2003,BISAGRA DELANTERA PUERTA LH SUPERIOR,Bisagra Delantera Puerta Superior,Delantera Izquierda,DISPONIBLE,SANTIAGO,,,,,
PASSAT 2003,BISAGRA DELANTERA PUERTA RH INFERIOR,Bisagra Delantera Puerta Inferior,Delantera Derecha,DISPONIBLE,SANTIAGO,,,,,
PASSAT 2003,BISAGRA DELANTERA PUERTA RH SUPERIOR,Bisagra Delantera Puerta Superior,Delantera Derecha,DISPONIBLE,SANTIAGO,,,,,
PASSAT 2003,BISAGRA PUERTA TRASERA LH SUPERIOR,Bisagra Puerta Trasera Superior,Trasera Izquierda,DISPONIBLE,SANTIAGO,,,,,
PASSAT 2003,BISEL RADIO Y CONTROL DE AIRE,Bisel Radio Y Control De Aire,,DISPONIBLE,SANTIAGO,,,,ESCRITO ASÍ EN INVENTARIO (REVISAR),Revisar
PASSAT 2003,BLOCK MOTOR,Block Motor,,DISPONIBLE,SANTIAGO,,,,,
PASSAT 2003,BOBINAS,Bobinas,,VENDIDO,SANTIAGO,55000,50000,,,
PASSAT 2003,BOCINA DE MALETA ,Bocina De Maleta ,,DISPONIBLE,SANTIAGO,,,,,
PASSAT 2003,BOMBA DE COMBUSTIBLE,Bomba De Combustible,,,,75000,,,,Sin ubic
PASSAT 2003,BOMBA DE ACEITE ,Bomba De Aceite ,,VENDIDO,,60000,55000,,,Sin ubic
PASSAT 2003,BOMBA DE COMBUSTIBLE ALTA PRESIÓN,Bomba De Combustible Alta Presión,,DISPONIBLE,SANTIAGO,,,,,
PASSAT 2003,BOMBA HIDRÁULICA,Bomba Hidráulica,,DISPONIBLE,SANTIAGO,70000,80000,,,
PASSAT 2003,BOTÓN CALIENTA ASIENTOS 1,Botón Calienta Asientos 1,,DISPONIBLE,SANTIAGO,,,,,
PASSAT 2003,BOTÓN CALIENTA ASIENTOS 2,Botón Calienta Asientos 2,,DISPONIBLE,SANTIAGO,,,,,
PASSAT 2003,BOTÓN DELANTERA RH,Botón Delantera,Delantera Derecha,DISPONIBLE,,15000,10000,,,Sin ubic
PASSAT 2003,BOTÓN TRASERA LH,Botón Trasera,Trasera Izquierda,DISPONIBLE,,15000,10000,,,Sin ubic
PASSAT 2003,BOTÓN TRASERA RH,Botón Trasera,Trasera Derecha,DISPONIBLE,,15000,10000,,,Sin ubic
PASSAT 2003,BOTONERA DELANTERA LH,Botonera Delantera,Delantera Izquierda,DISPONIBLE,,45000,40000,,"UN BOTÓN MALO, REVISAR PRECIO Y PEDIR FOTO PARA EL CLIENTE",Revisar; Sin ubic
PASSAT 2003,BRAZO LIMPIAPARABRISAS DELANTERO LH,Brazo Limpiaparabrisas Delantero,Delantera Izquierda,DISPONIBLE,SANTIAGO,,,,,
PASSAT 2003,BRAZO LIMPIAPARABRISAS DELANTERO RH,Brazo Limpiaparabrisas Delantero,Delantera Derecha,DISPONIBLE,SANTIAGO,,,,,
PASSAT 2003,BRAZO LIMPIAPARABRISAS TRASERO (PORTALÓN),Brazo Limpiaparabrisas Trasero (Portalón),Trasera,DISPONIBLE,SANTIAGO,,,,,
PASSAT 2003,CABLE BUJÍAS,Cable Bujías,,VENDIDO,SANTIAGO,,,,,
PASSAT 2003,CADENA,Cadena,,DISPONIBLE,SANTIAGO,60000,50000,,,
PASSAT 2003,CAJA ,Caja ,,VENDIDO,SANTIAGO,600000,550000,,,
PASSAT 2003,CALIPER DELANTERO LH,Caliper Delantero,Delantera Izquierda,DISPONIBLE,SANTIAGO,,,,,
PASSAT 2003,CALIPER DELANTERO RH,Caliper Delantero,Delantera Derecha,DISPONIBLE,SANTIAGO,,,,,
PASSAT 2003,CALIPER TRASERO LH,Caliper Trasero,Trasera Izquierda,DISPONIBLE,SANTIAGO,,,,,
PASSAT 2003,CALIPER TRASERO RH,Caliper Trasero,Trasera Derecha,DISPONIBLE,SANTIAGO,,,,,
PASSAT 2003,CANISTER,Canister,,DISPONIBLE,SANTIAGO,,,,,
PASSAT 2003,CAÑERÍA DE AGUA,Cañería De Agua,,DISPONIBLE,SANTIAGO,,,,,
PASSAT 2003,CAÑERÍA DE AGUA (PASA POR ENCIMA DEL MOTOR),Cañería De Agua (Pasa Por Encima Del Motor),,DISPONIBLE,SANTIAGO,,,,,
PASSAT 2003,CAÑERÍA DE AIRE,Cañería De Aire,,DISPONIBLE,SANTIAGO,,,,,
PASSAT 2003,CAÑERÍA EGR,Cañería Egr,,DISPONIBLE,SANTIAGO,,,,,
PASSAT 2003,CAPOT,Capot,,DISPONIBLE,SANTIAGO,90000,85000,,,
PASSAT 2003,CARDÁN TRASERO,Cardán Trasero,Trasera,VENDIDO,SANTIAGO,100000,80000,,,
PASSAT 2003,CARTER,Carter,,VENDIDO,SANTIAGO,80000,75000,,,
PASSAT 2003,CATALÍTICO 1,Catalítico 1,,VENDIDO,SANTIAGO,,,,,
PASSAT 2003,CATALÍTICO 2,Catalítico 2,,VENDIDO,SANTIAGO,,,,,
PASSAT 2003,CATALÍTICO 3,Catalítico 3,,VENDIDO,SANTIAGO,,,,,
PASSAT 2003,CATALÍTICO 4,Catalítico 4,,VENDIDO,SANTIAGO,,,,,
PASSAT 2003,CENTRÍFUGO O VISCOZO,Centrífugo O Viscozo,,DISPONIBLE,SANTIAGO,70000,60000,,,
PASSAT 2003,CHAPA CAPOT,Chapa Capot,,DISPONIBLE,SANTIAGO,25000,20000,,,
PASSAT 2003,CHAPA DE CONTACTO,Chapa De Contacto,,DISPONIBLE,SANTIAGO,,,,,
PASSAT 2003,CHAPA DE PUERTA DELANTERA RH,Chapa De Puerta Delantera,Delantera Derecha,VENDIDO,SANTIAGO,,,,,
PASSAT 2003,CHAPA DE PUERTA DELENTERA LH,Chapa De Puerta Delentera,Izquierda,VENDIDO,SANTIAGO,,,,,
PASSAT 2003,CHAPA DE PUERTA TRASERA LH,Chapa De Puerta Trasera,Trasera Izquierda,DISPONIBLE,SANTIAGO,,,,,
PASSAT 2003,CHAPA DE PUERTA TRASERA RH,Chapa De Puerta Trasera,Trasera Derecha,DISPONIBLE,SANTIAGO,,,,,
PASSAT 2003,CHAPA PORTALÓN,Chapa Portalón,,DISPONIBLE,SANTIAGO,,,,,
PASSAT 2003,CIERRE ELECTRÓNICO TAPA DE BENCINA,Cierre Electrónico Tapa De Bencina,,DISPONIBLE,SANTIAGO,,,,,
PASSAT 2003,CIGÜEÑAL ,Cigüeñal ,,DISPONIBLE,SANTIAGO,110000,100000,,,
PASSAT 2003,CINTA DE AIRBAG,Cinta De Airbag,,DISPONIBLE,SANTIAGO,,,,,
PASSAT 2003,CINTURÓN TRASERO CENTRAL,Cinturón Trasero Central,Central,DISPONIBLE,SANTIAGO,,,,,
PASSAT 2003,CINTURÓN TRASERO LH,Cinturón Trasero,Trasera Izquierda,DISPONIBLE,SANTIAGO,,,,,
PASSAT 2003,CINTURÓN TRASERO RH,Cinturón Trasero,Trasera Derecha,DISPONIBLE,SANTIAGO,,,,,
PASSAT 2003,COFIA,Cofia,,DISPONIBLE,SANTIAGO,,,,,
PASSAT 2003,COMPRESOR DE AIRE,Compresor De Aire,,DISPONIBLE,SANTIAGO,80000,70000,,,
PASSAT 2003,CONTROL DE LUCES,Control De Luces,,DISPONIBLE,SANTIAGO,,,,,
PASSAT 2003,CONTROL DE REGULACIÓN DE LUZ TABLERO Y AJUSTE DE LUZ EXIR,Control De Regulación De Luz Tablero Y Ajuste De Luz Exir,,DISPONIBLE,SANTIAGO,,,,,
PASSAT 2003,CREMALLERA DE ALZAVIDRIOS TRASERA LH,Cremallera De Alzavidrios Trasera,Trasera Izquierda,DISPONIBLE,SANTIAGO,,,,,
PASSAT 2003,CREMALLERA DE ALZAVIDRIOS TRASERA RH,Cremallera De Alzavidrios Trasera,Trasera Derecha,DISPONIBLE,SANTIAGO,,,,,
PASSAT 2003,CREMALLERA DE DIRECCIÓN ,Cremallera De Dirección ,,VENDIDO,SANTIAGO,85000,75000,,,
PASSAT 2003,CUBRE CARTER,Cubre Carter,,NO DISPONIBLE,N/A,,,,,
PASSAT 2003,CUBRE EQUIP'AJE (NO RETRACTIL),Cubre Equip'Aje (No Retractil),,DISPONIBLE,SANTIAGO,,,,CON DETALLE,
PASSAT 2003,CUBRE RUEDAD DE REPUESTO ,Cubre Ruedad De Repuesto ,,DISPONIBLE,SANTIAGO,,,,,
PASSAT 2003,CUBRE TORPEDO EXTERIOR,Cubre Torpedo Exterior,,DISPONIBLE,SANTIAGO,35000,30000,,,
PASSAT 2003,CUERPO DE ACELERACIÓN,Cuerpo De Aceleración,,DISPONIBLE,SANTIAGO,,,,,
PASSAT 2003,CULATA ,Culata ,,DISPONIBLE,SANTIAGO,,,,,
PASSAT 2003,CUNA,Cuna,,DISPONIBLE,SANTIAGO,,,,,
PASSAT 2003,DAMPER,Damper,,DISPONIBLE,SANTIAGO,,,,,
PASSAT 2003,DEPÓSITO DE AGUA O LÍQUIDO REFRIGERANTE ,Depósito De Agua O Líquido Refrigerante ,,DISPONIBLE,SANTIAGO,,,,LLEGÓ LA TAPA,
PASSAT 2003,DEPÓSITO DE VACÍO DE AIRE,Depósito De Vacío De Aire,,DISPONIBLE,SANTIAGO,,,,,
PASSAT 2003,DEPÓSITO LIMPIAPARABRISAS,Depósito Limpiaparabrisas,,DISPONIBLE,SANTIAGO,50000,45000,,,
PASSAT 2003,DEPÓSITO LÍQUIDO HIDRÁULICO,Depósito Líquido Hidráulico,,DISPONIBLE,SANTIAGO,,,,,
PASSAT 2003,DIFERENCIA TRASERO CON SOPORTES,Diferencia Trasero Con Soportes,Trasera,DISPONIBLE,SANTIAGO,,,,ESCRITO POR SERGIO REPUESTOS LLEGADOS EL 20-DE DICIEMBRE,
PASSAT 2003,DIFERENCIAL ,Diferencial ,,DISPONIBLE,,200000,190000,,,Sin ubic
PASSAT 2003,DISCO DE FRENO DELANTERO LH,Disco De Freno Delantero,Delantera Izquierda,DISPONIBLE,SANTIAGO,,,,,
PASSAT 2003,DISCO DE FRENO DELANTERO RH,Disco De Freno Delantero,Delantera Derecha,DISPONIBLE,SANTIAGO,,,,,
PASSAT 2003,DISCO DE FRENO TRASERO LH,Disco De Freno Trasero,Trasera Izquierda,DISPONIBLE,SANTIAGO,,,,,
PASSAT 2003,DISCO DE FRENO TRASERO RH,Disco De Freno Trasero,Trasera Derecha,DISPONIBLE,SANTIAGO,,,,,
PASSAT 2003,ECU,Ecu,,DISPONIBLE,SANTIAGO,140000,130000,,,
PASSAT 2003,EJE PALIER DELANTERO LH,Eje Palier Delantero,Delantera Izquierda,VENDIDO,SANTIAGO,100000,95000,,,
PASSAT 2003,EJE PALIER DELANTERO RH,Eje Palier Delantero,Delantera Derecha,VENDIDO,SANTIAGO,100000,95000,,,
PASSAT 2003,EJE TRASERO,Eje Trasero,Trasera,DISPONIBLE,SANTIAGO,70000,60000,,,
PASSAT 2003,EJE TRASERO LH,Eje Trasero,Trasera Izquierda,DISPONIBLE,SANTIAGO,,,,,
PASSAT 2003,EJE TRASERO RH,Eje Trasero,Trasera Derecha,DISPONIBLE,SANTIAGO,,,,,
PASSAT 2003,ELECTROVENTILADOR ,Electroventilador ,,DISPONIBLE,SANTIAGO,60000,55000,,,
PASSAT 2003,ENGANCHES CINTURONES TRASEROS,Enganches Cinturones Traseros,Trasera,DISPONIBLE,SANTIAGO,,,,,
PASSAT 2003,ESPEJO CENTRAL,Espejo Central,Central,DISPONIBLE,SANTIAGO,15000,10000,,,
PASSAT 2003,ESPEJO LH,Espejo,Izquierda,DISPONIBLE,SANTIAGO,25000,20000,,CON ESPEJO Y MICA QUEBRADOS,
PASSAT 2003,ESPEJO RH,Espejo,Derecha,VENDIDO,SANTIAGO,50000,45000,,,
PASSAT 2003,EVAPORADOR AIRE ACONDICIONADO,Evaporador Aire Acondicionado,,DISPONIBLE,SANTIAGO,,,,,
PASSAT 2003,FLUJÓMETRO ,Flujómetro ,,DISPONIBLE,SANTIAGO,,,,,
PASSAT 2003,FOCO TRASERO LH,Foco Trasero,Trasera Izquierda,VENDIDO,SANTIAGO,45000,40000,,,
PASSAT 2003,FOCO TRASERO RH,Foco Trasero,Trasera Derecha,VENDIDO,SANTIAGO,40000,35000,,,
PASSAT 2003,FRONTAL COMPLETO,Frontal Completo,,VENDIDO,SANTIAGO,90000,80000,,PLÁSTICO ,
PASSAT 2003,FUNDA DE PARACHOQUE DELANTERO CON REJILLAS,Funda De Parachoque Delantero Con Rejillas,Delantera,VENDIDO,SANTIAGO,100000,95000,,,
PASSAT 2003,FUNDA DE PARACHOQUE TRASERO,Funda De Parachoque Trasero,Trasera,DISPONIBLE,SANTIAGO,60000,50000,,,
PASSAT 2003,GOMA CONTORNO DE PUERTA DELANTERA LH,Goma Contorno De Puerta Delantera,Delantera Izquierda,DISPONIBLE,SANTIAGO,,,,,
PASSAT 2003,GOMA CONTORNO DE PUERTA DELANTERA RH,Goma Contorno De Puerta Delantera,Delantera Derecha,DISPONIBLE,SANTIAGO,,,,,
PASSAT 2003,GOMA CONTORNO DE PUERTA TRASERA LH,Goma Contorno De Puerta Trasera,Trasera Izquierda,DISPONIBLE,SANTIAGO,,,,,
PASSAT 2003,GOMA CONTORNO DE PUERTA TRASERA RH,Goma Contorno De Puerta Trasera,Trasera Derecha,DISPONIBLE,SANTIAGO,,,,,
PASSAT 2003,GUANTERA,Guantera,,VENDIDO,SANTIAGO,50000,45000,,,
PASSAT 2003,GUARDAFANGO TRASERO LH,Guardafango Trasero,Trasera Izquierda,DISPONIBLE,SANTIAGO,,,,,
PASSAT 2003,GUARDAFANGO TRASERO RH,Guardafango Trasero,Trasera Derecha,DISPONIBLE,SANTIAGO,,,,,
PASSAT 2003,KIT DE AIRBAG,Kit De Airbag,,DISPONIBLE,SANTIAGO,,,,,Múltiples
PASSAT 2003,LLANTA CON NEUMÁTICO 1,Llanta Con Neumático 1,,DISPONIBLE,SANTIAGO,60000,50000,,,
PASSAT 2003,LLANTA CON NEUMÁTICO 2,Llanta Con Neumático 2,,DISPONIBLE,SANTIAGO,60000,50000,,,
PASSAT 2003,LLANTA CON NEUMÁTICO 3,Llanta Con Neumático 3,,DISPONIBLE,SANTIAGO,60000,50000,,,
PASSAT 2003,LLANTA CON NEUMÁTICO 4,Llanta Con Neumático 4,,DISPONIBLE,SANTIAGO,60000,50000,,,
PASSAT 2003,LLAVE,Llave,,DISPONIBLE,SANTIAGO,15000,10000,,,
PASSAT 2003,LOGO DELANTERO,Logo Delantero,Delantera,VENDIDO,SANTIAGO,25000,20000,,,
PASSAT 2003,LUZ INTERIOR ,Luz Interior ,,DISPONIBLE,SANTIAGO,,,,ESCRITO ASÍ POR SERGIO,
PASSAT 2003,LUZ INTERIOR ,Luz Interior ,,DISPONIBLE,SANTIAGO,,,,,
PASSAT 2003,LUZ INTERIOR LH,Luz Interior,Izquierda,DISPONIBLE,SANTIAGO,,,,,
PASSAT 2003,LUZ INTERIOR MICA ROTA,Luz Interior Mica Rota,,DISPONIBLE,SANTIAGO,,,,,
PASSAT 2003,LUZ INTERIOR PORTALÓN,Luz Interior Portalón,,DISPONIBLE,SANTIAGO,,,,,
PASSAT 2003,LUZ MALETA LH,Luz Maleta,Izquierda,DISPONIBLE,SANTIAGO,,,,,
PASSAT 2003,LUZ MALETA RH,Luz Maleta,Derecha,DISPONIBLE,SANTIAGO,,,,,
PASSAT 2003,LUZ PATENTE LH,Luz Patente,Izquierda,DISPONIBLE,SANTIAGO,,,,,
PASSAT 2003,LUZ PATENTE RH,Luz Patente,Derecha,DISPONIBLE,SANTIAGO,,,,,
PASSAT 2003,MANGUERA DE AGUA EN Y,Manguera De Agua En Y,,DISPONIBLE,SANTIAGO,25000,20000,,,
PASSAT 2003,MANILLA DE TECHO DELANTERA RH,Manilla De Techo Delantera,Delantera Derecha,DISPONIBLE,SANTIAGO,,,,,
PASSAT 2003,MANILLA DE TECHO TRASERA LH,Manilla De Techo Trasera,Trasera Izquierda,DISPONIBLE,SANTIAGO,,,,,
PASSAT 2003,MANILLA DE TECHO TRASERA RH,Manilla De Techo Trasera,Trasera Derecha,DISPONIBLE,SANTIAGO,,,,,
PASSAT 2003,MANILLA EXTERIOR DELANTERA LH,Manilla Exterior Delantera,Delantera Izquierda,DISPONIBLE,SANTIAGO,,,,,
PASSAT 2003,MANILLA EXTERIOR DELANTERA RH,Manilla Exterior Delantera,Delantera Derecha,DISPONIBLE,SANTIAGO,,,,,
PASSAT 2003,MANILLA EXTERIOR PUERTA TRASERA LH,Manilla Exterior Puerta Trasera,Trasera Izquierda,DISPONIBLE,SANTIAGO,,,,,
PASSAT 2003,MANILLA EXTERIOR PUERTA TRASERA RH,Manilla Exterior Puerta Trasera,Trasera Derecha,DISPONIBLE,SANTIAGO,,,,,
PASSAT 2003,MANILLA INTERIOR APERTURA CAPOT,Manilla Interior Apertura Capot,,DISPONIBLE,SANTIAGO,,,,,
PASSAT 2003,MANILLA INTERIOR PUERTA DELANTERA LH,Manilla Interior Puerta Delantera,Delantera Izquierda,DISPONIBLE,SANTIAGO,,,,,
PASSAT 2003,MANILLA INTERIOR PUERTA DELANTERA RH,Manilla Interior Puerta Delantera,Delantera Derecha,DISPONIBLE,SANTIAGO,,,,,
PASSAT 2003,MANILLA INTERIOR PUERTA TRASERA LH,Manilla Interior Puerta Trasera,Trasera Izquierda,DISPONIBLE,SANTIAGO,,,,,
PASSAT 2003,MANILLA INTERIOR PUERTA TRASERA RH,Manilla Interior Puerta Trasera,Trasera Derecha,DISPONIBLE,SANTIAGO,,,,,
PASSAT 2003,MANUAL,Manual,,DISPONIBLE,SANTIAGO,,,,LIBRO,
PASSAT 2003,MÁSCARA CON LOGO,Máscara Con Logo,,VENDIDO,SANTIAGO,60000,50000,,DETALLE EN LA PUNTA,
PASSAT 2003,MÁSCARA SIN LOGO,Máscara Sin Logo,,VENDIDO,SANTIAGO,50000,45000,,,
PASSAT 2003,MÉNSULA DELANTERA LH,Ménsula Delantera,Delantera Izquierda,DISPONIBLE,SANTIAGO,,,,,
PASSAT 2003,MÉNSULA DELANTERA RH,Ménsula Delantera,Delantera Derecha,DISPONIBLE,SANTIAGO,,,,,
PASSAT 2003,MÓDULO ABS,Módulo Abs,,DISPONIBLE,SANTIAGO,75000,70000,,,
PASSAT 2003,MÓDULO CONTROL DE CALEFACCIÓN,Módulo Control De Calefacción,,DISPONIBLE,SANTIAGO,,,,,
PASSAT 2003,MODULO DE CONFORT ,Modulo De Confort ,,VENDIDO,SANTIAGO,90000,80000,,,
PASSAT 2003,MOLDURA PUERTA DELANTERA LH,Moldura Puerta Delantera,Delantera Izquierda,DISPONIBLE,SANTIAGO,25000,20000,,,
PASSAT 2003,MOLDURA PUERTA DELANTERA RH,Moldura Puerta Delantera,Delantera Derecha,DISPONIBLE,SANTIAGO,25000,20000,,,
PASSAT 2003,MOTOR CALEFACCIÓN,Motor Calefacción,,DISPONIBLE,SANTIAGO,,,,,
PASSAT 2003,MOTOR DE PARTIDA,Motor De Partida,,DISPONIBLE,SANTIAGO,70000,60000,,,
PASSAT 2003,MOTOR LIMPIAPARABRISAS CON VARILLAJE,Motor Limpiaparabrisas Con Varillaje,,DISPONIBLE,SANTIAGO,45000,40000,,,
PASSAT 2003,MOTOR NO FACTURABLE,Motor No Facturable,,NO DISPONIBLE,SANTIAGO,,,,SE VENDE POR PIEZAS,
PASSAT 2003,MULTIPLE DE ADMISION,Multiple De Admision,,DISPONIBLE,SANTIAGO,90000,80000,,,
PASSAT 2003,MÚLTIPLE DE ESCAPE 1,Múltiple De Escape 1,,DISPONIBLE,SANTIAGO,,,,,
PASSAT 2003,MÚLTIPLE DE ESCAPE 2,Múltiple De Escape 2,,DISPONIBLE,SANTIAGO,,,,,
PASSAT 2003,MUÑÓN (SE VENDE EL MUÑÓN Y VIENE CON MAZA LH),Muñón (Se Vende El Muñón Y Viene Con Maza),Izquierda,VENDIDO,SANTIAGO,65000,55000,,,
PASSAT 2003,MUÑÓN (SE VENDE EL MUÑÓN Y VIENE CON MAZA RH),Muñón (Se Vende El Muñón Y Viene Con Maza),Derecha,DISPONIBLE,SANTIAGO,65000,55000,,,
PASSAT 2003,ÓPTICO LH,Óptico,Izquierda,DISPONIBLE,SANTIAGO,45000,40000,,ES ALTERNATIVO Y TIENE DETALLE EN LA REGULACIÓN INTERNA,
PASSAT 2003,ÓPTICO RH,Óptico,Derecha,VENDIDO,SANTIAGO,65000,60000,,ES ALTERNATIVO,
PASSAT 2003,PALANCA DE CAMBIO AUTOMÁTICA DESARMADA,Palanca De Cambio Automática Desarmada,,DISPONIBLE,SANTIAGO,55000,50000,,,
PASSAT 2003,PALANCA DE FRENO DE MANO,Palanca De Freno De Mano,,DISPONIBLE,SANTIAGO,,,,,
PASSAT 2003,PANEL FRONTAL ,Panel Frontal ,,DISPONIBLE,SANTIAGO,95000,90000,,,
PASSAT 2003,PARABRISAS,Parabrisas,,DISPONIBLE,,55000,50000,,,Sin ubic
PASSAT 2003,PARASOL LH,Parasol,Izquierda,DISPONIBLE,SANTIAGO,,,,,
PASSAT 2003,PARASOL RH,Parasol,Derecha,DISPONIBLE,SANTIAGO,,,,,
PASSAT 2003,PEDAL ELECTRÓNICO DE ACELERACIÓN ,Pedal Electrónico De Aceleración ,,DISPONIBLE,SANTIAGO,,,,,
PASSAT 2003,PEDALERA DE FRENO,Pedalera De Freno,,DISPONIBLE,,,,,CON SENSOR DE FRENO (PREGUNTAR SI VA EN EL PRECIO),Revisar; Sin ubic
PASSAT 2003,PIOLA PALANCA DE CAMBIOS,Piola Palanca De Cambios,,DISPONIBLE,SANTIAGO,,,,,
PASSAT 2003,POLEA ARBOL DE LEVAS LH,Polea Arbol De Levas,Izquierda,DISPONIBLE,SANTIAGO,55000,50000,,,
PASSAT 2003,POLEA ARBOL DE LEVAS RH,Polea Arbol De Levas,Derecha,VENDIDO,SANTIAGO,55000,50000,,,
PASSAT 2003,POLEA O PORTA CENTRÍFUGO,Polea O Porta Centrífugo,,VENDIDO,,,,,,Sin ubic
PASSAT 2003,PORTA ECU,Porta Ecu,,DISPONIBLE,SANTIAGO,,,,,
PASSAT 2003,PORTA FILTRO,Porta Filtro,,DISPONIBLE,SANTIAGO,,,,,
PASSAT 2003,PORTA LENTES,Porta Lentes,,DISPONIBLE,SANTIAGO,,,,,
PASSAT 2003,PORTALÓN SOLO LATA,Portalón Solo Lata,,VENDIDO,SANTIAGO,120000,110000,,,
PASSAT 2003,PRE CARTER,Pre Carter,,DISPONIBLE,SANTIAGO,60000,55000,,,
PASSAT 2003,PUENTE TRASERO,Puente Trasero,Trasera,DISPONIBLE,SANTIAGO,,,,,
PASSAT 2003,PUERTA DELANTERA LH SOLO LATA,Puerta Delantera Solo Lata,Delantera Izquierda,DISPONIBLE,SANTIAGO,60000,55000,,,
PASSAT 2003,PUERTA DELANTERA RH SOLO LATA,Puerta Delantera Solo Lata,Delantera Derecha,DISPONIBLE,SANTIAGO,60000,55000,,,
PASSAT 2003,PUERTA TRASERA SOLO LATA LH,Puerta Trasera Solo Lata,Trasera Izquierda,DISPONIBLE,SANTIAGO,60000,55000,,,
PASSAT 2003,PUERTA TRASERA SOLO LATA RH,Puerta Trasera Solo Lata,Trasera Derecha,DISPONIBLE,SANTIAGO,60000,55000,,,
PASSAT 2003,RADIADOR AGUA ,Radiador Agua ,,VENDIDO,,95000,90000,,,Sin ubic
PASSAT 2003,RADIADOR AIRE ,Radiador Aire ,,DISPONIBLE,SANTIAGO,80000,75000,,,
PASSAT 2003,RADIADOR DE CALEFACCIÓN,Radiador De Calefacción,,NO DISPONIBLE,N/A,,,,MALO,
PASSAT 2003,RAMAL COMPLETO,Ramal Completo,,DISPONIBLE,SANTIAGO,,,,,
PASSAT 2003,REFUERZO DE PARACHOQUE DELANTERO ,Refuerzo De Parachoque Delantero ,Delantera,VENDIDO,SANTIAGO,45000,40000,,,
PASSAT 2003,SENSOR DE OXÍGENO (REVISAR),Sensor De Oxígeno (Revisar),,DISPONIBLE,SANTIAGO,,,,,
PASSAT 2003,SENSOR DE OXÍGENO BANCO 1 LH,Sensor De Oxígeno Banco 1,Izquierda,DISPONIBLE,SANTIAGO,,,,,
PASSAT 2003,SENSOR DE OXÍGENO BANCO 1 RH,Sensor De Oxígeno Banco 1,Derecha,DISPONIBLE,SANTIAGO,,,,,
PASSAT 2003,SENSOR DE OXÍGENO BANCO 2 LH,Sensor De Oxígeno Banco 2,Izquierda,DISPONIBLE,SANTIAGO,,,,,
PASSAT 2003,SENSOR DE OXÍGENO BANCO 2 RH,Sensor De Oxígeno Banco 2,Derecha,DISPONIBLE,SANTIAGO,,,,,
PASSAT 2003,SERVO FRENO CON DEPÓSITO Y BOMBA DE FRENO,Servo Freno Con Depósito Y Bomba De Freno,,DISPONIBLE,SANTIAGO,,,,,
PASSAT 2003,SINÓPTICO,Sinóptico,,DISPONIBLE,SANTIAGO,75000,65000,,,
PASSAT 2003,SOPORTE BOMBA DE COMBUSTIBLE ALTA PRESIÓN,Soporte Bomba De Combustible Alta Presión,,DISPONIBLE,SANTIAGO,,,,,
PASSAT 2003,SOPORTE DE CAJA LH,Soporte De Caja,Izquierda,VENDIDO,SANTIAGO,,,,,
PASSAT 2003,SOPORTE DE TUBO DE ESCAPE LH,Soporte De Tubo De Escape,Izquierda,DISPONIBLE,SANTIAGO,,,,,
PASSAT 2003,SOPORTE DE TUBO DE ESCAPE RH,Soporte De Tubo De Escape,Derecha,DISPONIBLE,SANTIAGO,,,,,
PASSAT 2003,SUNROOF,Sunroof,,DISPONIBLE,SANTIAGO,75000,70000,,,
PASSAT 2003,TAPA CROMADA INT CUBRE TRINQUETE TRASERO ,Tapa Cromada Int Cubre Trinquete Trasero ,Trasera,DISPONIBLE,SANTIAGO,,,,ESCRITO ASÍ POR SERGIO,
PASSAT 2003,TAPA DE BATERÍA,Tapa De Batería,,DISPONIBLE,SANTIAGO,,,,,
PASSAT 2003,TAPA DE BENCINA EXTERIOR,Tapa De Bencina Exterior,,VENDIDO,SANTIAGO,25000,20000,,"IVÁN, LLEGA EN EL PRÓXIMO VIAJE A SCL",Persona
PASSAT 2003,TAPA DE BENCINA INTERIOR,Tapa De Bencina Interior,,DISPONIBLE,REQUINOA,15000,10000,,,
PASSAT 2003,TAPA DE VÁLVULA,Tapa De Válvula,,DISPONIBLE,SANTIAGO,,,,,
PASSAT 2003,TAPA PORTA FILTRO DE POLEN,Tapa Porta Filtro De Polen,,DISPONIBLE,SANTIAGO,,,,,
PASSAT 2003,TAPABARRO LH,Tapabarro,Izquierda,VENDIDO,SANTIAGO,65000,55000,,SIN INTERMITENTE,
PASSAT 2003,TAPABARRO RH,Tapabarro,Derecha,VENDIDO,SANTIAGO,65000,55000,,SIN INTERMITENTE,
PASSAT 2003,TAPIZ DE PUERTA DELANTERA LH,Tapiz De Puerta Delantera,Delantera Izquierda,DISPONIBLE,SANTIAGO,,,,,
PASSAT 2003,TAPIZ DE PUERTA DELANTERA RH,Tapiz De Puerta Delantera,Delantera Derecha,DISPONIBLE,SANTIAGO,,,,,
PASSAT 2003,TAPIZ DE PUERTA TRASERA LH,Tapiz De Puerta Trasera,Trasera Izquierda,DISPONIBLE,SANTIAGO,,,,,
PASSAT 2003,TAPIZ DE PUERTA TRASERA RH,Tapiz De Puerta Trasera,Trasera Derecha,DISPONIBLE,SANTIAGO,,,,,
PASSAT 2003,TAPIZ PORTALÓN,Tapiz Portalón,,DISPONIBLE,SANTIAGO,,,,,
PASSAT 2003,TELECOMANDO ,Telecomando ,,DISPONIBLE,SANTIAGO,25000,20000,,,
PASSAT 2003,TENSOR,Tensor,,DISPONIBLE,SANTIAGO,60000,50000,,,
PASSAT 2003,TERCERA LUZ DE FRENO,Tercera Luz De Freno,,DISPONIBLE,SANTIAGO,15000,15000,,,
PASSAT 2003,TIRANTE APERTURA CAPOT,Tirante Apertura Capot,,NO DISPONIBLE,REQUINOA,,,,MALO,
PASSAT 2003,TRINQUETE MALETA,Trinquete Maleta,,DISPONIBLE,SANTIAGO,,,,,
PASSAT 2003,TUBO CORRUGADO,Tubo Corrugado,,VENDIDO,SANTIAGO,,,,,
PASSAT 2003,TUBO PORTA FILTRO ,Tubo Porta Filtro ,,DISPONIBLE,,,,,,Sin ubic
PASSAT 2003,VÁLVULA EGR 1,Válvula Egr 1,,DISPONIBLE,SANTIAGO,,,,,
PASSAT 2003,VÁLVULA EGR 2,Válvula Egr 2,,DISPONIBLE,SANTIAGO,,,,,
PASSAT 2003,VÁLVULA EJE R,Válvula Eje R,,DISPONIBLE,SANTIAGO,,,,,
PASSAT 2003,VARILLA DE MOTOR,Varilla De Motor,,DISPONIBLE,SANTIAGO,,,,,
PASSAT 2003,VIDRIO PUERTA DELANTERA LH,Vidrio Puerta Delantera,Delantera Izquierda,DISPONIBLE,SANTIAGO,35000,30000,,,
PASSAT 2003,VIDRIO PUERTA DELANTERA RH,Vidrio Puerta Delantera,Delantera Derecha,DISPONIBLE,SANTIAGO,35000,30000,,,
PASSAT 2003,VIDRIO PUERTA TRASERA LH,Vidrio Puerta Trasera,Trasera Izquierda,DISPONIBLE,SANTIAGO,35000,30000,,,
PASSAT 2003,VIDRIO PUERTA TRASERA RH,Vidrio Puerta Trasera,Trasera Derecha,DISPONIBLE,SANTIAGO,35000,30000,,,
PASSAT 2003,VOLANTE,Volante,,VENDIDO,SANTIAGO,45000,40000,,PRECIO ACTUALIZADO ,
QASHQAI 2021,ABSORBEDOR DE IMPACTO PARACHOQUE DELANTERO,Absorbedor De Impacto Parachoque Delantero,Delantera,DISPONIBLE,,25000,20000,,,Sin ubic
QASHQAI 2021,AIRBAG DE CORTINA LH,Airbag De Cortina,Izquierda,DISPONIBLE,,90000,80000,,,Sin ubic
QASHQAI 2021,AIRBAG DE CORTINA RH,Airbag De Cortina,Derecha,DISPONIBLE,,90000,80000,,,Sin ubic
QASHQAI 2021,ALFOMBRA CUBRE RUEDA DE REPUESTO,Alfombra Cubre Rueda De Repuesto,,DISPONIBLE,,30000,25000,,,Sin ubic
QASHQAI 2021,ALTERNADOR,Alternador,,DISPONIBLE,SANTIAGO,120000,110000,,,
QASHQAI 2021,AMORTIGUADOR DE PORTALÓN LH,Amortiguador De Portalón,Izquierda,DISPONIBLE,SANTIAGO,25000,20000,,,
QASHQAI 2021,AMORTIGUADOR DE PORTALÓN RH,Amortiguador De Portalón,Derecha,DISPONIBLE,SANTIAGO,25000,20000,,,
QASHQAI 2021,AMORTIGUADOR DELANTERO LH,Amortiguador Delantero,Delantera Izquierda,VENDIDO,SANTIAGO,85000,80000,,,
QASHQAI 2021,AMORTIGUADOR DELANTERO RH,Amortiguador Delantero,Delantera Derecha,DISPONIBLE,SANTIAGO,85000,80000,,,
QASHQAI 2021,AMORTIGUADOR TRASERO LH,Amortiguador Trasero,Trasera Izquierda,DISPONIBLE,SANTIAGO,,,,,
QASHQAI 2021,AMORTIGUADOR TRASERO RH,Amortiguador Trasero,Trasera Derecha,DISPONIBLE,SANTIAGO,,,,,
QASHQAI 2021,ANTENA (TIBURÓN) RADIO,Antena (Tiburón) Radio,,DISPONIBLE,SANTIAGO,,,,,
QASHQAI 2021,ASIENTO DELANTERO LH,Asiento Delantero,Delantera Izquierda,VENDIDO,REQUINOA,75000,70000,,,
QASHQAI 2021,ASIENTO DELANTERO RH,Asiento Delantero,Delantera Derecha,DISPONIBLE,SANTIAGO,65000,60000,,,
QASHQAI 2021,ASIENTOS TRASEROS,Asientos Traseros,Trasera,DISPONIBLE,,65000,60000,,,Sin ubic
QASHQAI 2021,BANDEJA DELANTERA LH,Bandeja Delantera,Delantera Izquierda,DISPONIBLE,SANTIAGO,35000,30000,,,
QASHQAI 2021,BANDEJA DELANTERA RH,Bandeja Delantera,Delantera Derecha,DISPONIBLE,SANTIAGO,35000,30000,,,
QASHQAI 2021,BANDEJA TRASERA LH,Bandeja Trasera,Trasera Izquierda,DISPONIBLE,SANTIAGO,,,,,
QASHQAI 2021,BANDEJA TRASERA RH,Bandeja Trasera,Trasera Derecha,DISPONIBLE,SANTIAGO,,,,,
QASHQAI 2021,BARRA DE TECHO LH,Barra De Techo,Izquierda,DISPONIBLE,SANTIAGO,,,,,
QASHQAI 2021,BARRA DE TECHO RH,Barra De Techo,Derecha,DISPONIBLE,SANTIAGO,,,,,
QASHQAI 2021,BARRA ESTABILIZADORA ,Barra Estabilizadora ,,DISPONIBLE,SANTIAGO,,,,,
QASHQAI 2021,BARRA TECHO LH,Barra Techo,Izquierda,DISPONIBLE,,50000,45000,,,Sin ubic
QASHQAI 2021,BARRA TECHO RH,Barra Techo,Derecha,DISPONIBLE,,50000,45000,,,Sin ubic
QASHQAI 2021,BASE BATERÍA,Base Batería,,DISPONIBLE,,35000,30000,,,Sin ubic
QASHQAI 2021,BASE DE TERMOSTATO,Base De Termostato,,DISPONIBLE,SANTIAGO,40000,35000,,,
QASHQAI 2021,BISAGRA CAPOT LH,Bisagra Capot,Izquierda,DISPONIBLE,,35000,30000,,,Sin ubic
QASHQAI 2021,BISAGRA CAPOT RH,Bisagra Capot,Derecha,DISPONIBLE,,35000,30000,,,Sin ubic
QASHQAI 2021,BISAGRAS PUERTA DELANTERA LH,Bisagras Puerta Delantera,Delantera Izquierda,DISPONIBLE,,20000,15000,,,Sin ubic
QASHQAI 2021,BISAGRAS PUERTA DELANTERA RH,Bisagras Puerta Delantera,Delantera Derecha,DISPONIBLE,,20000,15000,,,Sin ubic
QASHQAI 2021,BISAGRAS PUERTA TRASERA LH,Bisagras Puerta Trasera,Trasera Izquierda,DISPONIBLE,,20000,15000,,,Sin ubic
QASHQAI 2021,BISAGRAS PUERTA TRASERA RH,Bisagras Puerta Trasera,Trasera Derecha,DISPONIBLE,,20000,15000,,,Sin ubic
QASHQAI 2021,BISEL O BIGOTE PORTALÓN,Bisel O Bigote Portalón,,DISPONIBLE,,40000,35000,,,Sin ubic
QASHQAI 2021,BISEL RADIO ,Bisel Radio ,,DISPONIBLE,,40000,35000,,,Sin ubic
QASHQAI 2021,BOBINA 1,Bobina 1,,DISPONIBLE,SANTIAGO,25000,20000,,,
QASHQAI 2021,BOBINA 2,Bobina 2,,DISPONIBLE,SANTIAGO,25000,20000,,,
QASHQAI 2021,BOBINA 3,Bobina 3,,DISPONIBLE,SANTIAGO,25000,20000,,,
QASHQAI 2021,BOBINA 4,Bobina 4,,DISPONIBLE,SANTIAGO,25000,20000,,,
QASHQAI 2021,BOCINAS (2),Bocinas (2),,DISPONIBLE,,15000,10000,,,Sin ubic
QASHQAI 2021,BOMA DE AGUA,Boma De Agua,,DISPONIBLE,,50000,45000,,,Sin ubic
QASHQAI 2021,BOMBA DE ALTA,Bomba De Alta,,DISPONIBLE,SANTIAGO,60000,50000,,,
QASHQAI 2021,BOMBA DE BENCINA,Bomba De Bencina,,DISPONIBLE,SANTIAGO,165000,155000,,,
QASHQAI 2021,BOMBA DE PEDAL DE EMBRAGUE,Bomba De Pedal De Embrague,,DISPONIBLE,SANTIAGO,,,,,
QASHQAI 2021,BOMBA DE PRESIÓN DE ALTA,Bomba De Presión De Alta,,DISPONIBLE,,90000,85000,,,Sin ubic
QASHQAI 2021,BOTÓN APERTURA PORTALÓN,Botón Apertura Portalón,,DISPONIBLE,,15000,10000,,,Sin ubic
QASHQAI 2021,BOTÓN DE ALZAVIDRIOS DELANTERA RH,Botón De Alzavidrios Delantera,Delantera Derecha,DISPONIBLE,SANTIAGO,20000,15000,,,
QASHQAI 2021,BOTÓN DE ALZAVIDRIOS TRASERA LH,Botón De Alzavidrios Trasera,Trasera Izquierda,DISPONIBLE,SANTIAGO,20000,15000,,,
QASHQAI 2021,BOTÓN DE ALZAVIDRIOS TRASERA RH,Botón De Alzavidrios Trasera,Trasera Derecha,DISPONIBLE,SANTIAGO,20000,15000,,,
QASHQAI 2021,BOTÓN DE ENCENDIDO,Botón De Encendido,,DISPONIBLE,SANTIAGO,,,,,
QASHQAI 2021,BOTÓN DE VELOCIDAD CRUCERO ,Botón De Velocidad Crucero ,,DISPONIBLE,SANTIAGO,15000,10000,,,
QASHQAI 2021,BOTÓN FRENO DE MANOS ,Botón Freno De Manos ,,DISPONIBLE,SANTIAGO,15000,10000,,,
QASHQAI 2021,BOTONERA DE ALZAVIDRIOS DELANTERA LH,Botonera De Alzavidrios Delantera,Delantera Izquierda,DISPONIBLE,SANTIAGO,55000,50000,,,
QASHQAI 2021,BRAZO CUNA LH,Brazo Cuna,Izquierda,DISPONIBLE,,,,,,Sin ubic
QASHQAI 2021,BRAZO CUNA RH,Brazo Cuna,Derecha,DISPONIBLE,,,,,,Sin ubic
QASHQAI 2021,BRAZO DE SUSPENSIÓN TRASERO LH,Brazo De Suspensión Trasero,Trasera Izquierda,DISPONIBLE,SANTIAGO,,,,,
QASHQAI 2021,BRAZO DE SUSPENSIÓN TRASERO RH,Brazo De Suspensión Trasero,Trasera Derecha,DISPONIBLE,SANTIAGO,,,,,
QASHQAI 2021,BRAZO LIMPIA LUNETA TRASERA,Brazo Limpia Luneta Trasera,Trasera,DISPONIBLE,SANTIAGO,35000,30000,,,
QASHQAI 2021,BRAZO LIMPIA PARABRISAS LH,Brazo Limpia Parabrisas,Izquierda,DISPONIBLE,SANTIAGO,35000,30000,,,
QASHQAI 2021,BRAZO LIMPIA PARABRISAS RH,Brazo Limpia Parabrisas,Derecha,DISPONIBLE,SANTIAGO,35000,30000,,,
QASHQAI 2021,CAJA DE CAMBIOS,Caja De Cambios,,DISPONIBLE,SANTIAGO,440000,400000,,,
QASHQAI 2021,CALIPER DELANTERO LH,Caliper Delantero,Delantera Izquierda,DISPONIBLE,SANTIAGO,50000,45000,,,
QASHQAI 2021,CALIPER DELANTERO RH,Caliper Delantero,Delantera Derecha,DISPONIBLE,SANTIAGO,50000,45000,,,
QASHQAI 2021,CALIPER TRASERO LH CON DISCO DE FRENO LH,Caliper Trasero Con Disco De Freno,Trasera Izquierda,DISPONIBLE,SANTIAGO,,,,REVISAR SI SE PUEDEN SEPARAR,Revisar
QASHQAI 2021,CALIPER TRASERO LH CON DISCO DE FRENO RH,Caliper Trasero Con Disco De Freno Rh,Trasera Izquierda,DISPONIBLE,SANTIAGO,,,,REVISAR SI SE PUEDEN SEPARAR,Revisar
QASHQAI 2021,CÁMARA DE RETROCESO,Cámara De Retroceso,,DISPONIBLE,,35000,30000,,,Sin ubic
QASHQAI 2021,CANISTER,Canister,,VENDIDO,SANTIAGO,20000,20000,,,
QASHQAI 2021,CAÑERÍA AIRE ACONDICIONADO,Cañería Aire Acondicionado,,DISPONIBLE,SANTIAGO,40000,35000,,,
QASHQAI 2021,CAPOT,Capot,,VENDIDO,SANTIAGO,180000,170000,,,
QASHQAI 2021,CATALÍTICO,Catalítico,,DISPONIBLE,REQUINOA,,,,AL MONTÓN,
QASHQAI 2021,CHAPA CAPOT,Chapa Capot,,VENDIDO,SANTIAGO,55000,50000,,,
QASHQAI 2021,CHAPA PORTALÓN,Chapa Portalón,,DISPONIBLE,SANTIAGO,35000,30000,,,
QASHQAI 2021,CHAPA PUERTA DELANTERA LH,Chapa Puerta Delantera,Delantera Izquierda,DISPONIBLE,,75000,70000,,,Sin ubic
QASHQAI 2021,CHAPA PUERTA DELANTERA RH,Chapa Puerta Delantera,Delantera Derecha,DISPONIBLE,,75000,70000,,,Sin ubic
QASHQAI 2021,CHAPA PUERTA TRASERA LH,Chapa Puerta Trasera,Trasera Izquierda,DISPONIBLE,,65000,60000,,,Sin ubic
QASHQAI 2021,CHAPA PUERTA TRASERA RH,Chapa Puerta Trasera,Trasera Derecha,DISPONIBLE,,65000,60000,,,Sin ubic
QASHQAI 2021,CINTA DE AIRBAG,Cinta De Airbag,,DISPONIBLE,SANTIAGO,60000,50000,,,
QASHQAI 2021,CINTURÓN TRASERO LH,Cinturón Trasero,Trasera Izquierda,DISPONIBLE,SANTIAGO,,,,,
QASHQAI 2021,CINTURÓN TRASERO RH,Cinturón Trasero,Trasera Derecha,DISPONIBLE,SANTIAGO,,,,,
QASHQAI 2021,COFIA,Cofia,,DISPONIBLE,SANTIAGO,,,,,
QASHQAI 2021,COLUMNA DE DIRECCIÓN ELECTRONICA,Columna De Dirección Electronica,,DISPONIBLE,SANTIAGO,190000,180000,,,
QASHQAI 2021,COMPRESOR AIRE ACONDICIONADO,Compresor Aire Acondicionado,,DISPONIBLE,SANTIAGO,160000,150000,,,
QASHQAI 2021,CONTROL CLIMATIZADOR,Control Climatizador,,DISPONIBLE,,85000,80000,,,Sin ubic
QASHQAI 2021,CONTROL DE ESPEJOS,Control De Espejos,,DISPONIBLE,SANTIAGO,,,,,
QASHQAI 2021,CREMALLERA DE ALZAVIDRIO DELANTERA LH,Cremallera De Alzavidrio Delantera,Delantera Izquierda,DISPONIBLE,SANTIAGO,45000,40000,,,
QASHQAI 2021,CREMALLERA DE ALZAVIDRIO DELANTERA RH,Cremallera De Alzavidrio Delantera,Delantera Derecha,DISPONIBLE,SANTIAGO,45000,40000,,,
QASHQAI 2021,CREMALLERA DE ALZAVIDRIO PUERTA TRASERA LH,Cremallera De Alzavidrio Puerta Trasera,Trasera Izquierda,DISPONIBLE,SANTIAGO,45000,40000,,,
QASHQAI 2021,CREMALLERA DE ALZAVIDRIO PUERTA TRASERA RH,Cremallera De Alzavidrio Puerta Trasera,Trasera Derecha,DISPONIBLE,SANTIAGO,45000,40000,,,
QASHQAI 2021,CREMALLERA DE DIRECCIÓN CON TERMINALES Y AXIALES,Cremallera De Dirección Con Terminales Y Axiales,,DISPONIBLE,SANTIAGO,210000,200000,,,
QASHQAI 2021,CUBRE CARTER,Cubre Carter,,VENDIDO,SANTIAGO,65000,55000,,CON DETALLE,
QASHQAI 2021,CUBRE CHAPA,Cubre Chapa,,DISPONIBLE,,35000,30000,,,Sin ubic
QASHQAI 2021,CUBRE MALETA,Cubre Maleta,,DISPONIBLE,,,,,,Sin ubic
QASHQAI 2021,CUBRE TORPEDO,Cubre Torpedo,,DISPONIBLE,,45000,40000,,,Sin ubic
QASHQAI 2021,CUERPO DE ACELERACIÓN,Cuerpo De Aceleración,,DISPONIBLE,SANTIAGO,85000,80000,,,
QASHQAI 2021,CULATA,Culata,,DISPONIBLE,SANTIAGO,220000,200000,,SE VENDE CULATA COMPLETA,
QASHQAI 2021,CUNA,Cuna,,VENDIDO,SANTIAGO,110000,100000,,,
QASHQAI 2021,CUNA TRASERA,Cuna Trasera,Trasera,DISPONIBLE,SANTIAGO,,,,,
QASHQAI 2021,DEPÓSITO DE LIMPIA PARABRISAS,Depósito De Limpia Parabrisas,,DISPONIBLE,SANTIAGO,60000,55000,,,
QASHQAI 2021,DEPÓSITO DE LÍQUIDO HIDRÁULICO O ELECTRÓNICA?,Depósito De Líquido Hidráulico O Electrónica?,,DISPONIBLE,,,,,CONSULTAR CARLITOS,Sin ubic
QASHQAI 2021,DEPÓSITO DE LÍQUIDO REFRIGERANTE,Depósito De Líquido Refrigerante,,DISPONIBLE,,60000,55000,,,Sin ubic
QASHQAI 2021,DISCO DE FRENO DELANTERO LH,Disco De Freno Delantero,Delantera Izquierda,DISPONIBLE,SANTIAGO,25000,20000,,,
QASHQAI 2021,DISCO DE FRENO DELANTERO RH,Disco De Freno Delantero,Delantera Derecha,DISPONIBLE,SANTIAGO,25000,20000,,,
QASHQAI 2021,DUCTO DE VENTILACIÓN ,Ducto De Ventilación ,,DISPONIBLE,SANTIAGO,55000,50000,,,
QASHQAI 2021,ECU,Ecu,,DISPONIBLE,SANTIAGO,170000,160000,,,
QASHQAI 2021,EJE PALIER LH,Eje Palier,Izquierda,VENDIDO,SANTIAGO,90000,85000,,,
QASHQAI 2021,EJE PALIER RH,Eje Palier,Derecha,VENDIDO,SANTIAGO,100000,95000,,,
QASHQAI 2021,EJE TRASERO,Eje Trasero,Trasera,DISPONIBLE,,110000,100000,,,Sin ubic
QASHQAI 2021,ELECTROVENTILADOR,Electroventilador,,VENDIDO,SANTIAGO,55000,50000,,,
QASHQAI 2021,ENCENDEDOR DE CIGARROS ,Encendedor De Cigarros ,,DISPONIBLE,SANTIAGO,,,,,
QASHQAI 2021,ESPEJO CENTRAL,Espejo Central,Central,DISPONIBLE,SANTIAGO,15000,10000,,,
QASHQAI 2021,ESPEJO LH,Espejo,Izquierda,VENDIDO,SANTIAGO,110000,105000,,,
QASHQAI 2021,ESPEJO RH,Espejo,Derecha,VENDIDO,SANTIAGO,110000,105000,,,
QASHQAI 2021,ESPIRAL TRASERO LH,Espiral Trasero,Trasera Izquierda,DISPONIBLE,,15000,10000,,,Sin ubic
QASHQAI 2021,ESPIRAL TRASERO RH,Espiral Trasero,Trasera Derecha,DISPONIBLE,,15000,10000,,,Sin ubic
QASHQAI 2021,EXTENSIÓN BANDEJA TRASERA H,Extensión Bandeja Trasera H,Trasera,DISPONIBLE,SANTIAGO,,,,,
QASHQAI 2021,EXTENSIÓN BANDEJA TRASERA LH,Extensión Bandeja Trasera,Trasera Izquierda,DISPONIBLE,SANTIAGO,,,,,
QASHQAI 2021,FOCO TRASERO EXPERIOR LH,Foco Trasero Experior,Trasera Izquierda,VENDIDO,,110000,105000,,,Sin ubic
QASHQAI 2021,FOCO TRASERO EXTERIOR RH,Foco Trasero Exterior,Trasera Derecha,VENDIDO,,110000,105000,,,Sin ubic
QASHQAI 2021,FOCO TRASERO INTERIOR LH,Foco Trasero Interior,Trasera Izquierda,DISPONIBLE,,105000,95000,,,Sin ubic
QASHQAI 2021,FOCO TRASERO INTERIOR RH,Foco Trasero Interior,Trasera Derecha,VENDIDO,,105000,95000,,,Sin ubic
QASHQAI 2021,FRENO DE MANOS,Freno De Manos,,DISPONIBLE,,40000,35000,,,Sin ubic
QASHQAI 2021,FRONTAL INFERIOR ,Frontal Inferior ,,DISPONIBLE,SANTIAGO,50000,40000,,,
QASHQAI 2021,FRONTAL SUPERIOR,Frontal Superior,,DISPONIBLE,,65000,60000,,,Sin ubic
QASHQAI 2021,FUNDA PARACHOQUE DELANTERO,Funda Parachoque Delantero,Delantera,VENDIDO,SANTIAGO,190000,185000,,,
QASHQAI 2021,FUNDA PARACHOQUE TRASERO,Funda Parachoque Trasero,Trasera,DISPONIBLE,SANTIAGO,85000,80000,,,
QASHQAI 2021,GOMA CONTORNO DE PORTALÓN ,Goma Contorno De Portalón ,,DISPONIBLE,SANTIAGO,,,,,
QASHQAI 2021,GOMA CONTORNO PUERTA DELANTERA LH,Goma Contorno Puerta Delantera,Delantera Izquierda,DISPONIBLE,SANTIAGO,30000,25000,,,
QASHQAI 2021,GOMA CONTORNO PUERTA DELANTERA RH,Goma Contorno Puerta Delantera,Delantera Derecha,DISPONIBLE,SANTIAGO,30000,25000,,,
QASHQAI 2021,GOMA CONTORNO PUERTA TRASERA LH,Goma Contorno Puerta Trasera,Trasera Izquierda,DISPONIBLE,SANTIAGO,30000,25000,,,
QASHQAI 2021,GOMA CONTORNO PUERTA TRASERA RH,Goma Contorno Puerta Trasera,Trasera Derecha,DISPONIBLE,,30000,25000,,,Sin ubic
QASHQAI 2021,GUARDAFANGO DELANTERO LH,Guardafango Delantero,Delantera Izquierda,VENDIDO,SANTIAGO,55000,45000,,,
QASHQAI 2021,GUARDAFANGO DELANTERO RH,Guardafango Delantero,Delantera Derecha,DISPONIBLE,SANTIAGO,55000,50000,,,
QASHQAI 2021,GUARDAFANGO TRASERO LH,Guardafango Trasero,Trasera Izquierda,DISPONIBLE,SANTIAGO,,,,,
QASHQAI 2021,GUARDAFANGO TRASERO RH,Guardafango Trasero,Trasera Derecha,DISPONIBLE,SANTIAGO,,,,,
QASHQAI 2021,INYECTOR,Inyector,,DISPONIBLE,,90000,85000,,CADA UNO,Sin ubic
QASHQAI 2021,KIT DE AIRBAG,Kit De Airbag,,VENDIDO,SANTIAGO,480000,460000,,,Múltiples
QASHQAI 2021,KIT DE EMBRAGUE,Kit De Embrague,,VENDIDO,SANTIAGO,,,,,Múltiples
QASHQAI 2021,KIT DE ENCENDIDO,Kit De Encendido,,DISPONIBLE,,330000,310000,,,Múltiples; Sin ubic
QASHQAI 2021,LETRAS QASHQAI,Letras Qashqai,,DISPONIBLE,,20000,15000,,,Sin ubic
QASHQAI 2021,LLANTA CON NEUMÁTICO,Llanta Con Neumático,,VENDIDO,SANTIAGO,100000,95000,,,
QASHQAI 2021,LLANTA CON NEUMÁTICO 2,Llanta Con Neumático 2,,VENDIDO,SANTIAGO,100000,95000,,,
QASHQAI 2021,LLANTA CON NEUMÁTICO 3,Llanta Con Neumático 3,,VENDIDO,SANTIAGO,100000,95000,,,
QASHQAI 2021,LLANTA CON NEUMÁTICO 4,Llanta Con Neumático 4,,VENDIDO,SANTIAGO,100000,95000,,,
QASHQAI 2021,LOGO DELANTERO,Logo Delantero,Delantera,VENDIDO,SANTIAGO,25000,20000,,,
QASHQAI 2021,LOGO TRASERO,Logo Trasero,Trasera,DISPONIBLE,,28000,25000,,TIENE LA PATENTE,Sin ubic
QASHQAI 2021,LUCES PATENTE,Luces Patente,,DISPONIBLE,,25000,22000,,EL PAR,Sin ubic
QASHQAI 2021,LUNETA TRASERA LH,Luneta Trasera,Trasera Izquierda,DISPONIBLE,,35000,30000,,,Sin ubic
QASHQAI 2021,LUNETA TRASERA RH,Luneta Trasera,Trasera Derecha,DISPONIBLE,,35000,30000,,,Sin ubic
QASHQAI 2021,LUZ DE FRENO,Luz De Freno,,DISPONIBLE,,55000,50000,,,Sin ubic
QASHQAI 2021,LUZ TECHO,Luz Techo,,DISPONIBLE,SANTIAGO,,,,,
QASHQAI 2021,LUZ TECHO  (HAY 2?),Luz Techo  (Hay 2?),,DISPONIBLE,SANTIAGO,,,,,
QASHQAI 2021,MANILLA EXTERIOR PUERTA DELANTERA LH,Manilla Exterior Puerta Delantera,Delantera Izquierda,VENDIDO,SANTIAGO,35000,30000,,,
QASHQAI 2021,MANILLA EXTERIOR PUERTA DELANTERA RH,Manilla Exterior Puerta Delantera,Delantera Derecha,DISPONIBLE,SANTIAGO,30000,25000,,,
QASHQAI 2021,MANILLA EXTERIOR PUERTA TRASERA  RH,Manilla Exterior Puerta Trasera ,Trasera Derecha,DISPONIBLE,SANTIAGO,30000,25000,,,
QASHQAI 2021,MANILLA EXTERIOR PUERTA TRASERA LH,Manilla Exterior Puerta Trasera,Trasera Izquierda,DISPONIBLE,SANTIAGO,30000,25000,,,
QASHQAI 2021,MANILLA INTERIOR APERTURA CAPOT,Manilla Interior Apertura Capot,,DISPONIBLE,SANTIAGO,,,,,
QASHQAI 2021,MANILLA INTERIOR APERTURA TAPA DE BENCINA,Manilla Interior Apertura Tapa De Bencina,,DISPONIBLE,SANTIAGO,,,,,
QASHQAI 2021,MANILLA INTERIOR PUERTA DELANTERA LH,Manilla Interior Puerta Delantera,Delantera Izquierda,DISPONIBLE,SANTIAGO,20000,15000,,,
QASHQAI 2021,MANILLA INTERIOR PUERTA DELANTERA RH,Manilla Interior Puerta Delantera,Delantera Derecha,DISPONIBLE,SANTIAGO,20000,15000,,,
QASHQAI 2021,MANILLA INTERIOR PUERTA TRASERA LH,Manilla Interior Puerta Trasera,Trasera Izquierda,DISPONIBLE,SANTIAGO,20000,15000,,,
QASHQAI 2021,MANILLA INTERIOR PUERTA TRASERA RH,Manilla Interior Puerta Trasera,Trasera Derecha,DISPONIBLE,SANTIAGO,20000,15000,,,
QASHQAI 2021,MANILLA TECHO DELANTERA RH,Manilla Techo Delantera,Delantera Derecha,DISPONIBLE,SANTIAGO,15000,12000,,,
QASHQAI 2021,MANILLA TECHO TRASERA LH,Manilla Techo Trasera,Trasera Izquierda,DISPONIBLE,SANTIAGO,15000,12000,,,
QASHQAI 2021,MANILLA TECHO TRASERA RH,Manilla Techo Trasera,Trasera Derecha,DISPONIBLE,SANTIAGO,15000,12000,,,
QASHQAI 2021,MÁSCARA,Máscara,,VENDIDO,SANTIAGO,110000,100000,,,
QASHQAI 2021,MAZA DELANTERA LH,Maza Delantera,Delantera Izquierda,DISPONIBLE,,40000,35000,,,Sin ubic
QASHQAI 2021,MAZA DELANTERA RH,Maza Delantera,Delantera Derecha,DISPONIBLE,,40000,35000,,,Sin ubic
QASHQAI 2021,MAZA TRASERA LH,Maza Trasera,Trasera Izquierda,DISPONIBLE,,25000,20000,,,Sin ubic
QASHQAI 2021,MAZA TRASERA RH,Maza Trasera,Trasera Derecha,DISPONIBLE,,25000,20000,,,Sin ubic
QASHQAI 2021,MAZA Y RODAMIENTO TRASERO LH,Maza Y Rodamiento Trasero,Trasera Izquierda,DISPONIBLE,SANTIAGO,,,,,
QASHQAI 2021,MAZA Y RODAMIENTO TRASERO RH,Maza Y Rodamiento Trasero,Trasera Derecha,DISPONIBLE,SANTIAGO,,,,,
QASHQAI 2021,MENSULA DELANTERA LH,Mensula Delantera,Delantera Izquierda,VENDIDO,SANTIAGO,20000,18000,,,
QASHQAI 2021,MENSULA DELANTERA RH,Mensula Delantera,Delantera Derecha,VENDIDO,SANTIAGO,20000,18000,,,
QASHQAI 2021,MÉNSULA TRASERA LH,Ménsula Trasera,Trasera Izquierda,DISPONIBLE,SANTIAGO,,,,,
QASHQAI 2021,MÉNSULA TRASERA RH,Ménsula Trasera,Trasera Derecha,DISPONIBLE,SANTIAGO,,,,,
QASHQAI 2021,MÓDULO ABS ,Módulo Abs ,,DISPONIBLE,SANTIAGO,,,,,
QASHQAI 2021,MÓDULO FRENO DE MANO,Módulo Freno De Mano,,DISPONIBLE,,115000,110000,,,Sin ubic
QASHQAI 2021,MOLDURA PUERTA DELANTERA LH,Moldura Puerta Delantera,Delantera Izquierda,VENDIDO,SANTIAGO,30000,25000,,,
QASHQAI 2021,MOLDURA PUERTA DELANTERA RH,Moldura Puerta Delantera,Delantera Derecha,VENDIDO,SANTIAGO,30000,25000,,,
QASHQAI 2021,MOLDURA PUERTA TRASERA LH,Moldura Puerta Trasera,Trasera Izquierda,DISPONIBLE,SANTIAGO,30000,25000,,,
QASHQAI 2021,MOLDURA PUERTA TRASERA RH,Moldura Puerta Trasera,Trasera Derecha,VENDIDO,SANTIAGO,30000,25000,,,
QASHQAI 2021,MOLDURA TAPABARRO DELANTERA LH,Moldura Tapabarro Delantera,Delantera Izquierda,VENDIDO,SANTIAGO,45000,40000,,,
QASHQAI 2021,MOLDURA TAPABARRO DELANTERA RH,Moldura Tapabarro Delantera,Delantera Derecha,VENDIDO,SANTIAGO,45000,40000,,,
QASHQAI 2021,MOLDURA TAPABARRO TRASERA LH,Moldura Tapabarro Trasera,Trasera Izquierda,DISPONIBLE,,45000,40000,,,Sin ubic
QASHQAI 2021,MOLDURA TAPABARRO TRASERA RH,Moldura Tapabarro Trasera,Trasera Derecha,VENDIDO,SANTIAGO,45000,40000,,,
QASHQAI 2021,MOTOR DE CALEFACCIÓN,Motor De Calefacción,,DISPONIBLE,SANTIAGO,,,,,
QASHQAI 2021,MOTOR DE PARTIDA,Motor De Partida,,DISPONIBLE,SANTIAGO,100000,90000,,,
QASHQAI 2021,MOTOR LIMPIA PARABRISAS DELANTERO,Motor Limpia Parabrisas Delantero,Delantera,DISPONIBLE,,55000,50000,,CON VARILLAJE,Sin ubic
QASHQAI 2021,MOTOR NO FACTURABLE,Motor No Facturable,,DISPONIBLE,,550000,520000,,,Sin ubic
QASHQAI 2021,MUÑON DELANTERO LH,Muñón Delantero,Delantera Izquierda,DISPONIBLE,,60000,50000,,,MUÑON; Sin ubic
QASHQAI 2021,MUÑON DELANTERO RH,Muñón Delantero,Delantera Derecha,DISPONIBLE,,60000,50000,,,MUÑON; Sin ubic
QASHQAI 2021,ÓPTICO LH,Óptico,Izquierda,VENDIDO,SANTIAGO,200000,195000,,,
QASHQAI 2021,ÓPTICO RH,Óptico,Derecha,VENDIDO,SANTIAGO,200000,195000,,,
QASHQAI 2021,PALANCA DE CAMBIOS,Palanca De Cambios,,DISPONIBLE,SANTIAGO,80000,75000,,,
QASHQAI 2021,PARABRISAS,Parabrisas,,VENDIDO,SANTIAGO,220000,210000,,,
QASHQAI 2021,PARASOL LH,Parasol,Izquierda,DISPONIBLE,SANTIAGO,25000,20000,,,
QASHQAI 2021,PARASOL RH,Parasol,Derecha,DISPONIBLE,SANTIAGO,25000,20000,,,
QASHQAI 2021,PEDAL DE ACELERACIÓN,Pedal De Aceleración,,DISPONIBLE,SANTIAGO,70000,60000,,,
QASHQAI 2021,PEDAL DE AMBRAGUE,Pedal De Ambrague,,DISPONIBLE,,30000,25000,,,Sin ubic
QASHQAI 2021,PEDAL DE FRENO,Pedal De Freno,,DISPONIBLE,,30000,25000,,,Sin ubic
QASHQAI 2021,PIOLA CAPOT,Piola Capot,,DISPONIBLE,,20000,15000,,,Sin ubic
QASHQAI 2021,PIOLA FRENO DE MANOS LH,Piola Freno De Manos,Izquierda,DISPONIBLE,,25000,20000,,,Sin ubic
QASHQAI 2021,PIOLA FRENO DE MANOS RH,Piola Freno De Manos,Derecha,DISPONIBLE,,25000,20000,,,Sin ubic
QASHQAI 2021,PIOLAS PALANCA DE CAMBIOS,Piolas Palanca De Cambios,,DISPONIBLE,,60000,55000,,,Sin ubic
QASHQAI 2021,PORTA FILTRO,Porta Filtro,,DISPONIBLE,SANTIAGO,75000,70000,,,
QASHQAI 2021,PORTALÓN SOLO LATA CON VIDRIO,Portalón Solo Lata Con Vidrio,,DISPONIBLE,SANTIAGO,120000,110000,,,
QASHQAI 2021,PROTECTOR INFERIOR PARACHOQUE,Protector Inferior Parachoque,,DISPONIBLE,,35000,30000,,,Sin ubic
QASHQAI 2021,PROTECTOR RUEDA DE REPUESTO,Protector Rueda De Repuesto,,DISPONIBLE,SANTIAGO,,,,,
QASHQAI 2021,PUENTE TRASERO,Puente Trasero,Trasera,DISPONIBLE,SANTIAGO,55000,50000,,,
QASHQAI 2021,PUERTA DELANTERA LH SOLO LATA,Puerta Delantera Solo Lata,Delantera Izquierda,VENDIDO,SANTIAGO,195000,180000,,,
QASHQAI 2021,PUERTA DELANTERA RH SOLO LATA,Puerta Delantera Solo Lata,Delantera Derecha,DISPONIBLE,SANTIAGO,85000,80000,,PRECIO ACTUALIZADO,
QASHQAI 2021,PUERTA TRASERA LH SOLO LATA,Puerta Trasera Solo Lata,Trasera Izquierda,VENDIDO,SANTIAGO,180000,170000,,,
QASHQAI 2021,PUERTA TRASERA RH SOLO LATA,Puerta Trasera Solo Lata,Trasera Derecha,VENDIDO,SANTIAGO,85000,80000,,PRECIO ACTUALIZADO,
QASHQAI 2021,PUERTO USB Y AUXILIAR ,Puerto Usb Y Auxiliar ,,VENDIDO,SANTIAGO,15000,10000,,,
QASHQAI 2021,RADIADOR AIRE ACONDICIONADO,Radiador Aire Acondicionado,,VENDIDO,SANTIAGO,90000,80000,,,
QASHQAI 2021,RADIADOR CALEFACCIÓN,Radiador Calefacción,,DISPONIBLE,,50000,45000,,,Sin ubic
QASHQAI 2021,RADIADOR DE AGUA,Radiador De Agua,,VENDIDO,SANTIAGO,70000,60000,,,
QASHQAI 2021,RADIADOR DE CALEFACCIÓN ,Radiador De Calefacción ,,DISPONIBLE,SANTIAGO,,,,,
QASHQAI 2021,RADIADOR DE ENFRIADOR DE ACEITE,Radiador De Enfriador De Aceite,,VENDIDO,SANTIAGO,30000,30000,,,
QASHQAI 2021,RADIO,Radio,,VENDIDO,SANTIAGO,75000,70000,,,
QASHQAI 2021,RAMAL EXTERIOR,Ramal Exterior,,DISPONIBLE,SANTIAGO,,,,,
QASHQAI 2021,RAMAL INTERIOR,Ramal Interior,,DISPONIBLE,SANTIAGO,55000,50000,,,
QASHQAI 2021,REFLECTANTE TRASERO LH,Reflectante Trasero,Trasera Izquierda,DISPONIBLE,SANTIAGO,,,,,
QASHQAI 2021,REFLECTANTE TRASERO RH,Reflectante Trasero,Trasera Derecha,DISPONIBLE,SANTIAGO,,,,,
QASHQAI 2021,REFUERZO DE PARACHOQUE DELANTERO,Refuerzo De Parachoque Delantero,Delantera,VENDIDO,SANTIAGO,55000,55000,,,
QASHQAI 2021,REFUERZO DE PARACHOQUE TRASERO,Refuerzo De Parachoque Trasero,Trasera,DISPONIBLE,SANTIAGO,,,,,
QASHQAI 2021,REFUERZO INFERIOR,Refuerzo Inferior,,DISPONIBLE,SANTIAGO,,,,,
QASHQAI 2021,RIEL DE INYECCIÓN,Riel De Inyección,,DISPONIBLE,,48000,40000,,,Sin ubic
QASHQAI 2021,RODAMIENTO TENSOR DE ACCESORIOS ,Rodamiento Tensor De Accesorios ,,DISPONIBLE,SANTIAGO,,,,,
QASHQAI 2021,ROSCA DE BOMBA DE BENCINA ,Rosca De Bomba De Bencina ,,DISPONIBLE,SANTIAGO,,,,,
QASHQAI 2021,RUEDA DE REPUESTO,Rueda De Repuesto,,NO DISPONIBLE,N/A,,,,,
QASHQAI 2021,SENSOR ABS DELANTERO LH,Sensor Abs Delantero,Delantera Izquierda,DISPONIBLE,SANTIAGO,,,,,
QASHQAI 2021,SENSOR ABS TRASERO LH,Sensor Abs Trasero,Trasera Izquierda,DISPONIBLE,SANTIAGO,,,,,
QASHQAI 2021,SENSOR ABS TRASERO RH,Sensor Abs Trasero,Trasera Derecha,DISPONIBLE,SANTIAGO,,,,,
QASHQAI 2021,SENSOR CMP,Sensor Cmp,,DISPONIBLE,,25000,25000,,,Sin ubic
QASHQAI 2021,SENSOR DE ÁNGULO DE GIRO,Sensor De Ángulo De Giro,,DISPONIBLE,SANTIAGO,,,,,
QASHQAI 2021,SENSOR DE ESTACIONAMIENTO DELANTERO LH,Sensor De Estacionamiento Delantero,Delantera Izquierda,DISPONIBLE,,30000,25000,,,Sin ubic
QASHQAI 2021,SENSOR DE ESTACIONAMIENTO DELANTERO RH,Sensor De Estacionamiento Delantero,Delantera Derecha,DISPONIBLE,,30000,25000,,,Sin ubic
QASHQAI 2021,SENSOR DE OXÍGENO BANCO 1,Sensor De Oxígeno Banco 1,,DISPONIBLE,SANTIAGO,,,,,
QASHQAI 2021,SENSOR DE OXÍGENO BANCO 2,Sensor De Oxígeno Banco 2,,DISPONIBLE,SANTIAGO,,,,,
QASHQAI 2021,SENSOR TEMPERATURA AMBIENTE,Sensor Temperatura Ambiente,,DISPONIBLE,,30000,25000,,,Sin ubic
QASHQAI 2021,SENSORES DE ESTACIONAMIENTOS DELANTERO,Sensores De Estacionamientos Delantero,Delantera,DISPONIBLE,,,,,,Sin ubic
QASHQAI 2021,SENSORES DE ESTACIONAMIENTOS TRASEROS,Sensores De Estacionamientos Traseros,Trasera,DISPONIBLE,,,,,,Sin ubic
QASHQAI 2021,SINÓPTICO,Sinóptico,,DISPONIBLE,,90000,80000,,,Sin ubic
QASHQAI 2021,SOPORTE MOTOR CENTRAL (HUESO),Soporte Motor Central (Hueso),Central,DISPONIBLE,,60000,50000,,,Sin ubic
QASHQAI 2021,SOPORTE MOTOR LH (CAJA),Soporte Motor (Caja),Izquierda,DISPONIBLE,,55000,50000,,,Sin ubic
QASHQAI 2021,SOPORTE MOTOR RH (DISTRIBUCIÓN),Soporte Motor (Distribución),Derecha,DISPONIBLE,,85000,80000,,,Sin ubic
QASHQAI 2021,SOPORTE SUPERIOR RADIADOR,Soporte Superior Radiador,,VENDIDO,SANTIAGO,,,,,
QASHQAI 2021,TAPA BENCINA EXTERIOR,Tapa Bencina Exterior,,DISPONIBLE,SANTIAGO,20000,15000,,,
QASHQAI 2021,TAPA BENCINA INTERIOR ,Tapa Bencina Interior ,,DISPONIBLE,SANTIAGO,15000,10000,,,
QASHQAI 2021,TAPA CUBRE MOTOR,Tapa Cubre Motor,,DISPONIBLE,,40000,35000,,GORDITO O INFLADO 😊,Sin ubic
QASHQAI 2021,TAPA DE REMOLQUE,Tapa De Remolque,,NO DISPONIBLE,,,,,,Sin ubic
QASHQAI 2021,TAPA FILTRO DE POLEN,Tapa Filtro De Polen,,VENDIDO,SANTIAGO,,,,,
QASHQAI 2021,TAPA NEBLINERO LH,Tapa Neblinero,Izquierda,VENDIDO,SANTIAGO,40000,35000,,SIN SENSOR,
QASHQAI 2021,TAPA NEBLINERO RH,Tapa Neblinero,Derecha,DISPONIBLE,,40000,35000,,SIN SENSOR,Sin ubic
QASHQAI 2021,TAPABARRO DELANTERO LH,Tapabarro Delantero,Delantera Izquierda,VENDIDO,SANTIAGO,160000,155000,,,
QASHQAI 2021,TAPABARRO DELANTERO RH,Tapabarro Delantero,Delantera Derecha,VENDIDO,SANTIAGO,90000,90000,,,
QASHQAI 2021,TAPIZ PORTALÓN,Tapiz Portalón,,DISPONIBLE,SANTIAGO,,,,,
QASHQAI 2021,TAPIZ PUERTA DELANTERA LH,Tapiz Puerta Delantera,Delantera Izquierda,DISPONIBLE,,30000,25000,,,Sin ubic
QASHQAI 2021,TAPIZ PUERTA DELANTERA RH,Tapiz Puerta Delantera,Delantera Derecha,DISPONIBLE,,30000,25000,,,Sin ubic
QASHQAI 2021,TAPIZ PUERTA TRASERA LH,Tapiz Puerta Trasera,Trasera Izquierda,DISPONIBLE,,25000,20000,,,Sin ubic
QASHQAI 2021,TAPIZ PUERTA TRASERA RH,Tapiz Puerta Trasera,Trasera Derecha,DISPONIBLE,,25000,20000,,,Sin ubic
QASHQAI 2021,TAPIZ TECHO,Tapiz Techo,,DISPONIBLE,,55000,50000,,,Sin ubic
QASHQAI 2021,TELECOMANDO,Telecomando,,DISPONIBLE,SANTIAGO,100000,90000,,"por separado 55,000 c/u",
QASHQAI 2021,TERCERA LUZ DE FRENO,Tercera Luz De Freno,,DISPONIBLE,SANTIAGO,25000,20000,,,
QASHQAI 2021,TOMA DE AIRE PORTA FILTRO,Toma De Aire Porta Filtro,,VENDIDO,SANTIAGO,45000,40000,,,
QASHQAI 2021,TRINQUETE CAPOT,Trinquete Capot,,VENDIDO,SANTIAGO,,,,,
QASHQAI 2021,TRINQUETE PUERTA DELANTERTA LH,Trinquete Puerta Delanterta,Izquierda,DISPONIBLE,,10000,8000,,15 EL PAR,Sin ubic
QASHQAI 2021,TRINQUETE PUERTA DELANTERTA RH,Trinquete Puerta Delanterta,Derecha,DISPONIBLE,,10000,8000,,16 EL PAR,Sin ubic
QASHQAI 2021,TRINQUETE PUERTA TRASERA LH,Trinquete Puerta Trasera,Trasera Izquierda,DISPONIBLE,,10000,8000,,17 EL PAR,Sin ubic
QASHQAI 2021,TRINQUETE PUERTA TRASERA RH,Trinquete Puerta Trasera,Trasera Derecha,DISPONIBLE,,10000,8000,,18 EL PAR,Sin ubic
QASHQAI 2021,TUBO DE AIRE ,Tubo De Aire ,,DISPONIBLE,,35000,30000,,ENTRE FILTRO Y CUERPO DE ACELERACIÓN ,Sin ubic
QASHQAI 2021,VARILLA CAPOT,Varilla Capot,,VENDIDO,SANTIAGO,,,,,
QASHQAI 2021,VIDRIO PUERTA DELANTERA LH,Vidrio Puerta Delantera,Delantera Izquierda,DISPONIBLE,SANTIAGO,35000,30000,,PATENTE MARCADA,
QASHQAI 2021,VIDRIO PUERTA DELANTERA RH,Vidrio Puerta Delantera,Delantera Derecha,DISPONIBLE,SANTIAGO,35000,30000,,PATENTE MARCADA,
QASHQAI 2021,VIDRIO PUERTA TRASERA LH,Vidrio Puerta Trasera,Trasera Izquierda,DISPONIBLE,SANTIAGO,35000,30000,,PATENTE MARCADA,
QASHQAI 2021,VIDRIO PUERTA TRASERA RH,Vidrio Puerta Trasera,Trasera Derecha,DISPONIBLE,SANTIAGO,35000,30000,,PATENTE MARCADA,
QASHQAI 2021,VOLANTE,Volante,,DISPONIBLE,SANTIAGO,60000,60000,,,
QASHQAI 2021,VOLANTE DE INERCIA,Volante De Inercia,,VENDIDO,SANTIAGO,,,,,
RCZ 2010,ALTERNADOR,Alternador,,DISPONIBLE,SANTIAGO,100000,90000,,,
RCZ 2010,AMORTIGUADOR CAPOT,Amortiguador Capot,,VENDIDO,SANTIAGO,,,,,
RCZ 2010,AMORTIGUADOR DELANTERO LH,Amortiguador Delantero,Delantera Izquierda,DISPONIBLE,SANTIAGO,70000,60000,,,
RCZ 2010,AMORTIGUADOR DELANTERO RH,Amortiguador Delantero,Delantera Derecha,DISPONIBLE,SANTIAGO,70000,60000,,,
RCZ 2010,AMORTIGUADOR MALETA LH,Amortiguador Maleta,Izquierda,DISPONIBLE,SANTIAGO,,,,,
RCZ 2010,AMORTIGUADOR MALETA RH,Amortiguador Maleta,Derecha,DISPONIBLE,SANTIAGO,,,,,
RCZ 2010,AMORTIGUADOR TRASERO LH,Amortiguador Trasero,Trasera Izquierda,POR CONFIRMAR,,35000,30000,,,Sin ubic
RCZ 2010,AMORTIGUADOR TRASERO RH,Amortiguador Trasero,Trasera Derecha,POR CONFIRMAR,,35000,30000,,,Sin ubic
RCZ 2010,AMPLIFICADOR RADIO,Amplificador Radio,,DISPONIBLE,SANTIAGO,,,,,
RCZ 2010,APOYA BRAZOS,Apoya Brazos,,POR CONFIRMAR,,,,,,Sin ubic
RCZ 2010,ASIENTO DELANTERO LH,Asiento Delantero,Delantera Izquierda,VENDIDO,SANTIAGO,120000,110000,,,
RCZ 2010,ASIENTO DELANTERO RH,Asiento Delantero,Delantera Derecha,VENDIDO,SANTIAGO,80000,75000,,,
RCZ 2010,BANDEJA DELANTERA LH,Bandeja Delantera,Delantera Izquierda,DISPONIBLE,SANTIAGO,40000,35000,,,
RCZ 2010,BANDEJA DELANTERA RH,Bandeja Delantera,Delantera Derecha,VENDIDO,SANTIAGO,40000,35000,,,
RCZ 2010,BASE BATERÍA,Base Batería,,POR CONFIRMAR,,,,,,Sin ubic
RCZ 2010,BASE DE ECU Y BCM,Base De Ecu Y Bcm,,POR CONFIRMAR,,,,,,Sin ubic
RCZ 2010,BASE TERMOSTATO,Base Termostato,,POR CONFIRMAR,,,,,,Sin ubic
RCZ 2010,BISAGRA CAPOT LH,Bisagra Capot,Izquierda,POR CONFIRMAR,,,,,,Sin ubic
RCZ 2010,BISAGRA CAPOT RH,Bisagra Capot,Derecha,POR CONFIRMAR,,,,,,Sin ubic
RCZ 2010,BISAGRAS PUERTA LH,Bisagras Puerta,Izquierda,POR CONFIRMAR,,,,,,Sin ubic
RCZ 2010,BOBINA 1,Bobina 1,,DISPONIBLE,SANTIAGO,20000,15000,,,
RCZ 2010,BOBINA 2,Bobina 2,,DISPONIBLE,SANTIAGO,20000,15000,,,
RCZ 2010,BOBINA 3,Bobina 3,,DISPONIBLE,SANTIAGO,20000,15000,,,
RCZ 2010,BOBINA 4,Bobina 4,,DISPONIBLE,SANTIAGO,20000,15000,,,
RCZ 2010,BOCINA,Bocina,,VENDIDO,SANTIAGO,20000,20000,,,
RCZ 2010,BOMBA DE AGUA,Bomba De Agua,,DISPONIBLE,SANTIAGO,,,,,
RCZ 2010,BOMBA DE ALTA,Bomba De Alta,,POR CONFIRMAR,,220000,200000,,,Sin ubic
RCZ 2010,BOMBA DE COMBUSTIBLE DE ALTA,Bomba De Combustible De Alta,,POR CONFIRMAR,,,,,,Sin ubic
RCZ 2010,BOMBA DE COMBUSTIBLE O BENCINA,Bomba De Combustible O Bencina,,DISPONIBLE,SANTIAGO,,,,,
RCZ 2010,BOMBA DE FRENO CON 2 DEPÓSITOS,Bomba De Freno Con 2 Depósitos,,POR CONFIRMAR,,,,,,Sin ubic
RCZ 2010,BOMBA ELECTROHIDRÁULICA,Bomba Electrohidráulica,,DISPONIBLE,SANTIAGO,200000,190000,,,
RCZ 2010,BORNER NEGATIVO CON MÓDULO,Borner Negativo Con Módulo,,DISPONIBLE,SANTIAGO,,,,,
RCZ 2010,BOTÓN ALERÓN,Botón Alerón,,POR CONFIRMAR,,,,,,Sin ubic
RCZ 2010,BOTÓN HAZARD,Botón Hazard,,POR CONFIRMAR,,,,,,Sin ubic
RCZ 2010,BOTÓN PUERTA  RH,Botón Puerta ,Derecha,POR CONFIRMAR,,,,,,Sin ubic
RCZ 2010,BOTONERA PUERTA LH,Botonera Puerta,Izquierda,POR CONFIRMAR,,,,,,Sin ubic
RCZ 2010,BRAZO LIMPIAPARABRISAS LH,Brazo Limpiaparabrisas,Izquierda,POR CONFIRMAR,,,,,,Sin ubic
RCZ 2010,BRAZO LIMPIAPARABRISAS RH,Brazo Limpiaparabrisas,Derecha,POR CONFIRMAR,,,,,,Sin ubic
RCZ 2010,BSI,Bsi,,DISPONIBLE,SANTIAGO,150000,140000,,,
RCZ 2010,BSM O CAJA DE FUSIBLES,Bsm O Caja De Fusibles,,DISPONIBLE,SANTIAGO,,,,,
RCZ 2010,CAJA,Caja,,DISPONIBLE,SANTIAGO,,,,,
RCZ 2010,CAJA PROTECTORA DE FUSIBLES,Caja Protectora De Fusibles,,DISPONIBLE,SANTIAGO,,,,,
RCZ 2010,CALIPER DELANTERO LH,Caliper Delantero,Delantera Izquierda,DISPONIBLE,SANTIAGO,,,,,
RCZ 2010,CALIPER DELANTERO RH,Caliper Delantero,Delantera Derecha,DISPONIBLE,SANTIAGO,,,,,
RCZ 2010,CALIPER TRASERO LH,Caliper Trasero,Trasera Izquierda,DISPONIBLE,SANTIAGO,,,,,
RCZ 2010,CALIPER TRASERO RH,Caliper Trasero,Trasera Derecha,DISPONIBLE,SANTIAGO,,,,,
RCZ 2010,CAÑERÍA PLÁSTICA DESDE DEPÓSITO AL RADIADOR,Cañería Plástica Desde Depósito Al Radiador,,POR CONFIRMAR,,,,,,Sin ubic
RCZ 2010,CAÑERÍAS DE AIRE ACONDICIONADO,Cañerías De Aire Acondicionado,,POR CONFIRMAR,,,,,,Sin ubic
RCZ 2010,CAÑERÍAS DE CREMALLERA DE DIRECCIÓN,Cañerías De Cremallera De Dirección,,POR CONFIRMAR,,,,,,Sin ubic
RCZ 2010,CAPOT,Capot,,POR CONFIRMAR,,250000,230000,,,Sin ubic
RCZ 2010,CHAPA CAPOT,Chapa Capot,,POR CONFIRMAR,,35000,30000,,,Sin ubic
RCZ 2010,CHAPA DE CONTACTO,Chapa De Contacto,,POR CONFIRMAR,,,,,,Sin ubic
RCZ 2010,CHAPA PUERTA LH,Chapa Puerta,Izquierda,POR CONFIRMAR,,,,,,Sin ubic
RCZ 2010,CHAPA PUERTA RH,Chapa Puerta,Derecha,DISPONIBLE,SANTIAGO,,,,,
RCZ 2010,CINTURONES TRASEROS,Cinturones Traseros,Trasera,POR CONFIRMAR,,,,,,Sin ubic
RCZ 2010,COFIA,Cofia,,POR CONFIRMAR,,,,,,Sin ubic
RCZ 2010,COLUMNA DE DIRECCIÓN,Columna De Dirección,,POR CONFIRMAR,,,,,,Sin ubic
RCZ 2010,COMPRESOR DE AIRE ACONDICIONADO,Compresor De Aire Acondicionado,,DISPONIBLE,SANTIAGO,120000,110000,,,
RCZ 2010,CONTROL DE CALEFACCIÓN,Control De Calefacción,,VENDIDO,SANTIAGO,45000,45000,,,
RCZ 2010,CONTROL HAZARD,Control Hazard,,DISPONIBLE,SANTIAGO,,,,,
RCZ 2010,CREMALLERA DE ALZAVIDRIOS CON MOTOR LH,Cremallera De Alzavidrios Con Motor,Izquierda,DISPONIBLE,SANTIAGO,55000,50000,,,
RCZ 2010,CREMALLERA DE ALZAVIDRIOS CON MOTOR RH,Cremallera De Alzavidrios Con Motor,Derecha,DISPONIBLE,SANTIAGO,55000,50000,,,
RCZ 2010,CREMALLERA DE DIRECCIÓN,Cremallera De Dirección,,DISPONIBLE,SANTIAGO,,,,,
RCZ 2010,CUERPO DE ACELERACIÓN,Cuerpo De Aceleración,,VENDIDO,SANTIAGO,,,,,
RCZ 2010,CUNA DELANTERA,Cuna Delantera,Delantera,POR CONFIRMAR,,,,,,Sin ubic
RCZ 2010,DEPÓSITO DE AGUA,Depósito De Agua,,DISPONIBLE,SANTIAGO,,,,,
RCZ 2010,DEPÓSITO DE LIMPIAPARABRISAS,Depósito De Limpiaparabrisas,,DISPONIBLE,SANTIAGO,,,,,
RCZ 2010,DEPÓSITO DE VACÍO,Depósito De Vacío,,DISPONIBLE,SANTIAGO,,,,,
RCZ 2010,DISCO DE FRENO DELANTERO LH,Disco De Freno Delantero,Delantera Izquierda,DISPONIBLE,SANTIAGO,35000,30000,,,
RCZ 2010,DISCO DE FRENO DELANTERO RH,Disco De Freno Delantero,Delantera Derecha,DISPONIBLE,SANTIAGO,35000,30000,,,
RCZ 2010,DISCO DE FRENO TRASERO LH,Disco De Freno Trasero,Trasera Izquierda,DISPONIBLE,SANTIAGO,25000,20000,,,
RCZ 2010,DISCO DE FRENO TRASERO RH,Disco De Freno Trasero,Trasera Derecha,DISPONIBLE,SANTIAGO,25000,20000,,,
RCZ 2010,ECU,Ecu,,DISPONIBLE,SANTIAGO,150000,140000,,,
RCZ 2010,EJE PALIER LH,Eje Palier,Izquierda,DISPONIBLE,SANTIAGO,,,,,
RCZ 2010,EJE PALIER RH,Eje Palier,Derecha,DISPONIBLE,SANTIAGO,,,,,
RCZ 2010,EMBELLECEDOR DE CALEFACCIÓN,Embellecedor De Calefacción,,POR CONFIRMAR,,,,,,Sin ubic
RCZ 2010,EMBELLECEDOR DE PALANCA DE CAMBIOS,Embellecedor De Palanca De Cambios,,POR CONFIRMAR,,,,,,Sin ubic
RCZ 2010,ENGANCHE SUPERIOR DE RADIADOR LH,Enganche Superior De Radiador,Izquierda,POR CONFIRMAR,,,,,,Sin ubic
RCZ 2010,ENGANCHE SUPERIOR DE RADIADOR RH,Enganche Superior De Radiador,Derecha,POR CONFIRMAR,,,,,,Sin ubic
RCZ 2010,ESPEJO CENTRAL CON SENSOR,Espejo Central Con Sensor,Central,DISPONIBLE,SANTIAGO,,,,,
RCZ 2010,ESPEJO LH,Espejo,Izquierda,VENDIDO,SANTIAGO,95000,90000,,,
RCZ 2010,ESPEJO RH,Espejo,Derecha,DISPONIBLE,SANTIAGO,95000,90000,,,
RCZ 2010,ESPIRAL TRASERO LH,Espiral Trasero,Trasera Izquierda,POR CONFIRMAR,,,,,,Sin ubic
RCZ 2010,ESPIRAL TRASERO RH,Espiral Trasero,Trasera Derecha,POR CONFIRMAR,,,,,,Sin ubic
RCZ 2010,FOCO TRASERO LH,Foco Trasero,Trasera Izquierda,VENDIDO,,200000,190000,,,Sin ubic
RCZ 2010,FOCO TRASERO RH,Foco Trasero,Trasera Derecha,POR CONFIRMAR,,200000,190000,,,Sin ubic
RCZ 2010,FRENO DE MANO,Freno De Mano,,POR CONFIRMAR,,,,,,Sin ubic
RCZ 2010,FRONTAL,Frontal,,POR CONFIRMAR,,80000,75000,,,Sin ubic
RCZ 2010,FRONTAL METÁLICO INFERIOR,Frontal Metálico Inferior,,POR CONFIRMAR,,,,,,Sin ubic
RCZ 2010,FUNDA DELANTERA COMPLETA,Funda Delantera Completa,Delantera,VENDIDO,SANTIAGO,400000,380000,,,
RCZ 2010,FUNDA TRASERA COMPLETA,Funda Trasera Completa,Trasera,VENDIDO,SANTIAGO,300000,280000,,,
RCZ 2010,FUSIBLES POSITIVO DE BATERÍA,Fusibles Positivo De Batería,,DISPONIBLE,SANTIAGO,,,,,
RCZ 2010,GUANTERA,Guantera,,DISPONIBLE,SANTIAGO,,,,,
RCZ 2010,GUARDAFANGO DELANTERO LH CON DETALLE,Guardafango Delantero Con Detalle,Delantera Izquierda,VENDIDO,SANTIAGO,20000,15000,,,Daños
RCZ 2010,GUARDAFANGO DELANTERO RH CON DETALLE,Guardafango Delantero Con Detalle,Delantera Derecha,VENDIDO,SANTIAGO,20000,15000,,,Daños
RCZ 2010,GUARDAFANGO TRASERO LH,Guardafango Trasero,Trasera Izquierda,POR CONFIRMAR,,,,,,Sin ubic
RCZ 2010,GUARDAFANGO TRASERO RH,Guardafango Trasero,Trasera Derecha,POR CONFIRMAR,,,,,,Sin ubic
RCZ 2010,INTERCOOLER CON MANGUERAS ,Intercooler Con Mangueras ,,POR CONFIRMAR,,,,,,Sin ubic
RCZ 2010,KIT DE AIRBAG,Kit De Airbag,,DISPONIBLE,SANTIAGO,450000,430000,,,Múltiples
RCZ 2010,LLANTA 1,Llanta 1,,VENDIDO,SANTIAGO,140000,130000,,,
RCZ 2010,LLANTA 2,Llanta 2,,VENDIDO,SANTIAGO,140000,130000,,,
RCZ 2010,LLANTA 3,Llanta 3,,VENDIDO,SANTIAGO,140000,130000,,,
RCZ 2010,LLANTA 4,Llanta 4,,VENDIDO,SANTIAGO,70000,60000,,,
RCZ 2010,LUZ DE TECHO,Luz De Techo,,POR CONFIRMAR,,,,,,Sin ubic
RCZ 2010,LUZ TAPIZ DE PUERTA LH,Luz Tapiz De Puerta,Izquierda,POR CONFIRMAR,,,,,,Sin ubic
RCZ 2010,LUZ TAPIZ DE PUERTA RH,Luz Tapiz De Puerta,Derecha,POR CONFIRMAR,,,,,,Sin ubic
RCZ 2010,MALETA COMPLETA,Maleta Completa,,VENDIDO,SANTIAGO,300000,280000,,,
RCZ 2010,MANGUERAS HIDRÁULICO,Mangueras Hidráulico,,POR CONFIRMAR,,,,,,Sin ubic
RCZ 2010,MANILLA EXTERIOR LH,Manilla Exterior,Izquierda,DISPONIBLE,SANTIAGO,,,,,
RCZ 2010,MANILLA EXTERIOR RH,Manilla Exterior,Derecha,DISPONIBLE,SANTIAGO,,,,,
RCZ 2010,MANILLA INTERIOR LH,Manilla Interior,Izquierda,DISPONIBLE,SANTIAGO,,,,,
RCZ 2010,MANILLA INTERIOR RH,Manilla Interior,Derecha,DISPONIBLE,SANTIAGO,,,,,
RCZ 2010,MÁSCARA O REJILLA INFERIOR ,Máscara O Rejilla Inferior ,,VENDIDO,SANTIAGO,,,,,
RCZ 2010,MÉNSULA DELANTERA LH,Ménsula Delantera,Delantera Izquierda,POR CONFIRMAR,,,,,,Sin ubic
RCZ 2010,MÉNSULA DELANTERA RH,Ménsula Delantera,Delantera Derecha,POR CONFIRMAR,,,,,,Sin ubic
RCZ 2010,MÉNSULA TRASERA CENTRAL,Ménsula Trasera Central,Central,VENDIDO,SANTIAGO,,,,,
RCZ 2010,MÉNSULA TRASERA LH,Ménsula Trasera,Trasera Izquierda,DISPONIBLE,SANTIAGO,,,,,
RCZ 2010,MÉNSULA TRASERA RH,Ménsula Trasera,Trasera Derecha,VENDIDO,SANTIAGO,,,,,
RCZ 2010,MÓDULO ABS,Módulo Abs,,POR CONFIRMAR,,,,,,Sin ubic
RCZ 2010,MÓDULO BLUETOOTH,Módulo Bluetooth,,DISPONIBLE,SANTIAGO,,,,,
RCZ 2010,MÓDULO DE ESTACIONAMIENTO,Módulo De Estacionamiento,,DISPONIBLE,SANTIAGO,,,,,
RCZ 2010,MÓDULO DE MEMORIA DE CONTROL DE ASIENTO,Módulo De Memoria De Control De Asiento,,DISPONIBLE,SANTIAGO,,,,,
RCZ 2010,MOLDURA ASIENTO CON BOTÓN DEL RH0,Moldura Asiento Con Botón Del0,Derecha,VENDIDO,SANTIAGO,20000,20000,,,
RCZ 2010,MOTOR DE CALEFACCIÓN,Motor De Calefacción,,DISPONIBLE,SANTIAGO,,,,,
RCZ 2010,MOTOR DE PARTIDA,Motor De Partida,,DISPONIBLE,SANTIAGO,,,,,
RCZ 2010,MOTOR LIMPIAPARABRISAS LH,Motor Limpiaparabrisas,Izquierda,POR CONFIRMAR,,,,,,Sin ubic
RCZ 2010,MOTOR LIMPIAPARABRISAS RH,Motor Limpiaparabrisas,Derecha,POR CONFIRMAR,,,,,,Sin ubic
RCZ 2010,MOTOR LIMPIAPARABRISAS TRASERO,Motor Limpiaparabrisas Trasero,Trasera,DISPONIBLE,SANTIAGO,,,,,
RCZ 2010,MÚLTIPLE DE ADMISIÓN,Múltiple De Admisión,,DISPONIBLE,SANTIAGO,,,,,
RCZ 2010,MUÑÓN CON MAZA DELANTERA LH,Muñón Con Maza Delantera,Delantera Izquierda,DISPONIBLE,SANTIAGO,,,,,
RCZ 2010,MUÑÓN CON MAZA DELANTERO RH,Muñón Con Maza Delantero,Delantera Derecha,DISPONIBLE,SANTIAGO,,,,REVISAR SI TIENE LA MAZA,Revisar
RCZ 2010,NEBLINEROS ,Neblineros ,,VENDIDO,SANTIAGO,,,,,
RCZ 2010,ÓPTICO LH (SIN BALAT),Óptico (Sin Balat),Izquierda,DISPONIBLE,SANTIAGO,75000,70000,,,
RCZ 2010,ÓPTICO RH (SIN BALAT),Óptico (Sin Balat),Derecha,DISPONIBLE,SANTIAGO,75000,70000,,,
RCZ 2010,PALANCA DE CAMBIOS,Palanca De Cambios,,DISPONIBLE,SANTIAGO,,,,,
RCZ 2010,PALANCA FRENO DE MANO,Palanca Freno De Mano,,DISPONIBLE,SANTIAGO,,,,,
RCZ 2010,PANTALLA,Pantalla,,POR CONFIRMAR,,,,,,Sin ubic
RCZ 2010,PARABRISAS ,Parabrisas ,,NO DISPONIBLE,,,,,,Sin ubic
RCZ 2010,PARACHOQUE DELANTERO COMPLETO,Parachoque Delantero Completo,Delantera,VENDIDO,SANTIAGO,,,,,
RCZ 2010,PARASOL LH,Parasol,Izquierda,POR CONFIRMAR,,,,,,Sin ubic
RCZ 2010,PARASOL RH (CON DETALLE),Parasol (Con Detalle),Derecha,POR CONFIRMAR,,,,,,Daños; Sin ubic
RCZ 2010,PEDAL DE ACELERACIÓN,Pedal De Aceleración,,DISPONIBLE,SANTIAGO,,,,,
RCZ 2010,PEDAL DE FRENO,Pedal De Freno,,POR CONFIRMAR,,,,,,Sin ubic
RCZ 2010,PIOLA CAPOT,Piola Capot,,DISPONIBLE,SANTIAGO,,,,,
RCZ 2010,PIOLAS DE FRENO,Piolas De Freno,,POR CONFIRMAR,,,,,,Sin ubic
RCZ 2010,PORTA ELECTROVENTILADOR O PANEL FRONTAL,Porta Electroventilador O Panel Frontal,,DISPONIBLE,SANTIAGO,,,,,
RCZ 2010,PORTA FILTRO,Porta Filtro,,DISPONIBLE,SANTIAGO,,,,,
RCZ 2010,PORTA FILTRO DE ACEITE CON ENFRIADOR,Porta Filtro De Aceite Con Enfriador,,DISPONIBLE,SANTIAGO,,,,,
RCZ 2010,PORTA RADIADOR,Porta Radiador,,DISPONIBLE,SANTIAGO,,,,,
RCZ 2010,PUERTA LH SOLO LATA,Puerta Solo Lata,Izquierda,DISPONIBLE,REQUINOA,120000,110000,,,
RCZ 2010,PUERTA RH SOLO LATA,Puerta Solo Lata,Derecha,DISPONIBLE,REQUINOA,120000,110000,,,
RCZ 2010,PUNTA DE CUNA DE ALUMINIO LH,Punta De Cuna De Aluminio,Izquierda,POR CONFIRMAR,,,,,,Sin ubic
RCZ 2010,PUNTA DE CUNA DE ALUMINIO RH,Punta De Cuna De Aluminio,Derecha,POR CONFIRMAR,,,,,,Sin ubic
RCZ 2010,RADIADOR DE AGUA,Radiador De Agua,,DISPONIBLE,SANTIAGO,,,,,
RCZ 2010,RADIADOR DE AIRE,Radiador De Aire,,DISPONIBLE,SANTIAGO,80000,75000,,,
RCZ 2010,RADIO (ALTERNATIVA),Radio (Alternativa),,POR CONFIRMAR,,,,,,Sin ubic
RCZ 2010,RAMAL MOTOR,Ramal Motor,,POR CONFIRMAR,,,,,,Sin ubic
RCZ 2010,REFUERZO DE PARACHOQUE DELANTERO,Refuerzo De Parachoque Delantero,Delantera,VENDIDO,SANTIAGO,,,,,
RCZ 2010,REFUERZO DE PARACHOQUE TRASERO,Refuerzo De Parachoque Trasero,Trasera,POR CONFIRMAR,,,,,,Sin ubic
RCZ 2010,REFUERZO INFERIOR DE PARACHOQUE DELANTERO,Refuerzo Inferior De Parachoque Delantero,Delantera,DISPONIBLE,SANTIAGO,45000,40000,,,
RCZ 2010,RELOJ CENTRAL,Reloj Central,Central,POR CONFIRMAR,,25000,25000,,,Sin ubic
RCZ 2010,RESISTENCIA ELECTROVENTILADOR,Resistencia Electroventilador,,DISPONIBLE,SANTIAGO,,,,,
RCZ 2010,RESISTENCIA MOTOR DE CALEFACCIÓN,Resistencia Motor De Calefacción,,DISPONIBLE,SANTIAGO,,,,,
RCZ 2010,RESISTENCIA MOTOR DE CALEFACCIÓN,Resistencia Motor De Calefacción,,DISPONIBLE,SANTIAGO,,,,,
RCZ 2010,RIEL DE INYECCIÓN CON INYECTORES,Riel De Inyección Con Inyectores,,DISPONIBLE,SANTIAGO,,,,,
RCZ 2010,RODAMIENTO TENSOR CORREA DE ACCESORIOS,Rodamiento Tensor Correa De Accesorios,,POR CONFIRMAR,,,,,,Sin ubic
RCZ 2010,ROSCA O ARGOLLA BOMBA DE BENCINA,Rosca O Argolla Bomba De Bencina,,POR CONFIRMAR,,,,,,Sin ubic
RCZ 2010,SALIDA TUBO DE ESCAPE,Salida Tubo De Escape,,POR CONFIRMAR,,35000,30000,,,Sin ubic
RCZ 2010,SENSOR DE OXÍGENO BANCO 1,Sensor De Oxígeno Banco 1,,POR CONFIRMAR,,,,,,Sin ubic
RCZ 2010,SENSOR DE OXÍGENO BANCO 2,Sensor De Oxígeno Banco 2,,POR CONFIRMAR,,,,,,Sin ubic
RCZ 2010,SENSOR EVAP,Sensor Evap,,POR CONFIRMAR,,,,,,Sin ubic
RCZ 2010,SINÓPTICO,Sinóptico,,DISPONIBLE,SANTIAGO,,,,,
RCZ 2010,SOPORTE DE CAJA LH,Soporte De Caja,Izquierda,POR CONFIRMAR,,,,,,Sin ubic
RCZ 2010,SOPORTE DE MOTOR INFERIOR,Soporte De Motor Inferior,,DISPONIBLE,SANTIAGO,,,,,
RCZ 2010,SOPORTE DE MOTOR RH,Soporte De Motor,Derecha,NO DISPONIBLE,,,,,,Sin ubic
RCZ 2010,SUITCH DE FRENO,Suitch De Freno,,POR CONFIRMAR,,,,,,Sin ubic
RCZ 2010,TAPA DE BENCINA EXTERIOR,Tapa De Bencina Exterior,,DISPONIBLE,SANTIAGO,,,,,
RCZ 2010,TAPA DE FUSIBLES INTERIOR,Tapa De Fusibles Interior,,POR CONFIRMAR,,,,,,Sin ubic
RCZ 2010,TAPA DE VÁLVULA,Tapa De Válvula,,DISPONIBLE,SANTIAGO,,,,,
RCZ 2010,TAPA ENTRE TAPABARRO Y PUERTA LH,Tapa Entre Tapabarro Y Puerta,Izquierda,POR CONFIRMAR,,,,,,Sin ubic
RCZ 2010,TAPA ENTRE TAPABARRO Y PUERTA RH,Tapa Entre Tapabarro Y Puerta,Derecha,POR CONFIRMAR,,,,,,Sin ubic
RCZ 2010,TAPABARRO LH,Tapabarro,Izquierda,DISPONIBLE,SANTIAGO,90000,80000,,,
RCZ 2010,TAPABARRO RH,Tapabarro,Derecha,DISPONIBLE,SANTIAGO,90000,80000,,,
RCZ 2010,TAPIZ DE PUERTA LH,Tapiz De Puerta,Izquierda,POR CONFIRMAR,,40000,35000,,,Sin ubic
RCZ 2010,TAPIZ DE PUERTA RH,Tapiz De Puerta,Derecha,POR CONFIRMAR,,40000,35000,,,Sin ubic
RCZ 2010,TELECOMANDOS,Telecomandos,,DISPONIBLE,SANTIAGO,,,,,
RCZ 2010,TENSOR,Tensor,,DISPONIBLE,SANTIAGO,,,,,
RCZ 2010,TERCERA LUZ DE FRENO,Tercera Luz De Freno,,POR CONFIRMAR,,60000,55000,,,Sin ubic
RCZ 2010,TURBO,Turbo,,VENDIDO,SANTIAGO,,,,,
RCZ 2010,VIDRIO LUNETA LATERAL TRASERA LH,Vidrio Luneta Lateral Trasera,Trasera Izquierda,VENDIDO,SANTIAGO,,,,,
RCZ 2010,VIDRIO LUNETA LATERAL TRASERA RH,Vidrio Luneta Lateral Trasera,Trasera Derecha,VENDIDO,SANTIAGO,,,,,
RCZ 2010,VIDRIO LUNETA PARABRISAS TRASERO,Vidrio Luneta Parabrisas Trasero,Trasera,VENDIDO,SANTIAGO,,,,,
RCZ 2010,VIDRIO PUERTA DELANTERA LH,Vidrio Puerta Delantera,Delantera Izquierda,VENDIDO,SANTIAGO,,,,,
RCZ 2010,VIDRIO PUERTA DELANTERA RH,Vidrio Puerta Delantera,Delantera Derecha,VENDIDO,SANTIAGO,,,,,
RCZ 2010,VOLANTE,Volante,,DISPONIBLE,SANTIAGO,45000,40000,,,
RCZ 2010,TENSOR DE CORREA,Tensor De Correa,,DISPONIBLE,SANTIAGO,,,,,
RCZ 2010,VÁLVULA VVT,Válvula Vvt,,DISPONIBLE,SANTIAGO,,,,,
S2 2019,ALTERNADOR,Alternador,,DISPONIBLE,SANTIAGO,80000,70000,,,
S2 2019,AMORTIGUADOR DELANTERO RH,Amortiguador Delantero,Delantera Derecha,DISPONIBLE,SANTIAGO,65000,60000,,CONFIRMAR LADO,
S2 2019,AMORTIGUADOR TRASERO LH,Amortiguador Trasero,Trasera Izquierda,DISPONIBLE,SANTIAGO,20000,15000,,,
S2 2019,AMORTIGUADOR TRASERO RH,Amortiguador Trasero,Trasera Derecha,DISPONIBLE,SANTIAGO,20000,15000,,,
S2 2019,BARRA TECHO LH,Barra Techo,Izquierda,DISPONIBLE,SANTIAGO,45000,40000,,"EL PAR EN 70,000",
S2 2019,BARRA TECHO RH,Barra Techo,Derecha,DISPONIBLE,SANTIAGO,45000,40000,,,
S2 2019,BOBINA 1,Bobina 1,,DISPONIBLE,SANTIAGO,15000,15000,,,
S2 2019,BOBINA 2,Bobina 2,,DISPONIBLE,SANTIAGO,15000,15000,,,
S2 2019,BOBINA 3,Bobina 3,,DISPONIBLE,SANTIAGO,15000,15000,,,
S2 2019,BOBINA 4,Bobina 4,,DISPONIBLE,SANTIAGO,15000,15000,,,
S2 2019,BOMBA DE BENCINA,Bomba De Bencina,,DISPONIBLE,SANTIAGO,45000,40000,,,
S2 2019,BOMBA DE EMBRAGUE DE CAJA,Bomba De Embrague De Caja,,DISPONIBLE,SANTIAGO,,,,,
S2 2019,BOMBA DE PEDAL DE EMBRAGUE,Bomba De Pedal De Embrague,,DISPONIBLE,SANTIAGO,,,,,
S2 2019,BRAZO LIMPIAPARABRISAS LH,Brazo Limpiaparabrisas,Izquierda,DISPONIBLE,SANTIAGO,,,,,
S2 2019,BRAZO LIMPIAPARABRISAS RH,Brazo Limpiaparabrisas,Derecha,DISPONIBLE,SANTIAGO,,,,,
S2 2019,CAJA DE CAMBIOS ,Caja De Cambios ,,DISPONIBLE,,350000,320000,,,Sin ubic
S2 2019,CALIPER DELANTERO LH,Caliper Delantero,Delantera Izquierda,DISPONIBLE,SANTIAGO,35000,30000,,,
S2 2019,CALIPER DELANTERO RH,Caliper Delantero,Delantera Derecha,DISPONIBLE,SANTIAGO,35000,30000,,,
S2 2019,CALIPER TRASERO LH,Caliper Trasero,Trasera Izquierda,DISPONIBLE,SANTIAGO,35000,30000,,,
S2 2019,CALIPER TRASERO RH,Caliper Trasero,Trasera Derecha,DISPONIBLE,SANTIAGO,35000,30000,,,
S2 2019,CAÑERÍAS DE AIRE,Cañerías De Aire,,DISPONIBLE,SANTIAGO,,,,,
S2 2019,CHAPA CAPOT,Chapa Capot,,DISPONIBLE,SANTIAGO,25000,20000,,,
S2 2019,CHAPA PUERTA DELANTERA LH ,Chapa Puerta Delantera ,Delantera Izquierda,DISPONIBLE,SANTIAGO,,,,,
S2 2019,CINTA DE AIRBAG,Cinta De Airbag,,DISPONIBLE,SANTIAGO,25000,20000,,,
S2 2019,COLUMNA DE DIRECCIÓN ELECTRONICA,Columna De Dirección Electronica,,DISPONIBLE,SANTIAGO,160000,150000,,,
S2 2019,COMPRESOR AIRE ACONDICIONADO,Compresor Aire Acondicionado,,VENDIDO,SANTIAGO,100000,80000,,,
S2 2019,CONTROL DE CALEFACCIÓN,Control De Calefacción,,VENDIDO,SANTIAGO,,,,,
S2 2019,CREMALLERA DE ALZAVIDRIO DELANTERA,Cremallera De Alzavidrio Delantera,Delantera,DISPONIBLE,SANTIAGO,30000,25000,,,
S2 2019,CREMALLERA DE ALZAVIDRIO TRASERA LH,Cremallera De Alzavidrio Trasera,Trasera Izquierda,DISPONIBLE,SANTIAGO,30000,25000,,,
S2 2019,CREMALLERA DE ALZAVIDRIO TRASERA RH,Cremallera De Alzavidrio Trasera,Trasera Derecha,DISPONIBLE,SANTIAGO,30000,25000,,,
S2 2019,CREMALLERA DE DIRECCIÓN,Cremallera De Dirección,,DISPONIBLE,SANTIAGO,120000,110000,,,
S2 2019,CUERPO DE ACELERACIÓN,Cuerpo De Aceleración,,DISPONIBLE,SANTIAGO,70000,60000,,,
S2 2019,CUNA,Cuna,,DISPONIBLE,,72000,60000,,COMPARAR CON FOTO,Sin ubic
S2 2019,ECU,Ecu,,DISPONIBLE,SANTIAGO,,,,,
S2 2019,EJE PALIER DERECHO,Eje Palier Derecho,,DISPONIBLE,SANTIAGO,85000,80000,,,
S2 2019,EJE PALIER IZQUIERDO DETALLE,Eje Palier Izquierdo Detalle,,DISPONIBLE,SANTIAGO,75000,70000,,LE FALTA UN EXTREMO,
S2 2019,ESPEJO CENTRAL,Espejo Central,Central,DISPONIBLE,SANTIAGO,15000,10000,,,
S2 2019,ESPEJO LH,Espejo,Izquierda,VENDIDO,SANTIAGO,,,,PATENTE GRABADA,
S2 2019,LUZ DE INTERIOR TECHO,Luz De Interior Techo,,DISPONIBLE,SANTIAGO,25000,20000,,,
S2 2019,MANILLA EXTERIOR TRASERA RH,Manilla Exterior Trasera,Trasera Derecha,DISPONIBLE,SANTIAGO,20000,15000,,,
S2 2019,MANILLA PARA ABRIR TAPA DE BENCINA,Manilla Para Abrir Tapa De Bencina,,DISPONIBLE,SANTIAGO,15000,10000,,,
S2 2019,MAZA DELANTERO DERECHO,Maza Delantero Derecho,Delantera,DISPONIBLE,,65000,60000,,,Sin ubic
S2 2019,MAZA TRASERO DERECHO,Maza Trasero Derecho,Trasera,DISPONIBLE,,45000,40000,,,Sin ubic
S2 2019,MAZA TRASERO IZQUIERDO,Maza Trasero Izquierdo,Trasera,DISPONIBLE,,45000,40000,,,Sin ubic
S2 2019,MÉNSULA TRASERA RH,Ménsula Trasera,Trasera Derecha,DISPONIBLE,SANTIAGO,,,,,
S2 2019,MOTOR DE PARTIDA,Motor De Partida,,DISPONIBLE,SANTIAGO,55000,45000,,,
S2 2019,PALANCA DE CAMBIOS,Palanca De Cambios,,DISPONIBLE,SANTIAGO,60000,55000,,,
S2 2019,PARASOL LH,Parasol,Izquierda,NO DISPONIBLE,,,,,,Sin ubic
S2 2019,PARASOL RH,Parasol,Derecha,NO DISPONIBLE,,,,,,Sin ubic
S2 2019,PARLANTE 1,Parlante 1,,DISPONIBLE,,15000,12000,,,Sin ubic
S2 2019,PARLANTE 2,Parlante 2,,DISPONIBLE,,15000,12000,,,Sin ubic
S2 2019,PIOLAS PALANCA DE CAMBIO,Piolas Palanca De Cambio,,DISPONIBLE,SANTIAGO,45000,40000,,,
S2 2019,PUERTA TRASERA RH,Puerta Trasera,Trasera Derecha,VENDIDO,SANTIAGO,35000,35000,,CON DETALLE LEVE,
S2 2019,REFUERZO DE PARACHOQUE DELANTERO (PLÁSTICO),Refuerzo De Parachoque Delantero (Plástico),Delantera,DISPONIBLE,SANTIAGO,35700,30000,,,
S2 2019,SENSOR ABS,Sensor Abs,,DISPONIBLE,SANTIAGO,,,,,
S2 2019,SENSOR DE OXÍGENO ,Sensor De Oxígeno ,,DISPONIBLE,SANTIAGO,15000,10000,,,
S2 2019,SINÓPTICO,Sinóptico,,VENDIDO,SANTIAGO,,,,,
S2 2019,TAPA DE BENCINA EXTERIOR,Tapa De Bencina Exterior,,DISPONIBLE,SANTIAGO,,,,,
S2 2019,TAPA DE BENCINA INTERIOR,Tapa De Bencina Interior,,DISPONIBLE,SANTIAGO,,,,,
S2 2019,TELECOMANDO ,Telecomando ,,DISPONIBLE,SANTIAGO,75000,70000,,,
S2 2019,VOLANTE,Volante,,DISPONIBLE,SANTIAGO,35700,30000,,,
S3 2017,AIRBAG TABLERO,Airbag Tablero,,VENDIDO,SANTIAGO,100000,100000,,,
S3 2017,AIRBAG VOLANTE,Airbag Volante,,VENDIDO,SANTIAGO,80000,80000,,,
S3 2017,ALTERNADOR,Alternador,,DISPONIBLE,SANTIAGO,85000,80000,,MALO,
S3 2017,AMORTIGUADOR TRASERO,Amortiguador Trasero,Trasera,DISPONIBLE,SANTIAGO,20000,15000,,CONFIRMAR LADO,
S3 2017,ASIENTO DELANTERO LH,Asiento Delantero,Delantera Izquierda,VENDIDO,SANTIAGO,50000,40000,,,
S3 2017,ASIENTO DELANTERO RH,Asiento Delantero,Delantera Derecha,VENDIDO,SANTIAGO,50000,40000,,,
S3 2017,ASIENTOS TRASEROS,Asientos Traseros,Trasera,VENDIDO,SANTIAGO,50000,40000,,,
S3 2017,BOBINA 1,Bobina 1,,DISPONIBLE,SANTIAGO,20000,15000,,,
S3 2017,BOBINA 2,Bobina 2,,DISPONIBLE,SANTIAGO,20000,15000,,,
S3 2017,BOBINA 3,Bobina 3,,DISPONIBLE,SANTIAGO,20000,15000,,,
S3 2017,BOMBA DE BENCINA,Bomba De Bencina,,DISPONIBLE,SANTIAGO,45000,40000,,,
S3 2017,BOMBA DE EMBRAGUE DE CAJA,Bomba De Embrague De Caja,,DISPONIBLE,SANTIAGO,,,,,
S3 2017,BRAZO LIMPIAPARABRISAS LH,Brazo Limpiaparabrisas,Izquierda,DISPONIBLE,SANTIAGO,,,,,
S3 2017,BRAZO LIMPIAPARABRISAS RH,Brazo Limpiaparabrisas,Derecha,DISPONIBLE,SANTIAGO,,,,,
S3 2017,CAJA,Caja,,VENDIDO,SANTIAGO,400000,370000,,,
S3 2017,CALIPER DELANTERO LH,Caliper Delantero,Delantera Izquierda,DISPONIBLE,SANTIAGO,35000,30000,,,
S3 2017,CALIPER DELANTERO RH,Caliper Delantero,Delantera Derecha,DISPONIBLE,SANTIAGO,35000,30000,,,
S3 2017,CATALÍTICO,Catalítico,,DISPONIBLE,SANTIAGO,,,,,
S3 2017,CHAPA PORTALÓN,Chapa Portalón,,DISPONIBLE,SANTIAGO,25000,20000,,,
S3 2017,CHAPA PUERTA DELANTERA LH,Chapa Puerta Delantera,Delantera Izquierda,VENDIDO,SANTIAGO,35000,35000,,,
S3 2017,CINTA DE AIRBAG,Cinta De Airbag,,DISPONIBLE,SANTIAGO,25000,20000,,,
S3 2017,CINTURÓN DELANTERO RH,Cinturón Delantero,Delantera Derecha,VENDIDO,,,,,,Sin ubic
S3 2017,CINTURÓN TRASERO LH,Cinturón Trasero,Trasera Izquierda,DISPONIBLE,SANTIAGO,25000,20000,,,
S3 2017,CINTURÓN TRASERO RH,Cinturón Trasero,Trasera Derecha,DISPONIBLE,SANTIAGO,25000,20000,,,
S3 2017,COLUMNA DE DIRECCIÓN,Columna De Dirección,,VENDIDO,SANTIAGO,150000,150000,,,
S3 2017,COMPRESOR DE AIRE ACONDICIONADO,Compresor De Aire Acondicionado,,VENDIDO,SANTIAGO,120000,110000,,,
S3 2017,CREMALLERA DE ALZAVIDRIO DELANTERA LH,Cremallera De Alzavidrio Delantera,Delantera Izquierda,DISPONIBLE,,30000,25000,,,Sin ubic
S3 2017,CREMALLERA DE ALZAVIDRIO DELANTERA RH,Cremallera De Alzavidrio Delantera,Delantera Derecha,DISPONIBLE,,30000,25000,,,Sin ubic
S3 2017,CREMALLERA DE ALZAVIDRIO TRASERA LH,Cremallera De Alzavidrio Trasera,Trasera Izquierda,DISPONIBLE,,30000,25000,,,Sin ubic
S3 2017,CREMALLERA DE DIRECCIÓN,Cremallera De Dirección,,DISPONIBLE,SANTIAGO,120000,110000,,,
S3 2017,CUBRE EQUIPAJE,Cubre Equipaje,,DISPONIBLE,SANTIAGO,25000,20000,,,
S3 2017,CUBRE ZÓCALO,Cubre Zócalo,,DISPONIBLE,SANTIAGO,25000,20000,,CONFIRMAR LADO,
S3 2017,DEPÓSITO DE AGUA O LÍQUIDO REFRIGERANTE,Depósito De Agua O Líquido Refrigerante,,DISPONIBLE,SANTIAGO,25000,20000,,SIN TAPA,
S3 2017,DEPÓSITO DE LIMPIAPARABRISAS,Depósito De Limpiaparabrisas,,DISPONIBLE,SANTIAGO,25000,20000,,,
S3 2017,EJE PALIER DERECHO,Eje Palier Derecho,,DISPONIBLE,SANTIAGO,90000,85000,,,
S3 2017,ELECTROVENTILADOR,Electroventilador,,DISPONIBLE,SANTIAGO,55000,50000,,,
S3 2017,ESPEJO CENTRAL,Espejo Central,Central,DISPONIBLE,SANTIAGO,,,,,
S3 2017,FOCO INTERIOR LUZ TECHO CENTRAL,Foco Interior Luz Techo Central,Central,DISPONIBLE,SANTIAGO,15000,10000,,,
S3 2017,FOCO INTERIOR LUZ TECHO DELANTERA,Foco Interior Luz Techo Delantera,Delantera,DISPONIBLE,SANTIAGO,2500,20000,,,
S3 2017,GUARDAFANGO DELANTERO LH,Guardafango Delantero,Delantera Izquierda,DISPONIBLE,SANTIAGO,20000,15000,,,
S3 2017,GUARDAFANGO TRASERO LH,Guardafango Trasero,Trasera Izquierda,DISPONIBLE,SANTIAGO,20000,15000,,,
S3 2017,GUARDAFANGO TRASERO RH,Guardafango Trasero,Trasera Derecha,DISPONIBLE,SANTIAGO,20000,15000,,,
S3 2017,LLANTA CON NEUMÁTICO 1,Llanta Con Neumático 1,,DISPONIBLE,SANTIAGO,60000,50000,,,
S3 2017,LUZ INTERIOR TECHO,Luz Interior Techo,,DISPONIBLE,SANTIAGO,25000,20000,,,
S3 2017,MANILLA EXTERIOR DELANTERA LH,Manilla Exterior Delantera,Delantera Izquierda,VENDIDO,SANTIAGO,20000,15000,,,
S3 2017,MANILLA EXTERIOR DELANTERA RH,Manilla Exterior Delantera,Delantera Derecha,DISPONIBLE,SANTIAGO,20000,15000,,,
S3 2017,MANILLA EXTERIOR TRASERA RH,Manilla Exterior Trasera,Trasera Derecha,DISPONIBLE,SANTIAGO,20000,15000,,,
S3 2017,MANILLA PARA ABRIR CAPOT,Manilla Para Abrir Capot,,DISPONIBLE,SANTIAGO,15000,10000,,,
S3 2017,MANILLA PARA ABRIR TAPA DE BENCINA,Manilla Para Abrir Tapa De Bencina,,DISPONIBLE,SANTIAGO,15000,10000,,,
S3 2017,MAZA CON MUÑÓN LH,Maza Con Muñón,Izquierda,DISPONIBLE,,55000,45000,,,Sin ubic
S3 2017,MAZA CON MUÑÓN RH,Maza Con Muñón,Derecha,DISPONIBLE,,55000,45000,,,Sin ubic
S3 2017,MÉNSULA TRASERA RH,Ménsula Trasera,Trasera Derecha,DISPONIBLE,,,,,,Sin ubic
S3 2017,MOTOR DE PARTIDA,Motor De Partida,,VENDIDO,SANTIAGO,50000,40000,,,
S3 2017,NEBLINERO RH,Neblinero,Derecha,VENDIDO,SANTIAGO,15000,15000,,,
S3 2017,PALANCA DE CAMBIOS,Palanca De Cambios,,DISPONIBLE,SANTIAGO,,,,,
S3 2017,SENSOR ABS 1,Sensor Abs 1,,DISPONIBLE,SANTIAGO,,,,,
S3 2017,SENSOR ABS 2,Sensor Abs 2,,DISPONIBLE,SANTIAGO,,,,,
S3 2017,SENSOR ABS 3,Sensor Abs 3,,DISPONIBLE,SANTIAGO,,,,,
S3 2017,SENSOR DE OXÍGENO,Sensor De Oxígeno,,DISPONIBLE,SANTIAGO,15000,10000,,,
S3 2017,TAPA DE BENCINA EXTERIOR,Tapa De Bencina Exterior,,DISPONIBLE,SANTIAGO,,,,,
S3 2017,TAPA DE BENCINA INTERIOR,Tapa De Bencina Interior,,DISPONIBLE,SANTIAGO,,,,,
S3 2017,TELECOMANDO,Telecomando,,DISPONIBLE,SANTIAGO,50000,40000,,COMPLETO,
S3 2017,TIRANTE DE PUERTA,Tirante De Puerta,,DISPONIBLE,SANTIAGO,15000,10000,,SIN ESPECIFICAR LADO,
S3 2017,VARILLA CAPOT,Varilla Capot,,DISPONIBLE,SANTIAGO,,,,,
S3 2017,VIDRIO PUERTA TRASERA RH,Vidrio Puerta Trasera,Trasera Derecha,DISPONIBLE,SANTIAGO,25000,20000,,,
S3 2017,VOLANTE,Volante,,DISPONIBLE,SANTIAGO,45000,40000,,,
S40 2008,ABSORVEDOR DE IMPACTO TRASERO,Absorvedor De Impacto Trasero,Trasera,DISPONIBLE,OK REVISADO,,,,,
S40 2008,ALTERNADOR,Alternador,,VENDIDO,OK REVISADO,80000,70000,,,
S40 2008,AMORTIGUADOR CAPOT,Amortiguador Capot,,DISPONIBLE,OK REVISADO,15000,10000,,,
S40 2008,AMORTIGUADOR MALETA LH,Amortiguador Maleta,Izquierda,NO DISPONIBLE,OK REVISADO,,,,MALO,
S40 2008,AMORTIGUADOR MALETA RH,Amortiguador Maleta,Derecha,NO DISPONIBLE,OK REVISADO,,,,MALO,
S40 2008,AMORTIGUADOR TRASERO LH,Amortiguador Trasero,Trasera Izquierda,DISPONIBLE,OK REVISADO,,,,,
S40 2008,AMORTIGUADOR TRASERO RH,Amortiguador Trasero,Trasera Derecha,NO DISPONIBLE,OK REVISADO,,,,,
S40 2008,AMORTIGUADR DELANTERA RH,Amortiguadr Delantera,Delantera Derecha,DISPONIBLE,OK REVISADO,,,,,
S40 2008,AMORTIGUADR DELANTERO LH,Amortiguadr Delantero,Delantera Izquierda,DISPONIBLE,OK REVISADO,,,,,
S40 2008,APOYA BRAZOS,Apoya Brazos,,DISPONIBLE,OK REVISADO,,,,,
S40 2008,BANDEJA DELANTERA LH,Bandeja Delantera,Delantera Izquierda,NO DISPONIBLE,OK REVISADO,,,,MALA,
S40 2008,BANDEJA DELANTERA RH,Bandeja Delantera,Delantera Derecha,NO DISPONIBLE,OK REVISADO,,,,MALA,
S40 2008,BASE TERMOSTATO CON MANGUERA GRUESA,Base Termostato Con Manguera Gruesa,,DISPONIBLE,OK REVISADO,,,,,
S40 2008,BISAGRA DE CAPOT LH,Bisagra De Capot,Izquierda,DISPONIBLE,OK REVISADO,,,,,
S40 2008,BISAGRA DE CAPOT RH,Bisagra De Capot,Derecha,DISPONIBLE,OK REVISADO,,,,,
S40 2008,BISAGRA MALETA LH,Bisagra Maleta,Izquierda,DISPONIBLE,OK REVISADO,,,,,
S40 2008,BISAGRA MALETA RH,Bisagra Maleta,Derecha,DISPONIBLE,OK REVISADO,,,,,
S40 2008,BOBINA 1,Bobina 1,,DISPONIBLE,OK REVISADO,25000,,,,
S40 2008,BOBINA 2,Bobina 2,,DISPONIBLE,OK REVISADO,,,,,
S40 2008,BOBINA 3,Bobina 3,,DISPONIBLE,OK REVISADO,,,,,
S40 2008,BOBINA 4,Bobina 4,,DISPONIBLE,OK REVISADO,,,,,
S40 2008,BOBINA 5,Bobina 5,,DISPONIBLE,OK REVISADO,,,,,
S40 2008,BOCINAS (2),Bocinas (2),,DISPONIBLE,OK REVISADO,,,,,
S40 2008,BOMBA DE ACEITE,Bomba De Aceite,,VENDIDO,OK REVISADO,,,,,
S40 2008,BOMBA DE AGUA,Bomba De Agua,,VENDIDO,OK REVISADO,,,,,
S40 2008,BOMBA DE FRENO CON DEPÓSITO,Bomba De Freno Con Depósito,,DISPONIBLE,OK REVISADO,,,,,
S40 2008,BOMBA ELECTROHIDRÁULICA,Bomba Electrohidráulica,,DISPONIBLE,OK REVISADO,150000,140000,,,
S40 2008,BOTÓN PUERTA DELANTERA RH,Botón Puerta Delantera,Delantera Derecha,DISPONIBLE,OK REVISADO,,,,,
S40 2008,BOTÓN PUERTA TRASERA LH,Botón Puerta Trasera,Trasera Izquierda,DISPONIBLE,OK REVISADO,,,,,
S40 2008,BOTÓN PUERTA TRASERA RH,Botón Puerta Trasera,Trasera Derecha,DISPONIBLE,OK REVISADO,,,,,
S40 2008,BOTONERA PUERTA DELANTERA LH,Botonera Puerta Delantera,Delantera Izquierda,DISPONIBLE,OK REVISADO,,,,,
S40 2008,BRAZO LIMPIAPARABRISAS LH,Brazo Limpiaparabrisas,Izquierda,DISPONIBLE,OK REVISADO,,,,,
S40 2008,BRAZO LIMPIAPARABRISAS RH,Brazo Limpiaparabrisas,Derecha,DISPONIBLE,OK REVISADO,,,,,
S40 2008,CAJA AUTOMÁTICA,Caja Automática,,DISPONIBLE,OK REVISADO,750000,700000,,,
S40 2008,CALIPER DELANTERO LH,Caliper Delantero,Delantera Izquierda,DISPONIBLE,OK REVISADO,,,,,
S40 2008,CALIPER DELANTERO RH,Caliper Delantero,Delantera Derecha,DISPONIBLE,OK REVISADO,,,,,
S40 2008,CALIPER TRASERO LH,Caliper Trasero,Trasera Izquierda,DISPONIBLE,OK REVISADO,,,,,
S40 2008,CALIPER TRASERO RH,Caliper Trasero,Trasera Derecha,DISPONIBLE,OK REVISADO,,,,,
S40 2008,CAÑERÍA DE LÍQUIDO HIDRÁULICO,Cañería De Líquido Hidráulico,,DISPONIBLE,OK REVISADO,,,,,
S40 2008,CAÑERÍAS DE AIRE ACONDICIONADO,Cañerías De Aire Acondicionado,,DISPONIBLE,OK REVISADO,,,,,
S40 2008,CAPOT,Capot,,VENDIDO,OK REVISADO,90000,85000,,,
S40 2008,CARTER,Carter,,VENDIDO,,,,,,Sin ubic
S40 2008,CHAPA CAPOT,Chapa Capot,,DISPONIBLE,OK REVISADO,,,,,
S40 2008,CHAPA MALETA,Chapa Maleta,,DISPONIBLE,OK REVISADO,,,,,
S40 2008,CHAPA PUERTA DELANTERA LH,Chapa Puerta Delantera,Delantera Izquierda,DISPONIBLE,OK REVISADO,,,,,
S40 2008,CHAPA PUERTA DELANTERA RH,Chapa Puerta Delantera,Delantera Derecha,DISPONIBLE,OK REVISADO,,,,,
S40 2008,CHAPA PUERTA TRASERA LH,Chapa Puerta Trasera,Trasera Izquierda,DISPONIBLE,OK REVISADO,,,,,
S40 2008,CHAPA PUERTA TRASERA RH,Chapa Puerta Trasera,Trasera Derecha,DISPONIBLE,OK REVISADO,,,,,
S40 2008,CIGÜEÑAL,Cigüeñal,,VENDIDO,OK REVISADO,65000,60000,,,
S40 2008,CINTURÓN TRASERO CENTRAL,Cinturón Trasero Central,Central,POR CONFIRMAR,OK REVISADO,,,,,
S40 2008,CINTURÓN TRASERO LH,Cinturón Trasero,Trasera Izquierda,POR CONFIRMAR,OK REVISADO,,,,,
S40 2008,CINTURÓN TRASERO RH,Cinturón Trasero,Trasera Derecha,POR CONFIRMAR,OK REVISADO,,,,,
S40 2008,COFIA (PARTE),Cofia (Parte),,DISPONIBLE,OK REVISADO,,,,,
S40 2008,COLUMNA DE DIRECCIÓN,Columna De Dirección,,DISPONIBLE,OK REVISADO,,,,,
S40 2008,COMPRESOR DE AIRE,Compresor De Aire,,VENDIDO,OK REVISADO,100000,90000,,,
S40 2008,CONTROL DE LUCES,Control De Luces,,DISPONIBLE,OK REVISADO,,,,,
S40 2008,CREMALLERA DE ALZAVIDRIOS DELANTERA LH,Cremallera De Alzavidrios Delantera,Delantera Izquierda,DISPONIBLE,OK REVISADO,,,,,
S40 2008,CREMALLERA DE ALZAVIDRIOS DELANTERA RH,Cremallera De Alzavidrios Delantera,Delantera Derecha,DISPONIBLE,OK REVISADO,,,,,
S40 2008,CREMALLERA DE ALZAVIDRIOS TRASERA LH,Cremallera De Alzavidrios Trasera,Trasera Izquierda,DISPONIBLE,OK REVISADO,,,,,
S40 2008,CREMALLERA DE ALZAVIDRIOS TRASERA RH,Cremallera De Alzavidrios Trasera,Trasera Derecha,DISPONIBLE,OK REVISADO,,,,,
S40 2008,CREMALLERA DE DIRECCIÓN,Cremallera De Dirección,,VENDIDO,OK REVISADO,130000,120000,,,
S40 2008,CUBRE CARTER,Cubre Carter,,NO DISPONIBLE,OK REVISADO,,,,,
S40 2008,CUBRE CHAPA DELANTERA,Cubre Chapa Delantera,Delantera,DISPONIBLE,OK REVISADO,,,,,
S40 2008,CUBRE PANEL TRASERO,Cubre Panel Trasero,Trasera,DISPONIBLE,OK REVISADO,,,,,
S40 2008,CUBRE TORPEDO EXTERIOR,Cubre Torpedo Exterior,,DISPONIBLE,OK REVISADO,,,,,
S40 2008,CUBRE ZÓCALO TRASERO CORNER LH,Cubre Zócalo Trasero Corner,Trasera Izquierda,DISPONIBLE,OK REVISADO,,,,,
S40 2008,CUBRE ZÓCALO TRASERO CORNER RH,Cubre Zócalo Trasero Corner,Trasera Derecha,DISPONIBLE,OK REVISADO,,,,,
S40 2008,CUERPO DE ACELERACIÓN,Cuerpo De Aceleración,,VENDIDO,OK REVISADO,75000,70000,,,
S40 2008,CUERPO DE RADIO,Cuerpo De Radio,,DISPONIBLE,OK REVISADO,,,,,
S40 2008,CULATA,Culata,,VENDIDO,OK REVISADO,115000,110000,,,
S40 2008,DEPÓSITO DE AGUA,Depósito De Agua,,VENDIDO,OK REVISADO,25000,2000,,,
S40 2008,DEPÓSITO LIMPIAPARABRISAS,Depósito Limpiaparabrisas,,DISPONIBLE,OK REVISADO,,,,,
S40 2008,DISCO DE FRENO DELANTERO LH,Disco De Freno Delantero,Delantera Izquierda,DISPONIBLE,OK REVISADO,,,,,
S40 2008,DISCO DE FRENO DELANTERO RH,Disco De Freno Delantero,Delantera Derecha,DISPONIBLE,OK REVISADO,,,,,
S40 2008,DISCO DE FRENO TRASERO RH (EN MUÑÓN),Disco De Freno Trasero (En Muñón),Trasera Derecha,VENDIDO,,,,,,Sin ubic
S40 2008,ECU,Ecu,,DISPONIBLE,OK REVISADO,170000,160000,,,
S40 2008,EJE PALIER LH,Eje Palier,Izquierda,DISPONIBLE,OK REVISADO,110000,100000,,,
S40 2008,EJE PALIER RH,Eje Palier,Derecha,VENDIDO,OK REVISADO,110000,100000,,,
S40 2008,EJE TRASERO COMPLETO CON BANDEJAS,Eje Trasero Completo Con Bandejas,Trasera,VENDIDO,OK REVISADO,,,,,
S40 2008,ELECTROVENTILADOR,Electroventilador,,VENDIDO,OK REVISADO,90000,90000,,,
S40 2008,EMBELLECEDOR SINÓPTICO,Embellecedor Sinóptico,,DISPONIBLE,OK REVISADO,,,,,
S40 2008,ENFRIADOR DE ACEITE,Enfriador De Aceite,,DISPONIBLE,OK REVISADO,,,,,
S40 2008,ESPEJO CENTRAL,Espejo Central,Central,DISPONIBLE,OK REVISADO,,,,,
S40 2008,ESPEJO LH,Espejo,Izquierda,DISPONIBLE,OK REVISADO,,,,,
S40 2008,ESPEJO RH MALO,Espejo Malo,Derecha,NO DISPONIBLE,OK REVISADO,,,,,Daños
S40 2008,FOCO TRASERO LH,Foco Trasero,Trasera Izquierda,DISPONIBLE,OK REVISADO,35000,30000,,Trizadura ,
S40 2008,FOCO TRASERO RH,Foco Trasero,Trasera Derecha,DISPONIBLE,OK REVISADO,45000,40000,,,
S40 2008,FRENO DE MANO,Freno De Mano,,DISPONIBLE,OK REVISADO,,,,,
S40 2008,FRONTAL INFERIOR,Frontal Inferior,,DISPONIBLE,OK REVISADO,,,,,
S40 2008,FRONTAL SUPERIOR,Frontal Superior,,VENDIDO,OK REVISADO,100000,90000,,,
S40 2008,FUNDA DE PARACHOQUE DELANTERA ( SE VENDE COMPLETO),Funda De Parachoque Delantera ( Se Vende Completo),Delantera,VENDIDO,OK REVISADO,,,,,
S40 2008,FUNDA DE PARACHOQUE TRASERO,Funda De Parachoque Trasero,Trasera,DISPONIBLE,OK REVISADO,,,,,
S40 2008,FUSILERA INTERIOR,Fusilera Interior,,DISPONIBLE,OK REVISADO,,,,,
S40 2008,GOMA CONTORNO MALETA,Goma Contorno Maleta,,DISPONIBLE,OK REVISADO,,,,,
S40 2008,GOMA PUERTA DELANTERA LH,Goma Puerta Delantera,Delantera Izquierda,DISPONIBLE,OK REVISADO,,,,,
S40 2008,GOMA PUERTA DELANTERA RH,Goma Puerta Delantera,Delantera Derecha,DISPONIBLE,OK REVISADO,,,,,
S40 2008,GOMA PUERTA TRASERA LH,Goma Puerta Trasera,Trasera Izquierda,DISPONIBLE,OK REVISADO,,,,,
S40 2008,GOMA PUERTA TRASERA RH,Goma Puerta Trasera,Trasera Derecha,DISPONIBLE,OK REVISADO,,,,,
S40 2008,GUANTERA,Guantera,,DISPONIBLE,OK REVISADO,,,,,
S40 2008,GUARDAFANGO DELANTERO LH,Guardafango Delantero,Delantera Izquierda,DISPONIBLE,OK REVISADO,,,,,
S40 2008,LAVA ÓPTICOS,Lava Ópticos,,DISPONIBLE,OK REVISADO,,,,,
S40 2008,LLANTA 1,Llanta 1,,VENDIDO,OK REVISADO,85000,80000,,,
S40 2008,LLANTA 2,Llanta 2,,DISPONIBLE,OK REVISADO,85000,80000,,,
S40 2008,LLANTA 3,Llanta 3,,DISPONIBLE,OK REVISADO,85000,80000,,,
S40 2008,LLANTA 4,Llanta 4,,DISPONIBLE,OK REVISADO,85000,80000,,,
S40 2008,LUNETA LATERAL LH,Luneta Lateral,Izquierda,DISPONIBLE,OK REVISADO,,,,,
S40 2008,LUNETA LATERAL RH,Luneta Lateral,Derecha,NO DISPONIBLE,OK REVISADO,,,,,
S40 2008,LUZ DE TECHO,Luz De Techo,,DISPONIBLE,OK REVISADO,,,,,
S40 2008,LUZ INTERIOR,Luz Interior,,DISPONIBLE,OK REVISADO,,,,,
S40 2008,MALETA,Maleta,,DISPONIBLE,OK REVISADO,,,,,
S40 2008,MANGUERA RADIADOR PULPO,Manguera Radiador Pulpo,,VENDIDO,OK REVISADO,35000,35000,,,
S40 2008,MANGUERAS CLIENTE PORTA FILTRO DE ACEITE,Mangueras Cliente Porta Filtro De Aceite,,VENDIDO,OK REVISADO,,,,,
S40 2008,MANILLA DE TECHO 1,Manilla De Techo 1,,DISPONIBLE,OK REVISADO,,,,,
S40 2008,MANILLA DE TECHO 2,Manilla De Techo 2,,DISPONIBLE,OK REVISADO,,,,,
S40 2008,MANILLA DE TECHO 3,Manilla De Techo 3,,DISPONIBLE,OK REVISADO,,,,,
S40 2008,MANILLA EXTERIOR PUERTA DELANTERA LH,Manilla Exterior Puerta Delantera,Delantera Izquierda,DISPONIBLE,OK REVISADO,,,,,
S40 2008,MANILLA EXTERIOR PUERTA DELANTERA RH,Manilla Exterior Puerta Delantera,Delantera Derecha,DISPONIBLE,OK REVISADO,,,,,
S40 2008,MANILLA EXTERIOR PUERTA TRASERA LH,Manilla Exterior Puerta Trasera,Trasera Izquierda,DISPONIBLE,OK REVISADO,,,,,
S40 2008,MANILLA EXTERIOR PUERTA TRASERA RH,Manilla Exterior Puerta Trasera,Trasera Derecha,DISPONIBLE,OK REVISADO,,,,,
S40 2008,MANILLA INTERIOR PUERTA DELANTERA LH,Manilla Interior Puerta Delantera,Delantera Izquierda,DISPONIBLE,OK REVISADO,,,,ESTÁ CON EL TAPIZ,
S40 2008,MANILLA INTERIOR PUERTA DELANTERA RH,Manilla Interior Puerta Delantera,Delantera Derecha,DISPONIBLE,OK REVISADO,,,,ESTÁ CON EL TAPIZ,
S40 2008,MANILLA INTERIOR PUERTA TRASERA LH,Manilla Interior Puerta Trasera,Trasera Izquierda,DISPONIBLE,OK REVISADO,,,,ESTÁ CON EL TAPIZ,
S40 2008,MANILLA INTERIOR PUERTA TRASERA RH,Manilla Interior Puerta Trasera,Trasera Derecha,DISPONIBLE,OK REVISADO,,,,ESTÁ CON EL TAPIZ,
S40 2008,MÁSCARA,Máscara,,VENDIDO,OK REVISADO,70000,65000,,,
S40 2008,MÉNSULA TRASERA LH (2 PARTES),Ménsula Trasera (2 Partes),Trasera Izquierda,DISPONIBLE,OK REVISADO,,,,,
S40 2008,MÉNSULA TRASERA RH (2 PARTES),Ménsula Trasera (2 Partes),Trasera Derecha,DISPONIBLE,OK REVISADO,,,,,
S40 2008,MÓDULO DE BOMBA DE COMBUSTIBLE,Módulo De Bomba De Combustible,,DISPONIBLE,OK REVISADO,,,,,
S40 2008,MOTOR ALZAVIDRIOS CON VARILLAJE,Motor Alzavidrios Con Varillaje,,DISPONIBLE,OK REVISADO,,,,,
S40 2008,MOTOR DE ALZAVIDRIOS PUERTA DELANTERA LH,Motor De Alzavidrios Puerta Delantera,Delantera Izquierda,DISPONIBLE,OK REVISADO,,,,,
S40 2008,MOTOR DE ALZAVIDRIOS PUERTA DELANTERA RH,Motor De Alzavidrios Puerta Delantera,Delantera Derecha,DISPONIBLE,OK REVISADO,,,,,
S40 2008,MOTOR DE ALZAVIDRIOS PUERTA TRASERA LH,Motor De Alzavidrios Puerta Trasera,Trasera Izquierda,DISPONIBLE,OK REVISADO,,,,,
S40 2008,MOTOR DE ALZAVIDRIOS PUERTA TRASERA RH,Motor De Alzavidrios Puerta Trasera,Trasera Derecha,DISPONIBLE,OK REVISADO,,,,,
S40 2008,MOTOR DE CALEFACCIÓN,Motor De Calefacción,,DISPONIBLE,OK REVISADO,,,,,
S40 2008,MOTOR DE PARTIDA,Motor De Partida,,DISPONIBLE,OK REVISADO,65000,60000,,,
S40 2008,MÚLTIPLE DE ADMISIÓN,Múltiple De Admisión,,DISPONIBLE,OK REVISADO,,,,,
S40 2008,MÚLTIPLE DE ESCAPE,Múltiple De Escape,,DISPONIBLE,OK REVISADO,,,,,
S40 2008,MUÑÓN CON MAZA DELANTERO LH,Muñón Con Maza Delantero,Delantera Izquierda,DISPONIBLE,OK REVISADO,,,,,
S40 2008,MUÑÓN CON MAZA RH,Muñón Con Maza,Derecha,DISPONIBLE,OK REVISADO,,,,,
S40 2008,MUÑÓN CON MAZA TRASERA LH (INCLUYE DISCO),Muñón Con Maza Trasera (Incluye Disco),Trasera Izquierda,DISPONIBLE,OK REVISADO,,,,,
S40 2008,MUÑÓN CON MAZA TRASERA RH (INCLUYE DISCO),Muñón Con Maza Trasera (Incluye Disco),Trasera Derecha,VENDIDO,OK REVISADO,,,,,
S40 2008,NEBLINERO DELANTERO LH,Neblinero Delantero,Delantera Izquierda,VENDIDO,OK REVISADO,25000,20000,,,
S40 2008,NEBLINERO DELANTERO RH,Neblinero Delantero,Delantera Derecha,VENDIDO,OK REVISADO,25000,20000,,,
S40 2008,OBTURADOR INFERIOR,Obturador Inferior,,DISPONIBLE,OK REVISADO,,,,,
S40 2008,OBTURADOR SUPERIOR,Obturador Superior,,DISPONIBLE,OK REVISADO,,,,,
S40 2008,ÓPTICO LH,Óptico,Izquierda,DISPONIBLE,OK REVISADO,80000,75000,,,
S40 2008,ÓPTICO RH,Óptico,Derecha,VENDIDO,OK REVISADO,80000,75000,,,
S40 2008,PALANCA DE CAMBIOS,Palanca De Cambios,,DISPONIBLE,OK REVISADO,,,,,
S40 2008,PANTALLA,Pantalla,,DISPONIBLE,OK REVISADO,,,,,
S40 2008,PARABRISAS DELANTERO,Parabrisas Delantero,Delantera,VENDIDO,OK REVISADO,,,,,
S40 2008,PARABRISAS TRASERO,Parabrisas Trasero,Trasera,VENDIDO,OK REVISADO,,,,,
S40 2008,PARACHOQUE DELANTERO COMPLETO,Parachoque Delantero Completo,Delantera,VENDIDO,OK REVISADO,220000,200000,,,
S40 2008,PEDAL DE ACELERACIÓN,Pedal De Aceleración,,DISPONIBLE,OK REVISADO,,,,,
S40 2008,PEDAL DE FRENO,Pedal De Freno,,DISPONIBLE,OK REVISADO,,,,,
S40 2008,PIOLA DE FRENO,Piola De Freno,,DISPONIBLE,OK REVISADO,,,,,
S40 2008,PISTÓN 1,Pistón 1,,VENDIDO,OK REVISADO,35000,30000,,,
S40 2008,PISTÓN 2,Pistón 2,,VENDIDO,OK REVISADO,35000,30000,,,
S40 2008,PISTÓN 3,Pistón 3,,NO DISPONIBLE,OK REVISADO,,,,,
S40 2008,PISTÓN 4,Pistón 4,,DISPONIBLE,OK REVISADO,35000,30000,,,
S40 2008,PISTÓN 5,Pistón 5,,DISPONIBLE,OK REVISADO,35000,30000,,,
S40 2008,PISTÓN CON BIELA,Pistón Con Biela,,VENDIDO,,,,,,Sin ubic
S40 2008,PLÁSTICO DE DISTRIBUCIÓN,Plástico De Distribución,,DISPONIBLE,OK REVISADO,,,,,
S40 2008,PLÁSTICO RODILLERA,Plástico Rodillera,,DISPONIBLE,OK REVISADO,,,,,
S40 2008,PORTA BATERÍA,Porta Batería,,DISPONIBLE,OK REVISADO,,,,,
S40 2008,PORTA FILTRO CON SENSOR MAF,Porta Filtro Con Sensor Maf,,DISPONIBLE,OK REVISADO,,,,,
S40 2008,PORTA FILTRO DE ACEITE,Porta Filtro De Aceite,,VENDIDO,OK REVISADO,45000,45000,,,
S40 2008,PORTA PLACA,Porta Placa,,DISPONIBLE,OK REVISADO,,,,,
S40 2008,PUERTA DELANTERA LH SOLO LATA,Puerta Delantera Solo Lata,Delantera Izquierda,DISPONIBLE,OK REVISADO,65000,60000,,,
S40 2008,PUERTA DELANTERA RH SOLO LATA,Puerta Delantera Solo Lata,Delantera Derecha,DISPONIBLE,OK REVISADO,65000,60000,,,
S40 2008,PUERTA TRASERA LH SOLO LATA,Puerta Trasera Solo Lata,Trasera Izquierda,DISPONIBLE,OK REVISADO,65000,60000,,,
S40 2008,PUERTA TRASERA RH SOLO LATA,Puerta Trasera Solo Lata,Trasera Derecha,DISPONIBLE,OK REVISADO,65000,60000,,,
S40 2008,RADIADOR DE AGUA,Radiador De Agua,,DISPONIBLE,OK REVISADO,,,,,
S40 2008,RADIADOR DE AIRE,Radiador De Aire,,DISPONIBLE,OK REVISADO,,,,,
S40 2008,RADIADOR DE CALEFACCIÓN ,Radiador De Calefacción ,,DISPONIBLE,OK REVISADO,30000,25000,,,
S40 2008,RADIADOR INTERIOR DE AIRE ACONDICIONADO,Radiador Interior De Aire Acondicionado,,DISPONIBLE,OK REVISADO,,,,,
S40 2008,RAMAL QUE LLEGA A LA ECU (DE MOTOR),Ramal Que Llega A La Ecu (De Motor),,VENDIDO,OK REVISADO,45000,40000,,,
S40 2008,REFUERZO DE PARACHOQUE DELANTERO,Refuerzo De Parachoque Delantero,Delantera,DISPONIBLE,OK REVISADO,,,,,
S40 2008,REFUERZO DE PARACHOQUE TRASERO,Refuerzo De Parachoque Trasero,Trasera,DISPONIBLE,OK REVISADO,,,,,
S40 2008,REJILLAS INFERIORES,Rejillas Inferiores,,VENDIDO,OK REVISADO,35000,30000,,,
S40 2008,RODAMIENTO TENSOR,Rodamiento Tensor,,VENDIDO,,,,,,Sin ubic
S40 2008,SENSOR CKP,Sensor Ckp,,VENDIDO,,,,,,Sin ubic
S40 2008,SENSOR DE GOLPE,Sensor De Golpe,,VENDIDO,OK REVISADO,10000,10000,,,
S40 2008,SENSOR LEVAS,Sensor Levas,,VENDIDO,OK REVISADO,35000,35000,,,
S40 2008,SENSOR MAF,Sensor Maf,,VENDIDO,OK REVISADO,,,,,
S40 2008,SERVO FRENO,Servo Freno,,DISPONIBLE,OK REVISADO,,,,,
S40 2008,SINÓPTICO (AUTOMÁTICO) (HAY QUE DECIRLE AL CLIENTE),Sinóptico (Automático) (Hay Que Decirle Al Cliente),,DISPONIBLE,OK REVISADO,60000,55000,,,
S40 2008,SOPORTE COMPRESOR DE AIRE CON RODAMIENTOS TENSORES,Soporte Compresor De Aire Con Rodamientos Tensores,,DISPONIBLE,OK REVISADO,,,,,
S40 2008,SOPORTE DE MAZA TRASERA RH,Soporte De Maza Trasera,Trasera Derecha,DISPONIBLE,OK REVISADO,,,,,
S40 2008,"SOPORTE DE MOTOR INFERIOR MALO, BASE BUENA","Soporte De Motor Inferior Malo, Base Buena",,NO DISPONIBLE,OK REVISADO,,,,,Daños
S40 2008,SOPORTE DE MOTOR O CAJA LH,Soporte De Motor O Caja,Izquierda,NO DISPONIBLE,OK REVISADO,,,,MALO,
S40 2008,SOPORTE DE MOTOR RH,Soporte De Motor,Derecha,VENDIDO,OK REVISADO,45000,40000,,,
S40 2008,SOPORTE METÁLICO DE BATERÍA,Soporte Metálico De Batería,,DISPONIBLE,OK REVISADO,,,,,
S40 2008,TAPA DE BATERÍA,Tapa De Batería,,DISPONIBLE,OK REVISADO,,,,,
S40 2008,TAPA DE BENCINA EXTERIOR,Tapa De Bencina Exterior,,DISPONIBLE,OK REVISADO,,,,,
S40 2008,TAPA DE BENCINA INTERIOR,Tapa De Bencina Interior,,VENDIDO,OK REVISADO,,,,,
S40 2008,TAPA DE REMOLQUE TRASERA,Tapa De Remolque Trasera,Trasera,DISPONIBLE,OK REVISADO,,,,,
S40 2008,TAPA DE VÁLVULA,Tapa De Válvula,,DISPONIBLE,OK REVISADO,65000,60000,,,
S40 2008,TAPA NEBLINERO LH,Tapa Neblinero,Izquierda,VENDIDO,OK REVISADO,25000,20000,,,
S40 2008,TAPA NEBLINERO RH,Tapa Neblinero,Derecha,VENDIDO,OK REVISADO,25000,20000,,,
S40 2008,TAPABARRO LH,Tapabarro,Izquierda,DISPONIBLE,OK REVISADO,80000,,,,
S40 2008,TAPABARRO RH,Tapabarro,Derecha,DISPONIBLE,OK REVISADO,80000,,,,
S40 2008,TAPIZ MALETA,Tapiz Maleta,,DISPONIBLE,OK REVISADO,,,,,
S40 2008,TAPIZ PUERTA DELANTERA LH,Tapiz Puerta Delantera,Delantera Izquierda,DISPONIBLE,OK REVISADO,,,,DETALLE REJILLA PARLANTE CON BOTON DE CIERRE,
S40 2008,TAPIZ PUERTA DELANTERA RH,Tapiz Puerta Delantera,Delantera Derecha,DISPONIBLE,OK REVISADO,,,,DETALLE REJILLA PARLANTE CON BOTON DE CIERRE,
S40 2008,TAPIZ PUERTA TRASERA LH,Tapiz Puerta Trasera,Trasera Izquierda,DISPONIBLE,OK REVISADO,,,,DETALLE REJILLA PARLANTE,
S40 2008,TAPIZ PUERTA TRASERA RH,Tapiz Puerta Trasera,Trasera Derecha,DISPONIBLE,OK REVISADO,,,,DETALLE REJILLA PARLANTE,
S40 2008,TAPIZ TECHO,Tapiz Techo,,VENDIDO,OK REVISADO,,,,,
S40 2008,TELECOMANDO CON CINTA DE AIRBAG,Telecomando Con Cinta De Airbag,,DISPONIBLE,OK REVISADO,,,,,
S40 2008,TOMA DE AIRE,Toma De Aire,,DISPONIBLE,OK REVISADO,,,,,
S40 2008,VA CON DISCO,Va Con Disco,,DISPONIBLE,OK REVISADO,,,,,
S40 2008,VÁLVULA VVT C/U,Válvula Vvt C/U,,DISPONIBLE,OK REVISADO,40000,35000,,,
S40 2008,VIDRIO DELANTERO LH,Vidrio Delantero,Delantera Izquierda,DISPONIBLE,OK REVISADO,45000,40000,,,
S40 2008,VIDRIO DELANTERO RH,Vidrio Delantero,Delantera Derecha,DISPONIBLE,OK REVISADO,45000,40000,,,
S40 2008,VIDRIO LUNETA  TRASERO LH,Vidrio Luneta  Trasero,Trasera Izquierda,VENDIDO,OK REVISADO,,,,,
S40 2008,VIDRIO TRASERO LH,Vidrio Trasero,Trasera Izquierda,VENDIDO,OK REVISADO,45000,40000,,,
S40 2008,VIDRIO TRASERO RH,Vidrio Trasero,Trasera Derecha,DISPONIBLE,OK REVISADO,45000,40000,,,
S40 2008,VOLANTE,Volante,,DISPONIBLE,OK REVISADO,,,,,
S40 2008,VOLANTE DE INERCIA,Volante De Inercia,,DISPONIBLE,OK REVISADO,,,,,
S40 2008,SENSOR DE OXÍGENO BANCO 1,Sensor De Oxígeno Banco 1,,DISPONIBLE,OK REVISADO,,,,,
S40 2008,SENSRO DE OXÍGENO BANCO 2,Sensro De Oxígeno Banco 2,,VENDIDO,OK REVISADO,,,,,
S60 2012,ABSORBEDOR DE IMPACTO,Absorbedor De Impacto,,DISPONIBLE,,35700,30000,,,Sin ubic
S60 2012,AIRBAG DE CORTINA LH,Airbag De Cortina,Izquierda,VENDIDO,SANTIAGO,90000,85000,,,
S60 2012,AIRBAG DE CORTINA RH,Airbag De Cortina,Derecha,DISPONIBLE,SANTIAGO,,,,,
S60 2012,ALERÓN O BISEL MALETA,Alerón O Bisel Maleta,,VENDIDO,SANTIAGO,60000,55000,,,
S60 2012,ALTERNADOR,Alternador,,VENDIDO,SANTIAGO,180000,170000,,,
S60 2012,AMORTIGUADOR DELANTERO LH,Amortiguador Delantero,Delantera Izquierda,DISPONIBLE,SANTIAGO,115000,110000,,,
S60 2012,AMORTIGUADOR DELANTERO RH,Amortiguador Delantero,Delantera Derecha,VENDIDO,SANTIAGO,115000,110000,,,
S60 2012,AMORTIGUADOR TRASERO LH,Amortiguador Trasero,Trasera Izquierda,NO DISPONIBLE,SANTIAGO,65000,60000,,como el hoyo,
S60 2012,AMORTIGUADOR TRASERO RH,Amortiguador Trasero,Trasera Derecha,NO DISPONIBLE,SANTIAGO,65000,60000,,como el hoyo,
S60 2012,ASIENTO DELANTERO LH,Asiento Delantero,Delantera Izquierda,DISPONIBLE,SANTIAGO,75000,70000,,,
S60 2012,ASIENTO DELANTERO RH,Asiento Delantero,Delantera Derecha,DISPONIBLE,SANTIAGO,75000,70000,,,
S60 2012,ASIENTO TRASERO,Asiento Trasero,Trasera,DISPONIBLE,,110000,100000,,,Sin ubic
S60 2012,AXIAL LH,Axial,Izquierda,DISPONIBLE,,40000,35000,,,Sin ubic
S60 2012,AXIAL RH,Axial,Derecha,DISPONIBLE,,40000,35000,,,Sin ubic
S60 2012,BANDEJA DELANTERA LH,Bandeja Delantera,Delantera Izquierda,VENDIDO,SANTIAGO,140000,130000,,PRECIO ACTUALIZADO,
S60 2012,BANDEJA DELANTERA RH,Bandeja Delantera,Delantera Derecha,VENDIDO,SANTIAGO,115000,110000,,,
S60 2012,BANDEJA TRASERA HORQUILLA LH,Bandeja Trasera Horquilla,Trasera Izquierda,DISPONIBLE,SANTIAGO,,,,,
S60 2012,BANDEJA TRASERA HORQUILLA RH,Bandeja Trasera Horquilla,Trasera Derecha,DISPONIBLE,SANTIAGO,,,,,
S60 2012,BANDEJA TRASERA LH,Bandeja Trasera,Trasera Izquierda,DISPONIBLE,SANTIAGO,90000,85000,,,
S60 2012,BANDEJA TRASERA RH ,Bandeja Trasera ,Trasera Derecha,DISPONIBLE,SANTIAGO,90000,85000,,,
S60 2012,BASE SOPORTE INFERIOR,Base Soporte Inferior,,DISPONIBLE,,25000,20000,,,Sin ubic
S60 2012,BASE TERMOSTATO,Base Termostato,,DISPONIBLE,,40000,35000,,,Sin ubic
S60 2012,BISAGRA DE MALETA LH CON AMORTIGUADOR (BOMBÍN),Bisagra De Maleta Con Amortiguador (Bombín),Izquierda,DISPONIBLE,SANTIAGO,35700,30000,,,
S60 2012,BISAGRA DE MALETA RH CON AMORTIGUADOR (BOMBÍN),Bisagra De Maleta Con Amortiguador (Bombín),Derecha,DISPONIBLE,SANTIAGO,35700,30000,,,
S60 2012,BISAGRA PUERTA DELANTERA LH INFERIOR,Bisagra Puerta Delantera Inferior,Delantera Izquierda,DISPONIBLE,SANTIAGO,,,,,
S60 2012,BISAGRA PUERTA DELANTERA LH SUPERIOR,Bisagra Puerta Delantera Superior,Delantera Izquierda,DISPONIBLE,SANTIAGO,,,,,
S60 2012,BISAGRA PUERTA DELANTERA RH INFERIOR,Bisagra Puerta Delantera Inferior,Delantera Derecha,DISPONIBLE,SANTIAGO,,,,,
S60 2012,BISAGRA PUERTA DELANTERA RH SUPERIOR,Bisagra Puerta Delantera Superior,Delantera Derecha,DISPONIBLE,SANTIAGO,,,,,
S60 2012,BISAGRA PUERTA TRASERA LH INFERIOR,Bisagra Puerta Trasera Inferior,Trasera Izquierda,DISPONIBLE,SANTIAGO,,,,,
S60 2012,BISAGRA PUERTA TRASERA LH SUPERIOR,Bisagra Puerta Trasera Superior,Trasera Izquierda,DISPONIBLE,SANTIAGO,,,,,
S60 2012,BISAGRA PUERTA TRASERA RH INFERIOR,Bisagra Puerta Trasera Inferior,Trasera Derecha,DISPONIBLE,SANTIAGO,,,,,
S60 2012,BISAGRA PUERTA TRASERA RH SUPERIOR,Bisagra Puerta Trasera Superior,Trasera Derecha,DISPONIBLE,SANTIAGO,,,,,
S60 2012,BISEL DE LUZ DE PATENTE Y CAMARA TRASERA,Bisel De Luz De Patente Y Camara Trasera,Trasera,DISPONIBLE,,60000,50000,,,Sin ubic
S60 2012,BISEL RADIO,Bisel Radio,,DISPONIBLE,,60000,50000,,,Sin ubic
S60 2012,BISEL RADIO Y CONTROL DE AIRE,Bisel Radio Y Control De Aire,,DISPONIBLE,SANTIAGO,,,,ESCRITO ASÍ EN INVENTARIO (REVISAR),Revisar
S60 2012,BOBINA 1,Bobina 1,,VENDIDO,SANTIAGO,25000,20000,,,
S60 2012,BOBINA 2,Bobina 2,,VENDIDO,SANTIAGO,25000,20000,,,
S60 2012,BOBINA 3,Bobina 3,,VENDIDO,SANTIAGO,25000,20000,,,
S60 2012,BOBINA 4,Bobina 4,,NO DISPONIBLE,SANTIAGO,25000,20000,,,
S60 2012,BOBINA 5,Bobina 5,,DISPONIBLE,SANTIAGO,25000,20000,,,
S60 2012,BOBINA 6,Bobina 6,,DISPONIBLE,SANTIAGO,25000,20000,,,
S60 2012,BOCINAS,Bocinas,,DISPONIBLE,,,,,,Sin ubic
S60 2012,BOMBA DE AGUA,Bomba De Agua,,DISPONIBLE,,,,,,Sin ubic
S60 2012,BOMBA DE BENCINA (QUEDA LA PARTE DEL FLOTADOR),Bomba De Bencina (Queda La Parte Del Flotador),,DISPONIBLE,SANTIAGO,55000,50000,,,
S60 2012,BOMBA DE FRENO CON DEPÓSITO,Bomba De Freno Con Depósito,,DISPONIBLE,,,,,,Sin ubic
S60 2012,BOMBA DE FRENO CON DEPÓSITO,Bomba De Freno Con Depósito,,DISPONIBLE,SANTIAGO,,,,,
S60 2012,BOMBA HIDRÁULICA,Bomba Hidráulica,,VENDIDO,,195000,190000,,,Sin ubic
S60 2012,BOTÓN DE ALZAVIDRIOS DELANTERA LH,Botón De Alzavidrios Delantera,Delantera Izquierda,VENDIDO,SANTIAGO,50000,45000,,,
S60 2012,BOTON DE APERTURA MALETA EXTERIOR,Boton De Apertura Maleta Exterior,,DISPONIBLE,,25000,20000,,,Sin ubic
S60 2012,BOTÓN DE ARRANQUE,Botón De Arranque,,DISPONIBLE,SANTIAGO,30000,25000,,,
S60 2012,BOTÓN DE FRENO DE MANOS ,Botón De Freno De Manos ,,DISPONIBLE,SANTIAGO,,,,,
S60 2012,BOTONERA DE ALZAVIDRIOS DELANTERA LH,Botonera De Alzavidrios Delantera,Delantera Izquierda,DISPONIBLE,SANTIAGO,60000,55000,,,
S60 2012,BRAZO DE CONTROL DE SUSPENSION TRASERO LH,Brazo De Control De Suspension Trasero,Trasera Izquierda,DISPONIBLE,,65000,60000,,,Sin ubic
S60 2012,BRAZO DE CONTROL DE SUSPENSION TRASERO RH,Brazo De Control De Suspension Trasero,Trasera Derecha,DISPONIBLE,,65000,60000,,,Sin ubic
S60 2012,BRAZO DE CONTROL TRASERO LH,Brazo De Control Trasero,Trasera Izquierda,DISPONIBLE,,40000,35000,,,Sin ubic
S60 2012,BRAZO DE CONTROL TRASERO RH,Brazo De Control Trasero,Trasera Derecha,DISPONIBLE,,40000,35000,,,Sin ubic
S60 2012,BRAZO LIMPIAPARBRISAS LH,Brazo Limpiaparbrisas,Izquierda,DISPONIBLE,SANTIAGO,,,,,
S60 2012,BRAZO LIMPIAPARBRISAS RH,Brazo Limpiaparbrisas,Derecha,DISPONIBLE,SANTIAGO,,,,,
S60 2012,CAJA,Caja,,DISPONIBLE,SANTIAGO,800000,750000,,PRECIO ACTUALIZADO ,
S60 2012,CALIPER DELANTERO LH,Caliper Delantero,Delantera Izquierda,DISPONIBLE,SANTIAGO,,,,,
S60 2012,CALIPER DELANTERO RH,Caliper Delantero,Delantera Derecha,DISPONIBLE,SANTIAGO,,,,,
S60 2012,CALIPER TRASERO LH,Caliper Trasero,Trasera Izquierda,DISPONIBLE,SANTIAGO,95000,90000,,,
S60 2012,CALIPER TRASERO RH,Caliper Trasero,Trasera Derecha,VENDIDO,SANTIAGO,,,,,
S60 2012,CANISTER,Canister,,DISPONIBLE,SANTIAGO,,,,,
S60 2012,CAÑERÍA DE AGUA ,Cañería De Agua ,,DISPONIBLE,SANTIAGO,,,,,
S60 2012,CAPOT,Capot,,VENDIDO,SANTIAGO,250000,240000,,,
S60 2012,CARDÁN TRASERO,Cardán Trasero,Trasera,VENDIDO,SANTIAGO,140000,120000,,,
S60 2012,CARTER,Carter,,DISPONIBLE,,140000,135000,,,Sin ubic
S60 2012,CATALÍTICO,Catalítico,,VENDIDO,SANTIAGO,,,,REVISAR SERGIO,Revisar
S60 2012,CHAPA CAPOT LH,Chapa Capot,Izquierda,DISPONIBLE,SANTIAGO,,,,,
S60 2012,CHAPA CAPOT RH,Chapa Capot,Derecha,DISPONIBLE,SANTIAGO,,,,,
S60 2012,CHAPA MALETA,Chapa Maleta,,DISPONIBLE,SANTIAGO,,,,,
S60 2012,CHAPA PUERTA DELANTERA LH,Chapa Puerta Delantera,Delantera Izquierda,DISPONIBLE,SANTIAGO,55000,50000,,,
S60 2012,CHAPA PUERTA DELANTERA RH,Chapa Puerta Delantera,Delantera Derecha,VENDIDO,SANTIAGO,55000,50000,,,
S60 2012,CHAPA PUERTA TRASERA LH,Chapa Puerta Trasera,Trasera Izquierda,VENDIDO,SANTIAGO,50000,45000,,,
S60 2012,CHAPA PUERTA TRASERA RH,Chapa Puerta Trasera,Trasera Derecha,VENDIDO,SANTIAGO,50000,45000,,,
S60 2012,CINTA DE AIRBAG,Cinta De Airbag,,DISPONIBLE,SANTIAGO,35000,30000,,,
S60 2012,CINTURÓN TRASERO CENTRAL,Cinturón Trasero Central,Central,VENDIDO,SANTIAGO,40000,35000,,,
S60 2012,CINTURÓN TRASERO LH,Cinturón Trasero,Trasera Izquierda,VENDIDO,SANTIAGO,40000,35000,,,
S60 2012,CINTURÓN TRASERO RH,Cinturón Trasero,Trasera Derecha,VENDIDO,SANTIAGO,40000,35000,,,
S60 2012,COFIA PARTE SUPERIOR,Cofia Parte Superior,,VENDIDO,SANTIAGO,,,,,
S60 2012,COLUMNA DE DIRECCIÓN CON MÓDULO,Columna De Dirección Con Módulo,,VENDIDO,,,,,,Sin ubic
S60 2012,COMPRESOR AIRE,Compresor Aire,,DISPONIBLE,SANTIAGO,190000,180000,,,
S60 2012,CORTE DELANTERO LH,Corte Delantero,Delantera Izquierda,DISPONIBLE,,,,,,Sin ubic
S60 2012,CORTE DELANTERO RH,Corte Delantero,Delantera Derecha,DISPONIBLE,,,,,,Sin ubic
S60 2012,CREMALLERA DE DIRECCIÓN NO ELECTRÓNICA ,Cremallera De Dirección No Electrónica ,,VENDIDO,SANTIAGO,130000,120000,,,
S60 2012,CUBRE CARTER,Cubre Carter,,DISPONIBLE,SANTIAGO,65000,60000,,,
S60 2012,CUBRE ZÓCALO LH,Cubre Zócalo,Izquierda,DISPONIBLE,SANTIAGO,40000,35000,,PRECIO ACTUALIZADO,
S60 2012,CUBRE ZÓCALO RH,Cubre Zócalo,Derecha,POR CONFIRMAR,,40000,35000,,PRECIO ACTUALIZADO,Sin ubic
S60 2012,CUERPO DE ACELERACIÓN,Cuerpo De Aceleración,,DISPONIBLE,SANTIAGO,,,,,
S60 2012,CUNA,Cuna,,VENDIDO,SANTIAGO,215000,210000,,,
S60 2012,DEPÓSITO DE AGUA O LÍQUIDO REFRIGERANTE ,Depósito De Agua O Líquido Refrigerante ,,VENDIDO,SANTIAGO,35000,30000,,,
S60 2012,DEPÓSITO LIMPIA PARABRISAS,Depósito Limpia Parabrisas,,VENDIDO,SANTIAGO,50000,45000,,,
S60 2012,DEPÓSITO LÍQUIDO HIDRÁULICO,Depósito Líquido Hidráulico,,DISPONIBLE,,50000,45000,,,Sin ubic
S60 2012,DIFERENCIAL,Diferencial,,VENDIDO,SANTIAGO,,,,,
S60 2012,DISCO DE FRENO DELANTERO LH,Disco De Freno Delantero,Delantera Izquierda,DISPONIBLE,SANTIAGO,40000,35000,,,
S60 2012,DISCO DE FRENO DELANTERO RH,Disco De Freno Delantero,Delantera Derecha,VENDIDO,SANTIAGO,40000,35000,,,
S60 2012,DISCO DE FRENO TRASERO LH,Disco De Freno Trasero,Trasera Izquierda,DISPONIBLE,SANTIAGO,30000,25000,,,
S60 2012,DISCO DE FRENO TRASERO RH,Disco De Freno Trasero,Trasera Derecha,DISPONIBLE,SANTIAGO,30000,25000,,,
S60 2012,ECU,Ecu,,VENDIDO,SANTIAGO,180000,180000,,,
S60 2012,EJE PALIER DERECHO,Eje Palier Derecho,,DISPONIBLE,SANTIAGO,130000,125000,,,
S60 2012,EJE PALIER IZQUIERDO,Eje Palier Izquierdo,,DISPONIBLE,SANTIAGO,110000,105000,,,
S60 2012,EJE TRASERO,Eje Trasero,Trasera,DISPONIBLE,,190000,190000,,,Sin ubic
S60 2012,ELECTROVENTILADOR ,Electroventilador ,,DISPONIBLE,SANTIAGO,160000,150000,,,
S60 2012,EMBELLECEDOR PARACHOQUE,Embellecedor Parachoque,,DISPONIBLE,,,,,,Sin ubic
S60 2012,ENFRIADOR DE ACEITE CAJA,Enfriador De Aceite Caja,,DISPONIBLE,SANTIAGO,,,,,
S60 2012,ENFRIADOR DE ACEITE MOTOR,Enfriador De Aceite Motor,,DISPONIBLE,SANTIAGO,55000,50000,,,
S60 2012,ENGANCHE O CHAPA DE SEGURIDAD CAPOT,Enganche O Chapa De Seguridad Capot,,DISPONIBLE,,,,,,Sin ubic
S60 2012,ESPEJO CENTRAL,Espejo Central,Central,DISPONIBLE,SANTIAGO,,,,,
S60 2012,ESPEJO LH,Espejo,Izquierda,DISPONIBLE,SANTIAGO,90000,80000,,,
S60 2012,ESPEJO RH,Espejo,Derecha,VENDIDO,SANTIAGO,90000,80000,,,
S60 2012,FLOTADOR BOMBA DE BENCINA,Flotador Bomba De Bencina,,VENDIDO,SANTIAGO,,,,,
S60 2012,FOCO TRASERO EXTERIOR LH,Foco Trasero Exterior,Trasera Izquierda,VENDIDO,SANTIAGO,85000,80000,,,
S60 2012,FOCO TRASERO EXTERIOR RH,Foco Trasero Exterior,Trasera Derecha,VENDIDO,SANTIAGO,85000,80000,,,
S60 2012,FOCO TRASERO INTERIOR LH,Foco Trasero Interior,Trasera Izquierda,DISPONIBLE,,55000,50000,,,Sin ubic
S60 2012,FOCO TRASERO INTERIOR RH,Foco Trasero Interior,Trasera Derecha,DISPONIBLE,,55000,50000,,,Sin ubic
S60 2012,FRONTAL INFERIOR,Frontal Inferior,,DISPONIBLE,,,,,,Sin ubic
S60 2012,FRONTAL SUPERIOR,Frontal Superior,,VENDIDO,SANTIAGO,260000,255000,,,
S60 2012,FUNDA DE PARACHOQUE DELANTERO,Funda De Parachoque Delantero,Delantera,DISPONIBLE,SANTIAGO,150000,140000,,PRECIO ACTUALIZADO,
S60 2012,FUNDA DE PARACHOQUE TRASERO,Funda De Parachoque Trasero,Trasera,VENDIDO,SANTIAGO,90000,80000,,,
S60 2012,FUSILERA DE BORNE POSITIVO ,Fusilera De Borne Positivo ,,DISPONIBLE,,40000,35000,,,Sin ubic
S60 2012,GATA,Gata,,DISPONIBLE,,,,,,Sin ubic
S60 2012,GOMA CONTORNO DE PUERTA DELANTERA LH,Goma Contorno De Puerta Delantera,Delantera Izquierda,DISPONIBLE,SANTIAGO,,,,,
S60 2012,GOMA CONTORNO DE PUERTA DELANTERA TH,Goma Contorno De Puerta Delantera Th,Delantera,DISPONIBLE,SANTIAGO,,,,,
S60 2012,GOMA CONTORNO DE PUERTA TRASERA RH,Goma Contorno De Puerta Trasera,Trasera Derecha,DISPONIBLE,SANTIAGO,,,,,
S60 2012,GUANTERA ,Guantera ,,DISPONIBLE,,65000,60000,,,Sin ubic
S60 2012,GUARDAFANGO DELANTERO LH,Guardafango Delantero,Delantera Izquierda,NO DISPONIBLE,SANTIAGO,60000,55000,,CON DETALLE,
S60 2012,GUARDAFANGO DELANTERO RH,Guardafango Delantero,Delantera Derecha,NO DISPONIBLE,SANTIAGO,60000,55000,,CON DETALLE,
S60 2012,GUARDAFANGO TRASERO LH,Guardafango Trasero,Trasera Izquierda,DISPONIBLE,,50000,45000,,,Sin ubic
S60 2012,GUARDAFANGO TRASERO RH,Guardafango Trasero,Trasera Derecha,DISPONIBLE,SANTIAGO,50000,45000,,,
S60 2012,GUÍAS DE SUJECIÓN ÓPTICO LH,Guías De Sujeción Óptico,Izquierda,VENDIDO,SANTIAGO,25000,20000,,2.0,
S60 2012,GUÍAS DE SUJECIÓN ÓPTICO RH,Guías De Sujeción Óptico,Derecha,DISPONIBLE,SANTIAGO,25000,20000,,2.0,
S60 2012,INTERCOOLER,Intercooler,,DISPONIBLE,SANTIAGO,90000,90000,,,
S60 2012,INYECTOR 1,Inyector 1,,DISPONIBLE,SANTIAGO,30000,25000,,,
S60 2012,INYECTOR 2,Inyector 2,,DISPONIBLE,SANTIAGO,30000,25000,,,
S60 2012,INYECTOR 3,Inyector 3,,DISPONIBLE,SANTIAGO,30000,25000,,,
S60 2012,INYECTOR 4,Inyector 4,,DISPONIBLE,SANTIAGO,30000,25000,,,
S60 2012,INYECTOR 5,Inyector 5,,DISPONIBLE,SANTIAGO,30000,25000,,,
S60 2012,INYECTOR 6,Inyector 6,,DISPONIBLE,SANTIAGO,30000,25000,,,
S60 2012,KIT DE AIRBAG,Kit De Airbag,,VENDIDO,SANTIAGO,520000,500000,,,Múltiples
S60 2012,KIT DE ENCENDIDO,Kit De Encendido,,DISPONIBLE,,,,,,Múltiples; Sin ubic
S60 2012,LETRAS MALETA,Letras Maleta,,VENDIDO,SANTIAGO,15000,15000,,,
S60 2012,LÍNEA DE ESCAPE,Línea De Escape,,DISPONIBLE,,75000,65000,,SIN CATALÍTICO ,Sin ubic
S60 2012,LLANTA 1,Llanta 1,,VENDIDO,SANTIAGO,170000,160000,,,
S60 2012,LLANTA 2,Llanta 2,,VENDIDO,SANTIAGO,170000,160000,,,
S60 2012,LLANTA 3,Llanta 3,,VENDIDO,SANTIAGO,90000,80000,,,
S60 2012,LLANTA 4 DETALLE,Llanta 4 Detalle,,VENDIDO,SANTIAGO,35000,30000,,TRIZADA REPARADA (MANDAR FOTO),
S60 2012,LLAVE,Llave,,DISPONIBLE,SANTIAGO,,,,,
S60 2012,LUNETA TRASERA ,Luneta Trasera ,Trasera,DISPONIBLE,REQUINOA,220000,210000,,,
S60 2012,LUZ TECHO CENTRAL,Luz Techo Central,Central,DISPONIBLE,SANTIAGO,,,,,
S60 2012,LUZ TECHO TRASERO,Luz Techo Trasero,Trasera,DISPONIBLE,SANTIAGO,,,,,
S60 2012,MALETA ,Maleta ,,DISPONIBLE,,240000,230000,,SOLO LATA,Sin ubic
S60 2012,MANGUERA PLÁSTICA DE DEPÓSITO DE AGUA CON ACOPLE RÁPIDO,Manguera Plástica De Depósito De Agua Con Acople Rápido,,NO DISPONIBLE,,,,,,Sin ubic
S60 2012,MANILLA DE TECHO DELANTERA RH,Manilla De Techo Delantera,Delantera Derecha,DISPONIBLE,SANTIAGO,,,,,
S60 2012,MANILLA DE TECHO TRASERA LH,Manilla De Techo Trasera,Trasera Izquierda,DISPONIBLE,SANTIAGO,,,,,
S60 2012,MANILLA DE TECHO TRASERA RH,Manilla De Techo Trasera,Trasera Derecha,DISPONIBLE,SANTIAGO,,,,,
S60 2012,MANILLA EXTERIOR PUERTA DELANTERA LH,Manilla Exterior Puerta Delantera,Delantera Izquierda,DISPONIBLE,SANTIAGO,45000,40000,,SIN CILINDRO,
S60 2012,MANILLA EXTERIOR PUERTA DELANTERA RH,Manilla Exterior Puerta Delantera,Delantera Derecha,NO DISPONIBLE,,45000,40000,,,Sin ubic
S60 2012,MANILLA EXTERIOR PUERTA TRASERA LH,Manilla Exterior Puerta Trasera,Trasera Izquierda,DISPONIBLE,SANTIAGO,45000,40000,,,
S60 2012,MANILLA EXTERIOR PUERTA TRASERA RH,Manilla Exterior Puerta Trasera,Trasera Derecha,DISPONIBLE,SANTIAGO,45000,40000,,,
S60 2012,MANILLA INTERIOR CAPOT CON PIOLA,Manilla Interior Capot Con Piola,,DISPONIBLE,SANTIAGO,,,,,
S60 2012,MANILLA INTERIOR PUERTA DELANTERA LH,Manilla Interior Puerta Delantera,Delantera Izquierda,DISPONIBLE,,25000,20000,,,Sin ubic
S60 2012,MANILLA INTERIOR PUERTA DELANTERA RH,Manilla Interior Puerta Delantera,Delantera Derecha,DISPONIBLE,,25000,20000,,,Sin ubic
S60 2012,MANILLA INTERIOR PUERTA TRASERA LH,Manilla Interior Puerta Trasera,Trasera Izquierda,DISPONIBLE,,20000,15000,,,Sin ubic
S60 2012,MANILLA INTERIOR PUERTA TRASERA RH,Manilla Interior Puerta Trasera,Trasera Derecha,DISPONIBLE,,20000,15000,,,Sin ubic
S60 2012,MANILLA PARA DESTRABAR Y CERRAR RESPALDOS TRASEROS ,Manilla Para Destrabar Y Cerrar Respaldos Traseros ,Trasera,DISPONIBLE,SANTIAGO,,,,,
S60 2012,MÁSCARA,Máscara,,VENDIDO,SANTIAGO,90000,85000,,LOGO CON DETALLE,
S60 2012,MAZA DERECHA (SE VENDE CON MUÑON),Maza Derecha (Se Vende Con Muñón),,DISPONIBLE,,65000,60000,,,MUÑON; Sin ubic
S60 2012,MAZA IZQUIERDA (SE VENDE CON MUÑON),Maza Izquierda (Se Vende Con Muñón),,DISPONIBLE,,65000,60000,,,MUÑON; Sin ubic
S60 2012,MÉNSULA DELANTERA LH,Ménsula Delantera,Delantera Izquierda,DISPONIBLE,SANTIAGO,25000,20000,,,
S60 2012,MÉNSULA DELANTERA RH,Ménsula Delantera,Delantera Derecha,VENDIDO,SANTIAGO,25000,20000,,,
S60 2012,MÉNSULA TRASERA 3°,Ménsula Trasera 3°,Trasera,DISPONIBLE,,25000,20000,,,Sin ubic
S60 2012,MÉNSULA TRASERA LH,Ménsula Trasera,Trasera Izquierda,DISPONIBLE,SANTIAGO,25000,20000,,,
S60 2012,MÉNSULA TRASERA RH,Ménsula Trasera,Trasera Derecha,DISPONIBLE,SANTIAGO,25000,20000,,,
S60 2012,MÓDULO ABS,Módulo Abs,,DISPONIBLE,,950000,90000,,,Sin ubic
S60 2012,MÓDULO CONTROL DE ANTENA RADIO,Módulo Control De Antena Radio,,DISPONIBLE,SANTIAGO,15000,10000,,,
S60 2012,MÓDULO CONTROL DE FRENO DE MANO ELÉCTRICO,Módulo Control De Freno De Mano Eléctrico,,DISPONIBLE,SANTIAGO,35000,30000,,,
S60 2012,MÓDULO DE ANTENA LLAVE,Módulo De Antena Llave,,DISPONIBLE,SANTIAGO,25000,20000,,,
S60 2012,MÓDULO DE ESTANQUE,Módulo De Estanque,,DISPONIBLE,SANTIAGO,,,,,
S60 2012,MÓDULO ELECTROVENTILADOR,Módulo Electroventilador,,NO DISPONIBLE,,,,,ESTÁ MALO,Sin ubic
S60 2012,MÓDULO ÓPTICO LH,Módulo Óptico,Izquierda,VENDIDO,,90000,55000,,,Sin ubic
S60 2012,MÓDULO ÓPTICO RH,Módulo Óptico,Derecha,VENDIDO,,90000,55000,,,Sin ubic
S60 2012,MOLDURA COSTADO PARABRISA RH,Moldura Costado Parabrisa,Derecha,DISPONIBLE,,50000,45000,,,Sin ubic
S60 2012,MOLDURA COSTADO PARABRISAS LH,Moldura Costado Parabrisas,Izquierda,DISPONIBLE,,50000,45000,,,Sin ubic
S60 2012,MOLDURA PISADERA DE PUERTA,Moldura Pisadera De Puerta,,DISPONIBLE,SANTIAGO,,,,NO SE DESCRIBE CUANTAS HAY,
S60 2012,MOTOR DE CALEFACCIÓN,Motor De Calefacción,,DISPONIBLE,SANTIAGO,,,,,
S60 2012,MOTOR DE PARTIDA,Motor De Partida,,DISPONIBLE,SANTIAGO,95000,90000,,,
S60 2012,MOTOR FACTURABLE,Motor Facturable,,VENDIDO,SANTIAGO,1300000,1100000,,,
S60 2012,MOTOR LIMPIAPARABRISAS,Motor Limpiaparabrisas,,DISPONIBLE,,,,,CON VARILLAJE,Sin ubic
S60 2012,MÚLTIPLE DE ADMISIÓN,Múltiple De Admisión,,DISPONIBLE,,190000,180000,,,Sin ubic
S60 2012,MÚLTIPLE DE ESCAPE,Múltiple De Escape,,DISPONIBLE,SANTIAGO,35000,30000,,,
S60 2012,MUÑÓN TRASERO LH,Muñón Trasero,Trasera Izquierda,DISPONIBLE,SANTIAGO,70000,60000,,,
S60 2012,MUÑÓN TRASERO RH,Muñón Trasero,Trasera Derecha,DISPONIBLE,SANTIAGO,70000,60000,,,
S60 2012,NEBLINEROS,Neblineros,,NO DISPONIBLE,,,,,,Sin ubic
S60 2012,OPTICO LH    (SIN BALAT),Optico    (Sin Balat),Izquierda,VENDIDO,SANTIAGO,100000,90000,,PRECIO ACTUALIZADO,
S60 2012,OPTICO RH,Optico,Derecha,VENDIDO,SANTIAGO,160000,155000,,,
S60 2012,PALANCA DE CAMBIO,Palanca De Cambio,,DISPONIBLE,SANTIAGO,155000,150000,,,
S60 2012,PANTALLA RADIO,Pantalla Radio,,DISPONIBLE,SANTIAGO,50000,45000,,,
S60 2012,PARABRISAS,Parabrisas,,NO DISPONIBLE,REQUINOA,100000,90000,,,
S60 2012,PARASOL LH,Parasol,Izquierda,DISPONIBLE,SANTIAGO,30000,25000,,,
S60 2012,PARASOL RH,Parasol,Derecha,DISPONIBLE,SANTIAGO,30000,25000,,,
S60 2012,PARLANTE 1,Parlante 1,,VENDIDO,SANTIAGO,25000,20000,,,
S60 2012,PARLANTE 2,Parlante 2,,VENDIDO,SANTIAGO,25000,20000,,,
S60 2012,PATA REFUERZO DE PARACHOQUE DERECHO,Pata Refuerzo De Parachoque Derecho,,DISPONIBLE,,,,,,Sin ubic
S60 2012,PATA REFUERZO DE PARACHOQUE IZQUIERDO,Pata Refuerzo De Parachoque Izquierdo,,DISPONIBLE,,,,,,Sin ubic
S60 2012,PIOLAS PALANCA DE CAMBIO,Piolas Palanca De Cambio,,DISPONIBLE,SANTIAGO,,,,,
S60 2012,PLÁSTICO PILAR ,Plástico Pilar ,,DISPONIBLE,,,,,PREGUNTAR A CUBITA EL LADO VENDIDO,Persona; Revisar; Sin ubic
S60 2012,PORTA FILTRO DE ACEITE,Porta Filtro De Aceite,,DISPONIBLE,SANTIAGO,,,,,
S60 2012,PORTA FILTRO DE AIRE,Porta Filtro De Aire,,VENDIDO,SANTIAGO,60000,50000,,,
S60 2012,PORTA LENTES,Porta Lentes,,DISPONIBLE,SANTIAGO,,,,,
S60 2012,PORTA PLACA TRASERA,Porta Placa Trasera,Trasera,VENDIDO,SANTIAGO,5000,5000,,,
S60 2012,PRENSA,Prensa,,DISPONIBLE,,,,,,Sin ubic
S60 2012,PUERTA DELANTERA RH SOLO LATA,Puerta Delantera Solo Lata,Delantera Derecha,DISPONIBLE,SANTIAGO,80000,75000,,,
S60 2012,PUERTA DELANTERALH SOLO LATA,Puerta Delanteralh Solo Lata,Delantera,DISPONIBLE,SANTIAGO,80000,75000,,,
S60 2012,PUERTA TRASERA LH SOLO LATA,Puerta Trasera Solo Lata,Trasera Izquierda,DISPONIBLE,SANTIAGO,80000,75000,,,
S60 2012,PUERTA TRASERA RH SOLO LATA,Puerta Trasera Solo Lata,Trasera Derecha,DISPONIBLE,SANTIAGO,80000,75000,,,
S60 2012,RADIADOR AGUA ,Radiador Agua ,,DISPONIBLE,SANTIAGO,95000,90000,,,
S60 2012,RADIADOR AIRE,Radiador Aire,,DISPONIBLE,,95000,90000,,,Sin ubic
S60 2012,RADIADOR DE CALEFACCIÓN ,Radiador De Calefacción ,,DISPONIBLE,SANTIAGO,,,,,
S60 2012,RADIO,Radio,,DISPONIBLE,,,,,,Sin ubic
S60 2012,RAMAL DE INYECCIÓN ,Ramal De Inyección ,,VENDIDO,SANTIAGO,75000,70000,,,
S60 2012,RAMAL DE MOTOR ,Ramal De Motor ,,DISPONIBLE,SANTIAGO,70000,65000,,,
S60 2012,REFUERZO DE PARACHOQUE DELANTERO,Refuerzo De Parachoque Delantero,Delantera,VENDIDO,SANTIAGO,80000,70000,,,
S60 2012,REFUERZO DE PARACHOQUE TRASERO,Refuerzo De Parachoque Trasero,Trasera,DISPONIBLE,SANTIAGO,,,,,
S60 2012,REJILLA INFERIOR CENTRAL,Rejilla Inferior Central,Central,VENDIDO,SANTIAGO,60000,50000,,,
S60 2012,REJILLA INTERIOR CENTRAL (ARRIBA DE LA RADIO),Rejilla Interior Central (Arriba De La Radio),Central,VENDIDO,SANTIAGO,25000,25000,,SE VENDÍO COMPLETA,
S60 2012,REJILLA LATERAL LH,Rejilla Lateral,Izquierda,DISPONIBLE,,45000,40000,,,Sin ubic
S60 2012,REJILLA LATERAL RH,Rejilla Lateral,Derecha,DISPONIBLE,,45000,40000,,,Sin ubic
S60 2012,RESISTENCIA DE CALEFACCIÓN,Resistencia De Calefacción,,DISPONIBLE,SANTIAGO,25000,20000,,,
S60 2012,RIEL DE INYECCIÓN ,Riel De Inyección ,,DISPONIBLE,,180000,170000,,,Sin ubic
S60 2012,RODAMIENTO TENSOR CORREA ACCESORIOS ,Rodamiento Tensor Correa Accesorios ,,DISPONIBLE,SANTIAGO,50000,45000,,,
S60 2012,SENSOR ABS,Sensor Abs,,DISPONIBLE,,,,,,Sin ubic
S60 2012,SENSOR ABS TRASERO RH,Sensor Abs Trasero,Trasera Derecha,DISPONIBLE,,,,,,Sin ubic
S60 2012,SENSOR BANCO 1,Sensor Banco 1,,VENDIDO,SANTIAGO,,,,,
S60 2012,SENSOR BANCO 2,Sensor Banco 2,,DISPONIBLE,SANTIAGO,,,,,
S60 2012,SENSOR DE ESTACIONAMIENTO TRASERO ,Sensor De Estacionamiento Trasero ,Trasera,DISPONIBLE,,25000,20000,,CADA UNO,Sin ubic
S60 2012,SENSOR DE PRESIÓN DEL RIEL DE BENCINA,Sensor De Presión Del Riel De Bencina,,VENDIDO,SANTIAGO,20000,20000,,,
S60 2012,SENSOR MAF CON FLUJÓMETRO,Sensor Maf Con Flujómetro,,VENDIDO,,60000,55000,,,Sin ubic
S60 2012,SENSOR MAP,Sensor Map,,VENDIDO,SANTIAGO,35000,30000,,,
S60 2012,SERVO FRENO,Servo Freno,,DISPONIBLE,SANTIAGO,,,,,
S60 2012,SOPORTE CENTRAL (HUESO),Soporte Central (Hueso),Central,DISPONIBLE,,45000,40000,,,Sin ubic
S60 2012,SOPORTE DE MOTOR O DE CAJA (IZQUIERDO),Soporte De Motor O De Caja (Izquierdo),,VENDIDO,SANTIAGO,90000,85000,,,
S60 2012,SOPORTE DE MOTOR RH,Soporte De Motor,Derecha,DISPONIBLE,,115000,105000,,,Sin ubic
S60 2012,SOPORTE DE SOPORTE INFERIOR,Soporte De Soporte Inferior,,VENDIDO,SANTIAGO,,,,,
S60 2012,SOPORTE SUPERIOR DE BATERÍA,Soporte Superior De Batería,,DISPONIBLE,,,,,,Sin ubic
S60 2012,TAPA DE BENCINA EXTERIOR,Tapa De Bencina Exterior,,DISPONIBLE,SANTIAGO,,,,,
S60 2012,TAPA DE BENCINA INTERIOR ,Tapa De Bencina Interior ,,DISPONIBLE,SANTIAGO,,,,,
S60 2012,TAPA NEBLINERO LH,Tapa Neblinero,Izquierda,DISPONIBLE,,25000,20000,,,Sin ubic
S60 2012,TAPA NEBLINERO RH,Tapa Neblinero,Derecha,DISPONIBLE,,25000,20000,,,Sin ubic
S60 2012,TAPA REMOLQUE DELANTERA,Tapa Remolque Delantera,Delantera,NO DISPONIBLE,,,,,,Sin ubic
S60 2012,TAPABARRO DELANTERO LH,Tapabarro Delantero,Delantera Izquierda,DISPONIBLE,SANTIAGO,100000,90000,,,
S60 2012,TAPABARRO DELANTERO RH,Tapabarro Delantero,Delantera Derecha,VENDIDO,SANTIAGO,100000,90000,,,
S60 2012,TAPIZ TECHO (CON DETALLE),Tapiz Techo (Con Detalle),,DISPONIBLE,,60000,50000,,,Daños; Sin ubic
S60 2012,TELECOMANDO ,Telecomando ,,DISPONIBLE,SANTIAGO,,,,,
S60 2012,TENSOR CORREA DE ACCESORIOS,Tensor Correa De Accesorios,,DISPONIBLE,SANTIAGO,35000,30000,,,
S60 2012,TIRANTE DE PUERTA DELANTERA LH,Tirante De Puerta Delantera,Delantera Izquierda,DISPONIBLE,SANTIAGO,15000,10000,,,
S60 2012,TIRANTE DE PUERTA DELANTERA RH,Tirante De Puerta Delantera,Delantera Derecha,DISPONIBLE,SANTIAGO,15000,10000,,,
S60 2012,TURBO,Turbo,,DISPONIBLE,SANTIAGO,,,,,
S60 2012,VARILLA DE ACEITE,Varilla De Aceite,,DISPONIBLE,SANTIAGO,,,,LLEGÓ EL 11-12-2024,
S60 2012,VIDRIO PUERTA DELANTERA LH,Vidrio Puerta Delantera,Delantera Izquierda,VENDIDO,SANTIAGO,50000,45000,,,
S60 2012,VIDRIO PUERTA DELANTERA RH,Vidrio Puerta Delantera,Delantera Derecha,VENDIDO,SANTIAGO,50000,45000,,,
S60 2012,VIDRIO PUERTA TRASERA LH,Vidrio Puerta Trasera,Trasera Izquierda,VENDIDO,SANTIAGO,50000,45000,,,
S60 2012,VIDRIO PUERTA TRASERA RH,Vidrio Puerta Trasera,Trasera Derecha,VENDIDO,SANTIAGO,50000,45000,,,
S60 2012,VIELETA LH,Vieleta,Izquierda,DISPONIBLE,,30000,25000,,,Sin ubic
S60 2012,VIELETA RH,Vieleta,Derecha,VENDIDO,SANTIAGO,30000,25000,,,
S60 2012,VOLANTE,Volante,,DISPONIBLE,SANTIAGO,80000,75000,,,
SM3 2011,ALTERNADOR,Alternador,,DISPONIBLE,REVISADO,,,,,
SM3 2011,AMORTIGUADOR DELANTERO LH,Amortiguador Delantero,Delantera Izquierda,DISPONIBLE,REVISADO,,,,,
SM3 2011,AMORTIGUADOR DELANTERO RH,Amortiguador Delantero,Delantera Derecha,DISPONIBLE,REVISADO,,,,,
SM3 2011,ASIENTO DELANTERO LH,Asiento Delantero,Delantera Izquierda,DISPONIBLE,REVISADO,,,,,
SM3 2011,ASIENTO DELANTERO RH,Asiento Delantero,Delantera Derecha,DISPONIBLE,REVISADO,,,,,
SM3 2011,BANDEJA DELANTERA LH,Bandeja Delantera,Delantera Izquierda,DISPONIBLE,REVISADO,,,,,
SM3 2011,BANEJA DELANTERA RH,Baneja Delantera,Delantera Derecha,DISPONIBLE,REVISADO,,,,,
SM3 2011,BASEPLÁSTICA DE BATERÍA,Baseplástica De Batería,,DISPONIBLE,REVISADO,,,,,
SM3 2011,BAZOS LIMPIAPARABRISAS,Bazos Limpiaparabrisas,,DISPONIBLE,REVISADO,,,,,
SM3 2011,BISAGRA CAPOT IZQUIERDA,Bisagra Capot Izquierda,,DISPONIBLE,REVISADO,,,,,
SM3 2011,BISAGRA CAPOT RH,Bisagra Capot,Derecha,DISPONIBLE,REVISADO,,,,,
SM3 2011,BOBINA 1,Bobina 1,,DISPONIBLE,REVISADO,,,,,
SM3 2011,BOBINA 2,Bobina 2,,DISPONIBLE,REVISADO,,,,,
SM3 2011,BOBINA 3,Bobina 3,,DISPONIBLE,REVISADO,,,,,
SM3 2011,BOBINA 4,Bobina 4,,DISPONIBLE,REVISADO,,,,,
SM3 2011,BOCINA,Bocina,,DISPONIBLE,REVISADO,,,,,
SM3 2011,BOMBA DE FRENO CON DEPÓSITO,Bomba De Freno Con Depósito,,DISPONIBLE,REVISADO,,,,,
SM3 2011,BOMBA DE PEDAL DE EMBRAGUE,Bomba De Pedal De Embrague,,DISPONIBLE,REVISADO,,,,,
SM3 2011,BOMBA HIDRÁULICA CON BASE Y TENSOR,Bomba Hidráulica Con Base Y Tensor,,DISPONIBLE,REVISADO,,,,,
SM3 2011,BOTÓN ALZAVIDRIOS PUERTA DELANTERA RH,Botón Alzavidrios Puerta Delantera,Delantera Derecha,DISPONIBLE,REVISADO,,,,,
SM3 2011,BOTÓN ALZAVIDRIOS PUERTA TRASERA RH,Botón Alzavidrios Puerta Trasera,Trasera Derecha,DISPONIBLE,REVISADO,,,,,
SM3 2011,BOTÓN DE ALZAVIDRIOS TRASERA LH,Botón De Alzavidrios Trasera,Trasera Izquierda,DISPONIBLE,REVISADO,,,,,
SM3 2011,BOTONERA DE ALZAVIDRIOS DELANTERA IZQUIERDA,Botonera De Alzavidrios Delantera Izquierda,Delantera,DISPONIBLE,REVISADO,,,,,
SM3 2011,BSI,Bsi,,DISPONIBLE,REVISADO,,,,,
SM3 2011,CAJA,Caja,,VENDIDO,REVISADO,230000,230000,,,
SM3 2011,CALIPER DELANTERO IZQUIERDO,Caliper Delantero Izquierdo,Delantera,DISPONIBLE,REVISADO,,,,,
SM3 2011,CALIPER DELANTERO RH,Caliper Delantero,Delantera Derecha,DISPONIBLE,REVISADO,,,,,
SM3 2011,CANISTER,Canister,,DISPONIBLE,REVISADO,,,,,
SM3 2011,CAÑERÍAS DE AIRE ACONDICIONADO,Cañerías De Aire Acondicionado,,DISPONIBLE,REVISADO,,,,,
SM3 2011,CAPOT CON DETALLE,Capot Con Detalle,,DISPONIBLE,REVISADO,10000,10000,,,Daños
SM3 2011,CHAPA MALETA,Chapa Maleta,,DISPONIBLE,REVISADO,,,,,
SM3 2011,CHAPA PUERTA DELANTERA LH,Chapa Puerta Delantera,Delantera Izquierda,DISPONIBLE,REVISADO,,,,,
SM3 2011,CHAPA PUERTA DELANTERA RH,Chapa Puerta Delantera,Delantera Derecha,DISPONIBLE,REVISADO,,,,,
SM3 2011,CHAPA PUERTA TRASERA RH,Chapa Puerta Trasera,Trasera Derecha,DISPONIBLE,REVISADO,,,,,
SM3 2011,CINTA DE AIRBAG,Cinta De Airbag,,DISPONIBLE,REVISADO,,,,,
SM3 2011,COFIA,Cofia,,DISPONIBLE,REVISADO,,,,,
SM3 2011,COLUMNA DE DIRECCIÓN,Columna De Dirección,,DISPONIBLE,REVISADO,,,,,
SM3 2011,CONTROL DE CALEFACCIÓN,Control De Calefacción,,DISPONIBLE,REVISADO,,,,,
SM3 2011,CREMALLERA DE ALZAVIDRIO PUERTA TRASERA RH,Cremallera De Alzavidrio Puerta Trasera,Trasera Derecha,DISPONIBLE,REVISADO,,,,,
SM3 2011,CREMALLERA DE ALZAVIDRIOS DELANTERA LH,Cremallera De Alzavidrios Delantera,Delantera Izquierda,DISPONIBLE,REVISADO,,,,,
SM3 2011,CREMALLERA DE ALZAVIDRIOS TRASERA LH,Cremallera De Alzavidrios Trasera,Trasera Izquierda,DISPONIBLE,REVISADO,,,,,
SM3 2011,CREMALLERA DE DIRECCIÓN,Cremallera De Dirección,,DISPONIBLE,REVISADO,,,,,
SM3 2011,CUERPO DE ACELERACIÓN,Cuerpo De Aceleración,,DISPONIBLE,REVISADO,,,,,
SM3 2011,CUNA,Cuna,,DISPONIBLE,REVISADO,,,,,
SM3 2011,DEPÓSITO DE AGUA AUXILIAR RADIADOR,Depósito De Agua Auxiliar Radiador,,DISPONIBLE,REVISADO,,,,,
SM3 2011,DEPÓSITO LIMPIAPARABRISAS SIN TUBO,Depósito Limpiaparabrisas Sin Tubo,,DISPONIBLE,REVISADO,,,,,
SM3 2011,DEPÓSITO LÍQUIDO HIDRÁULICO CON BASE,Depósito Líquido Hidráulico Con Base,,DISPONIBLE,REVISADO,,,,,
SM3 2011,DISCO DE FRENO DELANTERO LH,Disco De Freno Delantero,Delantera Izquierda,DISPONIBLE,REVISADO,,,,,
SM3 2011,DISCO DE FRENO DELANTERO RH,Disco De Freno Delantero,Delantera Derecha,DISPONIBLE,REVISADO,,,,,
SM3 2011,ECU,Ecu,,DISPONIBLE,REVISADO,90000,85000,,,
SM3 2011,EJE PALIER LH,Eje Palier,Izquierda,DISPONIBLE,REVISADO,,,,,
SM3 2011,EJE PALIER RH,Eje Palier,Derecha,DISPONIBLE,REVISADO,,,,,
SM3 2011,ELECTROVENTILADOR,Electroventilador,,DISPONIBLE,REVISADO,,,,,
SM3 2011,EMBELLECEDOR CON REJILLAS DE VENTILACIÓN CENTRAL Y HAZARD,Embellecedor Con Rejillas De Ventilación Central Y Hazard,Central,DISPONIBLE,REVISADO,,,,,
SM3 2011,EMBELLECEDOR RADIO,Embellecedor Radio,,DISPONIBLE,REVISADO,,,,,
SM3 2011,EMBELLECEDOR SINÓPTICO,Embellecedor Sinóptico,,DISPONIBLE,REVISADO,,,,,
SM3 2011,ESPEJO LH,Espejo,Izquierda,DISPONIBLE,REVISADO,,,,,
SM3 2011,FIJACIÓN SUPERIOR RADIADOR,Fijación Superior Radiador,,DISPONIBLE,REVISADO,,,,,
SM3 2011,FLUJÓMETRO,Flujómetro,,DISPONIBLE,REVISADO,,,,,
SM3 2011,FOCO TRASERO RH,Foco Trasero,Trasera Derecha,DISPONIBLE,REVISADO,,,,,
SM3 2011,MANGUERAS AGUA (2),Mangueras Agua (2),,DISPONIBLE,REVISADO,,,,,
SM3 2011,MANILLA EXTERIOR PUERTA DELANTERA IZQUIERDA,Manilla Exterior Puerta Delantera Izquierda,Delantera,DISPONIBLE,REVISADO,,,,,
SM3 2011,MANILLA EXTERIOR PUERTA DELANTERA RH,Manilla Exterior Puerta Delantera,Delantera Derecha,DISPONIBLE,REVISADO,,,,,
SM3 2011,MANILLA EXTERIOR PUERTA TRASERA LH,Manilla Exterior Puerta Trasera,Trasera Izquierda,DISPONIBLE,REVISADO,,,,,
SM3 2011,MANILLA EXTERIOR PUERTA TRASERA RH,Manilla Exterior Puerta Trasera,Trasera Derecha,DISPONIBLE,REVISADO,,,,,
SM3 2011,MANILLA INTERIOR PUERTA DELANTERA IZQUIERDA,Manilla Interior Puerta Delantera Izquierda,Delantera,DISPONIBLE,REVISADO,,,,,
SM3 2011,MANILLA INTERIOR PUERTA DELANTERA RH,Manilla Interior Puerta Delantera,Delantera Derecha,DISPONIBLE,REVISADO,,,,,
SM3 2011,MANILLA INTERIOR PUERTA TRASERA LH,Manilla Interior Puerta Trasera,Trasera Izquierda,DISPONIBLE,REVISADO,,,,,
SM3 2011,MANILLA INTERIOR PUERTA TRASERA RH,Manilla Interior Puerta Trasera,Trasera Derecha,DISPONIBLE,REVISADO,,,,,
SM3 2011,MÁSCARA CON DETALLE,Máscara Con Detalle,,DISPONIBLE,REVISADO,10000,10000,,,Daños
SM3 2011,MAZA DELANTERA LH,Maza Delantera,Delantera Izquierda,DISPONIBLE,REVISADO,,,,,
SM3 2011,MOLDURA INTERIOR ZÓCALO LH,Moldura Interior Zócalo,Izquierda,VENDIDO,REVISADO,5000,5000,,,
SM3 2011,MOLDURA TRIÁNGULO INTERIOR ATRÁS DE ESPEJO DEL-RH,Moldura Triángulo Interior Atrás De Espejo Del-Rh,,DISPONIBLE,REVISADO,,,,,
SM3 2011,MOTOR DE PARTIDA,Motor De Partida,,DISPONIBLE,REVISADO,,,,,
SM3 2011,MÚLTIPLE DE ADMISIÓN (ES METÁLICO),Múltiple De Admisión (Es Metálico),,DISPONIBLE,REVISADO,,,,,
SM3 2011,NEBLINERO DELANTERO LH,Neblinero Delantero,Delantera Izquierda,NO DISPONIBLE,REVISADO,,,,,
SM3 2011,NEBLINERO DELANTERO RH,Neblinero Delantero,Delantera Derecha,DISPONIBLE,REVISADO,,,,,
SM3 2011,ÓPTICO DERECHO CON DETALLES PATAS,Óptico Derecho Con Detalles Patas,,POR CONFIRMAR,REVISADO,10000,10000,,,
SM3 2011,PARASOL LH,Parasol,Izquierda,DISPONIBLE,REVISADO,,,,,
SM3 2011,PARASOL RH,Parasol,Derecha,DISPONIBLE,REVISADO,,,,,
SM3 2011,PARLANTE PUERTA DELANTERA RH,Parlante Puerta Delantera,Delantera Derecha,DISPONIBLE,REVISADO,,,,,
SM3 2011,PEDAL DE ACELERACIÓN,Pedal De Aceleración,,DISPONIBLE,REVISADO,,,,,
SM3 2011,PEDAL DE EMBRAGUE,Pedal De Embrague,,DISPONIBLE,REVISADO,,,,,
SM3 2011,PEDAL DE FRENO,Pedal De Freno,,DISPONIBLE,REVISADO,,,,,
SM3 2011,PIOLA CAPOT CON MANILLA,Piola Capot Con Manilla,,DISPONIBLE,REVISADO,,,,,
SM3 2011,PORTA FILTRO CON DETALLE,Porta Filtro Con Detalle,,DISPONIBLE,REVISADO,,,,,Daños
SM3 2011,POSA VASOS FRONTAL,Posa Vasos Frontal,,DISPONIBLE,REVISADO,,,,,
SM3 2011,PRENSA Y DISCO DE EMBRAGUE,Prensa Y Disco De Embrague,,DISPONIBLE,REVISADO,,,,,
SM3 2011,PROTECTOR INFERIOR DELANTERO,Protector Inferior Delantero,Delantera,DISPONIBLE,REVISADO,,,,,
SM3 2011,PUERTA DELANTERA DERECHA  SOLO LATA,Puerta Delantera Derecha  Solo Lata,Delantera,DISPONIBLE,REVISADO,25000,20000,,,
SM3 2011,PUERTA DELANTERA IZQUIERDA  SOLO LATA,Puerta Delantera Izquierda  Solo Lata,Delantera,DISPONIBLE,REVISADO,25000,20000,,,
SM3 2011,PUERTA TRASERA DERECHA SOLO LATA,Puerta Trasera Derecha Solo Lata,Trasera,DISPONIBLE,REVISADO,,,,,
SM3 2011,PUERTA TRASERA IZQUIERDA SOLO LATA,Puerta Trasera Izquierda Solo Lata,Trasera,DISPONIBLE,REVISADO,25000,20000,,,
SM3 2011,RADIADOR DE AGUA ,Radiador De Agua ,,DISPONIBLE,REVISADO,,,,,
SM3 2011,RAMAL EXTERIOR,Ramal Exterior,,DISPONIBLE,REVISADO,,,,,
SM3 2011,REJILLA INFERIOR PARACHOQUE DELANTERO,Rejilla Inferior Parachoque Delantero,Delantera,DISPONIBLE,REVISADO,,,,,
SM3 2011,RESISTENCIA DE CALEFACCIÓN,Resistencia De Calefacción,,DISPONIBLE,REVISADO,,,,,
SM3 2011,RESONADOR FILTRO DE AIRE,Resonador Filtro De Aire,,DISPONIBLE,REVISADO,,,,,
SM3 2011,RIEL CON INYECTORES,Riel Con Inyectores,,DISPONIBLE,REVISADO,,,,,
SM3 2011,SENSOR DE OXÍGENO BANCO 1,Sensor De Oxígeno Banco 1,,DISPONIBLE,REVISADO,,,,,
SM3 2011,SENSOR MAF,Sensor Maf,,DISPONIBLE,REVISADO,,,,,
SM3 2011,SERVO FRENO,Servo Freno,,DISPONIBLE,REVISADO,,,,,
SM3 2011,SINÓPTICO,Sinóptico,,DISPONIBLE,REVISADO,,,,,
SM3 2011,TAPA DE BENCINA EXTERIOR,Tapa De Bencina Exterior,,DISPONIBLE,REVISADO,,,,,
SM3 2011,TAPA DE BENCINA INTERIOR,Tapa De Bencina Interior,,DISPONIBLE,REVISADO,,,,,
SM3 2011,TAPA DE FILTRO DE AIRE,Tapa De Filtro De Aire,,DISPONIBLE,REVISADO,,,,,
SM3 2011,TAPA DE VOLANTE,Tapa De Volante,,DISPONIBLE,REVISADO,,,,,
SM3 2011,TAPABARRO LH CON DETALLE,Tapabarro Con Detalle,Izquierda,DISPONIBLE,REVISADO,10000,10000,,,Daños
SM3 2011,TAPABARRO RH CON DETALLE,Tapabarro Con Detalle,Derecha,DISPONIBLE,REVISADO,10000,10000,,,Daños
SM3 2011,TELECOMANDOS,Telecomandos,,DISPONIBLE,REVISADO,,,,,
SM3 2011,TENSOR CORREA DE ACCESORIOS,Tensor Correa De Accesorios,,DISPONIBLE,REVISADO,,,,,
SM3 2011,TUBO CORRUGADO CON PORTA FILTRO DE AIRE,Tubo Corrugado Con Porta Filtro De Aire,,DISPONIBLE,REVISADO,,,,,
SM3 2011,VÁLVULA EVAP,Válvula Evap,,DISPONIBLE,REVISADO,,,,,
SM3 2011,VARILLA CAPOT,Varilla Capot,,DISPONIBLE,REVISADO,,,,,
SM3 2011,VENTILADOR DE CALEFACCIÓN,Ventilador De Calefacción,,DISPONIBLE,REVISADO,,,,,
SM3 2011,VIDRIO LUNETA PUERTA TRASERA LH,Vidrio Luneta Puerta Trasera,Trasera Izquierda,VENDIDO,REVISADO,25000,20000,,,
SM3 2011,VIDRIO LUNETA PUERTA TRASERA RH,Vidrio Luneta Puerta Trasera,Trasera Derecha,DISPONIBLE,REVISADO,,,,,
SM3 2011,VIDRIO PUERTA DELANTERA RH,Vidrio Puerta Delantera,Delantera Derecha,DISPONIBLE,REVISADO,,,,,
SM3 2011,VIDRIO PUERTA TRASERA RH,Vidrio Puerta Trasera,Trasera Derecha,DISPONIBLE,REVISADO,,,,,
SM3 2011,VOLANTE,Volante,,DISPONIBLE,REVISADO,,,,,
SM3 2011,VOLANTE BIMASA,Volante Bimasa,,DISPONIBLE,REVISADO,,,,,
SOUL 2013,ALTERNADOR,Alternador,,DISPONIBLE,SANTIAGO,95000,85000,,,
SOUL 2013,AMORTIGUADOR DELANTERO LH,Amortiguador Delantero,Delantera Izquierda,DISPONIBLE,SANTIAGO,55000,50000,,,
SOUL 2013,AMORTIGUADOR DELANTERO RH,Amortiguador Delantero,Delantera Derecha,DISPONIBLE,SANTIAGO,55000,50000,,,
SOUL 2013,AMORTIGUADOR TRASERO LH,Amortiguador Trasero,Trasera Izquierda,DISPONIBLE,SANTIAGO,15000,10000,,,
SOUL 2013,AMORTIGUADOR TRASERO RH,Amortiguador Trasero,Trasera Derecha,DISPONIBLE,SANTIAGO,15000,10000,,,
SOUL 2013,ARBOL DE LEVA 1,Arbol De Leva 1,,DISPONIBLE,SANTIAGO,,,,,
SOUL 2013,ARBOL DE LEVA 2,Arbol De Leva 2,,DISPONIBLE,SANTIAGO,,,,,
SOUL 2013,ASIENTO DELANTERO LH,Asiento Delantero,Delantera Izquierda,VENDIDO,SANTIAGO,40000,35000,,,
SOUL 2013,ASIENTO DELANTERO RH,Asiento Delantero,Delantera Derecha,VENDIDO,SANTIAGO,40000,35000,,,
SOUL 2013,AUXILIAR USB,Auxiliar Usb,,DISPONIBLE,SANTIAGO,,,,,
SOUL 2013,BANDEJA DELANTERA LH,Bandeja Delantera,Delantera Izquierda,NO DISPONIBLE,REQUINOA,,,,,
SOUL 2013,BANDEJA DELANTERA RH,Bandeja Delantera,Delantera Derecha,NO DISPONIBLE,REQUINOA,,,,,
SOUL 2013,BARRA ESTABILIZADORA CON 1 BIELETAS,Barra Estabilizadora Con 1 Bieletas,,DISPONIBLE,SANTIAGO,,,,,
SOUL 2013,BARRA TECHO LH,Barra Techo,Izquierda,DISPONIBLE,SANTIAGO,35000,30000,,"60,000 EL PAR",
SOUL 2013,BARRA TECHO RH,Barra Techo,Derecha,DISPONIBLE,SANTIAGO,35000,30000,,,
SOUL 2013,BASE DE BATERÍA,Base De Batería,,VENDIDO,SANTIAGO,15000,10000,,,
SOUL 2013,BASE DE SOPORTE,Base De Soporte,,DISPONIBLE,SANTIAGO,25000,20000,,,
SOUL 2013,BASE DE TERMOSTATO,Base De Termostato,,DISPONIBLE,SANTIAGO,,,,,
SOUL 2013,BCM,Bcm,,DISPONIBLE,SANTIAGO,,,,,
SOUL 2013,BISAGRA CAPOT LH,Bisagra Capot,Izquierda,DISPONIBLE,REQUINOA,35000,30000,,,
SOUL 2013,BISAGRA CAPOT RH,Bisagra Capot,Derecha,DISPONIBLE,REQUINOA,35000,30000,,,
SOUL 2013,BISEL DE SINÓPTICO,Bisel De Sinóptico,,DISPONIBLE,SANTIAGO,,,,,
SOUL 2013,BISEL RADIO,Bisel Radio,,DISPONIBLE,SANTIAGO,,,,,
SOUL 2013,BISEL RADIO Y CONTROL DE AIRE,Bisel Radio Y Control De Aire,,DISPONIBLE,SANTIAGO,,,,ESCRITO ASÍ EN INVENTARIO (REVISAR),Revisar
SOUL 2013,BOMBA DE BENCINA,Bomba De Bencina,,DISPONIBLE,SANTIAGO,90000,80000,,,
SOUL 2013,BOMBA DE FRENO Y DEPÓSITO,Bomba De Freno Y Depósito,,VENDIDO,SANTIAGO,,,,,
SOUL 2013,BOTÓN DE ALZAVIDRIOS DELANTERO RH,Botón De Alzavidrios Delantero,Delantera Derecha,DISPONIBLE,SANTIAGO,,,,,
SOUL 2013,BOTÓN DE ALZAVIDRIOS TRASERO LH,Botón De Alzavidrios Trasero,Trasera Izquierda,VENDIDO,SANTIAGO,,,,,
SOUL 2013,BOTÓN DE ALZAVIDRIOS TRASERO RH,Botón De Alzavidrios Trasero,Trasera Derecha,DISPONIBLE,SANTIAGO,,,,,
SOUL 2013,BOTONERA DE ALZAVIDRIOS DELANTERA LH,Botonera De Alzavidrios Delantera,Delantera Izquierda,VENDIDO,SANTIAGO,35000,30000,,,
SOUL 2013,BRAZO LIMPIAPARABRISAS LH,Brazo Limpiaparabrisas,Izquierda,DISPONIBLE,SANTIAGO,,,,,
SOUL 2013,BRAZO LIMPIAPARABRISAS RH,Brazo Limpiaparabrisas,Derecha,DISPONIBLE,SANTIAGO,,,,,
SOUL 2013,BRAZO LIMPIAPARABRISAS TRASERO,Brazo Limpiaparabrisas Trasero,Trasera,DISPONIBLE,SANTIAGO,25000,20000,,,
SOUL 2013,CAJA,Caja,,VENDIDO,SANTIAGO,600000,550000,,INCLUYE CONVERTIDOR,
SOUL 2013,CALIPER DELANTERO LH,Caliper Delantero,Delantera Izquierda,DISPONIBLE,SANTIAGO,,,,,
SOUL 2013,CALIPER DELANTERO RH,Caliper Delantero,Delantera Derecha,DISPONIBLE,SANTIAGO,,,,,
SOUL 2013,CAÑERÍA DE AGUA CHICA,Cañería De Agua Chica,,DISPONIBLE,SANTIAGO,,,,,
SOUL 2013,CAÑERÍA DE AGUA QUE RODEA EL MOTOR,Cañería De Agua Que Rodea El Motor,,DISPONIBLE,SANTIAGO,,,,,
SOUL 2013,CAÑERÍA FOTO IVÁN,Cañería Foto Iván,,DISPONIBLE,REQUINOA,35000,30000,,,
SOUL 2013,CAÑERÍAS DE AIRE ACONDOCIONADO,Cañerías De Aire Acondocionado,,NO DISPONIBLE,N/A,,,,,
SOUL 2013,CAPOT,Capot,,VENDIDO,SANTIAGO,70000,60000,,,
SOUL 2013,CATALÍTICO,Catalítico,,NO DISPONIBLE,SANTIAGO,,,,,
SOUL 2013,CHAPA DE CONTACTO SIN LLAVE,Chapa De Contacto Sin Llave,,DISPONIBLE,SANTIAGO,110000,100000,,,
SOUL 2013,CHAPA PUERTA DELANTERA LH,Chapa Puerta Delantera,Delantera Izquierda,DISPONIBLE,SANTIAGO,45000,40000,,,
SOUL 2013,CHAPA PUERTA DELANTERA RH,Chapa Puerta Delantera,Delantera Derecha,DISPONIBLE,SANTIAGO,45000,40000,,,
SOUL 2013,CHAPA PUERTA TRASERA (POTALÓN),Chapa Puerta Trasera (Potalón),Trasera,DISPONIBLE,SANTIAGO,30000,25000,,,
SOUL 2013,CHAPA PUERTA TRASERA LH,Chapa Puerta Trasera,Trasera Izquierda,DISPONIBLE,SANTIAGO,45000,40000,,revisar si esta,Revisar
SOUL 2013,CHAPA PUERTA TRASERA RH,Chapa Puerta Trasera,Trasera Derecha,DISPONIBLE,SANTIAGO,45000,40000,,,
SOUL 2013,CIGÜEÑAL,Cigüeñal,,DISPONIBLE,SANTIAGO,,,,,
SOUL 2013,CINTA DE AIRBAG,Cinta De Airbag,,VENDIDO,SANTIAGO,35000,30000,,,
SOUL 2013,CINTURÓN TRASERO LH,Cinturón Trasero,Trasera Izquierda,DISPONIBLE,SANTIAGO,,,,,
SOUL 2013,CINTURÓN TRASERO RH,Cinturón Trasero,Trasera Derecha,DISPONIBLE,SANTIAGO,,,,,
SOUL 2013,COLUMNA DE DIRECCIÓN SOUL,Columna De Dirección Soul,,VENDIDO,SANTIAGO,190000,180000,,,
SOUL 2013,COMPRESOR AIRE,Compresor Aire,,NO DISPONIBLE,REQUINOA,,,,MALO,
SOUL 2013,CONTROL DE CALEFACCIÓN,Control De Calefacción,,DISPONIBLE,SANTIAGO,50000,40000,,,
SOUL 2013,CONTROL ESPEJO,Control Espejo,,DISPONIBLE,SANTIAGO,,,,,
SOUL 2013,CORTE COSTADO TRASERO DERECHO,Corte Costado Trasero Derecho,Trasera,DISPONIBLE,REQUINOA,85000,80000,,,
SOUL 2013,CREMALLERA DE ALZAVIDRIO CON PANEL DELANTERA LH,Cremallera De Alzavidrio Con Panel Delantera,Delantera Izquierda,VENDIDO,SANTIAGO,50000,40000,,,
SOUL 2013,CREMALLERA DE ALZAVIDRIO CON PANEL DELANTERA RH,Cremallera De Alzavidrio Con Panel Delantera,Delantera Derecha,DISPONIBLE,SANTIAGO,50000,40000,,,
SOUL 2013,CREMALLERA DE ALZAVIDRIO CON PANEL TRASERA LH,Cremallera De Alzavidrio Con Panel Trasera,Trasera Izquierda,DISPONIBLE,SANTIAGO,50000,40000,,,
SOUL 2013,CREMALLERA DE ALZAVIDRIO CON PANEL TRASERA RH,Cremallera De Alzavidrio Con Panel Trasera,Trasera Derecha,DISPONIBLE,SANTIAGO,50000,40000,,,
SOUL 2013,CREMALLERA DE DIRECCIÓN,Cremallera De Dirección,,VENDIDO,SANTIAGO,85000,80000,,,
SOUL 2013,CUBRE EQUIPAJE,Cubre Equipaje,,NO DISPONIBLE,N/A,,,,,
SOUL 2013,CUBRE TORPEDO EXTERIOR,Cubre Torpedo Exterior,,DISPONIBLE,SANTIAGO,45000,40000,,,
SOUL 2013,CUERPO DE ACELERACIÓN,Cuerpo De Aceleración,,DISPONIBLE,SANTIAGO,90000,80000,,,
SOUL 2013,CULATA,Culata,,DISPONIBLE,SANTIAGO,165000,160000,,,
SOUL 2013,CUNA SOLA,Cuna Sola,,DISPONIBLE,SANTIAGO,80000,75000,,,
SOUL 2013,DAMPER,Damper,,DISPONIBLE,SANTIAGO,35000,30000,,,
SOUL 2013,DEPÓSITO LIMPIAPARABRISAS ,Depósito Limpiaparabrisas ,,NO DISPONIBLE,N/A,,,,,
SOUL 2013,DISCO DE FRENO DELANTERO LH,Disco De Freno Delantero,Delantera Izquierda,DISPONIBLE,SANTIAGO,15000,10000,,,
SOUL 2013,DISCO DE FRENO DELANTERO RH,Disco De Freno Delantero,Delantera Derecha,DISPONIBLE,SANTIAGO,15000,10000,,DA LO MISMO SON LADOS IGUALES,
SOUL 2013,ECU,Ecu,,DISPONIBLE,SANTIAGO,170000,160000,,,
SOUL 2013,EJE PALIER LH,Eje Palier,Izquierda,POR CONFIRMAR,SANTIAGO,75000,70000,,,
SOUL 2013,EJE PALIER RH,Eje Palier,Derecha,DISPONIBLE,SANTIAGO,85000,80000,,,
SOUL 2013,EJE TRASERO,Eje Trasero,Trasera,DISPONIBLE,SANTIAGO,,,,,
SOUL 2013,ENCENDEDOR DE CIGARROS ,Encendedor De Cigarros ,,DISPONIBLE,SANTIAGO,,,,,
SOUL 2013,ENGANCHE METÁLICO T PARA REMOLCAR,Enganche Metálico T Para Remolcar,,DISPONIBLE,SANTIAGO,,,,,
SOUL 2013,ESPEJO CENTRAL ,Espejo Central ,Central,DISPONIBLE,SANTIAGO,15000,10000,,,
SOUL 2013,ESPEJO LH CON DETALLE,Espejo Con Detalle,Izquierda,VENDIDO,SANTIAGO,35000,30000,,,Daños
SOUL 2013,ESPEJO RH,Espejo,Derecha,VENDIDO,SANTIAGO,70000,65000,,CON PATENTE MARCADA,
SOUL 2013,FOCO TRASERO LH,Foco Trasero,Trasera Izquierda,VENDIDO,SANTIAGO,50000,45000,,,
SOUL 2013,FOCO TRASERO RH,Foco Trasero,Trasera Derecha,VENDIDO,SANTIAGO,45000,45000,,,
SOUL 2013,FUNDA PARACHOQUE DELANTERO,Funda Parachoque Delantero,Delantera,NO DISPONIBLE,,,,,,Sin ubic
SOUL 2013,FUNDA PARACHOQUE TRASERO ,Funda Parachoque Trasero ,Trasera,VENDIDO,SANTIAGO,100000,90000,,CON DETALLE,
SOUL 2013,FUSILERA DELANTERA CON RAMAL,Fusilera Delantera Con Ramal,Delantera,VENDIDO,SANTIAGO,100000,90000,,,
SOUL 2013,FUSILERA INTERIOR ,Fusilera Interior ,,DISPONIBLE,REQUINOA,95000,85000,,,
SOUL 2013,GOMA DE CONTORNO DE PUERTA DELANTERA LH,Goma De Contorno De Puerta Delantera,Delantera Izquierda,DISPONIBLE,SANTIAGO,,,,,
SOUL 2013,GOMA DE CONTORNO DE PUERTA DELANTERA LH,Goma De Contorno De Puerta Delantera,Delantera Izquierda,DISPONIBLE,SANTIAGO,,,,,
SOUL 2013,GOMA DE CONTORNO DE PUERTA TRASERA LH,Goma De Contorno De Puerta Trasera,Trasera Izquierda,NO DISPONIBLE,N/A,,,,,
SOUL 2013,GOMA DE CONTORNO DE PUERTA TRASERA RH,Goma De Contorno De Puerta Trasera,Trasera Derecha,DISPONIBLE,SANTIAGO,,,,,
SOUL 2013,GUANTERA,Guantera,,DISPONIBLE,SANTIAGO,35000,30000,,,
SOUL 2013,GUARDAFANGO DELANTERO LH,Guardafango Delantero,Delantera Izquierda,NO DISPONIBLE,N/A,,,,,
SOUL 2013,GUARDAFANGO DELANTERO RH,Guardafango Delantero,Delantera Derecha,NO DISPONIBLE,N/A,,,,,
SOUL 2013,INTERRUPTOR DE ACEITE,Interruptor De Aceite,,NO DISPONIBLE,N/A,,,,,
SOUL 2013,"LETRAS TRASERAS ""SOUL""","Letras Traseras ""Soul""",Trasera,DISPONIBLE,SANTIAGO,15000,10000,,,
SOUL 2013,LLANTA Y RUEDA DE REPUESTO,Llanta Y Rueda De Repuesto,,DISPONIBLE,SANTIAGO,,,,,
SOUL 2013,LOGO VOLANTE ,Logo Volante ,,VENDIDO,SANTIAGO,10000,10000,,,
SOUL 2013,LUNETA TRASERA LH,Luneta Trasera,Trasera Izquierda,DISPONIBLE,REQUINOA,45000,40000,,,
SOUL 2013,LUNETA TRASERA RH (PATENTE MARCADA),Luneta Trasera (Patente Marcada),Trasera Derecha,DISPONIBLE,SANTIAGO,45000,40000,,VIDRIO ATRÁS DE LA PUERTA TRASERA,
SOUL 2013,LUZ TECHO,Luz Techo,,DISPONIBLE,SANTIAGO,,,,,
SOUL 2013,MANGUERA DE BENCINA ,Manguera De Bencina ,,DISPONIBLE,SANTIAGO,,,,,
SOUL 2013,MANGUERA PORTA FILTRO,Manguera Porta Filtro,,DISPONIBLE,SANTIAGO,45000,40000,,,
SOUL 2013,MANILLA DE TECHO DELANTERA RH,Manilla De Techo Delantera,Delantera Derecha,DISPONIBLE,SANTIAGO,,,,,
SOUL 2013,MANILLA DE TECHO TRASERA LH,Manilla De Techo Trasera,Trasera Izquierda,DISPONIBLE,SANTIAGO,,,,,
SOUL 2013,MANILLA DE TECHO TRASERA RH,Manilla De Techo Trasera,Trasera Derecha,DISPONIBLE,SANTIAGO,,,,,
SOUL 2013,MANILLA EXTERIOR DELANTERA LH,Manilla Exterior Delantera,Delantera Izquierda,DISPONIBLE,SANTIAGO,,,,,
SOUL 2013,MANILLA EXTERIOR DELANTERA RH,Manilla Exterior Delantera,Delantera Derecha,DISPONIBLE,SANTIAGO,,,,,
SOUL 2013,MANILLA EXTERIOR TRASERA LH,Manilla Exterior Trasera,Trasera Izquierda,DISPONIBLE,SANTIAGO,,,,,
SOUL 2013,MANILLA EXTERIOR TRASERA RH,Manilla Exterior Trasera,Trasera Derecha,DISPONIBLE,SANTIAGO,,,,,
SOUL 2013,MANILLA INTERIOR TRASERA RH,Manilla Interior Trasera,Trasera Derecha,DISPONIBLE,SANTIAGO,,,,,
SOUL 2013,MÉNSULA DELANTERA LH,Ménsula Delantera,Delantera Izquierda,NO DISPONIBLE,SANTIAGO,,,,,
SOUL 2013,MÉNSULA DELANTERA RH,Ménsula Delantera,Delantera Derecha,VENDIDO,SANTIAGO,13000,10000,,,
SOUL 2013,MÉNSULA TRASERA LH,Ménsula Trasera,Trasera Izquierda,DISPONIBLE,SANTIAGO,15000,10000,,,
SOUL 2013,MÉNSULA TRASERA RH,Ménsula Trasera,Trasera Derecha,DISPONIBLE,SANTIAGO,15000,10000,,,
SOUL 2013,mica,Mica,,NO DISPONIBLE,,,,,,Sin ubic
SOUL 2013,MÓDULO ABS,Módulo Abs,,VENDIDO,SANTIAGO,100000,90000,,,
SOUL 2013,MOLDURA DE TAPABARRO LH,Moldura De Tapabarro,Izquierda,VENDIDO,SANTIAGO,10000,10000,,,
SOUL 2013,MOLDURA DE TAPABARRO RH,Moldura De Tapabarro,Derecha,VENDIDO,SANTIAGO,10000,10000,,,
SOUL 2013,módulo dirección ,Módulo Dirección ,,VENDIDO,,,,,,Sin ubic
SOUL 2013,MOLDURA PILAR DELANTERO LH (PARABRISAS),Moldura Pilar Delantero (Parabrisas),Delantera Izquierda,DISPONIBLE,SANTIAGO,25000,20000,,EXTERIOR,
SOUL 2013,MOLDURA PILAR DELANTERO RH (PARABRISAS),Moldura Pilar Delantero (Parabrisas),Delantera Derecha,VENDIDO,SANTIAGO,15000,15000,,EXTERIOR,
SOUL 2013,MOLDURA PUERTA DELANTERA LH,Moldura Puerta Delantera,Delantera Izquierda,VENDIDO,SANTIAGO,35000,30000,,,
SOUL 2013,MOLDURA PUERTA DELANTERA RH,Moldura Puerta Delantera,Delantera Derecha,VENDIDO,SANTIAGO,35000,30000,,,
SOUL 2013,MOLDURA PUERTA TRASERA LH,Moldura Puerta Trasera,Trasera Izquierda,DISPONIBLE,SANTIAGO,30000,25000,,,
SOUL 2013,MOLDURA PUERTA TRASERA RH,Moldura Puerta Trasera,Trasera Derecha,VENDIDO,SANTIAGO,10000,10000,,CON DETALLE,
SOUL 2013,MOLDURA TRIÁNGULO DELANTERO LH,Moldura Triángulo Delantero,Delantera Izquierda,DISPONIBLE,SANTIAGO,,,,REVISAR CUALES SON,Revisar
SOUL 2013,MOLDURA TRIÁNGULO DELANTERO RH,Moldura Triángulo Delantero,Delantera Derecha,DISPONIBLE,SANTIAGO,,,,REVISAR CUALES SON,Revisar
SOUL 2013,MOTOR,Motor,,NO DISPONIBLE,,,,,MALO,Sin ubic
SOUL 2013,MOTOR DE CALEFACCIÓN,Motor De Calefacción,,DISPONIBLE,SANTIAGO,,,,,
SOUL 2013,MOTOR DE PARTIDA,Motor De Partida,,DISPONIBLE,SANTIAGO,70000,65000,,,
SOUL 2013,MOTOR LIMPIAPARABRISAS CON VARILLAJE,Motor Limpiaparabrisas Con Varillaje,,DISPONIBLE,SANTIAGO,85000,80000,,,
SOUL 2013,MÚLTIPLE DE ESCAPE CON CATALÍTICO,Múltiple De Escape Con Catalítico,,NO DISPONIBLE,SANTIAGO,,,,,
SOUL 2013,MUÑÓN DELANTERO LH (VIENE CON LA MAZA),Muñón Delantero (Viene Con La Maza),Delantera Izquierda,DISPONIBLE,SANTIAGO,55000,50000,,,
SOUL 2013,MUÑÓN DELANTERO RH (VIENE CON LA MAZA),Muñón Delantero (Viene Con La Maza),Delantera Derecha,VENDIDO,SANTIAGO,55000,50000,,,
SOUL 2013,NEBLINERO O REFLECTANTE TRASERO RH,Neblinero O Reflectante Trasero,Trasera Derecha,VENDIDO,SANTIAGO,,,,,
SOUL 2013,ÓPTICO LH,Óptico,Izquierda,VENDIDO,SANTIAGO,65000,60000,,PATAS ROTAS PERO ESTÁN,
SOUL 2013,ÓPTICO RH,Óptico,Derecha,VENDIDO,SANTIAGO,65000,60000,,PATAS CORTADAS,
SOUL 2013,PALANCA DE CAMBIOS,Palanca De Cambios,,DISPONIBLE,SANTIAGO,65000,60000,,,
SOUL 2013,PALANCA DE FRENO DE MANOS,Palanca De Freno De Manos,,DISPONIBLE,SANTIAGO,,,,,
SOUL 2013,PARASOL LH,Parasol,Izquierda,DISPONIBLE,SANTIAGO,20000,15000,,,
SOUL 2013,PARASOL RH,Parasol,Derecha,DISPONIBLE,SANTIAGO,20000,15000,,,
SOUL 2013,PARLANTE PUERTA,Parlante Puerta,,VENDIDO,SANTIAGO,,,,,
SOUL 2013,PEDAL DE FRENO,Pedal De Freno,,DISPONIBLE,SANTIAGO,,,,,
SOUL 2013,PIOLA DE CAPOT,Piola De Capot,,DISPONIBLE,SANTIAGO,,,,,
SOUL 2013,PIOLA PALANCA DE CAMBIO,Piola Palanca De Cambio,,DISPONIBLE,SANTIAGO,95000,90000,,,
SOUL 2013,PISTONES (JUEGO),Pistones (Juego),,DISPONIBLE,SANTIAGO,,,,,Múltiples
SOUL 2013,PORTA FILTRO SOUL,Porta Filtro Soul,,NO DISPONIBLE,REQUINOA,,,,MALO,
SOUL 2013,PORTALÓN SOLO LATA,Portalón Solo Lata,,VENDIDO,SANTIAGO,110000,100000,,INCLUYE VIDRIO,
SOUL 2013,PUERTA DELANTERA LH SOLO LATA,Puerta Delantera Solo Lata,Delantera Izquierda,VENDIDO,SANTIAGO,70000,65000,,,
SOUL 2013,PUERTA DELANTERA RH SOLO LATA,Puerta Delantera Solo Lata,Delantera Derecha,DISPONIBLE,SANTIAGO,55000,50000,,CON DETALLE,
SOUL 2013,PUERTA TRASERA LH SOLO LATA,Puerta Trasera Solo Lata,Trasera Izquierda,DISPONIBLE,SANTIAGO,75000,70000,,,
SOUL 2013,PUERTA TRASERA RH SOLO LATA,Puerta Trasera Solo Lata,Trasera Derecha,NO DISPONIBLE,REQUINOA,,,,,
SOUL 2013,RADIADOR DE CALEFACCIÓN,Radiador De Calefacción,,DISPONIBLE,SANTIAGO,40000,35000,,,
SOUL 2013,RADIO,Radio,,DISPONIBLE,SANTIAGO,35000,30000,,,
SOUL 2013,REFUERZO PARACHOQUE TRASERO,Refuerzo Parachoque Trasero,Trasera,VENDIDO,SANTIAGO,70000,60000,,,
SOUL 2013,REJILLA INTERIOR DE TABLERO LH,Rejilla Interior De Tablero,Izquierda,DISPONIBLE,SANTIAGO,15000,10000,,,
SOUL 2013,REJILLA INTERIOR DE TABLERO RH,Rejilla Interior De Tablero,Derecha,DISPONIBLE,SANTIAGO,15000,10000,,,
SOUL 2013,REJILLAS INTERIORES CENTRALES,Rejillas Interiores Centrales,Central,DISPONIBLE,SANTIAGO,20000,15000,,,
SOUL 2013,RESISTENCIA DE CALEFACCIÓN,Resistencia De Calefacción,,DISPONIBLE,SANTIAGO,,,,,
SOUL 2013,SENSOR ABS TRASERO LH,Sensor Abs Trasero,Trasera Izquierda,DISPONIBLE,SANTIAGO,,,,,
SOUL 2013,SENSOR ABS TRASERO RH,Sensor Abs Trasero,Trasera Derecha,DISPONIBLE,SANTIAGO,,,,,
SOUL 2013,SENSOR DE OXÍGENO BANCO 1,Sensor De Oxígeno Banco 1,,DISPONIBLE,SANTIAGO,,,,,
SOUL 2013,SENSORES DE ESTACIONAMIENTOS TRASEROS,Sensores De Estacionamientos Traseros,Trasera,DISPONIBLE,SANTIAGO,,,,,
SOUL 2013,SERVOFRENO ,Servofreno ,,DISPONIBLE,SANTIAGO,,,,,
SOUL 2013,SINÓPTICO,Sinóptico,,VENDIDO,SANTIAGO,65000,60000,,,
SOUL 2013,SISTEMA DE FRENO TRASERO LH,Sistema De Freno Trasero,Trasera Izquierda,DISPONIBLE,SANTIAGO,25000,20000,,SIN TAMBOR,
SOUL 2013,SISTEMA DE FRENO TRASERO RH,Sistema De Freno Trasero,Trasera Derecha,VENDIDO,SANTIAGO,25000,20000,,SIN TAMBOR,
SOUL 2013,SOPORTE DE MOTOR O CAJA LH,Soporte De Motor O Caja,Izquierda,DISPONIBLE,SANTIAGO,30000,25000,,,
SOUL 2013,SOPORTE DE MOTOR RH,Soporte De Motor,Derecha,DISPONIBLE,SANTIAGO,25000,20000,,,
SOUL 2013,TAPA DE BENCINA EXTERIOR,Tapa De Bencina Exterior,,DISPONIBLE,SANTIAGO,,,,,
SOUL 2013,TAPA DE BENCINA INTERIOR,Tapa De Bencina Interior,,DISPONIBLE,SANTIAGO,,,,,
SOUL 2013,TAPABARRO LH,Tapabarro,Izquierda,VENDIDO,SANTIAGO,45000,40000,,,
SOUL 2013,TAPABARRO RH,Tapabarro,Derecha,NO DISPONIBLE,SANTIAGO,,,,,
SOUL 2013,TAPIZ DE PUERTA DELANTERA LH,Tapiz De Puerta Delantera,Delantera Izquierda,DISPONIBLE,SANTIAGO,,,,,
SOUL 2013,TAPIZ DE PUERTA DELANTERA RH,Tapiz De Puerta Delantera,Delantera Derecha,DISPONIBLE,SANTIAGO,,,,,
SOUL 2013,TAPIZ DE PUERTA TRASERA LH,Tapiz De Puerta Trasera,Trasera Izquierda,DISPONIBLE,SANTIAGO,,,,,
SOUL 2013,TAPIZ DE PUERTA TRASERA RH,Tapiz De Puerta Trasera,Trasera Derecha,DISPONIBLE,SANTIAGO,,,,,
SOUL 2013,TAPÍZ PORTALÓN ,Tapíz Portalón ,,DISPONIBLE,SANTIAGO,,,,,
SOUL 2013,TELECOMANDO,Telecomando,,DISPONIBLE,SANTIAGO,55000,50000,,,
SOUL 2013,TOMA DE FRONTAL PORTA FILTRO,Toma De Frontal Porta Filtro,,VENDIDO,SANTIAGO,25000,20000,,,
SOUL 2013,VACÍO DE PORTA FILTRO,Vacío De Porta Filtro,,DISPONIBLE,SANTIAGO,20000,15000,,,
SOUL 2013,VARILLA CAPOT,Varilla Capot,,DISPONIBLE,SANTIAGO,,,,,
SOUL 2013,VIDRIO PUERTA DELANTERA LH,Vidrio Puerta Delantera,Delantera Izquierda,NO DISPONIBLE,SANTIAGO,,,,,
SOUL 2013,VIDRIO PUERTA DELANTERA RH ,Vidrio Puerta Delantera ,Delantera Derecha,DISPONIBLE,SANTIAGO,,,,,
SOUL 2013,VIDRIO PUERTA TRASERA LH,Vidrio Puerta Trasera,Trasera Izquierda,DISPONIBLE,SANTIAGO,40000,35000,,,
SOUL 2013,VIDRIO PUERTA TRASERA RH,Vidrio Puerta Trasera,Trasera Derecha,DISPONIBLE,SANTIAGO,,,,,
SOUL 2013,VOLANTE (MANUBRIO),Volante (Manubrio),,DISPONIBLE,SANTIAGO,,,,,
SOUL 2013,NEBLINERO O REFLECTANTE TRASERO LH,Neblinero O Reflectante Trasero,Trasera Izquierda,NO DISPONIBLE,SANTIAGO,,,,,
TIIDA 2014,ALTERNADOR,Alternador,,DISPONIBLE,OK,65000,60000,,,
TIIDA 2014,AMORTIGUADOR DELANTERO RH,Amortiguador Delantero,Delantera Derecha,DISPONIBLE,OK,,,,,
TIIDA 2014,AMORTIGUADOR TRASERO LH,Amortiguador Trasero,Trasera Izquierda,NO DISPONIBLE,OK,,,,MALO,
TIIDA 2014,AMORTIGUADOR TRASERO RH,Amortiguador Trasero,Trasera Derecha,NO DISPONIBLE,OK,,,,MALO,
TIIDA 2014,ASIENTO DELANTERO LH,Asiento Delantero,Delantera Izquierda,DISPONIBLE,OK,20000,20000,,,
TIIDA 2014,ASIENTO DELANTERO RH,Asiento Delantero,Delantera Derecha,VENDIDO,OK,,,,,
TIIDA 2014,ASIENTOS TRASEROS,Asientos Traseros,Trasera,NO DISPONIBLE,OK,,,,,
TIIDA 2014,BANDEJA DELANTERA LH,Bandeja Delantera,Delantera Izquierda,DISPONIBLE,OK,,,,,
TIIDA 2014,BANDEJA DELANTERA RH,Bandeja Delantera,Delantera Derecha,NO DISPONIBLE,OK,,,,MALA,
TIIDA 2014,BCI,Bci,,DISPONIBLE,OK,,,,,
TIIDA 2014,BCM (SE VENDIÓ CON EL KIT DE ENCENDIDO),Bcm (Se Vendió Con El Kit De Encendido),,VENDIDO,OK,,,,,Múltiples
TIIDA 2014,BIELETA LH,Bieleta,Izquierda,DISPONIBLE,OK,,,,,
TIIDA 2014,BISAGRA INFERIOR PUERTA DELANTERA RH,Bisagra Inferior Puerta Delantera,Delantera Derecha,DISPONIBLE,OK,,,,,
TIIDA 2014,BISAGRA SUPERIOR PUERTA DELANTERA RH,Bisagra Superior Puerta Delantera,Delantera Derecha,DISPONIBLE,OK,,,,,
TIIDA 2014,BISAGRAS CAPOT LH Y RH,Bisagras Capot Y Rh,Izquierda,DISPONIBLE,OK,45000,40000,,,
TIIDA 2014,BOBINA 1,Bobina 1,,DISPONIBLE,OK,,,,,
TIIDA 2014,BOBINA 2,Bobina 2,,DISPONIBLE,OK,,,,,
TIIDA 2014,BOBINA 3,Bobina 3,,DISPONIBLE,OK,,,,,
TIIDA 2014,BOBINA 4,Bobina 4,,DISPONIBLE,OK,,,,,
TIIDA 2014,BOCINA,Bocina,,NO DISPONIBLE,OK,,,,,
TIIDA 2014,BOMBA DE FRENO,Bomba De Freno,,DISPONIBLE,OK,,,,,
TIIDA 2014,BOMBA DE PEDAL DE EMBRAGUE,Bomba De Pedal De Embrague,,DISPONIBLE,OK,,,,,
TIIDA 2014,BORNER POSITIVO,Borner Positivo,,VENDIDO,OK,25000,20000,,,
TIIDA 2014,BOTÓN DE ALZAVIDRIO DELANTERA RH,Botón De Alzavidrio Delantera,Delantera Derecha,NO DISPONIBLE,OK,,,,MALO,
TIIDA 2014,BOTÓN DE ALZAVIDRIO TRASERA LH,Botón De Alzavidrio Trasera,Trasera Izquierda,NO DISPONIBLE,OK,,,,MALO,
TIIDA 2014,BOTÓN DE ALZAVIDRIO TRASERA RH,Botón De Alzavidrio Trasera,Trasera Derecha,NO DISPONIBLE,OK,,,,MALO,
TIIDA 2014,BOTONERA DE ALZAVIDRIO DELANTERA LH,Botonera De Alzavidrio Delantera,Delantera Izquierda,VENDIDO,OK,,,,,
TIIDA 2014,BRAZO LIMPIAPARABRISAS LH,Brazo Limpiaparabrisas,Izquierda,DISPONIBLE,OK,,,,,
TIIDA 2014,BRAZO LIMPIAPARABRISAS RH,Brazo Limpiaparabrisas,Derecha,DISPONIBLE,OK,,,,,
TIIDA 2014,CAJA DE CAMBIOS,Caja De Cambios,,VENDIDO,OK,250000,230000,,,
TIIDA 2014,CAJETÍN,Cajetín,,DISPONIBLE,OK,,,,,
TIIDA 2014,CALIPER DELANTERO RH,Caliper Delantero,Delantera Derecha,DISPONIBLE,OK,,,,,
TIIDA 2014,CAPOT,Capot,,VENDIDO,OK,55000,50000,,"CON DETALLE, PEDIR FOTOS",Revisar
TIIDA 2014,CHAPA CAPOT,Chapa Capot,,VENDIDO,OK,,,,,
TIIDA 2014,CHAPA DE CONTACTO (SE VENDIÓ CON EL KIT DE ENCENDIDO),Chapa De Contacto (Se Vendió Con El Kit De Encendido),,VENDIDO,OK,,,,,Múltiples
TIIDA 2014,CHAPA EXTERIOR MALETA,Chapa Exterior Maleta,,DISPONIBLE,OK,,,,,
TIIDA 2014,CHAPA MALETA (DETALLE),Chapa Maleta (Detalle),,DISPONIBLE,OK,10000,10000,,ABRE SOLO CON LLAVE ( NO TIENE PARA ABRIR DESDE ADENTRO),
TIIDA 2014,CHAPA PUERTA DELANTERA LH,Chapa Puerta Delantera,Delantera Izquierda,VENDIDO,OK,25000,20000,,,
TIIDA 2014,CHAPA PUERTA DELANTERA RH,Chapa Puerta Delantera,Delantera Derecha,NO DISPONIBLE,OK,25000,20000,,,
TIIDA 2014,CHAPA PUERTA TRASERA LH,Chapa Puerta Trasera,Trasera Izquierda,DISPONIBLE,OK,25000,20000,,,
TIIDA 2014,CHAPA PUERTA TRASERA RH,Chapa Puerta Trasera,Trasera Derecha,DISPONIBLE,OK,25000,20000,,,
TIIDA 2014,COLUMNA DE DIRECCIÓN,Columna De Dirección,,VENDIDO,OK,120000,100000,,,
TIIDA 2014,COMPRESOR AIRE ACONDICIONADO,Compresor Aire Acondicionado,,DISPONIBLE,OK,,,,,
TIIDA 2014,CONTROL DE CALEFACCIÓN,Control De Calefacción,,DISPONIBLE,OK,,,,,
TIIDA 2014,CREMALLERA DE ALZAVIDRIOS DELANTERA LH,Cremallera De Alzavidrios Delantera,Delantera Izquierda,VENDIDO,OK,25000,20000,,,
TIIDA 2014,CREMALLERA DE ALZAVIDRIOS DELANTERA RH,Cremallera De Alzavidrios Delantera,Delantera Derecha,DISPONIBLE,OK,25000,20000,,,
TIIDA 2014,CREMALLERA DE ALZAVIDRIOS TRASERA RH,Cremallera De Alzavidrios Trasera,Trasera Derecha,DISPONIBLE,OK,25000,20000,,,
TIIDA 2014,CUBRE CHAPA,Cubre Chapa,,DISPONIBLE,OK,,,,,
TIIDA 2014,CUBRE TORPEDO EXTERIOR,Cubre Torpedo Exterior,,DISPONIBLE,OK,,,,,
TIIDA 2014,CUERPO DE ACELERACIÓN,Cuerpo De Aceleración,,VENDIDO,OK,,,,,
TIIDA 2014,CUNA,Cuna,,DISPONIBLE,OK,35000,30000,,,
TIIDA 2014,DEPÓSITO DE AGUA RADIADOR,Depósito De Agua Radiador,,DISPONIBLE,OK,10000,10000,,,
TIIDA 2014,DEPÓSITO LIMPIAPARABRISAS,Depósito Limpiaparabrisas,,DISPONIBLE,OK,20000,20000,,,
TIIDA 2014,DISCO DE FRENO DELANTERO LH,Disco De Freno Delantero,Delantera Izquierda,NO DISPONIBLE,OK,,,,,
TIIDA 2014,DISCO DE FRENO DELANTERO RH,Disco De Freno Delantero,Delantera Derecha,NO DISPONIBLE,OK,,,,,
TIIDA 2014,ECU (SE VENDIÓ CON EL KIT DE ENCENDIDO),Ecu (Se Vendió Con El Kit De Encendido),,VENDIDO,OK,,,,,Múltiples
TIIDA 2014,ELECTROVENTILADOR ,Electroventilador ,,DISPONIBLE,OK,25000,20000,,,
TIIDA 2014,ESPEJO CENTRAL,Espejo Central,Central,NO DISPONIBLE,OK,,,,MALO,
TIIDA 2014,ESPEJO LH,Espejo,Izquierda,DISPONIBLE,OK,25000,20000,,,
TIIDA 2014,ESPEJO RH C/DETALLE,Espejo C/Detalle,Derecha,VENDIDO,OK,20000,15000,,,
TIIDA 2014,ESPIRAL TRASERO LH,Espiral Trasero,Trasera Izquierda,DISPONIBLE,OK,,,,,
TIIDA 2014,ESPIRAL TRASERO RH,Espiral Trasero,Trasera Derecha,DISPONIBLE,OK,,,,,
TIIDA 2014,FOCO TRASERO LH CON DETALLE,Foco Trasero Con Detalle,Trasera Izquierda,DISPONIBLE,OK,,,,PEDIR FOTOS,Daños; Revisar
TIIDA 2014,FRONTAL INFERIOR CON DETALLE,Frontal Inferior Con Detalle,,DISPONIBLE,OK,25000,20000,,CON DETALLE,Daños
TIIDA 2014,FRONTAL SUPERIOR,Frontal Superior,,VENDIDO,OK,40000,35000,,,
TIIDA 2014,FUNDA DE PARACHOQUE DELANTERA,Funda De Parachoque Delantera,Delantera,NO DISPONIBLE,OK,,,,,
TIIDA 2014,FUNDA DE PARACHOQUE TRASERA ,Funda De Parachoque Trasera ,Trasera,VENDIDO,OK,,,,,
TIIDA 2014,GUANTERA,Guantera,,DISPONIBLE,OK,,,,,
TIIDA 2014,KIT DE EMBRAGUE (DISCO Y PRENSA),Kit De Embrague (Disco Y Prensa),,DISPONIBLE,OK,,,,,Múltiples
TIIDA 2014,KIT DE ENCENDIDO,Kit De Encendido,,VENDIDO,OK,,,,,Múltiples
TIIDA 2014,LLAVE (SE VENDIÓ CON EL KIT DE ENCENDIDO),Llave (Se Vendió Con El Kit De Encendido),,VENDIDO,OK,,,,,Múltiples
TIIDA 2014,LUZ INTERIOR TECHO,Luz Interior Techo,,DISPONIBLE,OK,,,,,
TIIDA 2014,MANILLA EXTERIOR DELANTERA LH,Manilla Exterior Delantera,Delantera Izquierda,NO DISPONIBLE,OK,,,,,
TIIDA 2014,MANILLA EXTERIOR DELANTERA RH,Manilla Exterior Delantera,Delantera Derecha,DISPONIBLE,OK,,,,,
TIIDA 2014,MANILLA EXTERIOR TRASERA LH,Manilla Exterior Trasera,Trasera Izquierda,DISPONIBLE,OK,,,,,
TIIDA 2014,MANILLA EXTERIOR TRASERA RH,Manilla Exterior Trasera,Trasera Derecha,DISPONIBLE,OK,,,,,
TIIDA 2014,MANILLA INTERIOR APERTURA DE BENCINA Y CAPOT,Manilla Interior Apertura De Bencina Y Capot,,DISPONIBLE,OK,,,,,
TIIDA 2014,MANILLA INTERIOR DELANTERA LH,Manilla Interior Delantera,Delantera Izquierda,DISPONIBLE,OK,,,,,
TIIDA 2014,MANILLA INTERIOR DELANTERA RH,Manilla Interior Delantera,Delantera Derecha,DISPONIBLE,OK,,,,,
TIIDA 2014,MANILLA INTERIOR TRASERA LH,Manilla Interior Trasera,Trasera Izquierda,DISPONIBLE,OK,,,,,
TIIDA 2014,MANILLA INTERIOR TRASERA RH,Manilla Interior Trasera,Trasera Derecha,DISPONIBLE,OK,,,,,
TIIDA 2014,MÁSCARA CON LOGO,Máscara Con Logo,,VENDIDO,OK,25000,20000,,,
TIIDA 2014,MAZA CON TAMBOR Y FRENO TRASERO LH,Maza Con Tambor Y Freno Trasero,Trasera Izquierda,DISPONIBLE,OK,,,,,
TIIDA 2014,MAZA CON TAMBOR Y FRENO TRASERO RH,Maza Con Tambor Y Freno Trasero,Trasera Derecha,DISPONIBLE,OK,,,,,
TIIDA 2014,MÓDULO ABS ,Módulo Abs ,,NO DISPONIBLE,OK,,,,NO TRAÍA ABS,
TIIDA 2014,MOLDURA DE TECHO DELANTERA LH,Moldura De Techo Delantera,Delantera Izquierda,DISPONIBLE,OK,,,,,
TIIDA 2014,MOLDURA DE TECHO DELANTERA RH,Moldura De Techo Delantera,Delantera Derecha,DISPONIBLE,OK,,,,,
TIIDA 2014,MOLDURA TRIÁNGULO PARABRISAS LH,Moldura Triángulo Parabrisas,Izquierda,NO DISPONIBLE,OK,,,,,
TIIDA 2014,MOLDURA TRIÁNGULO PARABRISAS RH,Moldura Triángulo Parabrisas,Derecha,NO DISPONIBLE,OK,,,,,
TIIDA 2014,MOTOR DE CALEFACCIÓN,Motor De Calefacción,,DISPONIBLE,OK,,,,,
TIIDA 2014,MOTOR DE PARTIDA,Motor De Partida,,DISPONIBLE,OK,45000,40000,,,
TIIDA 2014,MOTOR FACTURABLE,Motor Facturable,,VENDIDO,OK,650000,600000,,,
TIIDA 2014,MOTOR LIMPIAPARABRISAS CON VARILLAJE?,Motor Limpiaparabrisas Con Varillaje?,,DISPONIBLE,OK,,,,,
TIIDA 2014,MÚLTIPLE DE ADMISIÓN,Múltiple De Admisión,,DISPONIBLE,OK,,,,,
TIIDA 2014,MÚLTIPLE DE ESCAPE,Múltiple De Escape,,DISPONIBLE,OK,,,,,
TIIDA 2014,MUÑÓN DELANTERO LH,Muñón Delantero,Delantera Izquierda,DISPONIBLE,OK,,,,INCLUYE MAZA PERO SE VENDE EL MUÑON,
TIIDA 2014,MUÑON DELANTERO RH ,Muñón Delantero ,Delantera Derecha,DISPONIBLE,OK,,,,INCLUYE MAZA PERO SE VENDE EL MUÑON,MUÑON
TIIDA 2014,NEBLINERO 1,Neblinero 1,,DISPONIBLE,OK,,,,,
TIIDA 2014,NEBLINERO 2,Neblinero 2,,NO DISPONIBLE,OK,,,,,
TIIDA 2014,NEBLINERO DELANTERO LH,Neblinero Delantero,Delantera Izquierda,DISPONIBLE,OK,12000,10000,,,
TIIDA 2014,NEBLINERO DELANTERO RH,Neblinero Delantero,Delantera Derecha,DISPONIBLE,OK,12000,10000,,,
TIIDA 2014,ÓPTICO LH C/DETALLE,Óptico C/Detalle,Izquierda,DISPONIBLE,OK,20000,15000,,,
TIIDA 2014,ÓPTICO RH C/DETALLE,Óptico C/Detalle,Derecha,DISPONIBLE,OK,20000,15000,,,
TIIDA 2014,PALANCA DE CAMBIO CON PIOLA,Palanca De Cambio Con Piola,,DISPONIBLE,OK,55000,50000,,NO SE PUEDE SACAR,
TIIDA 2014,PALANCA DE FRENO DE MANOS,Palanca De Freno De Manos,,DISPONIBLE,OK,,,,,
TIIDA 2014,PARABRISAS,Parabrisas,,NO DISPONIBLE,,,,,,Sin ubic
TIIDA 2014,PARASOL LH,Parasol,Izquierda,DISPONIBLE,OK,25000,20000,,,
TIIDA 2014,PARASOL RH,Parasol,Derecha,DISPONIBLE,OK,25000,20000,,,
TIIDA 2014,PEDAL DE ACELERACIÓN,Pedal De Aceleración,,DISPONIBLE,OK,,,,,
TIIDA 2014,PEDAL DE EMBRAGUE,Pedal De Embrague,,DISPONIBLE,OK,,,,,
TIIDA 2014,PEDAL DE FRENO,Pedal De Freno,,DISPONIBLE,OK,,,,,
TIIDA 2014,PIOLA CHAPA CAPOT,Piola Chapa Capot,,VENDIDO,OK,,,,,
TIIDA 2014,PORTAFILTRO DE AIRE,Portafiltro De Aire,,DISPONIBLE,OK,,,,,
TIIDA 2014,PUERTA DELANTERA LH SOLO LATA,Puerta Delantera Solo Lata,Delantera Izquierda,DISPONIBLE,OK,65000,60000,,PRECIO ACTUALIZADO,
TIIDA 2014,PUERTA DELANTERA RH SOLO LATA,Puerta Delantera Solo Lata,Delantera Derecha,VENDIDO,OK,30000,30000,,PRECIO ACTUALIZADO,
TIIDA 2014,PUERTA TRASERA LH SOLO LATA,Puerta Trasera Solo Lata,Trasera Izquierda,DISPONIBLE,OK,35000,50000,,PRECIO ACTUALIZADO,
TIIDA 2014,PUERTA TRASERA RH SOLO LATA,Puerta Trasera Solo Lata,Trasera Derecha,DISPONIBLE,OK,35000,45000,,PRECIO ACTUALIZADO,
TIIDA 2014,RADIADOR AGUA,Radiador Agua,,DISPONIBLE,OK,,,,,
TIIDA 2014,RADIADOR AIRE ACONDICIONADO EXTERIOR (DELANTERO),Radiador Aire Acondicionado Exterior (Delantero),Delantera,NO DISPONIBLE,OK,,,,,
TIIDA 2014,RADIADOR DE AIRE ACONDICIONADO INTERIOR,Radiador De Aire Acondicionado Interior,,DISPONIBLE,OK,,,,,
TIIDA 2014,RADIADOR DE CALEFACCIÓN,Radiador De Calefacción,,DISPONIBLE,OK,,,,,
TIIDA 2014,RAMAL INTERIOR,Ramal Interior,,VENDIDO,OK,,,,,
TIIDA 2014,RAMAL MOTOR CON FUSILERA,Ramal Motor Con Fusilera,,DISPONIBLE,OK,50000,45000,,,
TIIDA 2014,REFUERZO DE PARACHOQUE DELANTERO (METÁLICO),Refuerzo De Parachoque Delantero (Metálico),Delantera,DISPONIBLE,OK,,,,,
TIIDA 2014,REFUERZO DE PARACHOQUE TRASERO,Refuerzo De Parachoque Trasero,Trasera,NO DISPONIBLE,,,,,,Sin ubic
TIIDA 2014,REFUERZO INFERIOR PLÁSTICO DELANTERO,Refuerzo Inferior Plástico Delantero,Delantera,DISPONIBLE,OK,,,,,
TIIDA 2014,REJILLA DE VENTILACIÓN CENTRAL CON HAZARD Y DISPENSADOR,Rejilla De Ventilación Central Con Hazard Y Dispensador,Central,DISPONIBLE,OK,,,,,
TIIDA 2014,RESISTENCIA DE CALEFACCIÓN,Resistencia De Calefacción,,DISPONIBLE,OK,,,,,
TIIDA 2014,RESISTENCIA ELECTROVENTILADOR,Resistencia Electroventilador,,DISPONIBLE,OK,,,,,
TIIDA 2014,RIEL DE BENCINA CON INYECTORES,Riel De Bencina Con Inyectores,,DISPONIBLE,OK,,,,,
TIIDA 2014,SENSOR DE OXÍGENO BANCO 1,Sensor De Oxígeno Banco 1,,DISPONIBLE,OK,,,,,
TIIDA 2014,SENSOR DE OXÍGENO BANCO 2,Sensor De Oxígeno Banco 2,,DISPONIBLE,OK,,,,,
TIIDA 2014,SENSOR MAF,Sensor Maf,,VENDIDO,OK,15000,10000,,,
TIIDA 2014,SERVO FRENO,Servo Freno,,VENDIDO,OK,25000,25000,,,
TIIDA 2014,SOPORTE CHAPA,Soporte Chapa,,DISPONIBLE,OK,,,,CUÁL?,Revisar
TIIDA 2014,SOPORTE DE CORREA DE ACCESORIOS CON TENSOR,Soporte De Correa De Accesorios Con Tensor,,VENDIDO,OK,,,,,
TIIDA 2014,SOPORTE DE MOTOR CENTRAL (CAJA),Soporte De Motor Central (Caja),Central,NO DISPONIBLE,OK,,,,,
TIIDA 2014,SOPORTE DE MOTOR LH (CAJA),Soporte De Motor (Caja),Izquierda,DISPONIBLE,OK,,,,,
TIIDA 2014,SOPORTE DE MOTOR RH,Soporte De Motor,Derecha,VENDIDO,OK,20000,20000,,,
TIIDA 2014,TAPA DE BENCINA EXTERIOR,Tapa De Bencina Exterior,,DISPONIBLE,OK,18000,15000,,,
TIIDA 2014,TAPA DE NEBLINERO LH (LADO PILOTO),Tapa De Neblinero (Lado Piloto),Izquierda,DISPONIBLE,OK,12000,10000,,,
TIIDA 2014,TAPA DE NEBLINERO RH,Tapa De Neblinero,Derecha,NO DISPONIBLE,OK,,,,,
TIIDA 2014,TAPABARRO DELANTERO LH CON DETALLE,Tapabarro Delantero Con Detalle,Delantera Izquierda,DISPONIBLE,OK,20000,15000,,CON DETALLE - PEDIR FOTOS,Daños; Revisar
TIIDA 2014,TAPABARRO DELANTERO RH CON DETALLES,Tapabarro Delantero Con Detalles,Delantera Derecha,VENDIDO,OK,20000,15000,,,
TIIDA 2014,TAPIZ TECHO,Tapiz Techo,,NO DISPONIBLE,OK,,,,,
TIIDA 2014,TELECOMANDO,Telecomando,,DISPONIBLE,OK,,,,,
TIIDA 2014,TERCERA LUZ DE FRENO,Tercera Luz De Freno,,DISPONIBLE,OK,,,,,
TIIDA 2014,TOMA DE AIRE PORTA FILTRO,Toma De Aire Porta Filtro,,DISPONIBLE,OK,,,,,
TIIDA 2014,TUBO CORRUGADO PORTA FILTRO,Tubo Corrugado Porta Filtro,,DISPONIBLE,OK,,,,,
TIIDA 2014,VÁLVULA EVAP,Válvula Evap,,DISPONIBLE,OK,15000,10000,,,
TIIDA 2014,VARILLA CAPOT CON ENGANCHES,Varilla Capot Con Enganches,,DISPONIBLE,OK,18000,15000,,,
TIIDA 2014,VIDRIO LUNETA DELANTERA LH,Vidrio Luneta Delantera,Delantera Izquierda,VENDIDO,OK,,,,,
TIIDA 2014,VIDRIO LUNETA DELANTERA RH,Vidrio Luneta Delantera,Delantera Derecha,DISPONIBLE,OK,,,,,
TIIDA 2014,VOLANTE (MANUBRIO),Volante (Manubrio),,NO DISPONIBLE,OK,,,,,
TIIDA 2014,VOLANTE DE INERCIA,Volante De Inercia,,DISPONIBLE,OK,,,,,
TIIGO 2019,ALERÓN,Alerón,,DISPONIBLE,SANTIAGO,35700,30000,,,
TIIGO 2019,ALTERNADOR,Alternador,,DISPONIBLE,SANTIAGO,80000,75000,,,
TIIGO 2019,AMORTIGUADOR DE PORTALÓN LH,Amortiguador De Portalón,Izquierda,DISPONIBLE,SANTIAGO,15000,10000,,,
TIIGO 2019,AMORTIGUADOR DE PORTALÓN RH,Amortiguador De Portalón,Derecha,DISPONIBLE,SANTIAGO,15000,10000,,,
TIIGO 2019,AMORTIGUADOR DELANTERO LH,Amortiguador Delantero,Delantera Izquierda,DISPONIBLE,SANTIAGO,50000,45000,,,
TIIGO 2019,AMORTIGUADOR DELANTERO RH,Amortiguador Delantero,Delantera Derecha,DISPONIBLE,SANTIAGO,50000,45000,,,
TIIGO 2019,AMORTIGUADOR TRASERO LH,Amortiguador Trasero,Trasera Izquierda,DISPONIBLE,SANTIAGO,30000,25000,,,
TIIGO 2019,AMORTIGUADOR TRASERO RH,Amortiguador Trasero,Trasera Derecha,DISPONIBLE,SANTIAGO,30000,25000,,,
TIIGO 2019,ASIENTO DELANTERO LH,Asiento Delantero,Delantera Izquierda,VENDIDO,SANTIAGO,20000,15000,,CON TAPIZ MALO,
TIIGO 2019,ASIENTO DELANTERO RH,Asiento Delantero,Delantera Derecha,VENDIDO,SANTIAGO,25000,20000,,CON TAPIZ MALO,
TIIGO 2019,BANDEJA DELANTERA LH,Bandeja Delantera,Delantera Izquierda,NO DISPONIBLE,N/A,,,,,
TIIGO 2019,BANDEJA DELANTERA RH,Bandeja Delantera,Delantera Derecha,NO DISPONIBLE,N/A,,,,,
TIIGO 2019,BARRA DE TECHO LH,Barra De Techo,Izquierda,DISPONIBLE,SANTIAGO,,,,,
TIIGO 2019,BARRA DE TECHO RH,Barra De Techo,Derecha,DISPONIBLE,SANTIAGO,,,,,
TIIGO 2019,BARRA ESTABILIZADORA CON 2 BIELETAS,Barra Estabilizadora Con 2 Bieletas,,DISPONIBLE,SANTIAGO,,,,,
TIIGO 2019,BASE COMPRESOR DE AIRE,Base Compresor De Aire,,DISPONIBLE,SANTIAGO,20000,15000,,,
TIIGO 2019,BASE DE ALTERNADOR,Base De Alternador,,DISPONIBLE,SANTIAGO,25000,20000,,,
TIIGO 2019,BASE DE BATERÍA,Base De Batería,,DISPONIBLE,SANTIAGO,15000,10000,,,
TIIGO 2019,BASE DE TERMOSTATO,Base De Termostato,,DISPONIBLE,SANTIAGO,95000,90000,,,
TIIGO 2019,BISAGRA DE CAPOT LH,Bisagra De Capot,Izquierda,DISPONIBLE,SANTIAGO,20000,15000,,,
TIIGO 2019,BISAGRA DE CAPOT RH,Bisagra De Capot,Derecha,DISPONIBLE,SANTIAGO,20000,15000,,,
TIIGO 2019,BISAGRA PUERTA DELANTERA LH INFERIOR,Bisagra Puerta Delantera Inferior,Delantera Izquierda,DISPONIBLE,SANTIAGO,,,,,
TIIGO 2019,BISAGRA PUERTA DELANTERA LH SUPERIOR,Bisagra Puerta Delantera Superior,Delantera Izquierda,DISPONIBLE,SANTIAGO,,,,,
TIIGO 2019,BISAGRA PUERTA DELANTERA RH INFERIOR,Bisagra Puerta Delantera Inferior,Delantera Derecha,DISPONIBLE,SANTIAGO,,,,,
TIIGO 2019,BISAGRA PUERTA DELANTERA RH SUPERIOR,Bisagra Puerta Delantera Superior,Delantera Derecha,DISPONIBLE,SANTIAGO,,,,,
TIIGO 2019,BISAGRA PUERTA TRASERA LH INFERIOR,Bisagra Puerta Trasera Inferior,Trasera Izquierda,DISPONIBLE,SANTIAGO,,,,,
TIIGO 2019,BISAGRA PUERTA TRASERA LH SUPERIOR,Bisagra Puerta Trasera Superior,Trasera Izquierda,DISPONIBLE,SANTIAGO,,,,,
TIIGO 2019,BISAGRA PUERTA TRASERA RH INFERIOR,Bisagra Puerta Trasera Inferior,Trasera Derecha,DISPONIBLE,SANTIAGO,,,,,
TIIGO 2019,BISAGRA PUERTA TRASERA RH SUPERIOR,Bisagra Puerta Trasera Superior,Trasera Derecha,DISPONIBLE,SANTIAGO,,,,,
TIIGO 2019,BISEL DE PORTALÓN (INCLUYE LOGO),Bisel De Portalón (Incluye Logo),,DISPONIBLE,SANTIAGO,35000,30000,,,
TIIGO 2019,BISEL DE SINÓPTICO,Bisel De Sinóptico,,DISPONIBLE,SANTIAGO,,,,,
TIIGO 2019,BOBINA 1,Bobina 1,,VENDIDO,SANTIAGO,25000,20000,,,
TIIGO 2019,BOBINA 2,Bobina 2,,VENDIDO,SANTIAGO,25000,20000,,,
TIIGO 2019,BOBINA 3,Bobina 3,,DISPONIBLE,SANTIAGO,25000,20000,,,
TIIGO 2019,BOBINA 4,Bobina 4,,DISPONIBLE,SANTIAGO,25000,20000,,,
TIIGO 2019,BOMBA DE BENCINA,Bomba De Bencina,,DISPONIBLE,SANTIAGO,75000,70000,,,
TIIGO 2019,BOMBA DE EMBRAGUE DE CAJA,Bomba De Embrague De Caja,,DISPONIBLE,SANTIAGO,,,,,
TIIGO 2019,BOMBA DE FRENOS,Bomba De Frenos,,DISPONIBLE,SANTIAGO,35700,30000,,,
TIIGO 2019,BOMBA DE PEDAL DE EMBRAGUE,Bomba De Pedal De Embrague,,DISPONIBLE,SANTIAGO,25000,20000,,HAY 2,
TIIGO 2019,BOMBA DE PEDAL DE EMBRAGUE,Bomba De Pedal De Embrague,,DISPONIBLE,SANTIAGO,25000,20000,,HAY 2,
TIIGO 2019,BOMBA HIDRÁULICA,Bomba Hidráulica,,VENDIDO,SANTIAGO,55000,50000,,,
TIIGO 2019,BOMBA HIDRÁULICA,Bomba Hidráulica,,DISPONIBLE,SANTIAGO,,,,,
TIIGO 2019,BOTÓN DE ALZAVIDRIO DELANTERA RH,Botón De Alzavidrio Delantera,Delantera Derecha,DISPONIBLE,SANTIAGO,15000,10000,,,
TIIGO 2019,BOTÓN DE ALZAVIDRIO TRASERO LH,Botón De Alzavidrio Trasero,Trasera Izquierda,DISPONIBLE,SANTIAGO,15000,10000,,,
TIIGO 2019,BOTÓN DE ALZAVIDRIO TRASERO RH,Botón De Alzavidrio Trasero,Trasera Derecha,DISPONIBLE,SANTIAGO,15000,10000,,,
TIIGO 2019,BOTONERA DE ALZAVIDRIO DELANTERA LH,Botonera De Alzavidrio Delantera,Delantera Izquierda,DISPONIBLE,SANTIAGO,40000,35000,,,
TIIGO 2019,BRAZO LIMPIAPARBRISAS TRASERO (PORTALÓN),Brazo Limpiaparbrisas Trasero (Portalón),Trasera,VENDIDO,SANTIAGO,15000,10000,,,
TIIGO 2019,BRAZO PLUMILLA DELANTERA LH,Brazo Plumilla Delantera,Delantera Izquierda,DISPONIBLE,SANTIAGO,20000,15000,,,
TIIGO 2019,BRAZO PLUMILLA DELANTERA RH,Brazo Plumilla Delantera,Delantera Derecha,DISPONIBLE,SANTIAGO,20000,15000,,,
TIIGO 2019,BUJE 1,Buje 1,,DISPONIBLE,,15000,10000,,,Sin ubic
TIIGO 2019,BUJE 2,Buje 2,,DISPONIBLE,,15000,10000,,,Sin ubic
TIIGO 2019,CAJA,Caja,,VENDIDO,SANTIAGO,390000,350000,,,
TIIGO 2019,CALIPER DELANTERO LH,Caliper Delantero,Delantera Izquierda,DISPONIBLE,SANTIAGO,30000,25000,,,
TIIGO 2019,CALIPER DELANTERO RH,Caliper Delantero,Delantera Derecha,DISPONIBLE,SANTIAGO,30000,25000,,,
TIIGO 2019,CALIPER TRASERO LH ,Caliper Trasero ,Trasera Izquierda,DISPONIBLE,SANTIAGO,30000,25000,,,
TIIGO 2019,CALIPER TRASERO RH,Caliper Trasero,Trasera Derecha,DISPONIBLE,SANTIAGO,30000,25000,,,
TIIGO 2019,CÁMARA DE RETROCESO,Cámara De Retroceso,,VENDIDO,SANTIAGO,15000,15000,,,
TIIGO 2019,CANISTER,Canister,,DISPONIBLE,SANTIAGO,30000,25000,,,
TIIGO 2019,CAÑERÍA DE ANTICONGELANTE MOTOR,Cañería De Anticongelante Motor,,VENDIDO,SANTIAGO,,,,,
TIIGO 2019,CAÑERIA DE BOMBA DE EMBREAGUE,Cañeria De Bomba De Embreague,,VENDIDO,SANTIAGO,25000,20000,,,
TIIGO 2019,CAÑERÍA DE COMPRESOR AIRE,Cañería De Compresor Aire,,DISPONIBLE,SANTIAGO,,,,,
TIIGO 2019,CAÑERÍA HIDRÁULICA,Cañería Hidráulica,,DISPONIBLE,SANTIAGO,,,,,
TIIGO 2019,CAÑERIAS DE AIRE ACONDICIONADO (2),Cañerias De Aire Acondicionado (2),,DISPONIBLE,SANTIAGO,53550,45000,,,
TIIGO 2019,CAPOT,Capot,,VENDIDO,SANTIAGO,155000,150000,,,
TIIGO 2019,CATALÍTICO ,Catalítico ,,NO DISPONIBLE,SANTIAGO,70000,60000,,,
TIIGO 2019,CHAPA CAPOT ,Chapa Capot ,,DISPONIBLE,SANTIAGO,20000,15000,,,
TIIGO 2019,CHAPA DE CONTACTO,Chapa De Contacto,,POR CONFIRMAR,SANTIAGO,50000,45000,,SOLA,
TIIGO 2019,CHAPA DE SEGURIDAD CAPOT,Chapa De Seguridad Capot,,DISPONIBLE,SANTIAGO,15000,10000,,,
TIIGO 2019,CHAPA PORTALÓN,Chapa Portalón,,DISPONIBLE,SANTIAGO,30000,25000,,,
TIIGO 2019,CHAPA PUERTA DELANTERA LH,Chapa Puerta Delantera,Delantera Izquierda,DISPONIBLE,SANTIAGO,35000,30000,,,
TIIGO 2019,CHAPA PUERTA DELANTERA RH,Chapa Puerta Delantera,Delantera Derecha,DISPONIBLE,SANTIAGO,35000,30000,,,
TIIGO 2019,CHAPA PUERTA TRASERA LH,Chapa Puerta Trasera,Trasera Izquierda,DISPONIBLE,SANTIAGO,35000,30000,,,
TIIGO 2019,CHAPA PUERTA TRASERA RH,Chapa Puerta Trasera,Trasera Derecha,VENDIDO,SANTIAGO,35000,30000,,,
TIIGO 2019,CIGUEÑAL,Cigueñal,,DISPONIBLE,,90000,80000,,,Sin ubic
TIIGO 2019,CINTA DE AIRBAG,Cinta De Airbag,,DISPONIBLE,SANTIAGO,25000,20000,,,
TIIGO 2019,COFIA,Cofia,,DISPONIBLE,SANTIAGO,,,,,
TIIGO 2019,COLUMNA DE DIRECCIÓN,Columna De Dirección,,DISPONIBLE,SANTIAGO,35000,30000,,,
TIIGO 2019,COMPRESOR DE AIRE,Compresor De Aire,,DISPONIBLE,SANTIAGO,90000,80000,,,
TIIGO 2019,CREMALLERA DE ALZAVIDRIO DELANTERA LH,Cremallera De Alzavidrio Delantera,Delantera Izquierda,DISPONIBLE,SANTIAGO,35000,30000,,,
TIIGO 2019,CREMALLERA DE ALZAVIDRIO DELANTERA RH,Cremallera De Alzavidrio Delantera,Delantera Derecha,DISPONIBLE,SANTIAGO,35000,30000,,,
TIIGO 2019,CREMALLERA DE ALZAVIDRIO TRASERA LH,Cremallera De Alzavidrio Trasera,Trasera Izquierda,VENDIDO,SANTIAGO,35000,30000,,,
TIIGO 2019,CREMALLERA DE ALZAVIDRIO TRASERA RH,Cremallera De Alzavidrio Trasera,Trasera Derecha,DISPONIBLE,SANTIAGO,35000,30000,,,
TIIGO 2019,CREMALLERA DE DIRECCIÓN,Cremallera De Dirección,,NO DISPONIBLE,SANTIAGO,90000,80000,,,
TIIGO 2019,CUARTO DE POLLO DELANTERO LH,Cuarto De Pollo Delantero,Delantera Izquierda,DISPONIBLE,REQUINOA,80000,70000,,,
TIIGO 2019,CUARTO DE POLLO DELANTERO RH,Cuarto De Pollo Delantero,Delantera Derecha,DISPONIBLE,REQUINOA,80000,70000,,,
TIIGO 2019,CUBRE EQUIPAJE,Cubre Equipaje,,VENDIDO,SANTIAGO,15000,15000,,,
TIIGO 2019,CUBRE MOTOR SUPERIOR,Cubre Motor Superior,,DISPONIBLE,SANTIAGO,35000,30000,,,
TIIGO 2019,CUBRE RUEDA DE REPUESTO,Cubre Rueda De Repuesto,,DISPONIBLE,SANTIAGO,15000,10000,,,
TIIGO 2019,CUBRE TORPEDO EXTERIOR,Cubre Torpedo Exterior,,DISPONIBLE,SANTIAGO,30000,25000,,,
TIIGO 2019,CUBRE ZÓCALO LH,Cubre Zócalo,Izquierda,DISPONIBLE,SANTIAGO,35000,30000,,POR CONFIRMAR,
TIIGO 2019,CUBRE ZÓCALO RH,Cubre Zócalo,Derecha,DISPONIBLE,SANTIAGO,35000,30000,,,
TIIGO 2019,CUERPO DE ACELERACIÓN,Cuerpo De Aceleración,,DISPONIBLE,SANTIAGO,75000,70000,,,
TIIGO 2019,CUNA DELANTERA,Cuna Delantera,Delantera,VENDIDO,SANTIAGO,80000,80000,,,
TIIGO 2019,DEPÓSITO DE AGUA RADIADOR,Depósito De Agua Radiador,,VENDIDO,SANTIAGO,25000,20000,,DE LÍQUIDO REFRIGERANTE,
TIIGO 2019,DEPÓSITO DE LÍQUIDO HIDRÁULICO,Depósito De Líquido Hidráulico,,VENDIDO,SANTIAGO,15000,10000,,,
TIIGO 2019,DEPÓSITO LIMPIAPARABRISAS,Depósito Limpiaparabrisas,,DISPONIBLE,SANTIAGO,25000,20000,,,
TIIGO 2019,DEPOSITO LIQUIDO DE FRENOS,Deposito Liquido De Frenos,,DISPONIBLE,SANTIAGO,20000,15000,,,
TIIGO 2019,DIFUSOR DELANTERO,Difusor Delantero,Delantera,VENDIDO,SANTIAGO,,,,,
TIIGO 2019,DIFUSOR TRASERO,Difusor Trasero,Trasera,VENDIDO,SANTIAGO,,,,,
TIIGO 2019,DISCO DE FRENO DELANTERO LH,Disco De Freno Delantero,Delantera Izquierda,DISPONIBLE,SANTIAGO,20000,15000,,,
TIIGO 2019,DISCO DE FRENO DELANTERO RH,Disco De Freno Delantero,Delantera Derecha,DISPONIBLE,SANTIAGO,20000,15000,,,
TIIGO 2019,DISCO DE FRENO TRASERO LH,Disco De Freno Trasero,Trasera Izquierda,DISPONIBLE,SANTIAGO,15000,10000,,,
TIIGO 2019,DISCO DE FRENO TRASERO RH,Disco De Freno Trasero,Trasera Derecha,DISPONIBLE,SANTIAGO,15000,10000,,,
TIIGO 2019,ECU,Ecu,,VENDIDO,SANTIAGO,180000,170000,,,
TIIGO 2019,EJE PALIER DERECHO,Eje Palier Derecho,,DISPONIBLE,SANTIAGO,80000,75000,,,
TIIGO 2019,EJE PALIER IZQUIERDO,Eje Palier Izquierdo,,VENDIDO,SANTIAGO,70000,65000,,,
TIIGO 2019,EJE TRASERO,Eje Trasero,Trasera,VENDIDO,SANTIAGO,65000,60000,,,
TIIGO 2019,ELECTROVENTILADOR,Electroventilador,,DISPONIBLE,SANTIAGO,65000,60000,,,
TIIGO 2019,ESPEJO CENTRAL ,Espejo Central ,Central,DISPONIBLE,SANTIAGO,,,,,
TIIGO 2019,ESPEJO LH,Espejo,Izquierda,VENDIDO,SANTIAGO,40000,35000,,,
TIIGO 2019,ESPEJO RH,Espejo,Derecha,VENDIDO,SANTIAGO,40000,35000,,PATENTE GRABADA,
TIIGO 2019,ESQUINA TORPEDO IZQUIERDA,Esquina Torpedo Izquierda,,DISPONIBLE,,15000,10000,,,Sin ubic
TIIGO 2019,FOCO TRASERO LH,Foco Trasero,Trasera Izquierda,VENDIDO,SANTIAGO,30000,25000,,,
TIIGO 2019,FOCO TRASERO RH,Foco Trasero,Trasera Derecha,VENDIDO,SANTIAGO,30000,25000,,,
TIIGO 2019,FRONTAL INFERIOR DE RADIADOR,Frontal Inferior De Radiador,,VENDIDO,SANTIAGO,35000,30000,,,
TIIGO 2019,FRONTAL INFERIOR DE SOPORTE DE MOTOR,Frontal Inferior De Soporte De Motor,,VENDIDO,SANTIAGO,35000,30000,,,
TIIGO 2019,FRONTAL SUPERIOR,Frontal Superior,,DISPONIBLE,SANTIAGO,60000,50000,,,
TIIGO 2019,FUNDA DE PARACHOQUE DELANTERO SUPERIOR Y INFERIOR,Funda De Parachoque Delantero Superior Y Inferior,Delantera,VENDIDO,SANTIAGO,60000,55000,,,
TIIGO 2019,FUNDA DE PARACHOQUE TRASERO,Funda De Parachoque Trasero,Trasera,VENDIDO,SANTIAGO,50000,45000,,,
TIIGO 2019,FUSILERA CON RAMAL,Fusilera Con Ramal,,DISPONIBLE,,75000,70000,,SIN CAJA PORTA FUSIBLES NI TAPA,Sin ubic
TIIGO 2019,GUANTERA ,Guantera ,,DISPONIBLE,SANTIAGO,25000,20000,,,
TIIGO 2019,GUARDA FANGO RH,Guarda Fango,Derecha,DISPONIBLE,,20000,20000,,,Sin ubic
TIIGO 2019,GUARDAFANGO DELANTERO LH,Guardafango Delantero,Delantera Izquierda,DISPONIBLE,SANTIAGO,15000,15000,,,
TIIGO 2019,GUARDAFANGO DELANTERO RH,Guardafango Delantero,Delantera Derecha,VENDIDO,SANTIAGO,15000,15000,,,
TIIGO 2019,GUÍA DE RADIADORES LH,Guía De Radiadores,Izquierda,DISPONIBLE,,15000,10000,,,Sin ubic
TIIGO 2019,GUÍA DE RADIADORES RH,Guía De Radiadores,Derecha,DISPONIBLE,,15000,10000,,,Sin ubic
TIIGO 2019,INTERMITENTE DE TAPABARRO LH,Intermitente De Tapabarro,Izquierda,DISPONIBLE,SANTIAGO,10000,10000,,,
TIIGO 2019,INTERMITENTE DE TAPABARRO RH,Intermitente De Tapabarro,Derecha,DISPONIBLE,SANTIAGO,10000,10000,,,
TIIGO 2019,KIT DE AIRBAG,Kit De Airbag,,VENDIDO,SANTIAGO,450000,400000,,,Múltiples
TIIGO 2019,LLANTA 1,Llanta 1,,VENDIDO,SANTIAGO,85000,80000,,,
TIIGO 2019,LLANTA 2,Llanta 2,,VENDIDO,SANTIAGO,70000,60000,,,
TIIGO 2019,LLANTA 3,Llanta 3,,VENDIDO,SANTIAGO,70000,60000,,,
TIIGO 2019,LLANTA 4,Llanta 4,,VENDIDO,SANTIAGO,70000,60000,,,
TIIGO 2019,LLANTA TIGGO ANTERIOR,Llanta Tiggo Anterior,,VENDIDO,SANTIAGO,40000,35000,,"ESTÁ RALLADA, DE CUNETAZO, PEDIR FOTOS",Revisar
TIIGO 2019,LUNETA TRASERA LH,Luneta Trasera,Trasera Izquierda,DISPONIBLE,,35000,30000,,,Sin ubic
TIIGO 2019,LUNETA TRASERA RH,Luneta Trasera,Trasera Derecha,DISPONIBLE,,35000,30000,,,Sin ubic
TIIGO 2019,LUZ INTERIOR TECHO ,Luz Interior Techo ,,DISPONIBLE,SANTIAGO,20000,15000,,,
TIIGO 2019,LUZ PATENTE,Luz Patente,,VENDIDO,SANTIAGO,7000,5000,,,
TIIGO 2019,LUZ PATENTE ,Luz Patente ,,DISPONIBLE,SANTIAGO,7000,5000,,,
TIIGO 2019,LUZ TECHO INTERIOR DELANTERO,Luz Techo Interior Delantero,Delantera,DISPONIBLE,SANTIAGO,35000,30000,,,
TIIGO 2019,MANILLA EXTERIOR DELANTERA LH,Manilla Exterior Delantera,Delantera Izquierda,DISPONIBLE,SANTIAGO,20000,20000,,PRECIO SIN CILINDRO NI TRIÁNGULO,
TIIGO 2019,MANILLA EXTERIOR DELANTERA RH,Manilla Exterior Delantera,Delantera Derecha,DISPONIBLE,SANTIAGO,25000,20000,,,
TIIGO 2019,MANILLA EXTERIOR TRASERA LH,Manilla Exterior Trasera,Trasera Izquierda,DISPONIBLE,SANTIAGO,25000,20000,,,
TIIGO 2019,MANILLA EXTERIOR TRASERA RH,Manilla Exterior Trasera,Trasera Derecha,DISPONIBLE,SANTIAGO,25000,20000,,,
TIIGO 2019,MANILLA INTERIOR PUERTA DELANTERA LH,Manilla Interior Puerta Delantera,Delantera Izquierda,DISPONIBLE,SANTIAGO,12000,10000,,,
TIIGO 2019,MANILLA INTERIOR PUERTA DELANTERA LH,Manilla Interior Puerta Delantera,Delantera Izquierda,DISPONIBLE,SANTIAGO,12000,10000,,,
TIIGO 2019,MANILLA INTERIOR PUERTA DELANTERA RH,Manilla Interior Puerta Delantera,Delantera Derecha,DISPONIBLE,SANTIAGO,12000,10000,,,
TIIGO 2019,MANILLA INTERIOR PUERTA DELANTERA RH,Manilla Interior Puerta Delantera,Delantera Derecha,DISPONIBLE,SANTIAGO,12000,10000,,,
TIIGO 2019,MANILLA INTERIOR PUERTA TRASERA LH,Manilla Interior Puerta Trasera,Trasera Izquierda,DISPONIBLE,SANTIAGO,12000,10000,,,
TIIGO 2019,MANILLA INTERIOR PUERTA TRASERA RH,Manilla Interior Puerta Trasera,Trasera Derecha,DISPONIBLE,SANTIAGO,12000,10000,,,
TIIGO 2019,MANILLA INTERIOR PUERTA TRASERA RH,Manilla Interior Puerta Trasera,Trasera Derecha,DISPONIBLE,SANTIAGO,12000,10000,,,
TIIGO 2019,MANILLA PARA ABRIR MALETA,Manilla Para Abrir Maleta,,DISPONIBLE,SANTIAGO,10000,10000,,,
TIIGO 2019,MANILLA PARA ABRIR TAPA DE BENCINA,Manilla Para Abrir Tapa De Bencina,,DISPONIBLE,SANTIAGO,10000,10000,,,
TIIGO 2019,MANILLA TECHO DELANTERA RH,Manilla Techo Delantera,Delantera Derecha,DISPONIBLE,SANTIAGO,,,,,
TIIGO 2019,MANILLA TECHO TRASERA LH,Manilla Techo Trasera,Trasera Izquierda,DISPONIBLE,SANTIAGO,,,,,
TIIGO 2019,MANILLA TECHO TRASERA RH,Manilla Techo Trasera,Trasera Derecha,DISPONIBLE,SANTIAGO,,,,,
TIIGO 2019,MÁSCARA CON LOGO,Máscara Con Logo,,VENDIDO,SANTIAGO,60000,55000,,,
TIIGO 2019,MAZA TRASERA LH,Maza Trasera,Trasera Izquierda,DISPONIBLE,SANTIAGO,30000,25000,,,
TIIGO 2019,MAZA TRASERA RH,Maza Trasera,Trasera Derecha,DISPONIBLE,SANTIAGO,30000,25000,,,
TIIGO 2019,MÉNSULA DELANTERA DERECHA ,Ménsula Delantera Derecha ,Delantera,VENDIDO,SANTIAGO,8000,8000,,,
TIIGO 2019,MÉNSULA DELANTERA IZQUIERDA,Ménsula Delantera Izquierda,Delantera,VENDIDO,SANTIAGO,8000,8000,,,
TIIGO 2019,MÉNSULA TRASERA LH,Ménsula Trasera,Trasera Izquierda,DISPONIBLE,SANTIAGO,10000,10000,,,
TIIGO 2019,MÉNSULA TRASERA RH,Ménsula Trasera,Trasera Derecha,DISPONIBLE,SANTIAGO,10000,10000,,,
TIIGO 2019,MÓDULO ABS ,Módulo Abs ,,DISPONIBLE,SANTIAGO,80000,75000,,,
TIIGO 2019,MOLDURA CURVA TAPABARRO DELANTERA LH,Moldura Curva Tapabarro Delantera,Delantera Izquierda,VENDIDO,SANTIAGO,20000,15000,,,
TIIGO 2019,MOLDURA CURVA TAPABARRO DELANTERA RH CON DETALLE ,Moldura Curva Tapabarro Delantera Con Detalle ,Delantera Derecha,VENDIDO,SANTIAGO,15000,10000,,,Daños
TIIGO 2019,MOLDURA DE TAPABARRO LH (TRIÁNGULO),Moldura De Tapabarro (Triángulo),Izquierda,DISPONIBLE,SANTIAGO,10000,10000,,TRIÁNGULO,
TIIGO 2019,MOLDURA DE TAPABARRO RH (TRIÁNGULO),Moldura De Tapabarro (Triángulo),Derecha,DISPONIBLE,SANTIAGO,10000,10000,,TRIÁNGULO,
TIIGO 2019,MOLDURA INFERIOR PARACHOQUE DELANTERO,Moldura Inferior Parachoque Delantero,Delantera,VENDIDO,SANTIAGO,30000,25000,,,
TIIGO 2019,MOLDURA INFERIOR PARACHOQUE TRASERO,Moldura Inferior Parachoque Trasero,Trasera,VENDIDO,SANTIAGO,20000,20000,,,
TIIGO 2019,MOLDURA PUERTA DELANTERA LH,Moldura Puerta Delantera,Delantera Izquierda,DISPONIBLE,SANTIAGO,20000,15000,,,
TIIGO 2019,MOLDURA PUERTA DELANTERA RH,Moldura Puerta Delantera,Delantera Derecha,DISPONIBLE,SANTIAGO,20000,15000,,,
TIIGO 2019,MOLDURA PUERTA TRASERA LH,Moldura Puerta Trasera,Trasera Izquierda,DISPONIBLE,SANTIAGO,20000,15000,,,
TIIGO 2019,MOLDURA PUERTA TRASERA LH,Moldura Puerta Trasera,Trasera Izquierda,DISPONIBLE,SANTIAGO,20000,15000,,,
TIIGO 2019,MOLDURA PUERTA TRASERA RH,Moldura Puerta Trasera,Trasera Derecha,DISPONIBLE,SANTIAGO,20000,15000,,,
TIIGO 2019,MOLDURA TAPABARRO TRASERO LH ,Moldura Tapabarro Trasero ,Trasera Izquierda,DISPONIBLE,SANTIAGO,20000,15000,,,
TIIGO 2019,MOLDURA TAPABARRO TRASERO RH,Moldura Tapabarro Trasero,Trasera Derecha,DISPONIBLE,SANTIAGO,20000,15000,,,
TIIGO 2019,MOTOR DE PARTIDA,Motor De Partida,,DISPONIBLE,SANTIAGO,55000,50000,,,
TIIGO 2019,MOTOR LIMPIAPARABRISAS CON VARILLAJE,Motor Limpiaparabrisas Con Varillaje,,DISPONIBLE,SANTIAGO,35000,30000,,,
TIIGO 2019,MOTOR LIMPIAPARABRISAS PORTALÓN,Motor Limpiaparabrisas Portalón,,DISPONIBLE,SANTIAGO,25000,20000,,,
TIIGO 2019,MOTOR NO FACTURABLE,Motor No Facturable,,DISPONIBLE,SANTIAGO,550000,500000,,PRENDA,
TIIGO 2019,MÚLTIPLE DE ADMISIÓN,Múltiple De Admisión,,DISPONIBLE,SANTIAGO,,,,,
TIIGO 2019,MULTIPLE DE ESCAPE CON CATALITICO,Multiple De Escape Con Catalitico,,VENDIDO,SANTIAGO,90000,80000,,,
TIIGO 2019,MUÑÓN TRASERO LH,Muñón Trasero,Trasera Izquierda,DISPONIBLE,SANTIAGO,,,,,
TIIGO 2019,MUÑÓN TRASERO LH,Muñón Trasero,Trasera Izquierda,DISPONIBLE,SANTIAGO,,,,,
TIIGO 2019,MUÑÓN TRASERO RH,Muñón Trasero,Trasera Derecha,DISPONIBLE,SANTIAGO,,,,,
TIIGO 2019,MUÑÓN TRASERO RH,Muñón Trasero,Trasera Derecha,DISPONIBLE,SANTIAGO,,,,,
TIIGO 2019,MUÑÓN Y MAZA DELANTERO LH,Muñón Y Maza Delantero,Delantera Izquierda,NO DISPONIBLE,SANTIAGO,70000,65000,,,
TIIGO 2019,MUÑÓN Y MAZA DELANTERO RH,Muñón Y Maza Delantero,Delantera Derecha,DISPONIBLE,SANTIAGO,70000,65000,,,
TIIGO 2019,NEBLINERO DELANTERO LH,Neblinero Delantero,Delantera Izquierda,VENDIDO,SANTIAGO,18000,15000,,CON DETALLE,
TIIGO 2019,NEBLINERO DELANTERO RH,Neblinero Delantero,Delantera Derecha,NO DISPONIBLE,SANTIAGO,18000,15000,,CON DETALLE,
TIIGO 2019,NEBLINERO TRASERO LH,Neblinero Trasero,Trasera Izquierda,VENDIDO,SANTIAGO,,,,REVISAR ESTADO PARA PONER PRECIO,Revisar
TIIGO 2019,NEBLINERO TRASERO RH,Neblinero Trasero,Trasera Derecha,VENDIDO,SANTIAGO,10000,10000,,,
TIIGO 2019,ÓPTICO LH (ESTÁ EL DE LA OTRA TIGGO),Óptico (Está El De La Otra Tiggo),Izquierda,VENDIDO,,55000,45000,,,Sin ubic
TIIGO 2019,ÓPTICO RH (ESTÁ EL DE LA OTRA TIGGO),Óptico (Está El De La Otra Tiggo),Derecha,VENDIDO,,55000,45000,,,Sin ubic
TIIGO 2019,PALANCA DE CAMBIO,Palanca De Cambio,,DISPONIBLE,SANTIAGO,60000,55000,,,
TIIGO 2019,PARABRISAS ,Parabrisas ,,NO DISPONIBLE,REQUINOA,,,,TRIZADO,
TIIGO 2019,PARASOL LH,Parasol,Izquierda,DISPONIBLE,SANTIAGO,25000,20000,,,
TIIGO 2019,PARASOL LH CON VIDRIO ROTO ( DE LA TIGGO ANTERIOR),Parasol Con Vidrio Roto ( De La Tiggo Anterior),Izquierda,DISPONIBLE,SANTIAGO,20000,15000,,,Daños
TIIGO 2019,PARASOL RH,Parasol,Derecha,DISPONIBLE,SANTIAGO,25000,20000,,,
TIIGO 2019,PARLANTE TRASERO LH,Parlante Trasero,Trasera Izquierda,DISPONIBLE,SANTIAGO,,,,,
TIIGO 2019,PARLANTE TRASERO RH,Parlante Trasero,Trasera Derecha,DISPONIBLE,SANTIAGO,,,,,
TIIGO 2019,PEDAL DE ACELERACIÓN,Pedal De Aceleración,,VENDIDO,SANTIAGO,,,,,
TIIGO 2019,PEDAL DE EMBRAGUE,Pedal De Embrague,,DISPONIBLE,SANTIAGO,,,,,
TIIGO 2019,PEDAL DE FRENO,Pedal De Freno,,DISPONIBLE,SANTIAGO,,,,,
TIIGO 2019,PIÑÓN DE LEVA,Piñón De Leva,,DISPONIBLE,,90000,85000,,,Sin ubic
TIIGO 2019,PIOLAS PALANCAS DE CAMBIO,Piolas Palancas De Cambio,,DISPONIBLE,,50000,45000,,,Sin ubic
TIIGO 2019,PISTÓN 1,Pistón 1,,DISPONIBLE,SANTIAGO,35000,30000,,,
TIIGO 2019,PISTÓN 2,Pistón 2,,DISPONIBLE,SANTIAGO,35000,30000,,,
TIIGO 2019,PISTÓN 3,Pistón 3,,DISPONIBLE,SANTIAGO,35000,30000,,,
TIIGO 2019,PISTÓN 4,Pistón 4,,DISPONIBLE,SANTIAGO,35000,30000,,,
TIIGO 2019,PLÁSTICO ESQUINA CUBRE TORPEDO,Plástico Esquina Cubre Torpedo,,DISPONIBLE,,15000,10000,,,Sin ubic
TIIGO 2019,PLÁSTICO TRIÁNGULO LH,Plástico Triángulo,Izquierda,DISPONIBLE,SANTIAGO,15000,10000,,ENTRE TAPABARRO Y PUERTA,
TIIGO 2019,PLÁSTICO TRIÁNGULO RH,Plástico Triángulo,Derecha,DISPONIBLE,SANTIAGO,15000,10000,,,
TIIGO 2019,POLEA LEVA ,Polea Leva ,,DISPONIBLE,SANTIAGO,75000,70000,,,
TIIGO 2019,PORTA FILTRO DE AIRE,Porta Filtro De Aire,,DISPONIBLE,SANTIAGO,30000,25000,,NO SIRVE PARA AUTOMÁTICA,
TIIGO 2019,PORTALÓN SOLO LATA CON VIDRIO,Portalón Solo Lata Con Vidrio,,VENDIDO,SANTIAGO,200000,190000,,,
TIIGO 2019,PUERTA DELANTERA SOLO LATA LH,Puerta Delantera Solo Lata,Delantera Izquierda,VENDIDO,SANTIAGO,140000,130000,,,
TIIGO 2019,PUERTA DELANTERA SOLO LATA RH,Puerta Delantera Solo Lata,Delantera Derecha,DISPONIBLE,SANTIAGO,65000,60000,,,
TIIGO 2019,PUERTA TRASERA SOLO LATA LH,Puerta Trasera Solo Lata,Trasera Izquierda,VENDIDO,SANTIAGO,55000,50000,,,
TIIGO 2019,PUERTA TRASERA SOLO LATA RH,Puerta Trasera Solo Lata,Trasera Derecha,DISPONIBLE,SANTIAGO,55000,50000,,,
TIIGO 2019,RADIADOR AIRE,Radiador Aire,,DISPONIBLE,SANTIAGO,75000,70000,,,
TIIGO 2019,RADIADOR DE AGUA,Radiador De Agua,,VENDIDO,SANTIAGO,40000,35000,,,
TIIGO 2019,RADIADOR DE CALEFACCIÓN ,Radiador De Calefacción ,,DISPONIBLE,SANTIAGO,25000,20000,,,
TIIGO 2019,RADIO ,Radio ,,VENDIDO,SANTIAGO,80000,70000,,,
TIIGO 2019,RAMAL EXTERIOR (REVISAR),Ramal Exterior (Revisar),,DISPONIBLE,SANTIAGO,,,,,
TIIGO 2019,RAMAL FUSILERA DELANTERA,Ramal Fusilera Delantera,Delantera,VENDIDO,SANTIAGO,,,,,
TIIGO 2019,RAMAL INTERIOR,Ramal Interior,,DISPONIBLE,SANTIAGO,,,,,
TIIGO 2019,REFLECTANTE O NEBLINERO TRASERO LH,Reflectante O Neblinero Trasero,Trasera Izquierda,DISPONIBLE,,20000,15000,,,Sin ubic
TIIGO 2019,REFLECTANTE O NEBLINERO TRASERO RH,Reflectante O Neblinero Trasero,Trasera Derecha,DISPONIBLE,,20000,15000,,,Sin ubic
TIIGO 2019,REFUERZO DE PARACHOQUE DELANTERO ,Refuerzo De Parachoque Delantero ,Delantera,DISPONIBLE,SANTIAGO,65000,55000,,,
TIIGO 2019,REFUERZO DE PARACHOQUE TRASERO,Refuerzo De Parachoque Trasero,Trasera,DISPONIBLE,SANTIAGO,35000,30000,,,
TIIGO 2019,REJILLA DE VENTILACIÓN CENTRAL,Rejilla De Ventilación Central,Central,DISPONIBLE,SANTIAGO,25000,20000,,PUESTA EN TABLERO,
TIIGO 2019,RESISTENCIA DE ELECTROVENTILADOR ,Resistencia De Electroventilador ,,DISPONIBLE,SANTIAGO,25000,20000,,,
TIIGO 2019,RIEL DE INYECCIÓN,Riel De Inyección,,DISPONIBLE,SANTIAGO,80000,70000,,CON INYECTORES,
TIIGO 2019,RODAMIENTO TENSOR DE ACCESORIOS ,Rodamiento Tensor De Accesorios ,,DISPONIBLE,SANTIAGO,15000,10000,,,
TIIGO 2019,RUEDA DE REPUESTO,Rueda De Repuesto,,DISPONIBLE,SANTIAGO,,,,,
TIIGO 2019,RUEDA DE REPUESTO,Rueda De Repuesto,,DISPONIBLE,SANTIAGO,35000,30000,,,
TIIGO 2019,SENSOR ABS DELANTERO LH,Sensor Abs Delantero,Delantera Izquierda,DISPONIBLE,SANTIAGO,15000,15000,,REVISADO,
TIIGO 2019,SENSOR ABS DELANTERO LH,Sensor Abs Delantero,Delantera Izquierda,DISPONIBLE,SANTIAGO,15000,15000,,REVISADO,
TIIGO 2019,SENSOR ABS DELANTERO RH,Sensor Abs Delantero,Delantera Derecha,DISPONIBLE,SANTIAGO,15000,15000,,REVISADO,
TIIGO 2019,SENSOR ABS DELANTERO RH,Sensor Abs Delantero,Delantera Derecha,DISPONIBLE,SANTIAGO,15000,15000,,REVISADO ,
TIIGO 2019,SENSOR ABS TRASERO LH,Sensor Abs Trasero,Trasera Izquierda,DISPONIBLE,SANTIAGO,15000,15000,,REVISADO,
TIIGO 2019,SENSOR ABS TRASERO LH,Sensor Abs Trasero,Trasera Izquierda,DISPONIBLE,SANTIAGO,15000,15000,,REVISADO,
TIIGO 2019,SENSOR ABS TRASERO RH,Sensor Abs Trasero,Trasera Derecha,DISPONIBLE,SANTIAGO,15000,15000,,REVISADO,
TIIGO 2019,SENSOR ABS TRASERO RH,Sensor Abs Trasero,Trasera Derecha,DISPONIBLE,SANTIAGO,15000,15000,,REVISADO,
TIIGO 2019,SENSOR CKP,Sensor Ckp,,VENDIDO,SANTIAGO,,,,,
TIIGO 2019,SENSOR DE OXÍGENO 2,Sensor De Oxígeno 2,,VENDIDO,SANTIAGO,25000,25000,,,
TIIGO 2019,SENSOR DE TEMPERATURA,Sensor De Temperatura,,DISPONIBLE,,15000,15000,,,Sin ubic
TIIGO 2019,SENSOR EGR,Sensor Egr,,DISPONIBLE,SANTIAGO,40000,35000,,,
TIIGO 2019,SENSOR OXÍGENO 1,Sensor Oxígeno 1,,VENDIDO,,25000,20000,,,Sin ubic
TIIGO 2019,SENSOR TPS,Sensor Tps,,DISPONIBLE,,20000,20000,,,Sin ubic
TIIGO 2019,SERVO FRENO,Servo Freno,,DISPONIBLE,SANTIAGO,,,,,
TIIGO 2019,SOPORTE DE DEPÓSITO LÍQUIDO HIDRÁULICO,Soporte De Depósito Líquido Hidráulico,,DISPONIBLE,SANTIAGO,,,,,
TIIGO 2019,SOPORTE DE MOTOR O CAJA LH,Soporte De Motor O Caja,Izquierda,DISPONIBLE,SANTIAGO,20000,15000,,,
TIIGO 2019,SOPORTE DE MOTOR RH,Soporte De Motor,Derecha,DISPONIBLE,SANTIAGO,20000,15000,,,
TIIGO 2019,SOPORTE DE MOTOR TERCERO ,Soporte De Motor Tercero ,,DISPONIBLE,SANTIAGO,20000,15000,,,
TIIGO 2019,TAPA DE BENCINA EXTERIOR,Tapa De Bencina Exterior,,DISPONIBLE,SANTIAGO,,,,,
TIIGO 2019,TAPA DE BENCINA INTERIOR,Tapa De Bencina Interior,,DISPONIBLE,SANTIAGO,,,,,
TIIGO 2019,TAPA DE NEBLINERO LH,Tapa De Neblinero,Izquierda,VENDIDO,SANTIAGO,25000,20000,,INCLUYE CROMADO,
TIIGO 2019,TAPA DE NEBLINERO RH,Tapa De Neblinero,Derecha,VENDIDO,SANTIAGO,25000,20000,,INCLUYE CROMADO,
TIIGO 2019,TAPABARRO DELANTERO LH ,Tapabarro Delantero ,Delantera Izquierda,VENDIDO,SANTIAGO,45000,40000,,,
TIIGO 2019,TAPABARRO DELANTERO RH,Tapabarro Delantero,Delantera Derecha,VENDIDO,SANTIAGO,45000,40000,,,
TIIGO 2019,TAPIZ INTERIOR PORTALÓN,Tapiz Interior Portalón,,DISPONIBLE,SANTIAGO,20000,15000,,,
TIIGO 2019,TAPIZ PUERTA TRASERA RH,Tapiz Puerta Trasera,Trasera Derecha,DISPONIBLE,SANTIAGO,20000,15000,,,
TIIGO 2019,TECHO,Techo,,DISPONIBLE,REQUINOA,90000,80000,,,
TIIGO 2019,TELECOMANDO INTERMITENTES Y LIMPIAPARABRISAS,Telecomando Intermitentes Y Limpiaparabrisas,,DISPONIBLE,SANTIAGO,60000,50000,,,
TIIGO 2019,VARILLA CAPOT,Varilla Capot,,VENDIDO,SANTIAGO,15000,10000,,,
TIIGO 2019,VIDRIO PUERTA DELANTERA LH,Vidrio Puerta Delantera,Delantera Izquierda,VENDIDO,SANTIAGO,40000,35000,,,
TIIGO 2019,VIDRIO PUERTA DELANTERA LH,Vidrio Puerta Delantera,Delantera Izquierda,DISPONIBLE,SANTIAGO,,,,,
TIIGO 2019,VIDRIO PUERTA DELANTERA RH,Vidrio Puerta Delantera,Delantera Derecha,DISPONIBLE,SANTIAGO,40000,35000,,,
TIIGO 2019,VIDRIO PUERTA TRASERA LH,Vidrio Puerta Trasera,Trasera Izquierda,DISPONIBLE,SANTIAGO,40000,35000,,,
TIIGO 2019,VIDRIO PUERTA TRASERA RH,Vidrio Puerta Trasera,Trasera Derecha,DISPONIBLE,SANTIAGO,40000,35000,,,
TIIGO 2019,VOLANTE,Volante,,VENDIDO,SANTIAGO,50000,45000,,,
TIIGO 2019,FOCO TRASERO LH,Foco Trasero,Trasera Izquierda,VENDIDO,SANTIAGO,,,,,
TRACKER,ALTERNADOR,Alternador,,DISPONIBLE,SANTIAGO,75000,70000,,,
TRACKER,AMORTIGUADOR DELANTERO LH,Amortiguador Delantero,Delantera Izquierda,DISPONIBLE,SANTIAGO,60000,50000,,,
TRACKER,AMORTIGUADOR DELANTERO RH,Amortiguador Delantero,Delantera Derecha,DISPONIBLE,SANTIAGO,60000,50000,,,
TRACKER,AMORTIGUADOR TRASERO LH,Amortiguador Trasero,Trasera Izquierda,DISPONIBLE,SANTIAGO,25000,20000,,,
TRACKER,AMORTIGUADOR TRASERO RH,Amortiguador Trasero,Trasera Derecha,DISPONIBLE,SANTIAGO,25000,20000,,,
TRACKER,AUXILIAR DE USB,Auxiliar De Usb,,DISPONIBLE,SANTIAGO,15000,10000,,,
TRACKER,BANDEJA DELANTERA LH,Bandeja Delantera,Delantera Izquierda,DISPONIBLE,SANTIAGO,20000,15000,,,
TRACKER,BANDEJA DELANTERA LH,Bandeja Delantera,Delantera Izquierda,DISPONIBLE,SANTIAGO,20000,15000,,,
TRACKER,BARRA TECHO LH,Barra Techo,Izquierda,DISPONIBLE,SANTIAGO,25000,20000,,,
TRACKER,BARRA TECHO RH,Barra Techo,Derecha,DISPONIBLE,SANTIAGO,25000,20000,,,
TRACKER,BASE DE TERMOSTATO,Base De Termostato,,DISPONIBLE,SANTIAGO,,,,,
TRACKER,BOMBA DE ALTA,Bomba De Alta,,DISPONIBLE,SANTIAGO,,,,,
TRACKER,BOMBA DE BENCINA,Bomba De Bencina,,VENDIDO,SANTIAGO,55000,50000,,,
TRACKER,CALIPER DELANTERO LH,Caliper Delantero,Delantera Izquierda,DISPONIBLE,SANTIAGO,,,,,
TRACKER,CALIPER DELANTERO RH,Caliper Delantero,Delantera Derecha,DISPONIBLE,SANTIAGO,,,,,
TRACKER,CHAPA CAPOT,Chapa Capot,,DISPONIBLE,SANTIAGO,25000,20000,,,
TRACKER,COLUMNA DE DIRECCIÓN,Columna De Dirección,,DISPONIBLE,SANTIAGO,45000,40000,,,
TRACKER,CREMALLERA DE ALZAVIDRIO DELANTERA LH,Cremallera De Alzavidrio Delantera,Delantera Izquierda,DISPONIBLE,SANTIAGO,25000,20000,,,
TRACKER,CREMALLERA DE ALZAVIDRIO DELANTERA RH,Cremallera De Alzavidrio Delantera,Delantera Derecha,DISPONIBLE,SANTIAGO,25000,20000,,,
TRACKER,CREMALLERA DE ALZAVIDRIO TRASERA LH,Cremallera De Alzavidrio Trasera,Trasera Izquierda,DISPONIBLE,SANTIAGO,25000,20000,,,
TRACKER,CREMALLERA DE ALZAVIDRIO TRASERA RH,Cremallera De Alzavidrio Trasera,Trasera Derecha,DISPONIBLE,SANTIAGO,25000,20000,,,
TRACKER,CREMALLERA DE DIRECCIÓN,Cremallera De Dirección,,DISPONIBLE,SANTIAGO,130000,120000,,,
TRACKER,CUBRE RUEDA DE REPUESTO ,Cubre Rueda De Repuesto ,,DISPONIBLE,SANTIAGO,,,,,
TRACKER,ENCENDEDOR DE CIGARROS ,Encendedor De Cigarros ,,DISPONIBLE,SANTIAGO,15000,10000,,,
TRACKER,FOCO INTERIOR LUZ TECHO ,Foco Interior Luz Techo ,,DISPONIBLE,SANTIAGO,15000,10000,,,
TRACKER,FRONTAL INFERIOR ,Frontal Inferior ,,DISPONIBLE,SANTIAGO,,,,,
TRACKER,GUARDAFANGO DELANTERO LH,Guardafango Delantero,Delantera Izquierda,VENDIDO,,,,,,Sin ubic
TRACKER,GUARDAFANGO TRASERO RH,Guardafango Trasero,Trasera Derecha,VENDIDO,,,,,,Sin ubic
TRACKER,KIT DE AIRBAG,Kit De Airbag,,VENDIDO,SANTIAGO,390000,370000,,,Múltiples
TRACKER,LLANTA 1,Llanta 1,,VENDIDO,,60000,55000,,,Sin ubic
TRACKER,LLANTA 2,Llanta 2,,VENDIDO,SANTIAGO,60000,55000,,,
TRACKER,LLANTA 3,Llanta 3,,DISPONIBLE,SANTIAGO,60000,55000,,,
TRACKER,LLANTA 4,Llanta 4,,DISPONIBLE,SANTIAGO,60000,55000,,,
TRACKER,MANILLA EXPERIOR TRASERA LH,Manilla Experior Trasera,Trasera Izquierda,DISPONIBLE,SANTIAGO,25000,20000,,,
TRACKER,MANILLA EXPERIOR TRASERA RH,Manilla Experior Trasera,Trasera Derecha,DISPONIBLE,SANTIAGO,25000,20000,,,
TRACKER,MANILLA EXTERIOR DELANTERA LH,Manilla Exterior Delantera,Delantera Izquierda,DISPONIBLE,SANTIAGO,25000,20000,,,
TRACKER,MANILLA EXTERIOR DELANTERA RH,Manilla Exterior Delantera,Delantera Derecha,DISPONIBLE,SANTIAGO,25000,20000,,,
TRACKER,MÉNSULA DELANTERA LH,Ménsula Delantera,Delantera Izquierda,DISPONIBLE,SANTIAGO,,,,,
TRACKER,MÉNSULA DELANTERA RH,Ménsula Delantera,Delantera Derecha,DISPONIBLE,SANTIAGO,,,,,
TRACKER,MÉNSULA TRASERA LH,Ménsula Trasera,Trasera Izquierda,DISPONIBLE,SANTIAGO,,,,,
TRACKER,MÉNSULA TRASERA RH,Ménsula Trasera,Trasera Derecha,DISPONIBLE,SANTIAGO,,,,,
TRACKER,MOLDURA PUERTA DELANTERA LH,Moldura Puerta Delantera,Delantera Izquierda,DISPONIBLE,SANTIAGO,,,,,
TRACKER,MOLDURA PUERTA TRASERA LH,Moldura Puerta Trasera,Trasera Izquierda,DISPONIBLE,SANTIAGO,,,,,
TRACKER,MOTOR DE PARTIDA,Motor De Partida,,DISPONIBLE,SANTIAGO,45000,40000,,,
TRACKER,RADIADOR AGUA,Radiador Agua,,DISPONIBLE,SANTIAGO,60000,50000,,,
TRACKER,REFUERZO DE PARACHOQUE DELANTERO,Refuerzo De Parachoque Delantero,Delantera,DISPONIBLE,SANTIAGO,,,,,
TRACKER,RUEDA DE REPUESTO,Rueda De Repuesto,,DISPONIBLE,SANTIAGO,35000,30000,,,
TRACKER,SINÓPTICO,Sinóptico,,VENDIDO,SANTIAGO,45000,45000,,,
TRACKER,SOPORTE FOTO YASNA,Soporte Foto Yasna,,DISPONIBLE,SANTIAGO,25000,20000,,,
TRACKER,TAPABARRO RH,Tapabarro,Derecha,DISPONIBLE,SANTIAGO,25000,20000,,,
TRACKER,TELECOMANDO,Telecomando,,DISPONIBLE,SANTIAGO,,,,,
TRACKER,VOLANTE,Volante,,VENDIDO,SANTIAGO,50000,40000,,,
UNO WAY 20149,ALTERNADOR,Alternador,,VENDIDO,SANTIAGO,80000,70000,,,
UNO WAY 20149,AMORTIGUADOR DELANTERO LH O RH,Amortiguador Delantero O Rh,Delantera Izquierda,DISPONIBLE,SANTIAGO,70000,60000,,CONFIRMAR CON FOTO,
UNO WAY 20149,AMORTIGUADOR DELANTERO RH,Amortiguador Delantero,Delantera Derecha,VENDIDO,SANTIAGO,70000,60000,,,
UNO WAY 20149,AMORTIGUADOR TRASERO LH,Amortiguador Trasero,Trasera Izquierda,DISPONIBLE,SANTIAGO,25000,20000,,,
UNO WAY 20149,AMORTIGUADOR TRASERO RH,Amortiguador Trasero,Trasera Derecha,DISPONIBLE,SANTIAGO,25000,20000,,,
UNO WAY 20149,AMORTIGUADORES PORTALÓN,Amortiguadores Portalón,,DISPONIBLE,,35000,30000,,,Sin ubic
UNO WAY 20149,ANTENA,Antena,,DISPONIBLE,,15000,10000,,,Sin ubic
UNO WAY 20149,BARRA TECHO LH,Barra Techo,Izquierda,DISPONIBLE,SANTIAGO,40000,35000,,,
UNO WAY 20149,BARRA TECHO RH,Barra Techo,Derecha,DISPONIBLE,SANTIAGO,40000,35000,,,
UNO WAY 20149,BISAGRA CAPOT LH,Bisagra Capot,Izquierda,DISPONIBLE,SANTIAGO,25000,20000,,,
UNO WAY 20149,BISAGRA CAPOT RH,Bisagra Capot,Derecha,DISPONIBLE,SANTIAGO,25000,20000,,,
UNO WAY 20149,BISEL RADIO,Bisel Radio,,DISPONIBLE,,35000,30000,,,Sin ubic
UNO WAY 20149,BISEL RADIO Y CONTROL DE AIRE,Bisel Radio Y Control De Aire,,DISPONIBLE,SANTIAGO,,,,ESCRITO ASÍ EN INVENTARIO,
UNO WAY 20149,BOBINA ,Bobina ,,DISPONIBLE,SANTIAGO,60000,50000,,ES UNA COMPLETA,
UNO WAY 20149,BOMBA DE BENCINA,Bomba De Bencina,,DISPONIBLE,SANTIAGO,95200,80000,,,
UNO WAY 20149,BOMBA DE FRENO CON DEPÓSITO,Bomba De Freno Con Depósito,,DISPONIBLE,,90000,85000,,,Sin ubic
UNO WAY 20149,BOMBA HIDRAULICA,Bomba Hidraulica,,DISPONIBLE,SANTIAGO,,,,,
UNO WAY 20149,BOTÓN DE ALZAVIDRIOS DELANTERA RH,Botón De Alzavidrios Delantera,Delantera Derecha,DISPONIBLE,SANTIAGO,,,,,
UNO WAY 20149,BOTONERA DE ALZAVIDRIOS DELANTERA LH,Botonera De Alzavidrios Delantera,Delantera Izquierda,DISPONIBLE,SANTIAGO,,,,,
UNO WAY 20149,BRAZO LIMPIAPARABRISAS LH,Brazo Limpiaparabrisas,Izquierda,DISPONIBLE,SANTIAGO,15000,10000,,,
UNO WAY 20149,BRAZO LIMPIAPARABRISAS RH,Brazo Limpiaparabrisas,Derecha,DISPONIBLE,SANTIAGO,15000,10000,,,
UNO WAY 20149,BUTACA LH,Butaca,Izquierda,DISPONIBLE,,65000,60000,,"SE VENDIO EN 70,000",Sin ubic
UNO WAY 20149,CAJA,Caja,,VENDIDO,SANTIAGO,100000,100000,,,
UNO WAY 20149,CALIPER DELANTERO LH,Caliper Delantero,Delantera Izquierda,DISPONIBLE,SANTIAGO,36000,30000,,,
UNO WAY 20149,CAPOT,Capot,,VENDIDO,,,,,,Sin ubic
UNO WAY 20149,CHAPA CAPOT,Chapa Capot,,DISPONIBLE,SANTIAGO,25000,20000,,,
UNO WAY 20149,CHAPA DE SEGURIDAD CAPOT ,Chapa De Seguridad Capot ,,VENDIDO,SANTIAGO,20000,15000,,,
UNO WAY 20149,CHAPA PORTALÓN,Chapa Portalón,,DISPONIBLE,SANTIAGO,25000,20000,,,
UNO WAY 20149,COLUMNA DE DIRECCIÓN,Columna De Dirección,,DISPONIBLE,SANTIAGO,60000,50000,,,
UNO WAY 20149,COMPRESOR DE AIRE ACONDICIONADO,Compresor De Aire Acondicionado,,DISPONIBLE,SANTIAGO,90000,80000,,,
UNO WAY 20149,CREMALLERA DE ALZAVIDRIO DELANTERA LH,Cremallera De Alzavidrio Delantera,Delantera Izquierda,DISPONIBLE,SANTIAGO,55000,50000,,,
UNO WAY 20149,CREMALLERA DE ALZAVIDRIO DELANTERA RH,Cremallera De Alzavidrio Delantera,Delantera Derecha,DISPONIBLE,SANTIAGO,55000,50000,,,
UNO WAY 20149,CREMALLERA DE ALZAVIDRIO TRASERA LH,Cremallera De Alzavidrio Trasera,Trasera Izquierda,DISPONIBLE,SANTIAGO,40000,40000,,,
UNO WAY 20149,CREMALLERA DE DIRECCIÓN,Cremallera De Dirección,,DISPONIBLE,SANTIAGO,130000,120000,,,
UNO WAY 20149,CUARTO POLLO DELANTERO,Cuarto Pollo Delantero,Delantera,VENDIDO,SANTIAGO,85000,75000,,,
UNO WAY 20149,CUNA,Cuna,,DISPONIBLE,SANTIAGO,90000,80000,,,
UNO WAY 20149,DEPÓSITO DE LIMPIAPARABRISAS ,Depósito De Limpiaparabrisas ,,DISPONIBLE,SANTIAGO,30000,25000,,,
UNO WAY 20149,DISCO DELANTERO LH,Disco Delantero,Delantera Izquierda,DISPONIBLE,SANTIAGO,15000,10000,,,
UNO WAY 20149,ECU,Ecu,,DISPONIBLE,SANTIAGO,,,,,
UNO WAY 20149,ELECTROVENTILADOR ,Electroventilador ,,NO DISPONIBLE,N/A,,,,,
UNO WAY 20149,ESPEJO CENTRAL,Espejo Central,Central,DISPONIBLE,SANTIAGO,,,,,
UNO WAY 20149,ESPEJOS,Espejos,,NO DISPONIBLE,N/A,,,,,
UNO WAY 20149,FOCO TRASERO RH,Foco Trasero,Trasera Derecha,VENDIDO,SANTIAGO,60000,55000,,,
UNO WAY 20149,FRONTAL,Frontal,,DISPONIBLE,SANTIAGO,85000,80000,,,
UNO WAY 20149,FUNDA DE PARACHOQUE DELANTERA,Funda De Parachoque Delantera,Delantera,NO DISPONIBLE,N/A,,,,,
UNO WAY 20149,FUNDA DE PARACHOQUE TRASERA,Funda De Parachoque Trasera,Trasera,NO DISPONIBLE,N/A,,,,,
UNO WAY 20149,GOMA MARCO DE PUERTA DELANTERA RH,Goma Marco De Puerta Delantera,Delantera Derecha,DISPONIBLE,,15000,15000,,SOLO,Sin ubic
UNO WAY 20149,GOMA MARCO DE PUERTA TRASERA LH,Goma Marco De Puerta Trasera,Trasera Izquierda,DISPONIBLE,,15000,15000,,,Sin ubic
UNO WAY 20149,GUANTERA,Guantera,,NO DISPONIBLE,N/A,,,,MALA,
UNO WAY 20149,GUARDAFANGO DELANTERO LH ,Guardafango Delantero ,Delantera Izquierda,DISPONIBLE,SANTIAGO,35000,30000,,,
UNO WAY 20149,MANGUERA AIRE,Manguera Aire,,VENDIDO,SANTIAGO,40000,35000,,,
UNO WAY 20149,MANILLA EXTERIOR ,Manilla Exterior ,,DISPONIBLE,SANTIAGO,30000,25000,,CONFIRMAR LADO,
UNO WAY 20149,MANILLA EXTERIOR DELANTERA LH,Manilla Exterior Delantera,Delantera Izquierda,DISPONIBLE,SANTIAGO,30000,25000,,,
UNO WAY 20149,MANILLA INTERIOR PUERTA DELANTERA LH,Manilla Interior Puerta Delantera,Delantera Izquierda,DISPONIBLE,SANTIAGO,,,,,
UNO WAY 20149,MANILLA INTERIOR PUERTA DELANTERA RH,Manilla Interior Puerta Delantera,Delantera Derecha,DISPONIBLE,SANTIAGO,,,,,
UNO WAY 20149,MANILLA INTERIOR PUERTA TRASERA RH,Manilla Interior Puerta Trasera,Trasera Derecha,DISPONIBLE,SANTIAGO,,,,,
UNO WAY 20149,MANILLA PARA ABRIR TAPA DE BENCINA,Manilla Para Abrir Tapa De Bencina,,DISPONIBLE,SANTIAGO,15000,10000,,,
UNO WAY 20149,MANILLA PARA ABRIR TMALETA,Manilla Para Abrir Tmaleta,,DISPONIBLE,SANTIAGO,15000,10000,,,
UNO WAY 20149,MAZA TRASERA LH,Maza Trasera,Trasera Izquierda,DISPONIBLE,,60000,55000,,,Sin ubic
UNO WAY 20149,MAZA TRASERA RH,Maza Trasera,Trasera Derecha,VENDIDO,SANTIAGO,60000,55000,,,
UNO WAY 20149,MÓDULO ABS,Módulo Abs,,VENDIDO,SANTIAGO,60000,55000,,,
UNO WAY 20149,MOLDURA PUERTA DELANTERA RH,Moldura Puerta Delantera,Delantera Derecha,DISPONIBLE,SANTIAGO,25000,20000,,,
UNO WAY 20149,MOLDURA PUERTA TRASERA RH,Moldura Puerta Trasera,Trasera Derecha,DISPONIBLE,SANTIAGO,,,,,
UNO WAY 20149,MOTOR DE PARTIDA,Motor De Partida,,VENDIDO,SANTIAGO,90000,85000,,,
UNO WAY 20149,MOTOR FACTURABLE,Motor Facturable,,VENDIDO,SANTIAGO,590000,550000,,,
UNO WAY 20149,MÚLTIPLE DE ADMISIÓN,Múltiple De Admisión,,DISPONIBLE,,70000,65000,,,Sin ubic
UNO WAY 20149,ÓPTICO LH,Óptico,Izquierda,NO DISPONIBLE,N/A,,,,,
UNO WAY 20149,ÓPTICO RH,Óptico,Derecha,NO DISPONIBLE,N/A,,,,,
UNO WAY 20149,PARASOL RH,Parasol,Derecha,DISPONIBLE,SANTIAGO,,,,REVISAR SI ESTÁ COMPLETO,Revisar
UNO WAY 20149,PEDAL DE EMBRAGUE ,Pedal De Embrague ,,VENDIDO,SANTIAGO,50000,45000,,,
UNO WAY 20149,PEDAL DE FRENO SIN SWITCH,Pedal De Freno Sin Switch,,DISPONIBLE,,25000,20000,,,Sin ubic
UNO WAY 20149,PORTA FILTRO CON DETALLE ,Porta Filtro Con Detalle ,,DISPONIBLE,SANTIAGO,25000,20000,,,Daños
UNO WAY 20149,PUERTA DELANTERA LH SOLO LATA,Puerta Delantera Solo Lata,Delantera Izquierda,NO DISPONIBLE,N/A,,,,MALA,
UNO WAY 20149,PUERTA DELANTERA RH SOLO LATA,Puerta Delantera Solo Lata,Delantera Derecha,VENDIDO,SANTIAGO,110000,100000,,,
UNO WAY 20149,PUERTA TRASERA LH SOLO LATA,Puerta Trasera Solo Lata,Trasera Izquierda,NO DISPONIBLE,N/A,,,,,
UNO WAY 20149,PUERTA TRASERA RH SOLO LATA,Puerta Trasera Solo Lata,Trasera Derecha,VENDIDO,SANTIAGO,90000,80000,,,
UNO WAY 20149,RADIADOR AGUA,Radiador Agua,,NO DISPONIBLE,N/A,,,,,
UNO WAY 20149,RADIADOR AIRE,Radiador Aire,,NO DISPONIBLE,N/A,,,,,
UNO WAY 20149,RADIO,Radio,,NO DISPONIBLE,N/A,,,,,
UNO WAY 20149,REFUERZO DE PARACHOQUE DELANTERO,Refuerzo De Parachoque Delantero,Delantera,DISPONIBLE,SANTIAGO,60000,50000,,,
UNO WAY 20149,SENSOR ABS,Sensor Abs,,DISPONIBLE,SANTIAGO,25000,20000,,,
UNO WAY 20149,SERVOFRENO ,Servofreno ,,DISPONIBLE,,55000,50000,,,Sin ubic
UNO WAY 20149,SINÓPTICO,Sinóptico,,DISPONIBLE,SANTIAGO,55000,50000,,,
UNO WAY 20149,TAPA DE BENCINA EXTERIOR,Tapa De Bencina Exterior,,DISPONIBLE,SANTIAGO,25000,20000,,,
UNO WAY 20149,TAPA FUSIBLES,Tapa Fusibles,,DISPONIBLE,,35000,30000,,,Sin ubic
UNO WAY 20149,TAPA PORTA FILTRO,Tapa Porta Filtro,,VENDIDO,SANTIAGO,,,,,
UNO WAY 20149,TAPABARROS,Tapabarros,,NO DISPONIBLE,,,,,,Sin ubic
UNO WAY 20149,TIRANTE DE PUERTA DELANTERA LH,Tirante De Puerta Delantera,Delantera Izquierda,DISPONIBLE,SANTIAGO,15000,10000,,,
UNO WAY 20149,TIRANTE DE PUERTA DELANTERA RH,Tirante De Puerta Delantera,Delantera Derecha,DISPONIBLE,SANTIAGO,15000,10000,,,
UNO WAY 20149,TIRANTE DE PUERTA TRSERA RH,Tirante De Puerta Trsera,Derecha,DISPONIBLE,SANTIAGO,15000,10000,,,
UNO WAY 20149,VIDRIO DELANTERO LH,Vidrio Delantero,Delantera Izquierda,NO DISPONIBLE,N/A,,,,,
UNO WAY 20149,VIDRIO LUNETA TRASERA LH,Vidrio Luneta Trasera,Trasera Izquierda,DISPONIBLE,,35000,30000,,,Sin ubic
UNO WAY 20149,VIDRIO PUERTA TRASERA LH,Vidrio Puerta Trasera,Trasera Izquierda,DISPONIBLE,SANTIAGO,35000,30000,,,
UNO WAY 20149,VOLANTE,Volante,,DISPONIBLE,SANTIAGO,60000,55000,,,
UNO WAY 20149,YUGO TRASERO,Yugo Trasero,Trasera,VENDIDO,SANTIAGO,155000,145000,,,
VERNA 2021,ABSORBEDOR DE IMPACTO,Absorbedor De Impacto,,DISPONIBLE,,25000,20000,,REVISAR QUÉ LADO ES,Revisar; Sin ubic
VERNA 2021,ALTERNADOR,Alternador,,DISPONIBLE,SANTIAGO,100000,90000,,PRECIO ACTUALIZADO ,
VERNA 2021,AMORTIGUADOR DELANTERO LH,Amortiguador Delantero,Delantera Izquierda,NO DISPONIBLE,,80000,75000,,,Sin ubic
VERNA 2021,AMORTIGUADOR DELANTERO RH,Amortiguador Delantero,Delantera Derecha,DISPONIBLE,SANTIAGO,80000,75000,,,
VERNA 2021,AMORTIGUADOR TRASERO LH,Amortiguador Trasero,Trasera Izquierda,DISPONIBLE,SANTIAGO,30000,25000,,,
VERNA 2021,AMORTIGUADOR TRASERO RH,Amortiguador Trasero,Trasera Derecha,DISPONIBLE,SANTIAGO,30000,25000,,,
VERNA 2021,ASIENTO DELANTERO DERECHO,Asiento Delantero Derecho,Delantera,DISPONIBLE,,55000,50000,,,Sin ubic
VERNA 2021,ASIENTO DELANTERO IZQUIERDO,Asiento Delantero Izquierdo,Delantera,DISPONIBLE,,75000,70000,,,Sin ubic
VERNA 2021,ASIENTOS TRASEROS,Asientos Traseros,Trasera,DISPONIBLE,REQUINOA,50000,45000,,,
VERNA 2021,AUXILIAR USB,Auxiliar Usb,,DISPONIBLE,SANTIAGO,25000,20000,,,
VERNA 2021,BANDEJA DELANTERA DERECHA,Bandeja Delantera Derecha,Delantera,DISPONIBLE,SANTIAGO,60000,50000,,,
VERNA 2021,BANDEJA DELANTERA IZQUIERDA,Bandeja Delantera Izquierda,Delantera,VENDIDO,SANTIAGO,60000,50000,,,
VERNA 2021,BIELETA 1,Bieleta 1,,DISPONIBLE,,10000,10000,,,Sin ubic
VERNA 2021,BISAGRAS PUERTA DELANTERA LH,Bisagras Puerta Delantera,Delantera Izquierda,DISPONIBLE,SANTIAGO,,,,SUPERIOR O INFERIOR,
VERNA 2021,BISAGRAS PUERTA DELANTERA RH,Bisagras Puerta Delantera,Delantera Derecha,DISPONIBLE,SANTIAGO,,,,SUPERIOR O INFERIOR,
VERNA 2021,BISAGRAS PUERTA TRASERA LH,Bisagras Puerta Trasera,Trasera Izquierda,DISPONIBLE,SANTIAGO,,,,SUPERIOR O INFERIOR,
VERNA 2021,BISAGRAS PUERTA TRASERA RH,Bisagras Puerta Trasera,Trasera Derecha,DISPONIBLE,SANTIAGO,,,,SUPERIOR O INFERIOR,
VERNA 2021,BOBINA 1,Bobina 1,,DISPONIBLE,SANTIAGO,25000,20000,,,
VERNA 2021,BOBINA 2,Bobina 2,,DISPONIBLE,SANTIAGO,25000,20000,,,
VERNA 2021,BOBINA 3,Bobina 3,,DISPONIBLE,SANTIAGO,25000,20000,,,
VERNA 2021,BOBINA 4,Bobina 4,,DISPONIBLE,SANTIAGO,25000,20000,,,
VERNA 2021,BOMBA DE AGUA,Bomba De Agua,,DISPONIBLE,,20000,20000,,,Sin ubic
VERNA 2021,BOMBA DE BENCINA,Bomba De Bencina,,DISPONIBLE,SANTIAGO,10000,90000,,,
VERNA 2021,BOMBA DE FRENO CON DEPÓSITO ,Bomba De Freno Con Depósito ,,DISPONIBLE,SANTIAGO,60000,50000,,,
VERNA 2021,BOMBA DE PEDAL DE EMBRAGUE,Bomba De Pedal De Embrague,,DISPONIBLE,SANTIAGO,,,,,
VERNA 2021,BOTÓN DE ALZAVIDRIOS TRASERO LH,Botón De Alzavidrios Trasero,Trasera Izquierda,DISPONIBLE,SANTIAGO,,,,,
VERNA 2021,BOTÓN DE ALZAVIDRIOS TRASERO RH,Botón De Alzavidrios Trasero,Trasera Derecha,DISPONIBLE,SANTIAGO,,,,,
VERNA 2021,BOTONERA ALZAVIDRIOS DELANTERA LH,Botonera Alzavidrios Delantera,Delantera Izquierda,POR CONFIRMAR,,45000,40000,,,Sin ubic
VERNA 2021,BRAZO LIMPIAPARABRISAS LH,Brazo Limpiaparabrisas,Izquierda,DISPONIBLE,SANTIAGO,,,,,
VERNA 2021,BRAZO LIMPIAPARABRISAS RH,Brazo Limpiaparabrisas,Derecha,DISPONIBLE,SANTIAGO,,,,,
VERNA 2021,BRAZO LIMPIAPARABRISAS TRASERO (PORTALÓN),Brazo Limpiaparabrisas Trasero (Portalón),Trasera,DISPONIBLE,SANTIAGO,,,,,
VERNA 2021,CAJA DE CAMBIOS,Caja De Cambios,,VENDIDO,SANTIAGO,260000,260000,,PRECIO ACTUALIZADO,
VERNA 2021,CAJETÍN,Cajetín,,DISPONIBLE,SANTIAGO,,,,,
VERNA 2021,CALIPER DELANTERO LH,Caliper Delantero,Delantera Izquierda,DISPONIBLE,SANTIAGO,85000,80000,,,
VERNA 2021,CALIPER DELANTERO RH,Caliper Delantero,Delantera Derecha,DISPONIBLE,SANTIAGO,85000,80000,,,
VERNA 2021,CALIPER TRASERO LH,Caliper Trasero,Trasera Izquierda,DISPONIBLE,SANTIAGO,75000,70000,,,
VERNA 2021,CALIPER TRASERO RH,Caliper Trasero,Trasera Derecha,DISPONIBLE,SANTIAGO,75000,70000,,,
VERNA 2021,CÁMARA DE RETROCESO,Cámara De Retroceso,,DISPONIBLE,,25000,20000,,,Sin ubic
VERNA 2021,CANERÍAS DE AIRE,Canerías De Aire,,DISPONIBLE,SANTIAGO,60000,50000,,,
VERNA 2021,CAPOT,Capot,,NO DISPONIBLE,,,,,,Sin ubic
VERNA 2021,CATALÍTICO,Catalítico,,VENDIDO,SANTIAGO,55000,50000,,,
VERNA 2021,CHAPA CAPOT,Chapa Capot,,DISPONIBLE,SANTIAGO,35000,30000,,,
VERNA 2021,CHAPA MALETA,Chapa Maleta,,DISPONIBLE,SANTIAGO,35000,30000,,,
VERNA 2021,CHAPA PUERTA DELANTERA RH,Chapa Puerta Delantera,Delantera Derecha,DISPONIBLE,SANTIAGO,45000,40000,,,
VERNA 2021,CINTA DE AIRBAG,Cinta De Airbag,,DISPONIBLE,SANTIAGO,35000,30000,,REVISAR SI ESTA BUENA,Revisar
VERNA 2021,CINTURÓN DELANTERO RH,Cinturón Delantero,Delantera Derecha,DISPONIBLE,SANTIAGO,,,,REVISAR SI ESTÁ BLOQUEADO,Revisar
VERNA 2021,COLUMNA DE DIRECCION ELECTRONICA,Columna De Direccion Electronica,,VENDIDO,SANTIAGO,150000,140000,,,
VERNA 2021,COLUMNA DE DIRECCIÓN INFERIOR,Columna De Dirección Inferior,,VENDIDO,SANTIAGO,,,,,
VERNA 2021,COLUMNA DE DIRECCIÓN SUPERIOR,Columna De Dirección Superior,,NO DISPONIBLE,SANTIAGO,,,,,
VERNA 2021,COMPRESOR AIRE,Compresor Aire,,DISPONIBLE,SANTIAGO,90000,80000,,,
VERNA 2021,CORTE COLA,Corte Cola,,VENDIDO,SANTIAGO,160000,150000,,,
VERNA 2021,CREMALLERA ALZAVIDRIO TRASERA RH,Cremallera Alzavidrio Trasera,Trasera Derecha,DISPONIBLE,SANTIAGO,45000,40000,,,
VERNA 2021,CREMALLERA DE ALZAVIDRIO DELANTERA LH ,Cremallera De Alzavidrio Delantera ,Delantera Izquierda,DISPONIBLE,SANTIAGO,45000,40000,,,
VERNA 2021,CREMALLERA DE ALZAVIDRIO TRASERA LH ,Cremallera De Alzavidrio Trasera ,Trasera Izquierda,DISPONIBLE,SANTIAGO,45000,40000,,,
VERNA 2021,CREMALLERA DE DIRECCIÓN ,Cremallera De Dirección ,,DISPONIBLE,SANTIAGO,45000,40000,,,
VERNA 2021,CUBRE RUEDA DE REPUESTO,Cubre Rueda De Repuesto,,DISPONIBLE,REQUINOA,30000,25000,,,
VERNA 2021,CUERPO DE ACELERACION ,Cuerpo De Aceleracion ,,VENDIDO,SANTIAGO,150000,140000,,,
VERNA 2021,CUNA,Cuna,,VENDIDO,SANTIAGO,83300,70000,,,
VERNA 2021,DEPÓSITO DE LIMPIAPARABRISAS,Depósito De Limpiaparabrisas,,NO DISPONIBLE,SANTIAGO,,,,MALO,
VERNA 2021,DISCO DE FRENO DELANTERO LH,Disco De Freno Delantero,Delantera Izquierda,DISPONIBLE,SANTIAGO,25000,20000,,,
VERNA 2021,DISCO DE FRENO DELANTERO RH,Disco De Freno Delantero,Delantera Derecha,DISPONIBLE,SANTIAGO,25000,20000,,,
VERNA 2021,DISCO DE FRENO TRASERO LH,Disco De Freno Trasero,Trasera Izquierda,DISPONIBLE,SANTIAGO,20000,15000,,,
VERNA 2021,DISCO DE FRENO TRASERO RH,Disco De Freno Trasero,Trasera Derecha,DISPONIBLE,SANTIAGO,20000,15000,,,
VERNA 2021,ECU,Ecu,,DISPONIBLE,SANTIAGO,160000,150000,,,
VERNA 2021,EJE PALIER DERECHO,Eje Palier Derecho,,VENDIDO,,100000,90000,,,Sin ubic
VERNA 2021,EJE PALIER IZQUIERDO,Eje Palier Izquierdo,,DISPONIBLE,SANTIAGO,90000,80000,,,
VERNA 2021,EJE TRASERO SOLO ,Eje Trasero Solo ,Trasera,VENDIDO,,160000,150000,,,Sin ubic
VERNA 2021,ELECTROVENTILADOR,Electroventilador,,NO DISPONIBLE,N/A,,,,,
VERNA 2021,ENCENDEDOR DE CIGARROS ,Encendedor De Cigarros ,,DISPONIBLE,SANTIAGO,15000,10000,,,
VERNA 2021,ESPEJO CENTRAL,Espejo Central,Central,DISPONIBLE,SANTIAGO,,,,,
VERNA 2021,ESPEJO DERECHO,Espejo Derecho,,VENDIDO,SANTIAGO,55000,50000,,,
VERNA 2021,ESPEJO IZQUIERDO,Espejo Izquierdo,,NO DISPONIBLE,SANTIAGO,,,,,
VERNA 2021,ESPIRAL TRASERO LH,Espiral Trasero,Trasera Izquierda,DISPONIBLE,,25000,20000,,,Sin ubic
VERNA 2021,ESPIRAL TRASERO RH,Espiral Trasero,Trasera Derecha,DISPONIBLE,,25000,20000,,,Sin ubic
VERNA 2021,FOCO TRASERO DERECHO,Foco Trasero Derecho,Trasera,VENDIDO,SANTIAGO,45000,40000,,,
VERNA 2021,FOCO TRASERO IZQUIERDO,Foco Trasero Izquierdo,Trasera,VENDIDO,SANTIAGO,60000,50000,,,
VERNA 2021,FRONTAL SUPERIOR,Frontal Superior,,NO DISPONIBLE,SANTIAGO,60000,50000,,,
VERNA 2021,FUNDA DE PARACHOQUE DELANTERO,Funda De Parachoque Delantero,Delantera,NO DISPONIBLE,N/A,,,,,
VERNA 2021,FUNDA DE PARACHOQUE TRASERO,Funda De Parachoque Trasero,Trasera,DISPONIBLE,SANTIAGO,50000,40000,,DETALLE,
VERNA 2021,GOMA CONTORNO DE MALETA,Goma Contorno De Maleta,,DISPONIBLE,SANTIAGO,,,,,
VERNA 2021,GOMA CONTORNO DE PUERTA TRASERO LH,Goma Contorno De Puerta Trasero,Trasera Izquierda,DISPONIBLE,SANTIAGO,,,,,
VERNA 2021,GOMA CONTORNO DE PUERTA TRASERO RH,Goma Contorno De Puerta Trasero,Trasera Derecha,DISPONIBLE,SANTIAGO,,,,,
VERNA 2021,GUANTERA ,Guantera ,,VENDIDO,SANTIAGO,25000,20000,,,
VERNA 2021,GUARDAFANGO DELANTERO LH,Guardafango Delantero,Delantera Izquierda,NO DISPONIBLE,SANTIAGO,,,,,
VERNA 2021,GUARDAFANGO TRASERO LH,Guardafango Trasero,Trasera Izquierda,DISPONIBLE,SANTIAGO,25000,20000,,,
VERNA 2021,GUARDAFANGO TRASERO RH,Guardafango Trasero,Trasera Derecha,DISPONIBLE,,25000,20000,,,Sin ubic
VERNA 2021,KIT DE EMBREAGE,Kit De Embreage,,DISPONIBLE,,55000,50000,,,Múltiples; Sin ubic
VERNA 2021,LLANTA CON NEUMÁTICO 1,Llanta Con Neumático 1,,VENDIDO,SANTIAGO,80000,70000,,,
VERNA 2021,LLANTA CON NEUMÁTICO 2,Llanta Con Neumático 2,,VENDIDO,SANTIAGO,80000,70000,,,
VERNA 2021,LLANTA CON NEUMÁTICO 3 CON DETALLE,Llanta Con Neumático 3 Con Detalle,,DISPONIBLE,,,,,,Daños; Sin ubic
VERNA 2021,LUNETA TRASERA,Luneta Trasera,Trasera,VENDIDO,SANTIAGO,110000,100000,,,
VERNA 2021,MALETA SOLO LATA,Maleta Solo Lata,,VENDIDO,SANTIAGO,130000,120000,,,
VERNA 2021,MANILLA DE TECHO DELANTERA RH,Manilla De Techo Delantera,Delantera Derecha,DISPONIBLE,SANTIAGO,,,,,
VERNA 2021,MANILLA DE TECHO TRASERA LH,Manilla De Techo Trasera,Trasera Izquierda,DISPONIBLE,SANTIAGO,,,,,
VERNA 2021,MANILLA DE TECHO TRASERA RH,Manilla De Techo Trasera,Trasera Derecha,DISPONIBLE,SANTIAGO,,,,,
VERNA 2021,MANILLA EXTERIOR PUERTA DELANTERA LH,Manilla Exterior Puerta Delantera,Delantera Izquierda,DISPONIBLE,SANTIAGO,30000,25000,,,
VERNA 2021,MANILLA EXTERIOR PUERTA DELANTERA RH,Manilla Exterior Puerta Delantera,Delantera Derecha,VENDIDO,SANTIAGO,25000,20000,,,
VERNA 2021,MANILLA EXTERIOR PUERTA TRASERA LH,Manilla Exterior Puerta Trasera,Trasera Izquierda,DISPONIBLE,SANTIAGO,25000,20000,,,
VERNA 2021,MANILLA EXTERIOR PUERTA TRASERA RH,Manilla Exterior Puerta Trasera,Trasera Derecha,DISPONIBLE,SANTIAGO,25000,20000,,,
VERNA 2021,MANILLA INTERIOR APERTURA CAPOT,Manilla Interior Apertura Capot,,DISPONIBLE,SANTIAGO,,,,,
VERNA 2021,MANILLA INTERIOR APERTURA MALETA,Manilla Interior Apertura Maleta,,DISPONIBLE,SANTIAGO,,,,,
VERNA 2021,MANILLA INTERIOR APERTURA TAPA DE BENCINA,Manilla Interior Apertura Tapa De Bencina,,DISPONIBLE,SANTIAGO,,,,,
VERNA 2021,MANILLA INTERIOR PUERTA DELANTERA RH,Manilla Interior Puerta Delantera,Delantera Derecha,DISPONIBLE,SANTIAGO,,,,,
VERNA 2021,MANILLA INTERIOR PUERTA TRASERA RH,Manilla Interior Puerta Trasera,Trasera Derecha,DISPONIBLE,SANTIAGO,,,,,
VERNA 2021,MAZA TRASERA LH,Maza Trasera,Trasera Izquierda,DISPONIBLE,,,,,,Sin ubic
VERNA 2021,MAZA TRASERA RH,Maza Trasera,Trasera Derecha,DISPONIBLE,,,,,,Sin ubic
VERNA 2021,MÉNSULA TRASERA LH,Ménsula Trasera,Trasera Izquierda,DISPONIBLE,SANTIAGO,10000,10000,,REPARADA,
VERNA 2021,MÉNSULA TRASERA RH,Ménsula Trasera,Trasera Derecha,VENDIDO,,15000,15000,,,Sin ubic
VERNA 2021,MÓDULO ABS,Módulo Abs,,DISPONIBLE,SANTIAGO,83300,70000,,,
VERNA 2021,MOLDURA TECHO LH,Moldura Techo,Izquierda,DISPONIBLE,SANTIAGO,30000,25000,,,
VERNA 2021,MOLDURA TECHO RH,Moldura Techo,Derecha,VENDIDO,SANTIAGO,45000,40000,,,
VERNA 2021,MOTOR DE CALEFACCIÓN ,Motor De Calefacción ,,DISPONIBLE,SANTIAGO,35000,30000,,,
VERNA 2021,MOTOR DE PARTIDA,Motor De Partida,,DISPONIBLE,SANTIAGO,90000,80000,,PRECIO ACTUALIZADO ,
VERNA 2021,MOTOR FACTURABLE ,Motor Facturable ,,VENDIDO,SANTIAGO,790000,750000,,PRECIO ACTUALIZADO ,
VERNA 2021,MULTIPLE DE ADMISION ,Multiple De Admision ,,VENDIDO,,60000,50000,,,Sin ubic
VERNA 2021,MUÑÓN CON MAZA DELANTERO LH,Muñón Con Maza Delantero,Delantera Izquierda,DISPONIBLE,,80000,70000,,,Sin ubic
VERNA 2021,MUÑÓN CON MAZA DELANTERO RH,Muñón Con Maza Delantero,Delantera Derecha,DISPONIBLE,,80000,70000,,,Sin ubic
VERNA 2021,ÓPTICO LH,Óptico,Izquierda,NO DISPONIBLE,N/A,,,,,
VERNA 2021,ÓPTICO RH,Óptico,Derecha,NO DISPONIBLE,N/A,,,,,
VERNA 2021,PALANCA DE CAMBIOS,Palanca De Cambios,,DISPONIBLE,SANTIAGO,,,,,
VERNA 2021,PALANCA FRENO DE MANO,Palanca Freno De Mano,,DISPONIBLE,SANTIAGO,,,,,
VERNA 2021,PARABRISAS ,Parabrisas ,,NO DISPONIBLE,,,,,,Sin ubic
VERNA 2021,PARASOL LH,Parasol,Izquierda,DISPONIBLE,SANTIAGO,20000,15000,,,
VERNA 2021,PARASOL RH,Parasol,Derecha,DISPONIBLE,SANTIAGO,20000,15000,,,
VERNA 2021,PEDAL DE FRENO,Pedal De Freno,,DISPONIBLE,SANTIAGO,,,,,
VERNA 2021,PIOLAS PALANCAS DE CAMBIO,Piolas Palancas De Cambio,,VENDIDO,SANTIAGO,55000,50000,,,
VERNA 2021,PLÁSTICO FUSILERA,Plástico Fusilera,,VENDIDO,SANTIAGO,,,,,
VERNA 2021,PORTA FILTRO,Porta Filtro,,DISPONIBLE,SANTIAGO,,,,"CON DETALLE, PEDIR FOTO",Revisar
VERNA 2021,PRENSA O KIT DE EMBRAGUE ,Prensa O Kit De Embrague ,,DISPONIBLE,,75000,70000,,"(DISCO, PRENSA Y RODAMIENTO DE EMPUJE)",Múltiples; Sin ubic
VERNA 2021,PUERTA DELANTERA SOLO LATA RH,Puerta Delantera Solo Lata,Delantera Derecha,VENDIDO,SANTIAGO,190000,180000,,ESTÁ COMPLETA,
VERNA 2021,PUERTA TRASERA SOLO LATA RH,Puerta Trasera Solo Lata,Trasera Derecha,VENDIDO,SANTIAGO,180000,170000,,,
VERNA 2021,RADIADOR DE AGUA O LÍQUIDO REFRIGERANTE,Radiador De Agua O Líquido Refrigerante,,NO DISPONIBLE,N/A,,,,,
VERNA 2021,RADIADOR DE CALEFACCIÓN ,Radiador De Calefacción ,,DISPONIBLE,SANTIAGO,30000,25000,,,
VERNA 2021,RADIO,Radio,,VENDIDO,SANTIAGO,75000,70000,,,
VERNA 2021,RAMAL DELANTERO COMPLETO,Ramal Delantero Completo,Delantera,VENDIDO,SANTIAGO,80000,80000,,,
VERNA 2021,REFLACTANTE TRASERO LH,Reflactante Trasero,Trasera Izquierda,DISPONIBLE,SANTIAGO,15000,10000,,,
VERNA 2021,REFLECTANTE PARACHOQUE TRASERO LH,Reflectante Parachoque Trasero,Trasera Izquierda,DISPONIBLE,,15000,10000,,,Sin ubic
VERNA 2021,RESISTENCIA DE CALEFACCIÓN INTERIOR,Resistencia De Calefacción Interior,,DISPONIBLE,SANTIAGO,25000,20000,,,
VERNA 2021,RIEL INYECCIÓN,Riel Inyección,,DISPONIBLE,,35700,30000,,sin inyectores,Sin ubic
VERNA 2021,SENSOR DE OXÍGENO POSICIÓN 2,Sensor De Oxígeno Posición 2,,DISPONIBLE,SANTIAGO,35000,30000,,,
VERNA 2021,SENSOR DE RETROCESO 1,Sensor De Retroceso 1,,VENDIDO,SANTIAGO,30000,25000,,,
VERNA 2021,SENSOR DE RETROCESO 2,Sensor De Retroceso 2,,DISPONIBLE,SANTIAGO,30000,25000,,,
VERNA 2021,SENSOR DE RETROCESO 3,Sensor De Retroceso 3,,DISPONIBLE,SANTIAGO,30000,25000,,,
VERNA 2021,SENSOR MAP,Sensor Map,,DISPONIBLE,,25000,20000,,,Sin ubic
VERNA 2021,SENSOR OXÍGENO BANCO 1,Sensor Oxígeno Banco 1,,VENDIDO,SANTIAGO,50000,50000,,,
VERNA 2021,SENSOR TRASERO,Sensor Trasero,Trasera,VENDIDO,,,,,,Sin ubic
VERNA 2021,SENSORES ABS (3),Sensores Abs (3),,DISPONIBLE,SANTIAGO,25000,20000,,CUALES?,Revisar
VERNA 2021,SERVO FRENO ,Servo Freno ,,DISPONIBLE,SANTIAGO,35700,30000,,,
VERNA 2021,SINÓPTICO,Sinóptico,,DISPONIBLE,,60000,50000,,,Sin ubic
VERNA 2021,SOPORTE DE MOTOR RH,Soporte De Motor,Derecha,DISPONIBLE,SANTIAGO,40000,35000,,,
VERNA 2021,TAPA DE BENCINA EXTERIOR,Tapa De Bencina Exterior,,DISPONIBLE,SANTIAGO,25000,20000,,,
VERNA 2021,TAPA DE BENCINA INTERIOR ,Tapa De Bencina Interior ,,DISPONIBLE,SANTIAGO,15000,10000,,,
VERNA 2021,TAPABARRO LH,Tapabarro,Izquierda,NO DISPONIBLE,N/A,,,,,
VERNA 2021,TAPABARRO RH ,Tapabarro ,Derecha,VENDIDO,SANTIAGO,75000,65000,,POCO DETALLE,
VERNA 2021,TAPIZ DE PUERTA DELANTERA LH,Tapiz De Puerta Delantera,Delantera Izquierda,DISPONIBLE,SANTIAGO,,,,,
VERNA 2021,TAPIZ DE PUERTA TRASERA LH,Tapiz De Puerta Trasera,Trasera Izquierda,DISPONIBLE,SANTIAGO,,,,,
VERNA 2021,TELECOMANDO,Telecomando,,DISPONIBLE,SANTIAGO,60000,50000,,,
VERNA 2021,TIRANTE PUERTA DELANTERA LH,Tirante Puerta Delantera,Delantera Izquierda,DISPONIBLE,,15000,15000,,,Sin ubic
VERNA 2021,TIRANTE PUERTA DELANTERA RH,Tirante Puerta Delantera,Delantera Derecha,DISPONIBLE,,15000,15000,,,Sin ubic
VERNA 2021,TIRANTE PUERTA TRASERA LH,Tirante Puerta Trasera,Trasera Izquierda,DISPONIBLE,,15000,15000,,,Sin ubic
VERNA 2021,TIRANTE PUERTA TRASERA RH,Tirante Puerta Trasera,Trasera Derecha,DISPONIBLE,SANTIAGO,15000,15000,,,
VERNA 2021,VARILLA CAPOT,Varilla Capot,,DISPONIBLE,SANTIAGO,,,,,
VERNA 2021,VIDRIO PUERTA TRASERA LH,Vidrio Puerta Trasera,Trasera Izquierda,DISPONIBLE,SANTIAGO,50000,40000,,,
VERNA 2021,VIDRIO PUERTA TRASERA RH,Vidrio Puerta Trasera,Trasera Derecha,DISPONIBLE,SANTIAGO,50000,40000,,,
VERNA 2021,VOLANTE,Volante,,DISPONIBLE,SANTIAGO,60000,50000,,,
VERSA 2022,ALFOMBRA CAPOT,Alfombra Capot,,VENDIDO,SANTIAGO,,,,,
VERSA 2022,ALTERNADOR,Alternador,,DISPONIBLE,SANTIAGO,100000,90000,,,
VERSA 2022,AMORTIGUADOR DELANTERO IZQUIERDO,Amortiguador Delantero Izquierdo,Delantera,VENDIDO,SANTIAGO,65000,60000,,,
VERSA 2022,AMORTIGUADOR DELNATERO DERECHO,Amortiguador Delnatero Derecho,,VENDIDO,SANTIAGO,65000,60000,,,
VERSA 2022,AMORTIGUDOR TRASERO LH,Amortigudor Trasero,Trasera Izquierda,DISPONIBLE,SANTIAGO,,,,,
VERSA 2022,AMORTIGUDOR TRASERO RH,Amortigudor Trasero,Trasera Derecha,DISPONIBLE,SANTIAGO,,,,,
VERSA 2022,ASIENTO DELANTERO LH,Asiento Delantero,Delantera Izquierda,VENDIDO,SANTIAGO,80000,70000,,,
VERSA 2022,ASIENTO DELANTERO RH,Asiento Delantero,Delantera Derecha,VENDIDO,SANTIAGO,80000,70000,,,
VERSA 2022,AUXILIAR USB ,Auxiliar Usb ,,DISPONIBLE,SANTIAGO,20000,15000,,,
VERSA 2022,BANDEJA DERECHA,Bandeja Derecha,,VENDIDO,SANTIAGO,45000,40000,,,
VERSA 2022,BANDEJA IZQUIERDA,Bandeja Izquierda,,VENDIDO,SANTIAGO,45000,40000,,,
VERSA 2022,BASE DE TERMOSTATO,Base De Termostato,,DISPONIBLE,SANTIAGO,35700,30000,,,
VERSA 2022,BASE SOPORTE INFERIOR,Base Soporte Inferior,,DISPONIBLE,,35000,30000,,,Sin ubic
VERSA 2022,BIELETA LH,Bieleta,Izquierda,VENDIDO,SANTIAGO,10000,10000,,,
VERSA 2022,BIELETA RH,Bieleta,Derecha,VENDIDO,SANTIAGO,10000,10000,,,
VERSA 2022,BISAGRA PUERTA TRASERA LH,Bisagra Puerta Trasera,Trasera Izquierda,DISPONIBLE,SANTIAGO,,,,INFERIOR,
VERSA 2022,BISAGRAS CAPOT,Bisagras Capot,,VENDIDO,SANTIAGO,55000,50000,,,
VERSA 2022,BISAGRAS PUERTA TRASERA RH,Bisagras Puerta Trasera,Trasera Derecha,DISPONIBLE,SANTIAGO,,,,SUPERIOR E INFERIOR,
VERSA 2022,BOBINA 1,Bobina 1,,DISPONIBLE,SANTIAGO,25000,20000,,,
VERSA 2022,BOBINA 2,Bobina 2,,DISPONIBLE,SANTIAGO,25000,20000,,,
VERSA 2022,BOBINA 3,Bobina 3,,DISPONIBLE,SANTIAGO,25000,20000,,,
VERSA 2022,BOBINA 4,Bobina 4,,DISPONIBLE,SANTIAGO,25000,20000,,,
VERSA 2022,BOMBA DE AGUA,Bomba De Agua,,VENDIDO,SANTIAGO,50000,45000,,,
VERSA 2022,BOMBA DE BENCINA ,Bomba De Bencina ,,VENDIDO,SANTIAGO,95000,85000,,,
VERSA 2022,BOMBA DE FRENO CON DEPÓSITO,Bomba De Freno Con Depósito,,DISPONIBLE,,70000,65000,,,Sin ubic
VERSA 2022,BOTÓN ALZAVIDRIOS TRASERO LH,Botón Alzavidrios Trasero,Trasera Izquierda,DISPONIBLE,SANTIAGO,,,,,
VERSA 2022,BOTÓN ALZAVIDRIOS TRASERO RH,Botón Alzavidrios Trasero,Trasera Derecha,DISPONIBLE,SANTIAGO,,,,,
VERSA 2022,BOTONERA DELANTERA LH,Botonera Delantera,Delantera Izquierda,VENDIDO,SANTIAGO,105000,95000,,,
VERSA 2022,BRAZO LIMPIA PARABRISAS LH,Brazo Limpia Parabrisas,Izquierda,DISPONIBLE,SANTIAGO,,,,,
VERSA 2022,BRAZO LIMPIA PARABRISAS RH,Brazo Limpia Parabrisas,Derecha,DISPONIBLE,SANTIAGO,,,,,
VERSA 2022,CAJA,Caja,,VENDIDO,SANTIAGO,430000,400000,,,
VERSA 2022,CALIPER DELANTERO LH,Caliper Delantero,Delantera Izquierda,DISPONIBLE,SANTIAGO,60000,55000,,,
VERSA 2022,CALIPER DELANTERO RH,Caliper Delantero,Delantera Derecha,DISPONIBLE,SANTIAGO,60000,55000,,,
VERSA 2022,CAPOT (CON DETALLE),Capot (Con Detalle),,NO DISPONIBLE,N/A,35000,30000,,,Daños
VERSA 2022,CATALÍTICO,Catalítico,,VENDIDO,SANTIAGO,,,,AL MONTÓN,
VERSA 2022,CHAPA CAPOT,Chapa Capot,,DISPONIBLE,SANTIAGO,25000,20000,,,
VERSA 2022,CINTA DE AIRBAG,Cinta De Airbag,,DISPONIBLE,SANTIAGO,35000,30000,,,
VERSA 2022,CINTURÓN TRASERO CENTRAL,Cinturón Trasero Central,Central,DISPONIBLE,SANTIAGO,,,,,
VERSA 2022,COLUMNA DE DIRECCIÓN,Columna De Dirección,,DISPONIBLE,SANTIAGO,110000,100000,,,
VERSA 2022,COMPRESOR DE AIRE ACONDICIONADO,Compresor De Aire Acondicionado,,DISPONIBLE,SANTIAGO,90000,80000,,,
VERSA 2022,CONECTOR PUERTA DELANTERA LH,Conector Puerta Delantera,Delantera Izquierda,DISPONIBLE,SANTIAGO,20000,15000,,,
VERSA 2022,CORTE DELANTERO LH,Corte Delantero,Delantera Izquierda,VENDIDO,,65000,65000,,,Sin ubic
VERSA 2022,CORTE DELANTERO RH,Corte Delantero,Delantera Derecha,VENDIDO,,65000,65000,,,Sin ubic
VERSA 2022,CREMALLERA DE ALZAVIDRIO DELANTERA RH,Cremallera De Alzavidrio Delantera,Delantera Derecha,DISPONIBLE,SANTIAGO,45000,35000,,,
VERSA 2022,CREMALLERA DE ALZAVIDRIO TRASERO LH,Cremallera De Alzavidrio Trasero,Trasera Izquierda,DISPONIBLE,SANTIAGO,45000,35000,,,
VERSA 2022,CREMALLERA DE ALZAVIDRIO TRASERO RH,Cremallera De Alzavidrio Trasero,Trasera Derecha,DISPONIBLE,SANTIAGO,45000,35000,,,
VERSA 2022,CREMALLERA DE DIRECCIÓN,Cremallera De Dirección,,VENDIDO,,170000,160000,,,Sin ubic
VERSA 2022,CUBRE CARTER,Cubre Carter,,NO DISPONIBLE,,,,,,Sin ubic
VERSA 2022,CUBRE MALETA,Cubre Maleta,,DISPONIBLE,REQUINOA,20000,15000,,,
VERSA 2022,CUBRE MOTOR,Cubre Motor,,NO DISPONIBLE,,,,,,Sin ubic
VERSA 2022,CUBRE RUEDA DE REPUESTO,Cubre Rueda De Repuesto,,NO DISPONIBLE,SANTIAGO,,,,,
VERSA 2022,CUBRE TORPEDO EXTERIOR,Cubre Torpedo Exterior,,VENDIDO,SANTIAGO,,,,,
VERSA 2022,CUERPO DE ACELERACIÓN,Cuerpo De Aceleración,,DISPONIBLE,SANTIAGO,95200,80000,,,
VERSA 2022,CUNA,Cuna,,DISPONIBLE,SANTIAGO,150000,140000,,,
VERSA 2022,DEFLECTORES (GUÍA DE PARACHOQUE),Deflectores (Guía De Parachoque),,NO DISPONIBLE,N/A,,,,ROTOS,
VERSA 2022,DEPÓSITO DE AGUA O LÍQUIDO REFRIGERANTE ,Depósito De Agua O Líquido Refrigerante ,,DISPONIBLE,SANTIAGO,30000,25000,,,
VERSA 2022,DEPÓSITO LIMPIAPARABRISAS ,Depósito Limpiaparabrisas ,,DISPONIBLE,SANTIAGO,65000,60000,,,
VERSA 2022,DISCO DE FRENO DELANTERO LH,Disco De Freno Delantero,Delantera Izquierda,DISPONIBLE,SANTIAGO,30000,25000,,PUESTO AÚN,
VERSA 2022,DISCO DE FRENO DELANTERO RH,Disco De Freno Delantero,Delantera Derecha,DISPONIBLE,SANTIAGO,30000,25000,,PUESTO AÚN,
VERSA 2022,EJE PALIER DERECHO,Eje Palier Derecho,,VENDIDO,SANTIAGO,95000,90000,,,
VERSA 2022,EJE PALIER IZQUIERDO,Eje Palier Izquierdo,,VENDIDO,SANTIAGO,85000,80000,,,
VERSA 2022,EJE TRASERO ,Eje Trasero ,Trasera,NO DISPONIBLE,SANTIAGO,,,,MALO,
VERSA 2022,ELECTROVENTILADOR ,Electroventilador ,,VENDIDO,SANTIAGO,190000,180000,,,
VERSA 2022,EMBELLECEDOR PARACHOQUE,Embellecedor Parachoque,,VENDIDO,SANTIAGO,5000,5000,,,
VERSA 2022,ENCENDEDOR DE CIGARROS,Encendedor De Cigarros,,DISPONIBLE,SANTIAGO,15000,10000,,,
VERSA 2022,ESPEJO CENTRAL ,Espejo Central ,Central,DISPONIBLE,,20000,15000,,,Sin ubic
VERSA 2022,ESPEJO LH,Espejo,Izquierda,VENDIDO,SANTIAGO,60000,50000,,,
VERSA 2022,ESPEJO RH,Espejo,Derecha,VENDIDO,SANTIAGO,60000,50000,,,
VERSA 2022,EVAPORIZADOR CALEFACCIÓN,Evaporizador Calefacción,,VENDIDO,SANTIAGO,60000,55000,,,
VERSA 2022,FILTRO DE AIRE,Filtro De Aire,,VENDIDO,SANTIAGO,55000,55000,,,
VERSA 2022,FOCO INTERIOR LUZ TECHO CENTRAL ,Foco Interior Luz Techo Central ,Central,DISPONIBLE,SANTIAGO,20000,15000,,,
VERSA 2022,FOCO INTERIOR LUZ TECHO DELANTERA ,Foco Interior Luz Techo Delantera ,Delantera,DISPONIBLE,SANTIAGO,25000,20000,,,
VERSA 2022,FOCO TRASERO INTERIOR RH,Foco Trasero Interior,Trasera Derecha,VENDIDO,SANTIAGO,15000,10000,,TRIZADO Y CON LA PPU MARCADA,
VERSA 2022,FRONTAL SUPERIOR,Frontal Superior,,DISPONIBLE,SANTIAGO,60000,55000,,,
VERSA 2022,FUNDA DE PARACHOQUE DELANTERO (CON DETALLE),Funda De Parachoque Delantero (Con Detalle),Delantera,VENDIDO,SANTIAGO,40000,35000,,,Daños
VERSA 2022,FUSILERA EXTERIOR CON RAMAL,Fusilera Exterior Con Ramal,,DISPONIBLE,,95000,85000,,,Sin ubic
VERSA 2022,GANCHO O CHAPA DE SEGURIDAD CAPOT,Gancho O Chapa De Seguridad Capot,,DISPONIBLE,SANTIAGO,25000,20000,,,
VERSA 2022,GATA,Gata,,DISPONIBLE,,25000,20000,,,Sin ubic
VERSA 2022,GUARDAFANGO DERECHO,Guardafango Derecho,,VENDIDO,SANTIAGO,35000,30000,,PREGUNTAR QUE LADO SE VENDIÓ,Revisar
VERSA 2022,GUARDAFANGO IZQUIERDO,Guardafango Izquierdo,,VENDIDO,SANTIAGO,35000,30000,,,
VERSA 2022,KIT DE AIRBAG,Kit De Airbag,,VENDIDO,SANTIAGO,550000,500000,,,Múltiples
VERSA 2022,KIT ENCENDIDO ,Kit Encendido ,,VENDIDO,SANTIAGO,370000,360000,,,Múltiples
VERSA 2022,LLANTA Y NEUMÁTICO,Llanta Y Neumático,,VENDIDO,SANTIAGO,55000,50000,,,
VERSA 2022,LLANTA Y NEUMÁTICO 2,Llanta Y Neumático 2,,VENDIDO,SANTIAGO,55000,50000,,,
VERSA 2022,LLANTA Y NEUMÁTICO 3,Llanta Y Neumático 3,,VENDIDO,SANTIAGO,55000,50000,,,
VERSA 2022,LLANTA Y NEUMÁTICO 4,Llanta Y Neumático 4,,DISPONIBLE,SANTIAGO,40000,30000,,CON DETALLE,
VERSA 2022,LOGO O EMBLEMA DELANTERO PATENTE GRABADA,Logo O Emblema Delantero Patente Grabada,Delantera,VENDIDO,SANTIAGO,15000,10000,,,
VERSA 2022,LUNETA PUERTA TRASERA RH,Luneta Puerta Trasera,Trasera Derecha,VENDIDO,SANTIAGO,35000,30000,,VIDRIO PEQUEÑO,
VERSA 2022,MANILLA DE TECHO DELANTERA RH,Manilla De Techo Delantera,Delantera Derecha,DISPONIBLE,SANTIAGO,,,,,
VERSA 2022,MANILLA DE TECHO TRASERA LH,Manilla De Techo Trasera,Trasera Izquierda,DISPONIBLE,SANTIAGO,,,,,
VERSA 2022,MANILLA DE TECHO TRASERA RH,Manilla De Techo Trasera,Trasera Derecha,DISPONIBLE,SANTIAGO,,,,,
VERSA 2022,MANILLA EXTERIOR DELANTERA LH,Manilla Exterior Delantera,Delantera Izquierda,DISPONIBLE,SANTIAGO,25000,20000,,,
VERSA 2022,MANILLA EXTERIOR DELANTERA RH,Manilla Exterior Delantera,Delantera Derecha,DISPONIBLE,SANTIAGO,25000,20000,,,
VERSA 2022,MANILLA EXTERIOR TRASERA LH,Manilla Exterior Trasera,Trasera Izquierda,DISPONIBLE,SANTIAGO,25000,20000,,,
VERSA 2022,MANILLA EXTERIOR TRASERA RH,Manilla Exterior Trasera,Trasera Derecha,DISPONIBLE,SANTIAGO,25000,20000,,,
VERSA 2022,MANILLA INTERIOR PUERTA DELANTERA LH,Manilla Interior Puerta Delantera,Delantera Izquierda,VENDIDO,SANTIAGO,50000,45000,,,
VERSA 2022,MANILLA INTERIOR PUERTA DELANTERA RH,Manilla Interior Puerta Delantera,Delantera Derecha,POR CONFIRMAR,,50000,45000,,,Sin ubic
VERSA 2022,MANILLA INTERIOR PUERTA TRASERA LH,Manilla Interior Puerta Trasera,Trasera Izquierda,DISPONIBLE,SANTIAGO,50000,45000,,,
VERSA 2022,MANILLA INTERIOR PUERTA TRASERA RH,Manilla Interior Puerta Trasera,Trasera Derecha,DISPONIBLE,SANTIAGO,50000,45000,,,
VERSA 2022,MÁSCARA,Máscara,,VENDIDO,SANTIAGO,5000,,,,
VERSA 2022,MAZA Y RODAMIENTO TRASERO LH,Maza Y Rodamiento Trasero,Trasera Izquierda,DISPONIBLE,SANTIAGO,,,,,
VERSA 2022,MAZA Y RODAMIENTO TRASERO RH,Maza Y Rodamiento Trasero,Trasera Derecha,DISPONIBLE,SANTIAGO,,,,,
VERSA 2022,MÉNSULA DELANTERA LH,Ménsula Delantera,Delantera Izquierda,DISPONIBLE,SANTIAGO,13000,10000,,,
VERSA 2022,MÉNSULA DELANTERA RH,Ménsula Delantera,Delantera Derecha,DISPONIBLE,SANTIAGO,,,,,
VERSA 2022,MÓDULO ABS AUTOMATICO 4X2,Módulo Abs Automatico 4X2,,DISPONIBLE,,85000,70000,,,Sin ubic
VERSA 2022,MOLDURA DE TECHO LH,Moldura De Techo,Izquierda,DISPONIBLE,SANTIAGO,,,,,
VERSA 2022,MOLDURA INTERIOR TAPABARRO LH,Moldura Interior Tapabarro,Izquierda,DISPONIBLE,SANTIAGO,15000,10000,,,
VERSA 2022,MOLDURA TRIÁNGULO DE TABABARRO LH,Moldura Triángulo De Tababarro,Izquierda,DISPONIBLE,SANTIAGO,20000,15000,,,
VERSA 2022,MOTOR DE CALEFACCIÓN,Motor De Calefacción,,DISPONIBLE,SANTIAGO,,,,,
VERSA 2022,MOTOR DE PARTIDA,Motor De Partida,,VENDIDO,SANTIAGO,85000,80000,,,
VERSA 2022,MOTOR FACTURABLE,Motor Facturable,,VENDIDO,SANTIAGO,590000,590000,,PRECIO ACTUALIZADO,
VERSA 2022,MÚLTIPLE DE ADMISIÓN,Múltiple De Admisión,,DISPONIBLE,,95000,90000,,,Sin ubic
VERSA 2022,MUNÓN CON MAZA TRASERA LH,Munón Con Maza Trasera,Trasera Izquierda,VENDIDO,SANTIAGO,45000,40000,,,
VERSA 2022,MUÑÓN CON MAZA DELANTERO LH,Muñón Con Maza Delantero,Delantera Izquierda,DISPONIBLE,SANTIAGO,60000,55000,,INCLUYE EL DISCO,
VERSA 2022,MUÑÓN CON MAZA DELANTERO RH,Muñón Con Maza Delantero,Delantera Derecha,DISPONIBLE,SANTIAGO,60000,55000,,INCLUYE EL DISCO,
VERSA 2022,MUÑÓN CON MAZA TRASERA RH,Muñón Con Maza Trasera,Trasera Derecha,VENDIDO,SANTIAGO,45000,40000,,,
VERSA 2022,OPTICO DERECHO ,Optico Derecho ,,VENDIDO,SANTIAGO,110000,100000,,,
VERSA 2022,PALANCA DE CAMBIO,Palanca De Cambio,,VENDIDO,SANTIAGO,70000,65000,,,
VERSA 2022,PALANCA DE FRENO DE MANOS,Palanca De Freno De Manos,,DISPONIBLE,SANTIAGO,,,,,
VERSA 2022,PARABRISAS,Parabrisas,,VENDIDO,SANTIAGO,85000,80000,,,
VERSA 2022,PARASOL LH,Parasol,Izquierda,VENDIDO,SANTIAGO,30000,25000,,,
VERSA 2022,PARASOL RH,Parasol,Derecha,VENDIDO,SANTIAGO,25000,20000,,,
VERSA 2022,PASTILLAS DE FRENO DELANTERAS X4,Pastillas De Freno Delanteras X4,Delantera,VENDIDO,SANTIAGO,25000,25000,,,
VERSA 2022,PATA REFUERZO DE PARACHOQUE DERECHO,Pata Refuerzo De Parachoque Derecho,,DISPONIBLE,,25000,20000,,,Sin ubic
VERSA 2022,PATA REFUERZO DE PARACHOQUE IZQUIERDO,Pata Refuerzo De Parachoque Izquierdo,,DISPONIBLE,,25000,20000,,,Sin ubic
VERSA 2022,PIOLAS PALANCA DE CAMBIO,Piolas Palanca De Cambio,,VENDIDO,SANTIAGO,45000,40000,,,
VERSA 2022,PLÁSTICO TRIÁNGULO TAPABARRO RH,Plástico Triángulo Tapabarro,Derecha,VENDIDO,SANTIAGO,20000,15000,,,
VERSA 2022,PORTA BCM O FUSILERA DELANTERA,Porta Bcm O Fusilera Delantera,Delantera,VENDIDO,SANTIAGO,,,,,
VERSA 2022,PORTA FILTRO ,Porta Filtro ,,DISPONIBLE,,60000,55000,,,Sin ubic
VERSA 2022,PRENSA,Prensa,,DISPONIBLE,,,,,,Sin ubic
VERSA 2022,PUERTA DELANTERA LH SOLO LATA,Puerta Delantera Solo Lata,Delantera Izquierda,VENDIDO,SANTIAGO,130000,120000,,,
VERSA 2022,PUERTA DELANTERA RH SOLO LATA,Puerta Delantera Solo Lata,Delantera Derecha,VENDIDO,SANTIAGO,80000,75000,,PRECIO ACTUALIZADO,
VERSA 2022,PUERTA TRASERA LH SOLO LATA,Puerta Trasera Solo Lata,Trasera Izquierda,NO DISPONIBLE,SANTIAGO,40000,40000,,MALA,
VERSA 2022,PUERTA TRASERA RH SOLO LATA,Puerta Trasera Solo Lata,Trasera Derecha,VENDIDO,SANTIAGO,80000,75000,,PRECIO ACTUALIZADO,
VERSA 2022,RADIADOR AGUA ,Radiador Agua ,,DISPONIBLE,,130000,120000,,CON DETALLE,Sin ubic
VERSA 2022,RADIADOR AIRE,Radiador Aire,,VENDIDO,SANTIAGO,130000,120000,,,
VERSA 2022,RADIADOR CALEFACCIÓN,Radiador Calefacción,,DISPONIBLE,SANTIAGO,60000,55000,,,
VERSA 2022,RADIO,Radio,,VENDIDO,SANTIAGO,95000,85000,,,
VERSA 2022,RAMAL EXTERIOR,Ramal Exterior,,DISPONIBLE,SANTIAGO,,,,,
VERSA 2022,RAMAL INTERIOR CON FUSILERA INTERIOR,Ramal Interior Con Fusilera Interior,,VENDIDO,SANTIAGO,50000,40000,,,
VERSA 2022,RAMAL PUERTA DELANTERA LH,Ramal Puerta Delantera,Delantera Izquierda,VENDIDO,SANTIAGO,20000,15000,,,
VERSA 2022,REFUERZO DE PARACHOQUE DELANTERO CON DETALLE,Refuerzo De Parachoque Delantero Con Detalle,Delantera,DISPONIBLE,,35000,30000,,,Daños; Sin ubic
VERSA 2022,REFUERZO DE PARACHOQUE TRASERO,Refuerzo De Parachoque Trasero,Trasera,DISPONIBLE,SANTIAGO,35000,30000,,,
VERSA 2022,REJILLA INTERIOR CENTRAL,Rejilla Interior Central,Central,VENDIDO,SANTIAGO,25000,20000,,,
VERSA 2022,RESISTENCIA  ELECTROVENTILADOR,Resistencia  Electroventilador,,DISPONIBLE,,45000,40000,,,Sin ubic
VERSA 2022,RESISTENCIA CALEFACCION,Resistencia Calefaccion,,DISPONIBLE,SANTIAGO,40000,35000,,,
VERSA 2022,RESONADOR DE AIRE,Resonador De Aire,,DISPONIBLE,,25000,20000,,,Sin ubic
VERSA 2022,RUEDA DE REPUESTO,Rueda De Repuesto,,VENDIDO,SANTIAGO,,,,,
VERSA 2022,SENSOR ABS DELANTERO LH,Sensor Abs Delantero,Delantera Izquierda,DISPONIBLE,SANTIAGO,,,,,
VERSA 2022,SENSOR ABS DELANTERO RH,Sensor Abs Delantero,Delantera Derecha,DISPONIBLE,SANTIAGO,,,,,
VERSA 2022,SENSOR ABS TRASERO LH,Sensor Abs Trasero,Trasera Izquierda,DISPONIBLE,SANTIAGO,,,,,
VERSA 2022,SENSOR ABS TRASERO RH,Sensor Abs Trasero,Trasera Derecha,DISPONIBLE,SANTIAGO,,,,,
VERSA 2022,SENSOR DE GIRO,Sensor De Giro,,DISPONIBLE,SANTIAGO,90000,80000,,,
VERSA 2022,SENSOR DE OXÍGENO BANCO 1,Sensor De Oxígeno Banco 1,,DISPONIBLE,SANTIAGO,35700,30000,,,
VERSA 2022,SENSOR MAF O FLUJÓMETRO ,Sensor Maf O Flujómetro ,,DISPONIBLE,SANTIAGO,25000,20000,,,
VERSA 2022,SOPORTE CENTRAL (HUESO),Soporte Central (Hueso),Central,VENDIDO,SANTIAGO,50000,45000,,,
VERSA 2022,SOPORTE DE MOTOR O CAJA LH,Soporte De Motor O Caja,Izquierda,VENDIDO,SANTIAGO,90000,85000,,,
VERSA 2022,SOPORTE DE MOTOR RH,Soporte De Motor,Derecha,VENDIDO,SANTIAGO,70000,65000,,,
VERSA 2022,TAMBOR DE FRENO TRASERO LH,Tambor De Freno Trasero,Trasera Izquierda,DISPONIBLE,SANTIAGO,20000,15000,,,
VERSA 2022,TAMBOR DE FRENO TRASERO RH,Tambor De Freno Trasero,Trasera Derecha,DISPONIBLE,SANTIAGO,20000,15000,,,
VERSA 2022,TAPA DE BENCINA EXTERIOR,Tapa De Bencina Exterior,,NO DISPONIBLE,N/A,,,,,
VERSA 2022,TAPA NEBLINERO LH,Tapa Neblinero,Izquierda,DISPONIBLE,,15000,10000,,,Sin ubic
VERSA 2022,TAPA NEBLINERO RH,Tapa Neblinero,Derecha,DISPONIBLE,,15000,10000,,,Sin ubic
VERSA 2022,TAPA REMOLQUE,Tapa Remolque,,VENDIDO,SANTIAGO,10000,,,,
VERSA 2022,TAPABARRO RH,Tapabarro,Derecha,VENDIDO,SANTIAGO,65000,60000,,,
VERSA 2022,TAPAS DE RUEDA 1,Tapas De Rueda 1,,VENDIDO,SANTIAGO,25000,20000,,,
VERSA 2022,TAPAS DE RUEDA 2,Tapas De Rueda 2,,VENDIDO,SANTIAGO,15000,10000,,,
VERSA 2022,TAPAS DE RUEDA 3,Tapas De Rueda 3,,VENDIDO,SANTIAGO,5000,5000,,,
VERSA 2022,TAPAS DE RUEDA 4,Tapas De Rueda 4,,VENDIDO,SANTIAGO,5000,5000,,,
VERSA 2022,TAPIZ PUERTA DELANTERA LH,Tapiz Puerta Delantera,Delantera Izquierda,VENDIDO,SANTIAGO,25000,20000,,,
VERSA 2022,TAPIZ PUERTA DELANTERA RH,Tapiz Puerta Delantera,Delantera Derecha,DISPONIBLE,,25000,20000,,,Sin ubic
VERSA 2022,TAPIZ PUERTA TRASERA LH,Tapiz Puerta Trasera,Trasera Izquierda,DISPONIBLE,,25000,20000,,,Sin ubic
VERSA 2022,TAPIZ PUERTA TRASERA RH,Tapiz Puerta Trasera,Trasera Derecha,DISPONIBLE,,25000,20000,,,Sin ubic
VERSA 2022,TAPIZ TECHO (CON DETALLE),Tapiz Techo (Con Detalle),,VENDIDO,SANTIAGO,25000,15000,,,Daños
VERSA 2022,TECHO SOLO LATA,Techo Solo Lata,,DISPONIBLE,,65000,60000,,TIENE DETALLE,Sin ubic
VERSA 2022,TELECOMANDO ,Telecomando ,,DISPONIBLE,SANTIAGO,95000,85000,,,
VERSA 2022,TIRANTE DE PUERTA DELANTERA LH,Tirante De Puerta Delantera,Delantera Izquierda,DISPONIBLE,SANTIAGO,10000,10000,,,
VERSA 2022,TOMA DE AIRE PORTA FILTRO,Toma De Aire Porta Filtro,,DISPONIBLE,,28000,25000,,PLÁSTICO,Sin ubic
VERSA 2022,VARILLA CAPOT,Varilla Capot,,DISPONIBLE,SANTIAGO,,,,,
VERSA 2022,VIDRIO PUERTA DELANTERA RH ,Vidrio Puerta Delantera ,Delantera Derecha,DISPONIBLE,SANTIAGO,50000,45000,,,
VERSA 2022,VIDRIO PUERTA DELANTERO LH,Vidrio Puerta Delantero,Delantera Izquierda,DISPONIBLE,SANTIAGO,50000,45000,,,
VERSA 2022,VIDRIO PUERTA TRASERA LH,Vidrio Puerta Trasera,Trasera Izquierda,DISPONIBLE,SANTIAGO,45000,40000,,,
VERSA 2022,VIDRIO PUERTA TRASERA RH,Vidrio Puerta Trasera,Trasera Derecha,VENDIDO,SANTIAGO,45000,40000,,,
VERSA 2022,VOLANTE,Volante,,DISPONIBLE,SANTIAGO,45000,40000,,,
XTRAIL 2016,ABSORBEDOR DE IMPACTO PARACHOQUE DELANTERO,Absorbedor De Impacto Parachoque Delantero,Delantera,VENDIDO,SANTIAGO,25000,20000,,,
XTRAIL 2016,ALFOMBRA CUBRE RUEDA DE REPUESTO,Alfombra Cubre Rueda De Repuesto,,DISPONIBLE,,25000,20000,,,Sin ubic
XTRAIL 2016,ALTERNADOR,Alternador,,DISPONIBLE,SANTIAGO,110000,100000,,,
XTRAIL 2016,AMORTIGUADOR DELANTERO LH,Amortiguador Delantero,Delantera Izquierda,DISPONIBLE,SANTIAGO,90000,85000,,,
XTRAIL 2016,AMORTIGUADOR DELANTERO RH,Amortiguador Delantero,Delantera Derecha,DISPONIBLE,SANTIAGO,90000,85000,,,
XTRAIL 2016,AMORTIGUADOR TRASERO LH,Amortiguador Trasero,Trasera Izquierda,DISPONIBLE,SANTIAGO,,,,,
XTRAIL 2016,AMORTIGUADOR TRASERO RH,Amortiguador Trasero,Trasera Derecha,DISPONIBLE,SANTIAGO,,,,,
XTRAIL 2016,ASIENTO DELANTERO LH,Asiento Delantero,Delantera Izquierda,DISPONIBLE,SANTIAGO,65000,60000,,,
XTRAIL 2016,ASIENTO DELANTERO RH,Asiento Delantero,Delantera Derecha,DISPONIBLE,SANTIAGO,65000,60000,,,
XTRAIL 2016,ASIENTOS TRASEROS,Asientos Traseros,Trasera,DISPONIBLE,,65000,60000,,,Sin ubic
XTRAIL 2016,AUXILIAR USB ,Auxiliar Usb ,,DISPONIBLE,SANTIAGO,15000,10000,,,
XTRAIL 2016,BANDEJA DELANTERA LH ,Bandeja Delantera ,Delantera Izquierda,VENDIDO,SANTIAGO,45000,40000,,,
XTRAIL 2016,BANDEJA DELANTERA RH ,Bandeja Delantera ,Delantera Derecha,DISPONIBLE,SANTIAGO,45000,40000,,,
XTRAIL 2016,BANDEJA TRASERA LH,Bandeja Trasera,Trasera Izquierda,DISPONIBLE,SANTIAGO,,,,,
XTRAIL 2016,BANDEJA TRASERA RH,Bandeja Trasera,Trasera Derecha,DISPONIBLE,SANTIAGO,,,,,
XTRAIL 2016,BARRA TECHO LH,Barra Techo,Izquierda,VENDIDO,SANTIAGO,45000,40000,,EL PAR EN 75000 TRANSFERENCIA,
XTRAIL 2016,BARRA TECHO RH,Barra Techo,Derecha,VENDIDO,SANTIAGO,45000,40000,,EL PAR EN 70000 EFECTIVO,
XTRAIL 2016,BASE BATERÍA,Base Batería,,DISPONIBLE,SANTIAGO,20000,15000,,,
XTRAIL 2016,BASE SOPORTE,Base Soporte,,DISPONIBLE,SANTIAGO,35000,30000,,,
XTRAIL 2016,BASE TERMOSTATO,Base Termostato,,VENDIDO,SANTIAGO,,,,,
XTRAIL 2016,BCM ,Bcm ,,DISPONIBLE,SANTIAGO,120000,100000,,,
XTRAIL 2016,BISAGRA CAPOT LH,Bisagra Capot,Izquierda,VENDIDO,SANTIAGO,45000,40000,,,
XTRAIL 2016,BISAGRA CAPOT RH,Bisagra Capot,Derecha,VENDIDO,SANTIAGO,45000,40000,,,
XTRAIL 2016,BISAGRA DE PORTALÓN LH,Bisagra De Portalón,Izquierda,VENDIDO,SANTIAGO,20000,15000,,,
XTRAIL 2016,BISAGRA DE PORTALÓN RH,Bisagra De Portalón,Derecha,VENDIDO,SANTIAGO,20000,15000,,,
XTRAIL 2016,BISAGRAS PUERTA DELANTERA LH,Bisagras Puerta Delantera,Delantera Izquierda,DISPONIBLE,,15000,10000,,,Sin ubic
XTRAIL 2016,BISAGRAS PUERTA DELANTERA RH,Bisagras Puerta Delantera,Delantera Derecha,DISPONIBLE,,15000,10000,,,Sin ubic
XTRAIL 2016,BISAGRAS PUERTA TRASERA LH,Bisagras Puerta Trasera,Trasera Izquierda,DISPONIBLE,SANTIAGO,15000,10000,,,
XTRAIL 2016,BISAGRAS PUERTA TRASERA RH,Bisagras Puerta Trasera,Trasera Derecha,DISPONIBLE,SANTIAGO,15000,10000,,,
XTRAIL 2016,BOBINA 1,Bobina 1,,DISPONIBLE,SANTIAGO,20000,15000,,,
XTRAIL 2016,BOBINA 2,Bobina 2,,DISPONIBLE,SANTIAGO,20000,15000,,,
XTRAIL 2016,BOBINA 3,Bobina 3,,DISPONIBLE,SANTIAGO,20000,15000,,,
XTRAIL 2016,BOBINA 4,Bobina 4,,DISPONIBLE,SANTIAGO,20000,15000,,,
XTRAIL 2016,BOMBA DE ACEITE CAJA,Bomba De Aceite Caja,,VENDIDO,SANTIAGO,90000,85000,,,
XTRAIL 2016,BOMBA DE AGUA,Bomba De Agua,,DISPONIBLE,SANTIAGO,40000,35000,,,
XTRAIL 2016,BOMBA DE BENCINA,Bomba De Bencina,,DISPONIBLE,SANTIAGO,65000,55000,,,
XTRAIL 2016,BOMBA DE BENCINA PEQUEÑA  (FLOTADOR),Bomba De Bencina Pequeña  (Flotador),,DISPONIBLE,,,,,,Sin ubic
XTRAIL 2016,BOTÓN DE ENCENDIDO,Botón De Encendido,,DISPONIBLE,SANTIAGO,,,,,
XTRAIL 2016,BOTÓN DE VELOCIDAD CRUCERO ,Botón De Velocidad Crucero ,,DISPONIBLE,SANTIAGO,10000,10000,,,
XTRAIL 2016,BOTÓN PUERTA DELANTERA RH,Botón Puerta Delantera,Delantera Derecha,DISPONIBLE,,15000,10000,,,Sin ubic
XTRAIL 2016,BOTÓN PUERTA TRASERA LH,Botón Puerta Trasera,Trasera Izquierda,DISPONIBLE,,15000,10000,,,Sin ubic
XTRAIL 2016,BOTÓN PUERTA TRASERA RH,Botón Puerta Trasera,Trasera Derecha,DISPONIBLE,,15000,10000,,,Sin ubic
XTRAIL 2016,BOTONERA PUERTA DELANTERA LH,Botonera Puerta Delantera,Delantera Izquierda,VENDIDO,SANTIAGO,50000,40000,,,
XTRAIL 2016,BRAZO DE SUSPENSIÓN TRASERO LH,Brazo De Suspensión Trasero,Trasera Izquierda,DISPONIBLE,SANTIAGO,,,,,
XTRAIL 2016,BRAZO DE SUSPENSIÓN TRASERO RH,Brazo De Suspensión Trasero,Trasera Derecha,DISPONIBLE,SANTIAGO,,,,,
XTRAIL 2016,BRAZO EXTENSIÓN TRASERA ,Brazo Extensión Trasera ,Trasera,DISPONIBLE,SANTIAGO,,,,,
XTRAIL 2016,BRAZO EXTENSIÓN TRASERA LH,Brazo Extensión Trasera,Trasera Izquierda,DISPONIBLE,SANTIAGO,,,,,
XTRAIL 2016,BRAZO LIMPIA LUNETA TRASERA,Brazo Limpia Luneta Trasera,Trasera,DISPONIBLE,SANTIAGO,20000,15000,,,
XTRAIL 2016,BRAZO LIMPIA PARABRISAS LH,Brazo Limpia Parabrisas,Izquierda,DISPONIBLE,SANTIAGO,20000,15000,,,
XTRAIL 2016,BRAZO LIMPIA PARABRISAS RH,Brazo Limpia Parabrisas,Derecha,DISPONIBLE,SANTIAGO,20000,15000,,,
XTRAIL 2016,CAJA DE CAMBIOS AT (PARA REPUESTO),Caja De Cambios At (Para Repuesto),,VENDIDO,SANTIAGO,,,,MALA,
XTRAIL 2016,CAJA PORTA FUCIBLE MOTOR,Caja Porta Fucible Motor,,DISPONIBLE,,35000,30000,,,Sin ubic
XTRAIL 2016,CALIPER DELANTERO LH,Caliper Delantero,Delantera Izquierda,DISPONIBLE,SANTIAGO,35000,30000,,,
XTRAIL 2016,CALIPER DELANTERO RH,Caliper Delantero,Delantera Derecha,DISPONIBLE,SANTIAGO,35000,30000,,,
XTRAIL 2016,CALIPER TRASERO LH,Caliper Trasero,Trasera Izquierda,DISPONIBLE,SANTIAGO,,,,,
XTRAIL 2016,CALIPER TRASERO RH,Caliper Trasero,Trasera Derecha,DISPONIBLE,SANTIAGO,,,,,
XTRAIL 2016,CÁMARA DE RETROCESO,Cámara De Retroceso,,VENDIDO,SANTIAGO,25000,20000,,,
XTRAIL 2016,CAÑERÍAS AIRE ACONDICIONADO CADA UNA,Cañerías Aire Acondicionado Cada Una,,DISPONIBLE,SANTIAGO,45000,40000,,,
XTRAIL 2016,CAÑERÍAS AIRE ACONDICIONADO JUEGO,Cañerías Aire Acondicionado Juego,,DISPONIBLE,SANTIAGO,90000,80000,,,Múltiples
XTRAIL 2016,CAPOT,Capot,,VENDIDO,SANTIAGO,230000,220000,,,
XTRAIL 2016,CATALÍTICO,Catalítico,,VENDIDO,SANTIAGO,,,,SE DEBEN SEPARAR?,Revisar
XTRAIL 2016,CHAPA CAPOT,Chapa Capot,,VENDIDO,SANTIAGO,25000,20000,,,
XTRAIL 2016,CHAPA PORTALÓN,Chapa Portalón,,DISPONIBLE,SANTIAGO,35000,30000,,,
XTRAIL 2016,CHAPA PUERTA DELANTERA LH,Chapa Puerta Delantera,Delantera Izquierda,VENDIDO,,75000,70000,,,Sin ubic
XTRAIL 2016,CHAPA PUERTA DELANTERA RH,Chapa Puerta Delantera,Delantera Derecha,DISPONIBLE,,75000,70000,,,Sin ubic
XTRAIL 2016,CHAPA PUERTA TRASERA LH,Chapa Puerta Trasera,Trasera Izquierda,DISPONIBLE,,45000,40000,,,Sin ubic
XTRAIL 2016,CHAPA PUERTA TRASERA RH,Chapa Puerta Trasera,Trasera Derecha,DISPONIBLE,,35000,30000,,,Sin ubic
XTRAIL 2016,CINTA DE AIRBAG,Cinta De Airbag,,DISPONIBLE,SANTIAGO,35000,30000,,,
XTRAIL 2016,COFIA CON BISEL DE SINÓPTICO,Cofia Con Bisel De Sinóptico,,DISPONIBLE,SANTIAGO,,,,,
XTRAIL 2016,COLUMNA DE DIRECCIÓN ELECTRONICA,Columna De Dirección Electronica,,DISPONIBLE,SANTIAGO,180000,170000,,,
XTRAIL 2016,COMPRESOR AIRE ACONDICIONADO,Compresor Aire Acondicionado,,DISPONIBLE,SANTIAGO,80000,70000,,,
XTRAIL 2016,CONTROL DE CALEFACCIÓN,Control De Calefacción,,VENDIDO,,50000,45000,,,Sin ubic
XTRAIL 2016,CONTROL DE ESPEJOS,Control De Espejos,,DISPONIBLE,SANTIAGO,,,,,
XTRAIL 2016,CONVERTIDOR,Convertidor,,VENDIDO,SANTIAGO,,,,,
XTRAIL 2016,CREMALLERA DE ALZAVIDRIO DELANTERA LH,Cremallera De Alzavidrio Delantera,Delantera Izquierda,VENDIDO,SANTIAGO,90000,80000,,,
XTRAIL 2016,CREMALLERA DE ALZAVIDRIO DELANTERA RH,Cremallera De Alzavidrio Delantera,Delantera Derecha,DISPONIBLE,SANTIAGO,90000,80000,,,
XTRAIL 2016,CREMALLERA DE ALZAVIDRIO PUERTA TRASERA LH,Cremallera De Alzavidrio Puerta Trasera,Trasera Izquierda,DISPONIBLE,SANTIAGO,75000,70000,,,
XTRAIL 2016,CREMALLERA DE ALZAVIDRIO PUERTA TRASERA RH,Cremallera De Alzavidrio Puerta Trasera,Trasera Derecha,DISPONIBLE,SANTIAGO,75000,70000,,,
XTRAIL 2016,CREMALLERA DE DIRECCIÓN CON TERMINALES Y AXIALES,Cremallera De Dirección Con Terminales Y Axiales,,DISPONIBLE,SANTIAGO,119000,100000,,,
XTRAIL 2016,CUBRE CARTER,Cubre Carter,,VENDIDO,SANTIAGO,45000,40000,,,
XTRAIL 2016,CUBRE MALETA,Cubre Maleta,,NO DISPONIBLE,,,,,,Sin ubic
XTRAIL 2016,CUBRE RUEDA DE REPUESTO,Cubre Rueda De Repuesto,,DISPONIBLE,,30000,25000,,,Sin ubic
XTRAIL 2016,CUBRE TORPEDO EXTERIOS,Cubre Torpedo Exterios,,DISPONIBLE,,45000,40000,,,Sin ubic
XTRAIL 2016,CUBRE ZÓCALO LH,Cubre Zócalo,Izquierda,DISPONIBLE,SANTIAGO,,,,,
XTRAIL 2016,CUBRE ZÓCALO RH,Cubre Zócalo,Derecha,DISPONIBLE,SANTIAGO,,,,,
XTRAIL 2016,CUERPO DE ACELERACIÓN,Cuerpo De Aceleración,,DISPONIBLE,SANTIAGO,100000,95000,,,
XTRAIL 2016,CUERPO DE VÁLVULA,Cuerpo De Válvula,,VENDIDO,SANTIAGO,120000,100000,,SE VENDE COMPLETO,
XTRAIL 2016,CUNA,Cuna,,VENDIDO,SANTIAGO,85000,80000,,,
XTRAIL 2016,CUNA TRASERA,Cuna Trasera,Trasera,DISPONIBLE,SANTIAGO,,,,,
XTRAIL 2016,DEPÓSITO DE AGUA O LÍQUIDO REFRIGERANTE,Depósito De Agua O Líquido Refrigerante,,VENDIDO,SANTIAGO,,,,,
XTRAIL 2016,DEPÓSITO DE LIMPIA PARABRISAS,Depósito De Limpia Parabrisas,,NO DISPONIBLE,,,,,REGALADO A MI PAPÁ,Sin ubic
XTRAIL 2016,DISCO DE FRENO DELANTERO LH,Disco De Freno Delantero,Delantera Izquierda,DISPONIBLE,SANTIAGO,20000,15000,,,
XTRAIL 2016,DISCO DE FRENO DELANTERO RH,Disco De Freno Delantero,Delantera Derecha,DISPONIBLE,SANTIAGO,20000,15000,,,
XTRAIL 2016,DISCO DE FRENO TRASERO LH,Disco De Freno Trasero,Trasera Izquierda,DISPONIBLE,SANTIAGO,,,,,
XTRAIL 2016,DISCO DE FRENO TRASERO RH,Disco De Freno Trasero,Trasera Derecha,DISPONIBLE,SANTIAGO,,,,,
XTRAIL 2016,ECU,Ecu,,VENDIDO,SANTIAGO,,,,,
XTRAIL 2016,EJE PALIER LH,Eje Palier,Izquierda,POR CONFIRMAR,SANTIAGO,105000,100000,,,
XTRAIL 2016,EJE PALIER RH,Eje Palier,Derecha,DISPONIBLE,SANTIAGO,115000,110000,,,
XTRAIL 2016,EJE TRASERO SOLO,Eje Trasero Solo,Trasera,DISPONIBLE,,90000,80000,,,Sin ubic
XTRAIL 2016,ELECTROVENTILADOR,Electroventilador,,VENDIDO,SANTIAGO,100000,90000,,,
XTRAIL 2016,ENCENDEDOR DE CIGARROS ,Encendedor De Cigarros ,,DISPONIBLE,SANTIAGO,15000,10000,,,
XTRAIL 2016,ENFRIADOR CAJA DE CAMBIO,Enfriador Caja De Cambio,,VENDIDO,SANTIAGO,,,,,
XTRAIL 2016,ENFRIADOR DE ACEITE 1,Enfriador De Aceite 1,,VENDIDO,SANTIAGO,65000,60000,,,
XTRAIL 2016,ENFRIADOR DE ACEITE 2,Enfriador De Aceite 2,,DISPONIBLE,SANTIAGO,65000,60000,,,
XTRAIL 2016,ESPEJO CENTRAL,Espejo Central,Central,DISPONIBLE,SANTIAGO,20000,15000,,,
XTRAIL 2016,ESPEJO LH,Espejo,Izquierda,VENDIDO,SANTIAGO,95000,90000,,,
XTRAIL 2016,ESPEJO RH,Espejo,Derecha,VENDIDO,SANTIAGO,95000,90000,,,
XTRAIL 2016,ESPIRAL TRASERO LH,Espiral Trasero,Trasera Izquierda,DISPONIBLE,,15000,10000,,,Sin ubic
XTRAIL 2016,ESPIRAL TRASERO RH,Espiral Trasero,Trasera Derecha,DISPONIBLE,,15000,10000,,,Sin ubic
XTRAIL 2016,FILTRO DE ACEITE CAJA,Filtro De Aceite Caja,,DISPONIBLE,SANTIAGO,35000,30000,,,
XTRAIL 2016,FLOTADOR BOMBA DE BENCINA ,Flotador Bomba De Bencina ,,DISPONIBLE,SANTIAGO,,,,,
XTRAIL 2016,FOCO TRASERO EXPERIOR LH,Foco Trasero Experior,Trasera Izquierda,VENDIDO,SANTIAGO,80000,70000,,,
XTRAIL 2016,FOCO TRASERO EXTERIOR RH,Foco Trasero Exterior,Trasera Derecha,VENDIDO,SANTIAGO,80000,70000,,,
XTRAIL 2016,FOCO TRASERO INTERIOR LH,Foco Trasero Interior,Trasera Izquierda,VENDIDO,SANTIAGO,45000,40000,,,
XTRAIL 2016,FOCO TRASERO INTERIOR RH,Foco Trasero Interior,Trasera Derecha,VENDIDO,SANTIAGO,45000,40000,,,
XTRAIL 2016,FRONTAL INFERIOR,Frontal Inferior,,VENDIDO,SANTIAGO,65000,60000,,,
XTRAIL 2016,FRONTAL SUPERIOR,Frontal Superior,,VENDIDO,SANTIAGO,75000,70000,,,
XTRAIL 2016,FUNDA PARACHOQUE DELANTERO,Funda Parachoque Delantero,Delantera,VENDIDO,SANTIAGO,70000,60000,,,
XTRAIL 2016,FUNDA PARACHOQUE TRASERO,Funda Parachoque Trasero,Trasera,VENDIDO,SANTIAGO,65000,55000,,,
XTRAIL 2016,GANCHO DE SEGURIDAD O CHAPA DE CAPOT,Gancho De Seguridad O Chapa De Capot,,DISPONIBLE,SANTIAGO,20000,15000,,,
XTRAIL 2016,GOMA DE CONTORNO PORTALÓN,Goma De Contorno Portalón,,VENDIDO,SANTIAGO,25000,20000,,,
XTRAIL 2016,GOMA PUERTA DELANTERA LH,Goma Puerta Delantera,Delantera Izquierda,DISPONIBLE,SANTIAGO,20000,15000,,,
XTRAIL 2016,GOMA PUERTA DELANTERA RH,Goma Puerta Delantera,Delantera Derecha,DISPONIBLE,SANTIAGO,20000,15000,,,
XTRAIL 2016,GOMA PUERTA TRASERA LH,Goma Puerta Trasera,Trasera Izquierda,DISPONIBLE,SANTIAGO,20000,15000,,,
XTRAIL 2016,GOMA PUERTA TRASERA RH,Goma Puerta Trasera,Trasera Derecha,DISPONIBLE,SANTIAGO,20000,15000,,,
XTRAIL 2016,GUANTERA,Guantera,,DISPONIBLE,SANTIAGO,,,,,
XTRAIL 2016,GUARDAFANGO DELANTERO LH,Guardafango Delantero,Delantera Izquierda,VENDIDO,SANTIAGO,,,,,
XTRAIL 2016,GUARDAFANGO DELANTERO RH,Guardafango Delantero,Delantera Derecha,VENDIDO,SANTIAGO,,,,,
XTRAIL 2016,GUARDAFANGO TRASERO LH,Guardafango Trasero,Trasera Izquierda,DISPONIBLE,SANTIAGO,15000,15000,,,
XTRAIL 2016,GUARDAFANGO TRASERO RH,Guardafango Trasero,Trasera Derecha,VENDIDO,SANTIAGO,15000,15000,,,
XTRAIL 2016,INTERRUPTOR DE SEGURIDAD ELECTRÓNICO CAJA,Interruptor De Seguridad Electrónico Caja,,VENDIDO,SANTIAGO,,,,,
XTRAIL 2016,INYECTOR (4),Inyector (4),,DISPONIBLE,,20000,15000,,CADA UNO,Sin ubic
XTRAIL 2016,KIT DE AIRBAG,Kit De Airbag,,VENDIDO,SANTIAGO,400000,380000,,,Múltiples
XTRAIL 2016,LLANTA CON NEUMÁTICO 1,Llanta Con Neumático 1,,VENDIDO,SANTIAGO,110000,100000,,,
XTRAIL 2016,LLANTA CON NEUMÁTICO 2,Llanta Con Neumático 2,,VENDIDO,SANTIAGO,110000,100000,,FONDO NEGRO,
XTRAIL 2016,LLANTA Y RUEDA DE REPUESTO,Llanta Y Rueda De Repuesto,,VENDIDO,SANTIAGO,35700,30000,,,
XTRAIL 2016,LLAVE,Llave,,DISPONIBLE,,,,,,Sin ubic
XTRAIL 2016,LOGO DELANTERO,Logo Delantero,Delantera,VENDIDO,SANTIAGO,25000,20000,,,
XTRAIL 2016,LOGO TRASERO,Logo Trasero,Trasera,DISPONIBLE,,25000,20000,,,Sin ubic
XTRAIL 2016,LUNETA TRASERA LH,Luneta Trasera,Trasera Izquierda,DISPONIBLE,,45000,40000,,,Sin ubic
XTRAIL 2016,LUNETA TRASERA RH,Luneta Trasera,Trasera Derecha,DISPONIBLE,,45000,40000,,,Sin ubic
XTRAIL 2016,LUZ CON CONTROL DE SUNROOF Y PORTA LENTES,Luz Con Control De Sunroof Y Porta Lentes,,DISPONIBLE,,,,,,Sin ubic
XTRAIL 2016,LUZ DE FRENO,Luz De Freno,,DISPONIBLE,,25000,20000,,,Sin ubic
XTRAIL 2016,LUZ PATENTE LH,Luz Patente,Izquierda,DISPONIBLE,SANTIAGO,8000,5000,,,
XTRAIL 2016,LUZ PATENTE RH,Luz Patente,Derecha,DISPONIBLE,SANTIAGO,8000,5000,,,
XTRAIL 2016,MANGERA TOMA DE AIRE,Mangera Toma De Aire,,DISPONIBLE,,,,,,Sin ubic
XTRAIL 2016,MANGUERAS AGUA,Mangueras Agua,,VENDIDO,SANTIAGO,,,,,
XTRAIL 2016,MANGUERAS DE CALEFACCIÓN ,Mangueras De Calefacción ,,DISPONIBLE,SANTIAGO,,,,,
XTRAIL 2016,MANILLA EXTERIOR PUERTA DELANTERA LH,Manilla Exterior Puerta Delantera,Delantera Izquierda,VENDIDO,SANTIAGO,40000,35000,,,
XTRAIL 2016,MANILLA EXTERIOR PUERTA DELANTERA RH,Manilla Exterior Puerta Delantera,Delantera Derecha,DISPONIBLE,SANTIAGO,25000,20000,,,
XTRAIL 2016,MANILLA EXTERIOR PUERTA TRASERA  RH,Manilla Exterior Puerta Trasera ,Trasera Derecha,DISPONIBLE,SANTIAGO,25000,20000,,,
XTRAIL 2016,MANILLA EXTERIOR PUERTA TRASERA LH,Manilla Exterior Puerta Trasera,Trasera Izquierda,POR CONFIRMAR,,25000,20000,,,Sin ubic
XTRAIL 2016,MANILLA INTERIOR DE APERTURA DE CAPOT ,Manilla Interior De Apertura De Capot ,,VENDIDO,,,,,,Sin ubic
XTRAIL 2016,MANILLA INTERIOR PUERTA DELANTERA LH,Manilla Interior Puerta Delantera,Delantera Izquierda,DISPONIBLE,SANTIAGO,20000,15000,,,
XTRAIL 2016,MANILLA INTERIOR PUERTA DELANTERA RH,Manilla Interior Puerta Delantera,Delantera Derecha,DISPONIBLE,SANTIAGO,20000,15000,,,
XTRAIL 2016,MANILLA INTERIOR PUERTA TRASERA LH,Manilla Interior Puerta Trasera,Trasera Izquierda,POR CONFIRMAR,,20000,15000,,,Sin ubic
XTRAIL 2016,MANILLA INTERIOR PUERTA TRASERA RH,Manilla Interior Puerta Trasera,Trasera Derecha,DISPONIBLE,SANTIAGO,20000,15000,,,
XTRAIL 2016,MANILLA TECHO DELANTERA RH,Manilla Techo Delantera,Delantera Derecha,DISPONIBLE,SANTIAGO,13000,10000,,,
XTRAIL 2016,MANILLA TECHO TRASERA LH,Manilla Techo Trasera,Trasera Izquierda,DISPONIBLE,SANTIAGO,13000,10000,,,
XTRAIL 2016,MANILLA TECHO TRASERA RH,Manilla Techo Trasera,Trasera Derecha,DISPONIBLE,SANTIAGO,13000,10000,,,
XTRAIL 2016,MÁSCARA,Máscara,,DISPONIBLE,SANTIAGO,70000,60000,,,
XTRAIL 2016,MAZA O MUÑÓN DELANTERO RH,Maza O Muñón Delantero,Delantera Derecha,DISPONIBLE,,85000,80000,,,Sin ubic
XTRAIL 2016,MAZA Y MUÑÓN DELANTERO LH,Maza Y Muñón Delantero,Delantera Izquierda,DISPONIBLE,SANTIAGO,85000,80000,,,
XTRAIL 2016,MAZA Y RODAMIENTO TRASERO LH,Maza Y Rodamiento Trasero,Trasera Izquierda,DISPONIBLE,SANTIAGO,65000,60000,,,
XTRAIL 2016,MAZA Y RODAMIENTO TRASERO RH,Maza Y Rodamiento Trasero,Trasera Derecha,DISPONIBLE,SANTIAGO,65000,60000,,,
XTRAIL 2016,MENSULA CENTRAL DE PARACHOQUE TRASERO,Mensula Central De Parachoque Trasero,Central,DISPONIBLE,,35000,30000,,,Sin ubic
XTRAIL 2016,MENSULA DELANTERA LH,Mensula Delantera,Delantera Izquierda,VENDIDO,SANTIAGO,30000,25000,,,
XTRAIL 2016,MENSULA DELANTERA RH,Mensula Delantera,Delantera Derecha,VENDIDO,,30000,25000,,,Sin ubic
XTRAIL 2016,MENSULA TRASERA LH,Mensula Trasera,Trasera Izquierda,DISPONIBLE,SANTIAGO,10000,10000,,,
XTRAIL 2016,MENSULA TRASERA RH,Mensula Trasera,Trasera Derecha,DISPONIBLE,SANTIAGO,10000,10000,,,
XTRAIL 2016,MÓDULO ABS,Módulo Abs,,DISPONIBLE,SANTIAGO,75000,65000,,,
XTRAIL 2016,MÓDULO IPDM,Módulo Ipdm,,VENDIDO,SANTIAGO,125000,110000,,,
XTRAIL 2016,MOLDURA PUERTA DELANTERA LH,Moldura Puerta Delantera,Delantera Izquierda,VENDIDO,SANTIAGO,35000,30000,,,
XTRAIL 2016,MOLDURA PUERTA DELANTERA RH,Moldura Puerta Delantera,Delantera Derecha,VENDIDO,SANTIAGO,35000,30000,,,
XTRAIL 2016,MOLDURA PUERTA TRASERA LH,Moldura Puerta Trasera,Trasera Izquierda,DISPONIBLE,,30000,25000,,,Sin ubic
XTRAIL 2016,MOLDURA PUERTA TRASERA RH,Moldura Puerta Trasera,Trasera Derecha,VENDIDO,,30000,25000,,,Sin ubic
XTRAIL 2016,MOLDURA TAPABARRO DELANTERA LH,Moldura Tapabarro Delantera,Delantera Izquierda,DISPONIBLE,SANTIAGO,55000,50000,,,
XTRAIL 2016,MOLDURA TAPABARRO DELANTERA RH,Moldura Tapabarro Delantera,Delantera Derecha,VENDIDO,SANTIAGO,55000,50000,,,
XTRAIL 2016,MOLDURA TAPABARRO TRASERO LH,Moldura Tapabarro Trasero,Trasera Izquierda,DISPONIBLE,SANTIAGO,55000,50000,,,
XTRAIL 2016,MOLDURA TAPABARRO TRASERO RH,Moldura Tapabarro Trasero,Trasera Derecha,VENDIDO,SANTIAGO,55000,50000,,,
XTRAIL 2016,MOTOR DE CALEFACCIÓN,Motor De Calefacción,,DISPONIBLE,REQUINOA,70000,60000,,,
XTRAIL 2016,MOTOR DE PARTIDA,Motor De Partida,,DISPONIBLE,SANTIAGO,65000,55000,,,
XTRAIL 2016,MOTOR LIMPIA PARABRISAS,Motor Limpia Parabrisas,,DISPONIBLE,,50000,40000,,CON VARILLAJE,Sin ubic
XTRAIL 2016,MOTOR NO FACTURABLE,Motor No Facturable,,DISPONIBLE,SANTIAGO,500000,480000,,,
XTRAIL 2016,MULTIPLE DE ADMISION,Multiple De Admision,,DISPONIBLE,SANTIAGO,70000,60000,,,
XTRAIL 2016,NEBLINERO DELANTERO LH,Neblinero Delantero,Delantera Izquierda,VENDIDO,SANTIAGO,15000,10000,,,
XTRAIL 2016,NEBLINERO DELANTERO RH,Neblinero Delantero,Delantera Derecha,VENDIDO,SANTIAGO,10000,5000,,DETALLE (ÓXIDO),
XTRAIL 2016,ÓPTICO LH,Óptico,Izquierda,VENDIDO,SANTIAGO,190000,180000,,,
XTRAIL 2016,ÓPTICO RH,Óptico,Derecha,VENDIDO,SANTIAGO,210000,200000,,,
XTRAIL 2016,PALANCA DE CAMBIOS AUTOMATICA,Palanca De Cambios Automatica,,VENDIDO,SANTIAGO,45000,40000,,,
XTRAIL 2016,PALANCA DE FRENO DE MANOS,Palanca De Freno De Manos,,DISPONIBLE,SANTIAGO,,,,,
XTRAIL 2016,PARABRISAS (ALTERNATIVO),Parabrisas (Alternativo),,VENDIDO,SANTIAGO,55000,50000,,SE SACA CON EL 50% DE ABONO,
XTRAIL 2016,PARACHOQUE TRASERO SOLO FUNDA,Parachoque Trasero Solo Funda,Trasera,DISPONIBLE,,90000,80000,,,Sin ubic
XTRAIL 2016,PARASOL LH,Parasol,Izquierda,VENDIDO,SANTIAGO,20000,15000,,,
XTRAIL 2016,PARASOL RH,Parasol,Derecha,DISPONIBLE,SANTIAGO,20000,15000,,,
XTRAIL 2016,PEDAL DE ACELERACIÓN,Pedal De Aceleración,,DISPONIBLE,,45000,40000,,,Sin ubic
XTRAIL 2016,PEDAL DE FRENO,Pedal De Freno,,DISPONIBLE,,35700,30000,,,Sin ubic
XTRAIL 2016,PIOLA CAPOT,Piola Capot,,VENDIDO,SANTIAGO,15000,10000,,,
XTRAIL 2016,PIOLAS PALANCA DE CAMBIOS AUTOMATICA,Piolas Palanca De Cambios Automatica,,DISPONIBLE,SANTIAGO,35000,30000,,,
XTRAIL 2016,PORTA FILTRO DE AIRE,Porta Filtro De Aire,,DISPONIBLE,SANTIAGO,45000,50000,,,
XTRAIL 2016,PORTALÓN SOLO LATA CON VIDRIO,Portalón Solo Lata Con Vidrio,,VENDIDO,SANTIAGO,220000,210000,,,
XTRAIL 2016,PROTECTOR INFERIOR PARACHOQUE,Protector Inferior Parachoque,,DISPONIBLE,,45000,35000,,,Sin ubic
XTRAIL 2016,PUERTA DELANTERA LH SOLO LATA,Puerta Delantera Solo Lata,Delantera Izquierda,VENDIDO,SANTIAGO,60000,60000,,,
XTRAIL 2016,PUERTA DELANTERA RH SOLO LATA,Puerta Delantera Solo Lata,Delantera Derecha,VENDIDO,SANTIAGO,200000,190000,,,
XTRAIL 2016,PUERTA TRASERA LH SOLO LATA,Puerta Trasera Solo Lata,Trasera Izquierda,VENDIDO,SANTIAGO,60000,60000,,,
XTRAIL 2016,PUERTA TRASERA RH SOLO LATA,Puerta Trasera Solo Lata,Trasera Derecha,VENDIDO,SANTIAGO,120000,110000,,,
XTRAIL 2016,PUNTAS REFURZO PARACHOQUE,Puntas Refurzo Parachoque,,DISPONIBLE,,20000,15000,,CADA UNA,Sin ubic
XTRAIL 2016,RADIADOR AIRE ACONDICIONADO,Radiador Aire Acondicionado,,VENDIDO,SANTIAGO,80000,70000,,,
XTRAIL 2016,RADIADOR DE AGUA,Radiador De Agua,,VENDIDO,SANTIAGO,83300,70000,,,
XTRAIL 2016,RADIADOR DE CALEFACCIÓN,Radiador De Calefacción,,DISPONIBLE,SANTIAGO,20000,20000,,,
XTRAIL 2016,RADIO,Radio,,DISPONIBLE,,70000,60000,,,Sin ubic
XTRAIL 2016,REFUERZO DE PARACHOQUE DELANTERO,Refuerzo De Parachoque Delantero,Delantera,VENDIDO,SANTIAGO,110000,100000,,,
XTRAIL 2016,REFUERZO DE PARACHOQUE TRASERO,Refuerzo De Parachoque Trasero,Trasera,DISPONIBLE,SANTIAGO,60000,50000,,,
XTRAIL 2016,REJILLA INFERIOR,Rejilla Inferior,,VENDIDO,SANTIAGO,35000,35000,,,
XTRAIL 2016,RESONADOR (FORMA S),Resonador (Forma S),,DISPONIBLE,SANTIAGO,65000,60000,,,
XTRAIL 2016,RIEL DE INYECCIÓN SOLO,Riel De Inyección Solo,,DISPONIBLE,,25000,20000,,,Sin ubic
XTRAIL 2016,RODAMIENTO TENSOR DE ACCESORIOS ,Rodamiento Tensor De Accesorios ,,DISPONIBLE,SANTIAGO,25000,20000,,,
XTRAIL 2016,RUEDA DE REPUESTO ,Rueda De Repuesto ,,VENDIDO,SANTIAGO,45000,40000,,,
XTRAIL 2016,SENSOR ABS DELANTERO LH,Sensor Abs Delantero,Delantera Izquierda,DISPONIBLE,SANTIAGO,,,,,
XTRAIL 2016,SENSOR ABS DELANTERO RH,Sensor Abs Delantero,Delantera Derecha,DISPONIBLE,SANTIAGO,,,,,
XTRAIL 2016,SENSOR ABS TRASERO LH,Sensor Abs Trasero,Trasera Izquierda,DISPONIBLE,SANTIAGO,25000,20000,,,
XTRAIL 2016,SENSOR ABS TRASERO RH,Sensor Abs Trasero,Trasera Derecha,DISPONIBLE,SANTIAGO,25000,20000,,,
XTRAIL 2016,SENSOR DE ÁNGULO DE GIRO,Sensor De Ángulo De Giro,,DISPONIBLE,SANTIAGO,35700,30000,,,
XTRAIL 2016,SENSOR DE OXÍGENO BANCO 1,Sensor De Oxígeno Banco 1,,DISPONIBLE,SANTIAGO,20000,15000,,,
XTRAIL 2016,SENSOR DE OXÍGENO BANCO 2,Sensor De Oxígeno Banco 2,,DISPONIBLE,SANTIAGO,,,,,
XTRAIL 2016,SENSORES DE ESTACIONAMIENTOS DELANTERO,Sensores De Estacionamientos Delantero,Delantera,NO DISPONIBLE,,,,,,Sin ubic
XTRAIL 2016,SENSORES DE ESTACIONAMIENTOS TRASEROS,Sensores De Estacionamientos Traseros,Trasera,NO DISPONIBLE,,20000,15000,,CADA UNO,Sin ubic
XTRAIL 2016,SINÓPTICO,Sinóptico,,DISPONIBLE,,83300,70000,,,Sin ubic
XTRAIL 2016,SISTEMA DE FRENO TRASERO LH,Sistema De Freno Trasero,Trasera Izquierda,DISPONIBLE,SANTIAGO,,,,,
XTRAIL 2016,SISTEMA DE FRENO TRASERO RH,Sistema De Freno Trasero,Trasera Derecha,DISPONIBLE,SANTIAGO,,,,,
XTRAIL 2016,SOPORTE MOTOR CENTRAL (HUESO),Soporte Motor Central (Hueso),Central,DISPONIBLE,,40000,35000,,,Sin ubic
XTRAIL 2016,SOPORTE MOTOR LH (CAJA),Soporte Motor (Caja),Izquierda,DISPONIBLE,,60000,55000,,,Sin ubic
XTRAIL 2016,SOPORTE MOTOR RH (DISTRIBUCIÓN),Soporte Motor (Distribución),Derecha,DISPONIBLE,,60000,50000,,,Sin ubic
XTRAIL 2016,SUNROOF,Sunroof,,VENDIDO,SANTIAGO,,,,,
XTRAIL 2016,TAPA BENCINA EXTERIOR,Tapa Bencina Exterior,,DISPONIBLE,SANTIAGO,25000,20000,,,
XTRAIL 2016,TAPA BENCINA INTERIOR ,Tapa Bencina Interior ,,DISPONIBLE,SANTIAGO,15000,10000,,,
XTRAIL 2016,TAPA DE DISTRIBUCIÓN ,Tapa De Distribución ,,DISPONIBLE,SANTIAGO,60000,50000,,PUESTA EN MOTOR AÚN ,
XTRAIL 2016,TAPA DE MOTOR SUPERIOR,Tapa De Motor Superior,,NO DISPONIBLE,,,,,,Sin ubic
XTRAIL 2016,TAPA DE REMOLQUE,Tapa De Remolque,,NO DISPONIBLE,,,,,,Sin ubic
XTRAIL 2016,TAPA NEBLINERO LH,Tapa Neblinero,Izquierda,VENDIDO,SANTIAGO,20000,15000,,,
XTRAIL 2016,TAPA NEBLINERO RH,Tapa Neblinero,Derecha,VENDIDO,SANTIAGO,20000,15000,,,
XTRAIL 2016,TAPABARRO DELANTERO LH,Tapabarro Delantero,Delantera Izquierda,VENDIDO,SANTIAGO,85000,80000,,SOLO EL TAPABARRO,
XTRAIL 2016,TAPABARRO DELANTERO RH,Tapabarro Delantero,Delantera Derecha,VENDIDO,SANTIAGO,85000,80000,,SOLO EL TAPABARRO,
XTRAIL 2016,TAPIZ INTERIOR PORTALÓN,Tapiz Interior Portalón,,DISPONIBLE,SANTIAGO,25000,20000,,,
XTRAIL 2016,TAPIZ PUERTA DELANTERA LH,Tapiz Puerta Delantera,Delantera Izquierda,VENDIDO,,45000,40000,,,Sin ubic
XTRAIL 2016,TAPIZ PUERTA DELANTERA RH,Tapiz Puerta Delantera,Delantera Derecha,DISPONIBLE,,45000,40000,,,Sin ubic
XTRAIL 2016,TAPIZ PUERTA TRASERA LH,Tapiz Puerta Trasera,Trasera Izquierda,DISPONIBLE,,35000,30000,,,Sin ubic
XTRAIL 2016,TAPIZ PUERTA TRASERA RH,Tapiz Puerta Trasera,Trasera Derecha,DISPONIBLE,,35000,30000,,,Sin ubic
XTRAIL 2016,TAPIZ TECHO,Tapiz Techo,,DISPONIBLE,,60000,50000,,,Sin ubic
XTRAIL 2016,TCM CAJA AUTOMATICA,Tcm Caja Automatica,,VENDIDO,SANTIAGO,120000,100000,,COMPUTADORA CAJA AT,
XTRAIL 2016,TELECOMANDO,Telecomando,,DISPONIBLE,SANTIAGO,60000,50000,,COMPLETO,
XTRAIL 2016,TIRANTE DE PUERTA DELANTERA LH,Tirante De Puerta Delantera,Delantera Izquierda,DISPONIBLE,SANTIAGO,15000,10000,,,
XTRAIL 2016,TIRANTE DE PUERTA DELANTERA RH,Tirante De Puerta Delantera,Delantera Derecha,DISPONIBLE,SANTIAGO,15000,10000,,,
XTRAIL 2016,TOMA DE AIRE,Toma De Aire,,DISPONIBLE,,5000,5000,,,Sin ubic
XTRAIL 2016,TRINQUETE PUERTA DELANTERTA LH,Trinquete Puerta Delanterta,Izquierda,DISPONIBLE,,5000,5000,,,Sin ubic
XTRAIL 2016,TRINQUETE PUERTA DELANTERTA RH,Trinquete Puerta Delanterta,Derecha,DISPONIBLE,,5000,5000,,,Sin ubic
XTRAIL 2016,TRINQUETE PUERTA TRASERA LH,Trinquete Puerta Trasera,Trasera Izquierda,DISPONIBLE,,5000,5000,,,Sin ubic
XTRAIL 2016,TRINQUETE PUERTA TRASERA RH,Trinquete Puerta Trasera,Trasera Derecha,DISPONIBLE,,5000,5000,,,Sin ubic
XTRAIL 2016,TUBERIA DE AIRE ACONDICIONADO (JUEGO),Tuberia De Aire Acondicionado (Juego),,DISPONIBLE,,71400,60000,,,Múltiples; Sin ubic
XTRAIL 2016,USB,Usb,,DISPONIBLE,SANTIAGO,15000,10000,,,
XTRAIL 2016,VÁLVULA ,Válvula ,,DISPONIBLE,SANTIAGO,25000,20000,,,
XTRAIL 2016,VARILLA CAPOT,Varilla Capot,,DISPONIBLE,SANTIAGO,,,,,
XTRAIL 2016,VIDRIO PUERTA DELANTERA LH,Vidrio Puerta Delantera,Delantera Izquierda,NO DISPONIBLE,SANTIAGO,75000,70000,,CON LA MARCA,
XTRAIL 2016,VIDRIO PUERTA DELANTERA RH,Vidrio Puerta Delantera,Delantera Derecha,DISPONIBLE,SANTIAGO,65000,60000,,ALTERNATIVO,
XTRAIL 2016,VIDRIO PUERTA TRASERA LH,Vidrio Puerta Trasera,Trasera Izquierda,DISPONIBLE,SANTIAGO,65000,60000,,ALTERNATIVO,
XTRAIL 2016,VIDRIO PUERTA TRASERA RH,Vidrio Puerta Trasera,Trasera Derecha,DISPONIBLE,SANTIAGO,65000,60000,,ALTERNATIVO,
XTRAIL 2016,VOLANTE,Volante,,DISPONIBLE,SANTIAGO,70000,65000,,,
XTRAIL 2016,VOLANTE BIMASA,Volante Bimasa,,VENDIDO,SANTIAGO,,,,,
ZS 2021,AMORTIGUADOR DELANTERO RH,Amortiguador Delantero,Delantera Derecha,DISPONIBLE,SANTIAGO,80000,70000,,,
ZS 2021,BOBINA 1,Bobina 1,,DISPONIBLE,SANTIAGO,15000,10000,,,
ZS 2021,BOBINA 2,Bobina 2,,DISPONIBLE,SANTIAGO,15000,10000,,,
ZS 2021,BOBINA 3,Bobina 3,,DISPONIBLE,SANTIAGO,15000,10000,,,
ZS 2021,BOBINA 4,Bobina 4,,DISPONIBLE,SANTIAGO,15000,10000,,,
ZS 2021,BOMBA DE BENCINA ,Bomba De Bencina ,,VENDIDO,SANTIAGO,60000,50000,,,
ZS 2021,BOMBA DE PEDAL DE EMBRAGUE,Bomba De Pedal De Embrague,,DISPONIBLE,SANTIAGO,,,,,
ZS 2021,BOTÓN DE ALZAVIDRIOS TRASERO LH,Botón De Alzavidrios Trasero,Trasera Izquierda,DISPONIBLE,SANTIAGO,,,,,
ZS 2021,BRAZO LIMPIAPARABRISAS TRASERO C/ MOTOR,Brazo Limpiaparabrisas Trasero C/ Motor,Trasera,DISPONIBLE,SANTIAGO,35000,30000,,,
ZS 2021,CAJA,Caja,,VENDIDO,SANTIAGO,,,,,
ZS 2021,CALIPER DELANTERO RH,Caliper Delantero,Delantera Derecha,DISPONIBLE,SANTIAGO,35700,30000,,,
ZS 2021,CAÑERÍAS DE AIRE,Cañerías De Aire,,DISPONIBLE,SANTIAGO,,,,,
ZS 2021,CHAPA CAPOT,Chapa Capot,,DISPONIBLE,SANTIAGO,20000,15000,,,
ZS 2021,CHAPA PORTALÓN,Chapa Portalón,,DISPONIBLE,SANTIAGO,30000,25000,,,
ZS 2021,CINTA DE AIRBAG,Cinta De Airbag,,DISPONIBLE,SANTIAGO,25000,20000,,,
ZS 2021,CREMALLERA DE ALZAVIDRIO DELANTERA LH,Cremallera De Alzavidrio Delantera,Delantera Izquierda,DISPONIBLE,SANTIAGO,35700,30000,,,
ZS 2021,CREMALLERA DE ALZAVIDRIO TRASERA LH,Cremallera De Alzavidrio Trasera,Trasera Izquierda,DISPONIBLE,SANTIAGO,35700,30000,,,
ZS 2021,CUBRE ZÓCALO LH,Cubre Zócalo,Izquierda,DISPONIBLE,SANTIAGO,30000,25000,,,
ZS 2021,CUERPO DE ACELERACIÓN,Cuerpo De Aceleración,,DISPONIBLE,SANTIAGO,60000,50000,,,
ZS 2021,CUNA ,Cuna ,,DISPONIBLE,SANTIAGO,,,,,
ZS 2021,DEPOSITO DE AGUA O LÍQUIDO REFRIGERANTE ,Deposito De Agua O Líquido Refrigerante ,,DISPONIBLE,SANTIAGO,15000,10000,,,
ZS 2021,DISCO DE FRENO,Disco De Freno,,DISPONIBLE,SANTIAGO,15000,10000,,,
ZS 2021,ESPEJO CENTRAL,Espejo Central,Central,VENDIDO,SANTIAGO,,,,,
ZS 2021,ESPIRAL TRASERO LH,Espiral Trasero,Trasera Izquierda,DISPONIBLE,,15000,10000,,,Sin ubic
ZS 2021,ESPIRAL TRASERO RH,Espiral Trasero,Trasera Derecha,DISPONIBLE,,15000,10000,,,Sin ubic
ZS 2021,FUNDA DE PARACHOQUE TRASERO,Funda De Parachoque Trasero,Trasera,DISPONIBLE,SANTIAGO,35700,30000,,,
ZS 2021,GUANTERA,Guantera,,DISPONIBLE,SANTIAGO,20000,15000,,,
ZS 2021,LOGO CON CHAPA PORTALÓN,Logo Con Chapa Portalón,,DISPONIBLE,SANTIAGO,35000,30000,,,
ZS 2021,MANILLA EXTERIOR TRASERA LH,Manilla Exterior Trasera,Trasera Izquierda,DISPONIBLE,SANTIAGO,25000,20000,,,
ZS 2021,MAZA Y DISCO DE FRENO,Maza Y Disco De Freno,,DISPONIBLE,,,,,,Sin ubic
ZS 2021,MÉNSULA DELANTERA RH,Ménsula Delantera,Delantera Derecha,DISPONIBLE,SANTIAGO,,,,,
ZS 2021,MOLDURA PUERTA DELANTERA LH,Moldura Puerta Delantera,Delantera Izquierda,DISPONIBLE,SANTIAGO,,,,,
ZS 2021,MOLDURA PUERTA TRASERA LH,Moldura Puerta Trasera,Trasera Izquierda,DISPONIBLE,SANTIAGO,,,,,
ZS 2021,MOTOR,Motor,,VENDIDO,,,,,,Sin ubic
ZS 2021,MOTOR DE PARTIDA,Motor De Partida,,DISPONIBLE,SANTIAGO,60000,50000,,,
ZS 2021,NEBLINERO DELANTERO LH,Neblinero Delantero,Delantera Izquierda,DISPONIBLE,SANTIAGO,20000,15000,,,
ZS 2021,ÓPTICO RH,Óptico,Derecha,DISPONIBLE,SANTIAGO,,,,DETALLE MICA,
ZS 2021,PARASOL RH,Parasol,Derecha,DISPONIBLE,SANTIAGO,,,,,
ZS 2021,PUERTA TRASERA LH SOLO LATA,Puerta Trasera Solo Lata,Trasera Izquierda,VENDIDO,SANTIAGO,30000,30000,,,
ZS 2021,RADIADOR AIRE,Radiador Aire,,DISPONIBLE,SANTIAGO,,,,REVISAR SI ES ZS,Revisar
ZS 2021,SENSOR ABS 1,Sensor Abs 1,,DISPONIBLE,SANTIAGO,,,,,
ZS 2021,SENSOR ABS 2,Sensor Abs 2,,DISPONIBLE,SANTIAGO,,,,,
ZS 2021,TAPA DE BENCINA EXTERIOR,Tapa De Bencina Exterior,,DISPONIBLE,SANTIAGO,,,,,
ZS 2021,TAPA DE BENCINA INTERIOR,Tapa De Bencina Interior,,DISPONIBLE,SANTIAGO,,,,,
ZS 2021,TAPA REMOLQUE DELANTERA,Tapa Remolque Delantera,Delantera,VENDIDO,SANTIAGO,10000,8000,,,
ZS 2021,VOLANTE,Volante,,DISPONIBLE,SANTIAGO,25000,20000,,,
