vehiculo,nombre_original,nombre,posicion,stock,ubicacion,precio,ultimo_precio,venta,nota,observaciones,fecha_ingesta_estimada,hash_contenido,calidad_datos,requiere_revision
NEW SAIL 2021,ALTERNADOR,Alternador,,VENDIDO,SANTIAGO,60000.0,55000.0,,,ALTERNADOR mal escrito (debería ser ALTERNADOR),2025-08-12 02:14:41,8cd51c3cee975882c2ec8b3d72eb8bed7a25c214dcdfe45a4f1f0dd54748c157,90,NO
NEW SAIL 2021,AMORTIGUADOR DELANTERO LH,Amortiguador,Izquierda Delantera,DISPONIBLE,SANTIAGO,45000.0,40000.0,,AMORTIGUADOR + ESPIRAL + CAZOLETA,AMORTIGUADOR mal escrito (debería ser AMORTIGUADOR); Posición LH detectada; Posición DELANTERO detectada,2025-09-11 02:14:41,be442dd84e0bf5862fc1ca3d902dfa55561871098e01bd39a4f9ea19c4b15ef5,90,NO
NEW SAIL 2021,AMORTIGUADOR DELANTERO LH,Amortiguador,Izquierda Delantera,DISPONIBLE,SANTIAGO,0,0,,,AMORTIGUADOR mal escrito (debería ser AMORTIGUADOR); Posición LH detectada; Posición DELANTERO detectada; Precio es 0 - probablemente sin precio; Último precio es 0 - probablemente sin precio,2025-09-11 02:14:41,d9d959cabc6aa781a688eeb2226f21dfda453a7b9ffe541ccee472459197dd92,65,SI
NEW SAIL 2021,AMORTIGUADOR DELANTERO RH,Amortiguador,Derecha Delantera,DISPONIBLE,SANTIAGO,45000.0,40000.0,,AMORTIGUADOR + ESPIRAL + CAZOLETA,AMORTIGUADOR mal escrito (debería ser AMORTIGUADOR); Posición RH detectada; Posición DELANTERO detectada,2025-09-11 02:14:41,c009d93e27305725c7a6d8a341640c4d9dde706ea817b381471603cc30b5b8d8,90,NO
NEW SAIL 2021,AMORTIGUADOR DELANTERO RH,Amortiguador,Derecha Delantera,DISPONIBLE,SANTIAGO,0,0,,,AMORTIGUADOR mal escrito (debería ser AMORTIGUADOR); Posición RH detectada; Posición DELANTERO detectada; Precio es 0 - probablemente sin precio; Último precio es 0 - probablemente sin precio,2025-09-11 02:14:41,57a5e1534f2507d6c9dee64e0e771d1c7a13365a1528d64c1606767d4e282783,65,SI
NEW SAIL 2021,AMORTIGUADOR TRASERO LH,Amortiguador,Izquierda Trasera,DISPONIBLE,SANTIAGO,0,0,,,AMORTIGUADOR mal escrito (debería ser AMORTIGUADOR); Posición LH detectada; Posición TRASERO detectada; Precio es 0 - probablemente sin precio; Último precio es 0 - probablemente sin precio,2025-09-11 02:14:41,297ea377aa918bf7b246a8a96e2413905fd13fc8eb0778b07406cf6696052d53,65,SI
NEW SAIL 2021,AMORTIGUADOR TRASERO RH,Amortiguador,Derecha Trasera,DISPONIBLE,SANTIAGO,0,0,,,AMORTIGUADOR mal escrito (debería ser AMORTIGUADOR); Posición RH detectada; Posición TRASERO detectada; Precio es 0 - probablemente sin precio; Último precio es 0 - probablemente sin precio,2025-09-11 02:14:41,8f5a1cf321336fdb8dfc2a24f3787267353c6f6c285e042c3b378ce8b0940f41,65,SI
NEW SAIL 2021,ANTENA,Antena,,DISPONIBLE,SANTIAGO,0,0,,,Precio es 0 - probablemente sin precio; Último precio es 0 - probablemente sin precio,2025-09-11 02:14:41,9c1ed5bd2aca045710ef455ce267dc466c20a4eb49fa663b0f0a2f17dfdac8e4,75,NO
NEW SAIL 2021,ASIENTO DELANTERO LH,Asiento,Izquierda Delantera,VENDIDO,SANTIAGO,20000.0,15000.0,,,Posición LH detectada; Posición DELANTERO detectada,2025-08-12 02:14:41,653a66efe7469a2bec6bf72e823bc6daedd94f1abff173236f14e36cc67b4fa4,100,NO
NEW SAIL 2021,ASIENTO DELANTERO LH (3ER AUTO),Asiento (3Er Auto),Izquierda Delantera,VENDIDO,SANTIAGO,0,0,,,Posición LH detectada; Posición DELANTERO detectada; Precio es 0 - probablemente sin precio; Último precio es 0 - probablemente sin precio,2025-08-12 02:14:41,66e60b04261a765b4bd70f3bd0a5340669c40d59e89824d6eeabc9f869a35dcc,85,NO
NEW SAIL 2021,ASIENTO DELANTERO RH,Asiento,Derecha Delantera,VENDIDO,SANTIAGO,25000.0,20000.0,,,Posición RH detectada; Posición DELANTERO detectada,2025-08-12 02:14:41,be8dca7497fe9bfe8ce3171ccf60ae254f97a28a82fc558135e79df278fa0640,100,NO
NEW SAIL 2021,ASIENTOS TRASEROS,Asientos,Trasera,VENDIDO,SANTIAGO,30000.0,30000.0,,,Posición TRASEROS detectada,2025-08-12 02:14:41,6e8bc39d83d16a272c0946eff539ab10071b7bd68e5f2aea7472427e2fa12352,100,NO
NEW SAIL 2021,BANDEJA DELANTERA LH,Bandeja,Izquierda Delantera,DISPONIBLE,SANTIAGO,20000.0,20000.0,,,BANDEJA mal escrito (debería ser BANDEJA); Posición LH detectada; Posición DELANTERA detectada,2025-09-11 02:14:41,5584c2ff6aef4e4d7a652669c5a91f271ef27815f1c0f9313d7c11a4654d2380,90,NO
NEW SAIL 2021,BANDEJA DELANTERA LH,Bandeja,Izquierda Delantera,DISPONIBLE,SANTIAGO,0,0,,,BANDEJA mal escrito (debería ser BANDEJA); Posición LH detectada; Posición DELANTERA detectada; Precio es 0 - probablemente sin precio; Último precio es 0 - probablemente sin precio,2025-09-11 02:14:41,6d0527b916950bfb19b06485834ff2a0e11878eeab7b774592f49b3954ea133e,65,SI
NEW SAIL 2021,BANDEJA DELANTERA RH,Bandeja,Derecha Delantera,VENDIDO,SANTIAGO,0,0,,,BANDEJA mal escrito (debería ser BANDEJA); Posición RH detectada; Posición DELANTERA detectada; Precio es 0 - probablemente sin precio; Último precio es 0 - probablemente sin precio,2025-08-12 02:14:41,1b4095c3af02a11674a5fd263adb9847f509c10d671a85b55051b2db563a30ef,75,NO
NEW SAIL 2021,BANDEJA DELANTERA RH,Bandeja,Derecha Delantera,DISPONIBLE,SANTIAGO,0,0,,,BANDEJA mal escrito (debería ser BANDEJA); Posición RH detectada; Posición DELANTERA detectada; Precio es 0 - probablemente sin precio; Último precio es 0 - probablemente sin precio,2025-09-11 02:14:41,1b4095c3af02a11674a5fd263adb9847f509c10d671a85b55051b2db563a30ef,65,SI
NEW SAIL 2021,BASE BATERÍA,BASE Batería,,DISPONIBLE,SANTIAGO,0,0,,,Precio es 0 - probablemente sin precio; Último precio es 0 - probablemente sin precio,2025-09-11 02:14:41,38622059088bbf4c1f878dc57528a259eb6660d8b90e5ffea86730bf912d9c69,75,NO
NEW SAIL 2021,BASE DE ALTERNADOR,BASE DE Alternador,,DISPONIBLE,SANTIAGO,25000.0,20000.0,,,ALTERNADOR mal escrito (debería ser ALTERNADOR),2025-09-11 02:14:41,e8772c57b43ab3558aea2398a8618ccb3784e54cdc61ecaac9a4a0f5a730f454,90,NO
NEW SAIL 2021,BASE DE BATERÍA,BASE DE Batería,,VENDIDO,SANTIAGO,10000.0,10000.0,,,,2025-08-12 02:14:41,01c0c1ba2e3e416006d8681b96289b83e629abba9b52cd5cbd7b2bc2be83db69,100,NO
NEW SAIL 2021,BASE DE ÓPTICO LH,BASE DE Óptico,Izquierda,VENDIDO,SANTIAGO,0,0,,,Posición LH detectada; Precio es 0 - probablemente sin precio; Último precio es 0 - probablemente sin precio,2025-08-12 02:14:41,8b210b283561bba019feffd9e1942089a3c7c5ab4f5fa628623dd48135676a95,85,NO
NEW SAIL 2021,BASE DE ÓPTICO RH,BASE DE Óptico,Derecha,VENDIDO,SANTIAGO,0,0,,,Posición RH detectada; Precio es 0 - probablemente sin precio; Último precio es 0 - probablemente sin precio,2025-08-12 02:14:41,7b9e924b1eb8f3a7c3e1b291088251edac72fba20638d9a95cbde1b510bc9845,85,NO
NEW SAIL 2021,BASE DE PIOLAS CAJA DE CAMBIOS,BASE DE Piolas CAJA DE Cambios,,DISPONIBLE,SANTIAGO,20000.0,15000.0,,,,2025-09-11 02:14:41,e27cf03e8d206feab27f162c5714250c32bfb03359de54b65ab0a98588100a5d,100,NO
NEW SAIL 2021,BASE DE SOPORTE CENTRAL (BASE DE HUESO),BASE DE Soporte (Base DE Hueso),Central,VENDIDO,SANTIAGO,25000.0,20000.0,,,SOPORTE mal escrito (debería ser SOPORTE); Posición CENTRAL detectada,2025-08-12 02:14:41,19b1ad07a616064e666c643ab5e2c216cc41081e6ffc1cd7e8ff48063463af7f,90,NO
NEW SAIL 2021,BASE DE SOPORTE DE CAJA LH,BASE DE Soporte DE CAJA,Izquierda,VENDIDO,SANTIAGO,0,0,,,SOPORTE mal escrito (debería ser SOPORTE); Posición LH detectada; Precio es 0 - probablemente sin precio; Último precio es 0 - probablemente sin precio,2025-08-12 02:14:41,813a02118bb2abd16c8b17a5a60a863d781edc315bb1acb36e42bb9bff872df2,75,NO
NEW SAIL 2021,BASE DE TERMOSTATO,BASE DE Termostato,,DISPONIBLE,SANTIAGO,15000.0,10000.0,,,,2025-09-11 02:14:41,22ee657f653cfd37e194040177b5ff38d47f80514aafe5607d21ee2345f3b053,100,NO
NEW SAIL 2021,BASE DE TERMOSTATO CON MANGUERA,BASE DE Termostato CON Mangueras,,DISPONIBLE,SANTIAGO,0,0,,,MANGUERA mal escrito (debería ser MANGUERAS); Precio es 0 - probablemente sin precio; Último precio es 0 - probablemente sin precio,2025-09-11 02:14:41,b1b5a766c8bee01686beb0be469432b0fbe1bb488c2f066fbc7616a90912ba48,65,SI
NEW SAIL 2021,BASE SUPERIOR METÁLICA ÓPTICO LH,BASE Metálica Óptico,Izquierda Superior,DISPONIBLE,SANTIAGO,0,0,,,Posición LH detectada; Posición SUPERIOR detectada; Precio es 0 - probablemente sin precio; Último precio es 0 - probablemente sin precio,2025-09-11 02:14:41,12465165ecbfd371734743eff50296cdd668051ac5c487dee20d33c7a99b22d6,75,NO
NEW SAIL 2021,BCM,BCM,,VENDIDO,SANTIAGO,95000.0,90000.0,,,,2025-08-12 02:14:41,28f25670c42111f3fae1ce5f0dd8b6a0156c6503b5c7161302a999760e60f71c,100,NO
NEW SAIL 2021,BCM,BCM,,DISPONIBLE,SANTIAGO,90000.0,80000.0,,,,2025-09-11 02:14:41,bd0fbd72aa07db73f5a02ac0a3587f26b08d2028b03e8379177f522e6c5831d6,100,NO
NEW SAIL 2021,BIBINA 1,Bibina 1,,DISPONIBLE,SANTIAGO,0,0,,,Precio es 0 - probablemente sin precio; Último precio es 0 - probablemente sin precio,2025-09-11 02:14:41,cb77c1cde89f5cd8a6432a0d9ee40a9ad7d49fca9adbbaecec79ef568461dc9b,75,NO
NEW SAIL 2021,BISAGRA CAPOT LH,Bisagra CAPÓ,Izquierda,DISPONIBLE,SANTIAGO,0,0,,,CAPOT mal escrito (debería ser CAPÓ); CAPO mal escrito (debería ser CAPÓ); Posición LH detectada; Precio es 0 - probablemente sin precio; Último precio es 0 - probablemente sin precio,2025-09-11 02:14:41,f19876f5593a387ad0bb1129150dfc7a22db27cd7595eae38869613d207038e0,65,SI
NEW SAIL 2021,BISAGRA CAPOT RH,Bisagra CAPÓ,Derecha,DISPONIBLE,SANTIAGO,0,0,,,CAPOT mal escrito (debería ser CAPÓ); CAPO mal escrito (debería ser CAPÓ); Posición RH detectada; Precio es 0 - probablemente sin precio; Último precio es 0 - probablemente sin precio,2025-09-11 02:14:41,330dfd68ccd04b86d8a1cb15665920383d31e428f1c479d6b4e5e9308b89494e,65,SI
NEW SAIL 2021,BISAGRA DE CAPOT LH,Bisagra DE CAPÓ,Izquierda,DISPONIBLE,SANTIAGO,20000.0,15000.0,,,CAPOT mal escrito (debería ser CAPÓ); CAPO mal escrito (debería ser CAPÓ); Posición LH detectada,2025-09-11 02:14:41,571fb4d495d45fd3663926e6d375b5ddad9fe7b3fe58420fb1efea983d38d39d,90,NO
NEW SAIL 2021,BISAGRA DE CAPOT RH,Bisagra DE CAPÓ,Derecha,DISPONIBLE,SANTIAGO,20000.0,15000.0,,,CAPOT mal escrito (debería ser CAPÓ); CAPO mal escrito (debería ser CAPÓ); Posición RH detectada,2025-09-11 02:14:41,fff2ec0f14527169b124f62aa3c937d9e7a6617e525377da42398eea79150af3,90,NO
NEW SAIL 2021,BISAGRAS DE PUERTA DELANTERA LH,Bisagras DE Puerta,Izquierda Delantera,DISPONIBLE,SANTIAGO,0,0,,,Posición LH detectada; Posición DELANTERA detectada; Precio es 0 - probablemente sin precio; Último precio es 0 - probablemente sin precio,2025-09-11 02:14:41,165fc734f1bfa9476eac488189219c7315befba946161af3cb07a9e93f6a79fc,75,NO
NEW SAIL 2021,BISAGRAS DE PUERTA DELANTERA RH,Bisagras DE Puerta,Derecha Delantera,DISPONIBLE,SANTIAGO,15000.0,10000.0,,,Posición RH detectada; Posición DELANTERA detectada,2025-09-11 02:14:41,76d315159236dfb1e96bf2a15e322ceedb45a7901dbf7f9ad615752ffb62dbaf,100,NO
NEW SAIL 2021,BISAGRAS DE PUERTA TRASERA RH,Bisagras DE Puerta,Derecha Trasera,DISPONIBLE,SANTIAGO,0,0,,,Posición RH detectada; Posición TRASERA detectada; Precio es 0 - probablemente sin precio; Último precio es 0 - probablemente sin precio,2025-09-11 02:14:41,3b92f9104b99ad45f038a4171e3f3853d97456bbd1798eca05de3da4670f7375,75,NO
NEW SAIL 2021,BISEL DE SINÓPTICO,Bisel DE Sinóptico,,DISPONIBLE,SANTIAGO,15000.0,10000.0,,,,2025-09-11 02:14:41,0dbe019e70d0dda15fb675465690657e6a4f8a36b820488dd0bf3a11aa4d3d5d,100,NO
NEW SAIL 2021,BISEL PORTA LUCES TRASERAS,Bisel Porta Luces,Trasera,VENDIDO,SANTIAGO,15000.0,10000.0,,,Posición TRASERAS detectada,2025-08-12 02:14:41,ac741dcdd7f2bc797872e97b0fbf8481b84c44d7ec9bdd1dfb2ef915d86d3d81,100,NO
NEW SAIL 2021,BISEL SINÓPTICO,Bisel Sinóptico,,DISPONIBLE,SANTIAGO,0,0,,,Precio es 0 - probablemente sin precio; Último precio es 0 - probablemente sin precio,2025-09-11 02:14:41,4f71236f9f064ceb9bf205fd2a2cd45f615374d3aecbfabb69f1763de6531581,75,NO
NEW SAIL 2021,BOBINA 1,Bobina 1,,VENDIDO,SANTIAGO,13000.0,10000.0,,,BOBINA mal escrito (debería ser BOBINA),2025-08-12 02:14:41,2d20bd25dcfd04cf45faf226baa92c44f6b5ba891ded76e4eec5087bf3004e70,90,NO
NEW SAIL 2021,BOBINA 2,Bobina 2,,VENDIDO,SANTIAGO,0,0,,,BOBINA mal escrito (debería ser BOBINA); Precio es 0 - probablemente sin precio; Último precio es 0 - probablemente sin precio,2025-08-12 02:14:41,b0c4cbca8b2d18803e673c3047e621067b2d687d80de0bcb8c15c5a30f5bde0e,75,NO
NEW SAIL 2021,BOBINA 2,Bobina 2,,DISPONIBLE,SANTIAGO,13000.0,10000.0,,,BOBINA mal escrito (debería ser BOBINA),2025-09-11 02:14:41,0371e3bdb7babb4dfcc6cf8e927ed004026b31cd2835515c2afdb0dbba316006,90,NO
NEW SAIL 2021,BOBINA 3,Bobina 3,,VENDIDO,SANTIAGO,0,0,,,BOBINA mal escrito (debería ser BOBINA); Precio es 0 - probablemente sin precio; Último precio es 0 - probablemente sin precio,2025-08-12 02:14:41,fea4891e7de3b72743ba55e124a15d72d42308c57cffe580cb4c9aaa45984e71,75,NO
NEW SAIL 2021,BOBINA 3,Bobina 3,,DISPONIBLE,SANTIAGO,13000.0,10000.0,,,BOBINA mal escrito (debería ser BOBINA),2025-09-11 02:14:41,b85577b2178938d0b434e1c3237edf16667717c033b03bb350b15ae033ea0b20,90,NO
NEW SAIL 2021,BOBINA 4,Bobina 4,,VENDIDO,SANTIAGO,0,0,,,BOBINA mal escrito (debería ser BOBINA); Precio es 0 - probablemente sin precio; Último precio es 0 - probablemente sin precio,2025-08-12 02:14:41,5fce9fc6ad57b69a919b0e7451afdec8f1fd6be0698c02c92e3b2d943924391d,75,NO
NEW SAIL 2021,BOBINA 4,Bobina 4,,DISPONIBLE,SANTIAGO,13000.0,10000.0,,,BOBINA mal escrito (debería ser BOBINA),2025-09-11 02:14:41,e5ed8c28c9413603cca5abb64466deea52b639c8fd1e0ef5344f107981a00781,90,NO
NEW SAIL 2021,BOCINA,Bocina,,DISPONIBLE,SANTIAGO,0,0,,,Precio es 0 - probablemente sin precio; Último precio es 0 - probablemente sin precio,2025-09-11 02:14:41,7a325315c8684f387ea7fb99806efbaa51f7b62f54af0a565e1dde3d71f5221b,75,NO
NEW SAIL 2021,BOCINA,Bocina,,VENDIDO,SANTIAGO,15000.0,10000.0,,,,2025-08-12 02:14:41,e73f7848b36330580387ac64a3df78754724d5769c8c191a6f274b8da120383a,100,NO
NEW SAIL 2021,BOMBA DE AGUA,Bomba DE AGUA,,DISPONIBLE,SANTIAGO,20000.0,15000.0,,,BOMBA mal escrito (debería ser BOMBA),2025-09-11 02:14:41,bad56ab2106933ba05125dca35d0e933aec435da000697e87fb711cea0bf6c54,90,NO
NEW SAIL 2021,BOMBA DE AGUA,Bomba DE AGUA,,DISPONIBLE,SANTIAGO,0,0,,,BOMBA mal escrito (debería ser BOMBA); Precio es 0 - probablemente sin precio; Último precio es 0 - probablemente sin precio,2025-09-11 02:14:41,c755751f84ebf01acf958a769d85d73df869f9fd9c7dba3df9323e1f713a338e,65,SI
NEW SAIL 2021,BOMBA DE BENCINA,Bomba DE Bencina,,DISPONIBLE,SANTIAGO,50000.0,40000.0,,,BOMBA mal escrito (debería ser BOMBA),2025-09-11 02:14:41,2fea6fe46c0fe8d8b204f0f41e0dd500d6d08bede1ee58b549b4a7a9e4078b3b,90,NO
NEW SAIL 2021,BOMBA DE DIRECCIÓN HIDRÁULICA,Bomba DE Dirección Hidráulica,,VENDIDO,SANTIAGO,55000.0,50000.0,,,BOMBA mal escrito (debería ser BOMBA),2025-08-12 02:14:41,a02df97140e289582b15e11aa89a1ec11f4bc184d491ba160a34265fc02738a9,90,NO
NEW SAIL 2021,BOMBA DE DIRECCIÓN HIDRÁULICA,Bomba DE Dirección Hidráulica,,DISPONIBLE,SANTIAGO,0,0,,,BOMBA mal escrito (debería ser BOMBA); Precio es 0 - probablemente sin precio; Último precio es 0 - probablemente sin precio,2025-09-11 02:14:41,091a239e3a5f876ea09423e7d8fe2db335280deb490b7e6b197d791a695facf7,65,SI
NEW SAIL 2021,BOMBA DE EMBRAGUE DE CAJA,Bomba DE Embrague DE CAJA,,DISPONIBLE,SANTIAGO,0,0,,,BOMBA mal escrito (debería ser BOMBA); Precio es 0 - probablemente sin precio; Último precio es 0 - probablemente sin precio,2025-09-11 02:14:41,9af7deeac08b8ad7b2068c1f77b88cf87d2a4a6daecd8474e54c0a46a907209b,65,SI
NEW SAIL 2021,BOMBA DE EMBRAGUE DE CAJA,Bomba DE Embrague DE CAJA,,DISPONIBLE,SANTIAGO,0,0,,,BOMBA mal escrito (debería ser BOMBA); Precio es 0 - probablemente sin precio; Último precio es 0 - probablemente sin precio,2025-09-11 02:14:41,9af7deeac08b8ad7b2068c1f77b88cf87d2a4a6daecd8474e54c0a46a907209b,65,SI
NEW SAIL 2021,BOMBA DE FRENO,Bomba DE Freno,,DISPONIBLE,SANTIAGO,35000.0,30000.0,,,FRENO mal escrito (debería ser FRENO); BOMBA mal escrito (debería ser BOMBA),2025-09-11 02:14:41,2f98bd22ced5425e89111aefbbae56862eec7e5713c45e30b8866c216a5085be,90,NO
NEW SAIL 2021,BOMBA DE FRENO,Bomba DE Freno,,DISPONIBLE,SANTIAGO,0,0,,,FRENO mal escrito (debería ser FRENO); BOMBA mal escrito (debería ser BOMBA); Precio es 0 - probablemente sin precio; Último precio es 0 - probablemente sin precio,2025-09-11 02:14:41,76e99ad3e0b0f225040e37c942309fa1bfd6ecc39aa677db5f915535997394ce,65,SI
NEW SAIL 2021,BOMBA DE PEDAL DE EMBRAGUE,Bomba DE Pedal DE Embrague,,DISPONIBLE,SANTIAGO,0,0,,,BOMBA mal escrito (debería ser BOMBA); Precio es 0 - probablemente sin precio; Último precio es 0 - probablemente sin precio,2025-09-11 02:14:41,5402fd89b6eeca55def8dde49cf8782a23b74aa2ae11093031b488e17ecd818d,65,SI
NEW SAIL 2021,BOMBA HIDRÁULICA BRAZO (3ER AUTO),Bomba Hidráulica Brazo (3Er Auto),,DISPONIBLE,SANTIAGO,0,0,,,BRAZO mal escrito (debería ser BRAZO); BOMBA mal escrito (debería ser BOMBA); Precio es 0 - probablemente sin precio; Último precio es 0 - probablemente sin precio,2025-09-11 02:14:41,18cea98c3c50ed3aeafe9d54cd22f9eafce58055eb0c609394955c732529a485,65,SI
NEW SAIL 2021,BOMBA HIDRÁULICA DE PEDAL DE EMBRAGUE,Bomba Hidráulica DE Pedal DE Embrague,,DISPONIBLE,SANTIAGO,0,0,,,BOMBA mal escrito (debería ser BOMBA); Precio es 0 - probablemente sin precio; Último precio es 0 - probablemente sin precio,2025-09-11 02:14:41,e0ee4ea6a9ccba4356043889f9af85180bf5a769a39f7457f97b9be816faa015,65,SI
NEW SAIL 2021,BORNER NEGATIVO,Borner Negativo,,DISPONIBLE,SANTIAGO,0,0,,,Precio es 0 - probablemente sin precio; Último precio es 0 - probablemente sin precio,2025-09-11 02:14:41,7079ad90a6512db3b196b13fc51908fa0a65a329ae93cae57812c69f741b72a7,75,NO
NEW SAIL 2021,BORNER POSITIVO,Borner Positivo,,DISPONIBLE,SANTIAGO,25000.0,20000.0,,,,2025-09-11 02:14:41,6643ea99132d064c8087105a89cd6d54472d1cecec406fcd9ecef1987de90fc8,100,NO
NEW SAIL 2021,BOTÓN ALZAVIDRIO TRASERO LH,Botón Alzavidrio,Izquierda Trasera,DISPONIBLE,SANTIAGO,10000.0,10000.0,,,Posición LH detectada; Posición TRASERO detectada,2025-09-11 02:14:41,bda7915fc15f309e45da668a8a8958ecbf033093d75dfb737337352d753ba9f1,100,NO
NEW SAIL 2021,BOTÓN ALZAVIDRIO TRASERO RH,Botón Alzavidrio,Derecha Trasera,DISPONIBLE,SANTIAGO,10000.0,10000.0,,,Posición RH detectada; Posición TRASERO detectada,2025-09-11 02:14:41,29030351c9e9c7604ca6a80bfda875052adaef63dafe9536687499924af5c708,100,NO
NEW SAIL 2021,BOTONERA CENTRAL DE ALZA VIDRIOS,Botonera DE ALZA Vidrios,Central,DISPONIBLE,SANTIAGO,0,0,,,Posición CENTRAL detectada; Precio es 0 - probablemente sin precio; Último precio es 0 - probablemente sin precio,2025-09-11 02:14:41,e13f3b5b044eb0469f39a4712103c9e17079978faf24d9a1488a40b98bf9a8ef,75,NO
NEW SAIL 2021,BOTONERA DELANTERA LH (CENTRAL),Botonera (),Izquierda Delantera Central,DISPONIBLE,SANTIAGO,45000.0,40000.0,,,Posición LH detectada; Posición DELANTERA detectada; Posición CENTRAL detectada,2025-09-11 02:14:41,f0018697e003c934a50022cdd2b7523b9848b6d3f74693549a1bc5c7aa8b35f0,100,NO
NEW SAIL 2021,BRAZO LIMPIAPARABRISAS LH,Brazo Limpiaparabrisass,Izquierda,DISPONIBLE,SANTIAGO,0,0,,,LIMPIAPARABRISA mal escrito (debería ser LIMPIAPARABRISAS); BRAZO mal escrito (debería ser BRAZO); Posición LH detectada; Precio es 0 - probablemente sin precio; Último precio es 0 - probablemente sin precio,2025-09-11 02:14:41,77b504eacd6ecfbe5ddc82c9f9b875422cd9bb5d226486c6e414fed2ee410d71,65,SI
NEW SAIL 2021,BRAZO LIMPIAPARABRISAS LH,Brazo Limpiaparabrisass,Izquierda,DISPONIBLE,SANTIAGO,0,0,,,LIMPIAPARABRISA mal escrito (debería ser LIMPIAPARABRISAS); BRAZO mal escrito (debería ser BRAZO); Posición LH detectada; Precio es 0 - probablemente sin precio; Último precio es 0 - probablemente sin precio,2025-09-11 02:14:41,77b504eacd6ecfbe5ddc82c9f9b875422cd9bb5d226486c6e414fed2ee410d71,65,SI
NEW SAIL 2021,BRAZO LIMPIAPARABRISAS LH,Brazo Limpiaparabrisass,Izquierda,DISPONIBLE,SANTIAGO,0,0,,,LIMPIAPARABRISA mal escrito (debería ser LIMPIAPARABRISAS); BRAZO mal escrito (debería ser BRAZO); Posición LH detectada; Precio es 0 - probablemente sin precio; Último precio es 0 - probablemente sin precio,2025-09-11 02:14:41,77b504eacd6ecfbe5ddc82c9f9b875422cd9bb5d226486c6e414fed2ee410d71,65,SI
NEW SAIL 2021,BRAZO LIMPIAPARABRISAS RH,Brazo Limpiaparabrisass,Derecha,DISPONIBLE,SANTIAGO,0,0,,,LIMPIAPARABRISA mal escrito (debería ser LIMPIAPARABRISAS); BRAZO mal escrito (debería ser BRAZO); Posición RH detectada; Precio es 0 - probablemente sin precio; Último precio es 0 - probablemente sin precio,2025-09-11 02:14:41,4e1a34eb41c06d05cfb776e5d5ff74cf024cb380ae50389a76cf1ab677db11f8,65,SI
NEW SAIL 2021,BRAZO LIMPIAPARABRISAS RH,Brazo Limpiaparabrisass,Derecha,DISPONIBLE,SANTIAGO,0,0,,,LIMPIAPARABRISA mal escrito (debería ser LIMPIAPARABRISAS); BRAZO mal escrito (debería ser BRAZO); Posición RH detectada; Precio es 0 - probablemente sin precio; Último precio es 0 - probablemente sin precio,2025-09-11 02:14:41,4e1a34eb41c06d05cfb776e5d5ff74cf024cb380ae50389a76cf1ab677db11f8,65,SI
NEW SAIL 2021,BRAZO LIMPIAPARABRISAS RH,Brazo Limpiaparabrisass,Derecha,DISPONIBLE,SANTIAGO,0,0,,,LIMPIAPARABRISA mal escrito (debería ser LIMPIAPARABRISAS); BRAZO mal escrito (debería ser BRAZO); Posición RH detectada; Precio es 0 - probablemente sin precio; Último precio es 0 - probablemente sin precio,2025-09-11 02:14:41,4e1a34eb41c06d05cfb776e5d5ff74cf024cb380ae50389a76cf1ab677db11f8,65,SI
NEW SAIL 2021,CAJA (3ER AUTO),CAJA (3Er Auto),,VENDIDO,SANTIAGO,280000.0,250000.0,,PRECIO ACTUALIZADO,,2025-08-12 02:14:41,fae11a5ba07cdc2905f4c725817ff5e1eea3f9a99a33200fcca805b76858f5d5,100,NO
NEW SAIL 2021,CAJETÍN,Cajetín,,DISPONIBLE,SANTIAGO,0,0,,,Precio es 0 - probablemente sin precio; Último precio es 0 - probablemente sin precio,2025-09-11 02:14:41,0ab87ba74c9accd9827011ab943789d89776d5243a511356f858565198ac39d1,75,NO
NEW SAIL 2021,CALIPER DELANTERO LH,Caliper,Izquierda Delantera,DISPONIBLE,SANTIAGO,35000.0,30000.0,,,Posición LH detectada; Posición DELANTERO detectada,2025-09-11 02:14:41,9cbc944704b8f111fae01d3613eedd8cafb3e5f7de684c83073c2b63c4ae463c,100,NO
NEW SAIL 2021,CALIPER DELANTERO LH,Caliper,Izquierda Delantera,DISPONIBLE,SANTIAGO,0,0,,,Posición LH detectada; Posición DELANTERO detectada; Precio es 0 - probablemente sin precio; Último precio es 0 - probablemente sin precio,2025-09-11 02:14:41,c053a38646ace63b3c7453930349fad3fd382376d9b9fc76501521369555cfde,75,NO
NEW SAIL 2021,CALIPER DELANTERO RH,Caliper,Derecha Delantera,DISPONIBLE,SANTIAGO,35000.0,30000.0,,,Posición RH detectada; Posición DELANTERO detectada,2025-09-11 02:14:41,5125c3048ac07819fc0e7241d8500e94b82caec82630265ac154be543f00dd25,100,NO
NEW SAIL 2021,CALIPER DELANTERO RH,Caliper,Derecha Delantera,DISPONIBLE,SANTIAGO,0,0,,,Posición RH detectada; Posición DELANTERO detectada; Precio es 0 - probablemente sin precio; Último precio es 0 - probablemente sin precio,2025-09-11 02:14:41,3fc624d53d5a3f829ad07f9b83e84a14d8710a00f7409846ea1fb5dcd0c2fdf5,75,NO
NEW SAIL 2021,CANISTER,Canister,,DISPONIBLE,SANTIAGO,0,0,,,Precio es 0 - probablemente sin precio; Último precio es 0 - probablemente sin precio,2025-09-11 02:14:41,d01a9c8678e8600aacff072411e6c987a78a9d25c3a235f92884234460236c10,75,NO
NEW SAIL 2021,CAÑERÍA DE AIRE ACONDICIONADO JUEGO,Cañería DE AIRE Acondicionado Juego,,VENDIDO,SANTIAGO,45000.0,40000.0,,,AIRE mal escrito (debería ser AIRE); JUEGO indica múltiples piezas,2025-08-12 02:14:41,aa3ad18ae7fe098bf963b1bd4d823e42bdaaad6beb04c388c12a28a40af77d98,90,NO
NEW SAIL 2021,CAÑERÍA DE LÍQUIDO DE EMBRAGUE ADELANTE,Cañería DE Líquido DE Embrague Adelante,,DISPONIBLE,SANTIAGO,30000.0,25000.0,,,,2025-09-11 02:14:41,5ea136ad32eb0f87cce2b95ed98928303405b58418914d067b694d5fb436181a,100,NO
NEW SAIL 2021,CAÑERÍA DIRECCIÓN HIDRÁULICA FRONTAL INFERIOR,Cañería Dirección Hidráulica,Inferior Frontal,VENDIDO,SANTIAGO,20000.0,20000.0,,,Posición INFERIOR detectada; Posición FRONTAL detectada,2025-08-12 02:14:41,f9b777e1c0d9b4e0dcf48bd523d5587020cbc7fca7758ba03ea7dc6c6e269f6a,100,NO
NEW SAIL 2021,CAÑERÍA DIRECCIÓN HIDRÁULICA FRONTAL INFERIOR,Cañería Dirección Hidráulica,Inferior Frontal,DISPONIBLE,SANTIAGO,0,0,,,Posición INFERIOR detectada; Posición FRONTAL detectada; Precio es 0 - probablemente sin precio; Último precio es 0 - probablemente sin precio,2025-09-11 02:14:41,37f1ec1a8e7b8eaa1c788857830ecc186df070d4bbdaa5029fb3f38877d90f8b,75,NO
NEW SAIL 2021,CAÑERÍA LÍQUIDO HIDRÁULICO FRONTAL INFERIOR,Cañería Líquido Hidráulico,Inferior Frontal,VENDIDO,SANTIAGO,30000.0,25000.0,,,Posición INFERIOR detectada; Posición FRONTAL detectada,2025-08-12 02:14:41,1a9f19cab4c19949f852d2e79a53dc0685c0f9eceacc84076fcbbe34fe7b7250,100,NO
NEW SAIL 2021,CAPOT,CAPÓ,,VENDIDO,SANTIAGO,70000.0,65000.0,,,CAPOT mal escrito (debería ser CAPÓ); CAPO mal escrito (debería ser CAPÓ),2025-08-12 02:14:41,e370a0c7c79fee8f48005b3b86ef8d8f2ccb55d4fb7717a75443100d8d0226db,90,NO
NEW SAIL 2021,CARTER,Cárter,,VENDIDO,SANTIAGO,45000.0,40000.0,,,CARTER mal escrito (debería ser CÁRTER),2025-08-12 02:14:41,202d87cfcacd8ed199ff78395b5c9eda9a49c83f4d55ffbe0b79ac10318180ad,90,NO
NEW SAIL 2021,CATALÍTICO,Catalítico,,VENDIDO,SANTIAGO,22500.0,22500.0,,,,2025-08-12 02:14:41,14e566bac9a4353eb72186562dfe547536d6b415c298c268b19d4993df57534f,100,NO
NEW SAIL 2021,CATALÍTICO,Catalítico,,VENDIDO,SANTIAGO,0,0,,,Precio es 0 - probablemente sin precio; Último precio es 0 - probablemente sin precio,2025-08-12 02:14:41,77cc31a5e3ce3617dc2a87bf7b4059eb38477bdb10fd373061aa0c3771b2ed8a,85,NO
NEW SAIL 2021,CHAPA CAPOT,Chapa CAPÓ,,DISPONIBLE,SANTIAGO,15000.0,15000.0,,,CAPOT mal escrito (debería ser CAPÓ); CAPO mal escrito (debería ser CAPÓ),2025-09-11 02:14:41,c16b134c70c02cdd0fcaa072d2c3dfa12ee48a83613d99ff5802f65ef34d3f26,90,NO
NEW SAIL 2021,CHAPA CAPOT,Chapa CAPÓ,,DISPONIBLE,SANTIAGO,15000.0,10000.0,,,CAPOT mal escrito (debería ser CAPÓ); CAPO mal escrito (debería ser CAPÓ),2025-09-11 02:14:41,c16b134c70c02cdd0fcaa072d2c3dfa12ee48a83613d99ff5802f65ef34d3f26,90,NO
NEW SAIL 2021,CHAPA CAPOT,Chapa CAPÓ,,DISPONIBLE,SANTIAGO,0,0,,,CAPOT mal escrito (debería ser CAPÓ); CAPO mal escrito (debería ser CAPÓ); Precio es 0 - probablemente sin precio; Último precio es 0 - probablemente sin precio,2025-09-11 02:14:41,a3d9884e1c6b6fbd5da17d96749de7e54ebe2f04621ed266e3967e5c06860862,65,SI
NEW SAIL 2021,CHAPA DE CONTACTO,Chapa DE Contacto,,VENDIDO,SANTIAGO,0,0,,,Precio es 0 - probablemente sin precio; Último precio es 0 - probablemente sin precio,2025-08-12 02:14:41,595b2452748f62bb7079ab1cce8c89b8941f48d7f60e6148e9bbf1997570e744,85,NO
NEW SAIL 2021,CHAPA DE CONTACTO CON LLAVE SIN ANTENA,Chapa DE Contacto CON Llave SIN Antena,,DISPONIBLE,SANTIAGO,30000.0,25000.0,,,,2025-09-11 02:14:41,487a4f184b45ed1dd50e38805b272d5ae3fc8b2adcc63c2cc6da29297d291fec,100,NO
NEW SAIL 2021,CHAPA DE MALETA,Chapa DE Maleta,,VENDIDO,SANTIAGO,15000.0,15000.0,,,,2025-08-12 02:14:41,1f281ae18a1b49406028c792feb4e5d95aaef01b8be43fe0aee0f752960fe34e,100,NO
NEW SAIL 2021,CHAPA MALETA,Chapa Maleta,,POR CONFIRMAR,SANTIAGO,0,0,,,Precio es 0 - probablemente sin precio; Último precio es 0 - probablemente sin precio,2025-09-11 02:14:41,d5dec4dafdb7af93bd43ccbab75e0c2ba2e22d0d85fd0437f373e266c13554be,85,NO
NEW SAIL 2021,CHAPA PUERTA DELANTERA LH,Chapa Puerta,Izquierda Delantera,VENDIDO,SANTIAGO,25000.0,20000.0,,,Posición LH detectada; Posición DELANTERA detectada,2025-08-12 02:14:41,2f2255fd610d1deef97653caea92b32a480b2e8877e74a9a1c9e10d2149b3ebd,100,NO
NEW SAIL 2021,CHAPA PUERTA DELANTERA LH,Chapa Puerta,Izquierda Delantera,DISPONIBLE,SANTIAGO,0,0,,,Posición LH detectada; Posición DELANTERA detectada; Precio es 0 - probablemente sin precio; Último precio es 0 - probablemente sin precio,2025-09-11 02:14:41,868b95965ae6f3e29cb9ff0e2422174b51107331ab8d8d4d41f44796d6a59d8e,75,NO
NEW SAIL 2021,CHAPA PUERTA DELANTERA RH,Chapa Puerta,Derecha Delantera,DISPONIBLE,SANTIAGO,25000.0,20000.0,,,Posición RH detectada; Posición DELANTERA detectada,2025-09-11 02:14:41,2825157cf9ca4443e75c69e25b6bba706d01f24ef45a6418a9d6ee2d8554916c,100,NO
NEW SAIL 2021,CHAPA PUERTA DELANTERA RH,Chapa Puerta,Derecha Delantera,DISPONIBLE,SANTIAGO,0,0,,,Posición RH detectada; Posición DELANTERA detectada; Precio es 0 - probablemente sin precio; Último precio es 0 - probablemente sin precio,2025-09-11 02:14:41,8a77770ef0578382452eb422cffe9541490a304ed49b955813e12fa2ca2449a2,75,NO
NEW SAIL 2021,CHAPA PUERTA TRASERA LH,Chapa Puerta,Izquierda Trasera,DISPONIBLE,SANTIAGO,0,0,,,Posición LH detectada; Posición TRASERA detectada; Precio es 0 - probablemente sin precio; Último precio es 0 - probablemente sin precio,2025-09-11 02:14:41,3c98fd9378d9ddbbae8be2d589d1d24825909b038f972c6b3402d3b960ad2b62,75,NO
NEW SAIL 2021,CHAPA PUERTA TRASERA RH,Chapa Puerta,Derecha Trasera,DISPONIBLE,SANTIAGO,25000.0,20000.0,,,Posición RH detectada; Posición TRASERA detectada,2025-09-11 02:14:41,57ef1ddaa62d4871fc945a250a4cb0e16f20f15ddada7d8e561a9937330cbab6,100,NO
NEW SAIL 2021,CHAPA PUERTA TRASERA RLH,Chapa Puerta RLH,Trasera,DISPONIBLE,SANTIAGO,25000.0,20000.0,,,Posición TRASERA detectada,2025-09-11 02:14:41,a971d24de8fd66487fe7f6273be49e3bbd43ca4ac5524cf8da0f7e2ac0a8d5e7,100,NO
NEW SAIL 2021,CIGÜEÑAL,Cigüeñal,,DISPONIBLE,SANTIAGO,60000.0,55000.0,,,,2025-09-11 02:14:41,77dbf1032d6a605255d7ba1d6aeb537837840dc5cc162b62cea2c2dd628a3a1d,100,NO
NEW SAIL 2021,CINTA DE AIRBAG,Cinta DE Airbag,,DISPONIBLE,SANTIAGO,0,0,,,Precio es 0 - probablemente sin precio; Último precio es 0 - probablemente sin precio,2025-09-11 02:14:41,34d0650019d74d2186a0b16b1086d6a04d9e65e6d251e7b5dcec6f7d44ada0ef,75,NO
NEW SAIL 2021,CINTA DE AIRBAG MALA,Cinta DE Airbag MALA,,NO DISPONIBLE,SANTIAGO,0,0,,,Estado 'MALA' detectado - revisar si es válido; Precio es 0 - probablemente sin precio; Último precio es 0 - probablemente sin precio,2025-09-11 02:14:41,7a38a780b821246dcb9e4758e4a47097a663dee4037031ba2c9fbdf245ba04c6,85,NO
NEW SAIL 2021,CINTURON DELANTERO LH,Cinturon,Izquierda Delantera,NO DISPONIBLE,SANTIAGO,30000.0,25000.0,,,Posición LH detectada; Posición DELANTERO detectada,2025-09-11 02:14:41,fb4cfe8ab855e143b0d5dc4bb202ef781b6a719feab1e34ca64e83e601cc9a98,100,NO
NEW SAIL 2021,CINTURON DELANTERO RH,Cinturon,Derecha Delantera,NO DISPONIBLE,SANTIAGO,30000.0,25000.0,,,Posición RH detectada; Posición DELANTERO detectada,2025-09-11 02:14:41,12cd567289e0e0eef3946654573946fb2e9ff1df8a8778de390be6c7a36a6d42,100,NO
NEW SAIL 2021,CINTURÓN TRASERO CENTRAL,Cinturón,Trasera Central,DISPONIBLE,SANTIAGO,0,0,,,Posición TRASERO detectada; Posición CENTRAL detectada; Precio es 0 - probablemente sin precio; Último precio es 0 - probablemente sin precio,2025-09-11 02:14:41,2e2e523253cd8efe0561617a17a2e0f931628acbeebe0550e6858214501f0fa8,75,NO
NEW SAIL 2021,CINTURÓN TRASERO LH,Cinturón,Izquierda Trasera,DISPONIBLE,SANTIAGO,0,0,,,Posición LH detectada; Posición TRASERO detectada; Precio es 0 - probablemente sin precio; Último precio es 0 - probablemente sin precio,2025-09-11 02:14:41,0f14fd4775585b550fbfb1ab8c9a50b2b2dddab124797e5c91180a2b9527600f,75,NO
NEW SAIL 2021,CINTURÓN TRASERO RH,Cinturón,Derecha Trasera,VENDIDO,,0,0,,,Posición RH detectada; Posición TRASERO detectada; Precio es 0 - probablemente sin precio; Último precio es 0 - probablemente sin precio; Sin ubicación especificada,2025-08-12 02:14:41,c5657e6fef549dc2ddbf8d4c72b7da4688c57df62ec07d6d224e6e24cc6705a6,75,NO
NEW SAIL 2021,COFIA,Cofia,,VENDIDO,SANTIAGO,15000.0,10000.0,,,,2025-08-12 02:14:41,ca8b13787ba45c2bb3c4d68e7599534fa89e111d9427723adad5d2fcb5aae073,100,NO
NEW SAIL 2021,COFIA,Cofia,,DISPONIBLE,SANTIAGO,15000.0,10000.0,,,,2025-09-11 02:14:41,ca8b13787ba45c2bb3c4d68e7599534fa89e111d9427723adad5d2fcb5aae073,100,NO
NEW SAIL 2021,COLUMNA DE DIRECCIÓN,Columna DE Dirección,,DISPONIBLE,SANTIAGO,0,0,,,Precio es 0 - probablemente sin precio; Último precio es 0 - probablemente sin precio,2025-09-11 02:14:41,d194559c9f544ccc1d1f969f6dfaae99450af747805b643e98d570edccb4de25,75,NO
NEW SAIL 2021,COLUMNA DE DIRECCIÓN,Columna DE Dirección,,DISPONIBLE,SANTIAGO,0,0,,,Precio es 0 - probablemente sin precio; Último precio es 0 - probablemente sin precio,2025-09-11 02:14:41,d194559c9f544ccc1d1f969f6dfaae99450af747805b643e98d570edccb4de25,75,NO
NEW SAIL 2021,COMPRESOR AIRE ACONDICIONADO,Compresor AIRE Acondicionado,,VENDIDO,SANTIAGO,0,0,,,COMPRESOR mal escrito (debería ser COMPRESOR); AIRE mal escrito (debería ser AIRE); Precio es 0 - probablemente sin precio; Último precio es 0 - probablemente sin precio,2025-08-12 02:14:41,8682d1c78ea3921ff9fe2980bf27acef5bd532de9634ca16636e378ec31de9b6,75,NO
NEW SAIL 2021,COMPRESOR DE AIRE ACONDICIONADO,Compresor DE AIRE Acondicionado,,VENDIDO,SANTIAGO,0,0,,,COMPRESOR mal escrito (debería ser COMPRESOR); AIRE mal escrito (debería ser AIRE); Precio es 0 - probablemente sin precio; Último precio es 0 - probablemente sin precio,2025-08-12 02:14:41,e4c2a27d70b8d8594a078d36568069d8359002401dba4699b78566cb6b5872f0,75,NO
NEW SAIL 2021,CONECTOR DE RAMAL CKP,Conector DE Ramal CKP,,VENDIDO,SANTIAGO,0,0,,,Precio es 0 - probablemente sin precio; Último precio es 0 - probablemente sin precio,2025-08-12 02:14:41,517b699eab750024cd2e32f430b1fb3ae42345ebac35e59a96c662cfc195e90f,85,NO
NEW SAIL 2021,CONSOLA CENTRAL CON APOYA BRAZO (PREGUNTAR SI ESTÁ EL DEL OTRO AUTO),Consola CON Apoya Brazo (Preguntar SI ESTÁ EL DEL OTRO Auto),Central,VENDIDO,SANTIAGO,0,0,,(3ER AUTO),BRAZO mal escrito (debería ser BRAZO); Posición CENTRAL detectada; Precio es 0 - probablemente sin precio; Último precio es 0 - probablemente sin precio,2025-08-12 02:14:41,14b09ebbcdb068ef28fc4e3ea20452574563e1b16ddcb64b3d20cf7e24b23791,75,NO
NEW SAIL 2021,CONTROL DE CALEFACCIÓN (CON AIRE) (3ER AUTO),Control DE Calefacción (CON Aire) (3Er Auto),,VENDIDO,SANTIAGO,0,0,,,AIRE mal escrito (debería ser AIRE); CONTROL mal escrito (debería ser CONTROL); Precio es 0 - probablemente sin precio; Último precio es 0 - probablemente sin precio,2025-08-12 02:14:41,567f6f1cc6697a5a16db82705db2436e07340e3101d2a15779f080314722e84c,75,NO
NEW SAIL 2021,CONTROL DE CALEFACCIÓN (SIN AIRE),Control DE Calefacción (SIN Aire),,DISPONIBLE,SANTIAGO,25000.0,20000.0,,,AIRE mal escrito (debería ser AIRE); CONTROL mal escrito (debería ser CONTROL),2025-09-11 02:14:41,74cf623ad74cb27b35019f8f8706570ba15c3edddcb2492a48f4717725e3a18a,90,NO
NEW SAIL 2021,CREMALLERA DE ALZAVIDRIO DELANTERA LH,Cremallera DE Alzavidrio,Izquierda Delantera,DISPONIBLE,SANTIAGO,40000.0,35000.0,,,CREMALLERA mal escrito (debería ser CREMALLERA); Posición LH detectada; Posición DELANTERA detectada,2025-09-11 02:14:41,5b114e5af4517399bd674675eab2f1f56f9088063d96bbb2803537dfbe3946c3,90,NO
NEW SAIL 2021,CREMALLERA DE ALZAVIDRIO DELANTERA RH,Cremallera DE Alzavidrio,Derecha Delantera,DISPONIBLE,SANTIAGO,40000.0,35000.0,,,CREMALLERA mal escrito (debería ser CREMALLERA); Posición RH detectada; Posición DELANTERA detectada,2025-09-11 02:14:41,274ca9060508cb2642bf5a352d0d7787e3492396964bff2fcbf143eb40664395,90,NO
NEW SAIL 2021,CREMALLERA DE ALZAVIDRIO TRASERA LH,Cremallera DE Alzavidrio,Izquierda Trasera,DISPONIBLE,SANTIAGO,35000.0,30000.0,,,CREMALLERA mal escrito (debería ser CREMALLERA); Posición LH detectada; Posición TRASERA detectada,2025-09-11 02:14:41,aac0c9b7e6d2165223633f05d95ce76cd9fa3f3d794d180a42acbe2f35ebe191,90,NO
NEW SAIL 2021,CREMALLERA DE ALZAVIDRIO TRASERA RH,Cremallera DE Alzavidrio,Derecha Trasera,DISPONIBLE,SANTIAGO,35000.0,30000.0,,,CREMALLERA mal escrito (debería ser CREMALLERA); Posición RH detectada; Posición TRASERA detectada,2025-09-11 02:14:41,054a8e17854f568eb69b8d2d04670cc6ae1ce496efa28da0c1d953a4dd11bfdd,90,NO
NEW SAIL 2021,CREMALLERA DE ALZAVIDRIOS DELANTERA LH,Cremallera DE Alzavidrios,Izquierda Delantera,DISPONIBLE,SANTIAGO,0,0,,,CREMALLERA mal escrito (debería ser CREMALLERA); Posición LH detectada; Posición DELANTERA detectada; Precio es 0 - probablemente sin precio; Último precio es 0 - probablemente sin precio,2025-09-11 02:14:41,6545f826d56908a1ccd56faa62d8b136957a198bbd3c608660e7e46683f162fc,65,SI
NEW SAIL 2021,CREMALLERA DE ALZAVIDRIOS DELANTERA RH,Cremallera DE Alzavidrios,Derecha Delantera,DISPONIBLE,SANTIAGO,0,0,,,CREMALLERA mal escrito (debería ser CREMALLERA); Posición RH detectada; Posición DELANTERA detectada; Precio es 0 - probablemente sin precio; Último precio es 0 - probablemente sin precio,2025-09-11 02:14:41,c05904f0af1412e998c6904355d3416d0cbf8818d20a03d598a5081c0148a960,65,SI
NEW SAIL 2021,CREMALLERA DE ALZAVIDRIOS TRASERA LH,Cremallera DE Alzavidrios,Izquierda Trasera,DISPONIBLE,SANTIAGO,0,0,,,CREMALLERA mal escrito (debería ser CREMALLERA); Posición LH detectada; Posición TRASERA detectada; Precio es 0 - probablemente sin precio; Último precio es 0 - probablemente sin precio,2025-09-11 02:14:41,dc1d2ba8ce24fad164aaa20dea42b938bfcdb671d3eac53473dc0bffba58d17e,65,SI
NEW SAIL 2021,CREMALLERA DE ALZAVIDRIOS TRASERA RH,Cremallera DE Alzavidrios,Derecha Trasera,DISPONIBLE,SANTIAGO,0,0,,,CREMALLERA mal escrito (debería ser CREMALLERA); Posición RH detectada; Posición TRASERA detectada; Precio es 0 - probablemente sin precio; Último precio es 0 - probablemente sin precio,2025-09-11 02:14:41,eff6cb8986022347fe879151fdc21aa5592c1179d0fd2069cfd1515a765d09f5,65,SI
NEW SAIL 2021,CREMALLERA DE DIRECCIÓN,Cremallera DE Dirección,,VENDIDO,SANTIAGO,75000.0,70000.0,,,CREMALLERA mal escrito (debería ser CREMALLERA),2025-08-12 02:14:41,584a5289ca3d2278b98be76435f94995e5a000f21effa019f9b0a8bbc60caa5d,90,NO
NEW SAIL 2021,CREMALLERA DE DIRECCIÓN CON MANGUERAS,Cremallera DE Dirección CON Manguerass,,VENDIDO,SANTIAGO,75000.0,70000.0,,,MANGUERA mal escrito (debería ser MANGUERAS); CREMALLERA mal escrito (debería ser CREMALLERA),2025-08-12 02:14:41,ef145c7a3aab1fd0040ca9f99b25aa6dfe7a8ed8ebbf2c75953ce1357ebbd2da,90,NO
NEW SAIL 2021,CUBRE RUEDA DE REPUESTO,Cubre Rueda DE Repuesto,,VENDIDO,SANTIAGO,25000.0,20000.0,,,,2025-08-12 02:14:41,0c2a005240a860ec590ec932fb284cd59dbc3db3f48ce16ade13323af0cfa246,100,NO
NEW SAIL 2021,CUBRE TORPEDO EXTERIOR,Cubre Torpedo Exterior,,VENDIDO,SANTIAGO,35000.0,30000.0,,,,2025-08-12 02:14:41,4b0ba27d342de39d160c1181d8dbe302c4aa53636ff8c60b6b93453b5cedd08a,100,NO
NEW SAIL 2021,CUBRE TORPEDO EXTERIOR,Cubre Torpedo Exterior,,POR CONFIRMAR,SANTIAGO,0,0,,,Precio es 0 - probablemente sin precio; Último precio es 0 - probablemente sin precio,2025-09-11 02:14:41,d07cade70ec8043a46042cbd2db05080e11475cc618eeb4c7dae4690e801ba90,85,NO
NEW SAIL 2021,CUBRE TORPEDO EXTERIOR 3ER AUTO,Cubre Torpedo Exterior 3Er AUTO,,VENDIDO,SANTIAGO,0,0,,,Precio es 0 - probablemente sin precio; Último precio es 0 - probablemente sin precio,2025-08-12 02:14:41,11987e6eddafe165cc8c6b9da3416689ecf2a51fcd2c7677bb828b0e7e6488ea,85,NO
NEW SAIL 2021,CUERPO DE ACELERACIÓN,Cuerpo DE Aceleración,,VENDIDO,SANTIAGO,55000.0,50000.0,,,,2025-08-12 02:14:41,4026e290bf8c039586849a03766ee86546a999f972faba270f7c9e8fb9d175f1,100,NO
NEW SAIL 2021,CUERPO DE ACELERACIÓN (3ER AUTO),Cuerpo DE Aceleración (3Er Auto),,DISPONIBLE,SANTIAGO,0,0,,,Precio es 0 - probablemente sin precio; Último precio es 0 - probablemente sin precio,2025-09-11 02:14:41,a5116575f24f2c30b6a6082e3dd434dbdaed0df78ed80f7028227a7865596638,75,NO
NEW SAIL 2021,CULATA,Culata,,DISPONIBLE,SANTIAGO,160000.0,150000.0,,,,2025-09-11 02:14:41,7280643960875959ead2bcf49977bb36b9bdcb4ddf9d1f8b02f8b0869bb0927e,100,NO
NEW SAIL 2021,CUNA,CUNA,,DISPONIBLE,SANTIAGO,45000.0,40000.0,,,,2025-09-11 02:14:41,4f156336fff7d532984fb1dee7c80a313f4c6f5111aa20bf1e56409035c7f5df,100,NO
NEW SAIL 2021,CUNA CON BARRA ESTABILIZADORA Y BIELETAS,CUNA CON Barra Estabilizadora Y Bieletas,,VENDIDO,SANTIAGO,45000.0,40000.0,,,,2025-08-12 02:14:41,29f707e16649feb38a18af26b57947135e977a7910d817d62b3db64d2e880c18,100,NO
NEW SAIL 2021,DAMPER,Damper,,DISPONIBLE,SANTIAGO,45000.0,40000.0,,,,2025-09-11 02:14:41,22cbba0ed84046b144e968574e94e5247f80cd946043a49801519973c75a5895,100,NO
NEW SAIL 2021,DEFLECTOR PLÁSTICO RADIADOR,Deflector Plástico Radiador,,DISPONIBLE,SANTIAGO,0,0,,,RADIADOR mal escrito (debería ser RADIADOR); Precio es 0 - probablemente sin precio; Último precio es 0 - probablemente sin precio,2025-09-11 02:14:41,3c0e4f43474de1af86660078a8cdee71293e18b5e83de120172f050183794d61,65,SI
NEW SAIL 2021,DEPÓSITO DE AGUA,Depósito DE AGUA,,VENDIDO,SANTIAGO,15000.0,15000.0,,,,2025-08-12 02:14:41,faa74429cf2ddb38dbe28e54d2421037b5461a266cf67eba27c54df4a09e110c,100,NO
NEW SAIL 2021,DEPÓSITO DE AGUA,Depósito DE AGUA,,DISPONIBLE,SANTIAGO,15000.0,15000.0,,,,2025-09-11 02:14:41,faa74429cf2ddb38dbe28e54d2421037b5461a266cf67eba27c54df4a09e110c,100,NO
NEW SAIL 2021,DEPÓSITO DE LIMPIAPARABRISAS,Depósito DE Limpiaparabrisass,,DISPONIBLE,SANTIAGO,20000.0,20000.0,,,LIMPIAPARABRISA mal escrito (debería ser LIMPIAPARABRISAS),2025-09-11 02:14:41,6beb9ce2e9d441ca5a94db798e05b2998cb8287ee112ac8ed0fa1b65bab9704c,90,NO
NEW SAIL 2021,DEPOSITO DE LÍQUIDO DE FRENO,Depósito DE Líquido DE Freno,,DISPONIBLE,SANTIAGO,0,0,,,FRENO mal escrito (debería ser FRENO); DEPOSITO mal escrito (debería ser DEPÓSITO); Precio es 0 - probablemente sin precio; Último precio es 0 - probablemente sin precio,2025-09-11 02:14:41,85c21b201761fed3b9187be2a297da0df864d986c15a0aa19809afa5a90260f8,65,SI
NEW SAIL 2021,DEPÓSITO DE LÍQUIDO HIDRÁULICO,Depósito DE Líquido Hidráulico,,VENDIDO,SANTIAGO,0,0,,,Precio es 0 - probablemente sin precio; Último precio es 0 - probablemente sin precio,2025-08-12 02:14:41,9eeb8ca80a8adbc54fb4032ad1a9abf9552c1af6da05c8ba93745aa07027af01,85,NO
NEW SAIL 2021,DEPÓSITO DE LÍQUIDO HIDRÁULICO,Depósito DE Líquido Hidráulico,,DISPONIBLE,SANTIAGO,20000.0,15000.0,,,,2025-09-11 02:14:41,16150382a5a9bca8a5d0ee49652c432e3897425bd56eba46b66bd0b91466f29b,100,NO
NEW SAIL 2021,DEPÓSITO LIMPIAPARABRISAS,Depósito Limpiaparabrisass,,DISPONIBLE,SANTIAGO,15000.0,15000.0,,,LIMPIAPARABRISA mal escrito (debería ser LIMPIAPARABRISAS),2025-09-11 02:14:41,f37701b3dc9ac31f43f341a9c21b693455ec2614ea7efaf80a54a398f29bb983,90,NO
NEW SAIL 2021,DISCO DE FRENO DELANTERO LH,Disco DE Freno,Izquierda Delantera,DISPONIBLE,SANTIAGO,10000.0,10000.0,,,FRENO mal escrito (debería ser FRENO); DISCO mal escrito (debería ser DISCO); Posición LH detectada; Posición DELANTERO detectada,2025-09-11 02:14:41,dd67582fa1f01b0af4b3d22e13324752839a096e1220f0bcfe954903358204f2,90,NO
NEW SAIL 2021,DISCO DE FRENO DELANTERO RH,Disco DE Freno,Derecha Delantera,DISPONIBLE,SANTIAGO,10000.0,10000.0,,,FRENO mal escrito (debería ser FRENO); DISCO mal escrito (debería ser DISCO); Posición RH detectada; Posición DELANTERO detectada,2025-09-11 02:14:41,f9e4d83797cc98806781a3c32c091a7b74aac45ab91979a3fb4eaf2bbd50017e,90,NO
NEW SAIL 2021,DISCO DELANTERO LH,Disco,Izquierda Delantera,DISPONIBLE,SANTIAGO,0,0,,,DISCO mal escrito (debería ser DISCO); Posición LH detectada; Posición DELANTERO detectada; Precio es 0 - probablemente sin precio; Último precio es 0 - probablemente sin precio,2025-09-11 02:14:41,d4d45f3a544bf1070eccebf10503c0f1bdf2e1cb252404646c3714a4b14c1bfb,65,SI
NEW SAIL 2021,DISCO DELANTERO RH,Disco,Derecha Delantera,DISPONIBLE,SANTIAGO,0,0,,,DISCO mal escrito (debería ser DISCO); Posición RH detectada; Posición DELANTERO detectada; Precio es 0 - probablemente sin precio; Último precio es 0 - probablemente sin precio,2025-09-11 02:14:41,243ee76076aac11a6c2a280f2f91626d34e99efe9b1f62849bb871c1b315257e,65,SI
NEW SAIL 2021,ECU,ECU,,DISPONIBLE,SANTIAGO,110000.0,100000.0,,,ECU mal escrito (debería ser ECU),2025-09-11 02:14:41,14c5e420546112eda84a4a9db015c6243a793a9919b46ff17a516d49acc53dd0,90,NO
NEW SAIL 2021,ECU,ECU,,VENDIDO,SANTIAGO,115000.0,100000.0,,,ECU mal escrito (debería ser ECU),2025-08-12 02:14:41,9f470d3becb9a2bf5e946c99bdc908cb46331ea3172f616ebcd997e491e2995e,90,NO
NEW SAIL 2021,EJE PALIER LH,EJE Palier,Izquierda,DISPONIBLE,SANTIAGO,55000.0,50000.0,,,Posición LH detectada,2025-09-11 02:14:41,9672976caa61b66a37c3e0fc879e2daeefc3861e33c5a204cd75fb4956f2d6ef,100,NO
NEW SAIL 2021,EJE PALIER LH,EJE Palier,Izquierda,DISPONIBLE,SANTIAGO,0,0,,,Posición LH detectada; Precio es 0 - probablemente sin precio; Último precio es 0 - probablemente sin precio,2025-09-11 02:14:41,f28816b31f3101e73d988b3b4f71bd58eee5c32f455522d798acb719c927f214,75,NO
NEW SAIL 2021,EJE PALIER RH,EJE Palier,Derecha,VENDIDO,SANTIAGO,65000.0,60000.0,,,Posición RH detectada,2025-08-12 02:14:41,114ad3b5eef8f57f360d7af183246ffc9b38bf7dd6c2033c9d6eba414693262a,100,NO
NEW SAIL 2021,EJE PALIER RH,EJE Palier,Derecha,DISPONIBLE,SANTIAGO,0,0,,,Posición RH detectada; Precio es 0 - probablemente sin precio; Último precio es 0 - probablemente sin precio,2025-09-11 02:14:41,f8d2c02c161f1fa3b11751a125778e927e6a84ea3b7dec7ea071f165f7017129,75,NO
NEW SAIL 2021,EJE TRASERO SOLO,EJE SOLO,Trasera,DISPONIBLE,SANTIAGO,50000.0,45000.0,,,Posición TRASERO detectada,2025-09-11 02:14:41,7057102de5e056f2732acc9ed180ba04ff1123977d74383f654edb90d6249331,100,NO
NEW SAIL 2021,ELECTROVENTILADOR,Electroventilador,,VENDIDO,SANTIAGO,15000.0,10000.0,,ESTÁ CON DETALLE (PARTIDO),,2025-08-12 02:14:41,3a481704a53c5861e99f5080cdeffb4c0c96d51cfe89b664f0bf52c45febfcbf,100,NO
NEW SAIL 2021,ELECTROVENTILADOR (3ER AUTO),Electroventilador (3Er Auto),,DISPONIBLE,SANTIAGO,35000.0,30000.0,,,,2025-09-11 02:14:41,697d8bed2178ecf5dcea3b37fffaef721718fb41953d838e3afe864a530b14f3,100,NO
NEW SAIL 2021,ESPEJO CENTRAL,Espejo,Central,DISPONIBLE,SANTIAGO,15000.0,10000.0,,,Posición CENTRAL detectada,2025-09-11 02:14:41,1068abc9fd68f152eb963de293ada5cdccee93260a78a3170ff8eafab0ca3042,100,NO
NEW SAIL 2021,ESPEJO CENTRAL,Espejo,Central,DISPONIBLE,SANTIAGO,0,0,,,Posición CENTRAL detectada; Precio es 0 - probablemente sin precio; Último precio es 0 - probablemente sin precio,2025-09-11 02:14:41,a82b67bcafcccd26aefe1773dcf54edb20d791a00e6b3a7a1417da8b90d7a589,75,NO
NEW SAIL 2021,ESPEJO CENTRAL (SOLO TAPA),Espejo (Solo Tapa),Central,DISPONIBLE,SANTIAGO,0,0,,REVISAR QUE LLEGÓ,Posición CENTRAL detectada; Precio es 0 - probablemente sin precio; Último precio es 0 - probablemente sin precio,2025-09-11 02:14:41,79e4468334fe3f17e0403f5cbdb5d7a1ad5e4372a4614c74cf18cd075f03a69c,75,NO
NEW SAIL 2021,ESPEJO LH,Espejo,Izquierda,VENDIDO,SANTIAGO,0,0,,,Posición LH detectada; Precio es 0 - probablemente sin precio; Último precio es 0 - probablemente sin precio,2025-08-12 02:14:41,d19c4cf4147754556209e13a788ef6928afbcada284fb0a69dba963fa2471708,85,NO
NEW SAIL 2021,ESPEJO RH,Espejo,Derecha,VENDIDO,SANTIAGO,0,0,,,Posición RH detectada; Precio es 0 - probablemente sin precio; Último precio es 0 - probablemente sin precio,2025-08-12 02:14:41,93fba04fde0f5ec8a033b6a9b8d2a87267b15008d82ccf639019a58b79541fc9,85,NO
NEW SAIL 2021,ESPIRAL TRASERO LH,Espiral,Izquierda Trasera,VENDIDO,SANTIAGO,0,0,,,Posición LH detectada; Posición TRASERO detectada; Precio es 0 - probablemente sin precio; Último precio es 0 - probablemente sin precio,2025-08-12 02:14:41,fb67cd45c493341121e6b9225500515fab85f75d223ddf4fb8e3d9ce989d52ee,85,NO
NEW SAIL 2021,ESPIRAL TRASERO RH,Espiral,Derecha Trasera,VENDIDO,SANTIAGO,0,0,,,Posición RH detectada; Posición TRASERO detectada; Precio es 0 - probablemente sin precio; Último precio es 0 - probablemente sin precio,2025-08-12 02:14:41,692594be14176ab03afb8aafd715230573b4389f57f4315ef07be66c4ed255b3,85,NO
NEW SAIL 2021,FLEXIBLE CAÑERIA EMBRAGUE,Flexible Cañeria Embrague,,VENDIDO,SANTIAGO,25000.0,20000.0,,POR CONFIRMAR DONDE ESTÁ,,2025-08-12 02:14:41,3a92b47121a9958d9091d4410e36828417215bd78bfc595dae118b778e64f0d7,100,NO
NEW SAIL 2021,FOCO TRASERO LH,FOCO,Izquierda Trasera,VENDIDO,SANTIAGO,20000.0,15000.0,,,Posición LH detectada; Posición TRASERO detectada,2025-08-12 02:14:41,f3f5636912993776e66d2ce4f07ce33d6c3876199ff357ff9839aaaaf94bf3d4,100,NO
NEW SAIL 2021,FOCO TRASERO RH CON DETALLE,FOCO CON Detalle,Derecha Trasera,VENDIDO,SANTIAGO,0,0,,,Posición RH detectada; Posición TRASERO detectada; Estado 'CON DETALLE' detectado - revisar si es válido; Estado 'DETALLE' detectado - revisar si es válido; Precio es 0 - probablemente sin precio; Último precio es 0 - probablemente sin precio,2025-08-12 02:14:41,04b9e835f60c663f826985a355f798cac1b7eec4bc90de6aafe3c7f7b4ff8a79,65,SI
NEW SAIL 2021,FRONTAL INFERIOR,,Inferior Frontal,DISPONIBLE,SANTIAGO,25000.0,20000.0,,,Posición INFERIOR detectada; Posición FRONTAL detectada,2025-09-11 02:14:41,444c7320110ae8b9bce23dc402cd0cefd10f30a7ef3e2cc2d56c30746e06a4a6,70,NO
NEW SAIL 2021,FRONTAL SUPERIOR,,Superior Frontal,DISPONIBLE,SANTIAGO,30000.0,25000.0,,,Posición SUPERIOR detectada; Posición FRONTAL detectada,2025-09-11 02:14:41,c5d472f29e12fcb270f95633802c72c07f9ce3ac9eeaad02caf462da6a513645,70,NO
NEW SAIL 2021,FUNDA DE PARACHOQUE DELANTERO,Funda DE Parachoques,Delantera,VENDIDO,SANTIAGO,20000.0,20000.0,,,PARACHOQUE mal escrito (debería ser PARACHOQUES); Posición DELANTERO detectada,2025-08-12 02:14:41,87aee7cd4335a181d06e9763eb8d5b8579b30c8895647fbdbb410dff3f39a53a,90,NO
NEW SAIL 2021,FUNDA DE PARACHOQUE TRASERA,Funda DE Parachoques,Trasera,NO DISPONIBLE,SANTIAGO,0,0,,ROTA,PARACHOQUE mal escrito (debería ser PARACHOQUES); Posición TRASERA detectada; Precio es 0 - probablemente sin precio; Último precio es 0 - probablemente sin precio,2025-09-11 02:14:41,a7fb6b7e252d86cb01415f47d01f208553d69afe50ae0b52a4831a6bc62d70f5,75,NO
NEW SAIL 2021,FUNDA DE PARACHOQUE TRASERO,Funda DE Parachoques,Trasera,VENDIDO,SANTIAGO,0,0,,,PARACHOQUE mal escrito (debería ser PARACHOQUES); Posición TRASERO detectada; Precio es 0 - probablemente sin precio; Último precio es 0 - probablemente sin precio,2025-08-12 02:14:41,c089b0e1fecf0ccb8ff7e627815e6a362c6fa9b04477348b25ff8704ccad19a4,75,NO
NEW SAIL 2021,FUSIBLE BORNER BATERÍA,Fusible Borner Batería,,DISPONIBLE,REQUINOA,25000.0,20000.0,,,FUSIBLE mal escrito (debería ser FUSIBLE),2025-09-11 02:14:41,3187ddaf150a0dbdaad333e8ae3ad3288d0702a95ccf8c5260fe842881a44934,90,NO
NEW SAIL 2021,GANCHOS BATERÍA,Ganchos Batería,,DISPONIBLE,SANTIAGO,0,0,,,Precio es 0 - probablemente sin precio; Último precio es 0 - probablemente sin precio,2025-09-11 02:14:41,2d37726fe5ca19122ba8da296b86a8ff8ed42971e945dfc2f1b475eed9d6231a,75,NO
NEW SAIL 2021,GOMA PUERTA DELANTERA LH,GOMA Puerta,Izquierda Delantera,VENDIDO,SANTIAGO,10000.0,10000.0,,,Posición LH detectada; Posición DELANTERA detectada,2025-08-12 02:14:41,06199b158c9f6caddf9db95dcdd06ebed189b5782e56c77d5d3f6e015ee99124,100,NO
NEW SAIL 2021,GOMA PUERTA DELANTERA RH,GOMA Puerta,Derecha Delantera,VENDIDO,SANTIAGO,10000.0,10000.0,,,Posición RH detectada; Posición DELANTERA detectada,2025-08-12 02:14:41,6c545328c9d4a21b19725822c102e9bab1314ea55040e3488abbfdc38041828d,100,NO
NEW SAIL 2021,GOMA PUERTA TRASERA LH,GOMA Puerta,Izquierda Trasera,VENDIDO,SANTIAGO,10000.0,10000.0,,,Posición LH detectada; Posición TRASERA detectada,2025-08-12 02:14:41,96578ee6ef8ad86599cbf4185076e6d603421c773fd2da5ffe48ea214b9287d1,100,NO
NEW SAIL 2021,GOMA PUERTA TRASERA RH,GOMA Puerta,Derecha Trasera,VENDIDO,SANTIAGO,10000.0,10000.0,,,Posición RH detectada; Posición TRASERA detectada,2025-08-12 02:14:41,0b8fc8a5d2c7d99cdf787ca3e0d1267951179be21f3b70e9135bd64859e5f69a,100,NO
NEW SAIL 2021,GUANTERA,Guantera,,DISPONIBLE,SANTIAGO,25000.0,20000.0,,,,2025-09-11 02:14:41,dae32dab482c9602a013d098878139ff4a16bd4ec114f62963e5bedc5087feb7,100,NO
NEW SAIL 2021,GUANTERA,Guantera,,DISPONIBLE,SANTIAGO,0,0,,,Precio es 0 - probablemente sin precio; Último precio es 0 - probablemente sin precio,2025-09-11 02:14:41,c94b68859c1f7c12167a589f87498de8d9d0272f62e610df03f6d777c4de560d,75,NO
NEW SAIL 2021,GUARDAFANGO DELANTERO LH,Guardafango,Izquierda Delantera,VENDIDO,SANTIAGO,0,0,,MALO,Posición LH detectada; Posición DELANTERO detectada; Precio es 0 - probablemente sin precio; Último precio es 0 - probablemente sin precio,2025-08-12 02:14:41,7b54ea6eb8b2d8e1c43049e84b2bd72d7693b2e8f5b17ebd7c3ade0a0f7f8638,85,NO
NEW SAIL 2021,GUARDAFANGO DELANTERO RH,Guardafango,Derecha Delantera,NO DISPONIBLE,SANTIAGO,0,0,,MALO,Posición RH detectada; Posición DELANTERO detectada; Precio es 0 - probablemente sin precio; Último precio es 0 - probablemente sin precio,2025-09-11 02:14:41,e8eaa74df874cd2b9e05933f12d52dd5bb0ad4abe90bcc445e75a44126f3ff12,85,NO
NEW SAIL 2021,GUARDAFANGO TRASERO LH,Guardafango,Izquierda Trasera,DISPONIBLE,REQUINOA,8000.0,8000.0,,,Posición LH detectada; Posición TRASERO detectada,2025-09-11 02:14:41,672af98c6a508e58cc684759ca47175d504bcf862cea2cafcbf5ca0e9edbd188,100,NO
NEW SAIL 2021,GUARDAFANGO TRASERO RH,Guardafango,Derecha Trasera,DISPONIBLE,REQUINOA,8000.0,8000.0,,,Posición RH detectada; Posición TRASERO detectada,2025-09-11 02:14:41,dd13ac86049c245e275ffa41f12c2ba10b7f05ea26d57124d25a68cc607b7113,100,NO
NEW SAIL 2021,INTERMITENTE LH,Intermitente,Izquierda,VENDIDO,SANTIAGO,0,0,,,Posición LH detectada; Precio es 0 - probablemente sin precio; Último precio es 0 - probablemente sin precio,2025-08-12 02:14:41,4f012eacd182905a62fd58fc2627fdc2e4038df1de5caa3a3857c73ec3d42dcd,85,NO
NEW SAIL 2021,INTERMITENTE RH,Intermitente,Derecha,DISPONIBLE,SANTIAGO,0,0,,,Posición RH detectada; Precio es 0 - probablemente sin precio; Último precio es 0 - probablemente sin precio,2025-09-11 02:14:41,0d372e8340cbcd9b50ed256615294f0ec2237ca31f0a8e33096819679e6cb40a,75,NO
NEW SAIL 2021,INYECTOR 1,Inyector 1,,DISPONIBLE,SANTIAGO,15000.0,10000.0,,,INYECTOR mal escrito (debería ser INYECTOR),2025-09-11 02:14:41,3b217d6b059cf00b5efac5da564392ecfb90b7a91c6ad2fa3feed755fb2fd23f,90,NO
NEW SAIL 2021,INYECTOR 2,Inyector 2,,DISPONIBLE,SANTIAGO,15000.0,10000.0,,,INYECTOR mal escrito (debería ser INYECTOR),2025-09-11 02:14:41,530857b5abc5354ee8aac90611138e0da35f3b418ede1122bb1a3b7d9e48eba8,90,NO
NEW SAIL 2021,INYECTOR 3,Inyector 3,,DISPONIBLE,SANTIAGO,15000.0,10000.0,,,INYECTOR mal escrito (debería ser INYECTOR),2025-09-11 02:14:41,21f3ed69ccea720fba6c0e179682780df688516b54d162a49e7eccd159c9c682,90,NO
NEW SAIL 2021,KIT DE AIRBAG,KIT DE Airbag,,NO DISPONIBLE,SANTIAGO,0,0,,VEHÍCULO SIN AIRBAG,KIT indica múltiples piezas; Precio es 0 - probablemente sin precio; Último precio es 0 - probablemente sin precio,2025-09-11 02:14:41,2af42098470c591b670934fd9211e4765945a343654c8f9e40d45e62b7c772d9,85,NO
NEW SAIL 2021,KIT DE AIRBAG (3ER AUTO),KIT DE Airbag (3Er Auto),,VENDIDO,SANTIAGO,0,0,,,KIT indica múltiples piezas; Precio es 0 - probablemente sin precio; Último precio es 0 - probablemente sin precio,2025-08-12 02:14:41,1a07f08d164eb69b47a6963a9f5d79635a5c2cd49bdfce65513551c36e8e76ab,85,NO
NEW SAIL 2021,KIT DE ENCENDIDO,KIT DE Encendido,,DISPONIBLE,SANTIAGO,260000.0,250000.0,,LLEGA LO QUE FALTA 15-11,ENCENDIDO mal escrito (debería ser ENCENDIDO); KIT indica múltiples piezas,2025-09-11 02:14:41,8b7437292b575719d1968f3da1d49c1fca8df69d4d625a23cc37793ad6f1e192,90,NO
NEW SAIL 2021,LLANTA CON NEUMÁTICO 1,Llanta CON Neumático 1,,VENDIDO,SANTIAGO,35000.0,30000.0,,,LLANTA mal escrito (debería ser LLANTA),2025-08-12 02:14:41,4112f23a2888b5b88e77adf5e66258a8bd037abdb581a84ab8f9f8393e4d4ffb,90,NO
NEW SAIL 2021,LLANTA CON NEUMÁTICO 2,Llanta CON Neumático 2,,VENDIDO,SANTIAGO,35000.0,30000.0,,,LLANTA mal escrito (debería ser LLANTA),2025-08-12 02:14:41,64dd8dba35499de9aca1f0019ef01911c127cf511571921c95bee48fe7d060ec,90,NO
NEW SAIL 2021,LLANTA CON NEUMÁTICO 3,Llanta CON Neumático 3,,VENDIDO,SANTIAGO,35000.0,30000.0,,,LLANTA mal escrito (debería ser LLANTA),2025-08-12 02:14:41,5ccdf9c60fea8f42d7a6ef1ee556d32ca3c026623708f7a71d420710e9d3b05f,90,NO
NEW SAIL 2021,LLANTA CON NEUMÁTICO 4,Llanta CON Neumático 4,,VENDIDO,SANTIAGO,35000.0,30000.0,,,LLANTA mal escrito (debería ser LLANTA),2025-08-12 02:14:41,c7b9a341cedbb4154999d39a66fbb62d4898493f97e7ada59ffa5ecebb5b2d72,90,NO
NEW SAIL 2021,LOGO DELANTERO,LOGO,Delantera,VENDIDO,SANTIAGO,15000.0,10000.0,,,Posición DELANTERO detectada,2025-08-12 02:14:41,13fa0f90ae3e337a6e4ef1000d0c620228da060bd9b6f3b9b5ac82abeda30167,100,NO
NEW SAIL 2021,LOGO DELANTERO,LOGO,Delantera,VENDIDO,SANTIAGO,0,0,,,Posición DELANTERO detectada; Precio es 0 - probablemente sin precio; Último precio es 0 - probablemente sin precio,2025-08-12 02:14:41,a6543cd187245417d3cf48bc60d88800eafe4268edf3a152474d0e5601fe89d7,85,NO
NEW SAIL 2021,LOGO TRASERO,LOGO,Trasera,VENDIDO,SANTIAGO,15000.0,10000.0,,,Posición TRASERO detectada,2025-08-12 02:14:41,91731b966a985834fb19a0f938412e7ab902d2c770c705e2190820c28116a874,100,NO
NEW SAIL 2021,LUNETA TRASERA,Luneta,Trasera,VENDIDO,SANTIAGO,55000.0,50000.0,,PARABRISAS TRASERO(GM ORIGINAL),Posición TRASERA detectada,2025-08-12 02:14:41,5727c57e4fc9c1d558fe47df82178bae8dd96d53f3dc12a5159566b3378bc8c4,100,NO
NEW SAIL 2021,LUZ CENTRAL INTERIOR,LUZ Interior,Central,DISPONIBLE,SANTIAGO,0,0,,NO ESPECIFICA LUGAR (LLEGÓ 25-11),Posición CENTRAL detectada; Precio es 0 - probablemente sin precio; Último precio es 0 - probablemente sin precio,2025-09-11 02:14:41,cf8ac5b798f3a844212cf3e03f872d2d93ea0d9532af58ea02bbcbbf93b8c09e,75,NO
NEW SAIL 2021,LUZ DE PATENTE LH,LUZ DE Patente,Izquierda,VENDIDO,SANTIAGO,7000.0,5000.0,,,Posición LH detectada,2025-08-12 02:14:41,0592b7f08551f26832ceb1376e953d85fa76238f99120e8a43b79da9e684d611,100,NO
NEW SAIL 2021,LUZ DE PATENTE RH,LUZ DE Patente,Derecha,VENDIDO,SANTIAGO,7000.0,5000.0,,,Posición RH detectada,2025-08-12 02:14:41,644e3cb3f3bfbb101b349093233554e55acbeb743fb88bcd70e5c7d5c38b01d8,100,NO
NEW SAIL 2021,LUZ DE TECHO,LUZ DE Techo,,DISPONIBLE,SANTIAGO,0,0,,,Precio es 0 - probablemente sin precio; Último precio es 0 - probablemente sin precio,2025-09-11 02:14:41,c0bd6b2f8a6d8351c023e8b2c2b52716288f0a72c6f2b09ba2b266815ed26d5a,75,NO
NEW SAIL 2021,LUZ TAPABARRO LH,LUZ Tapabarro,Izquierda,DISPONIBLE,SANTIAGO,7000.0,5000.0,,,Posición LH detectada,2025-09-11 02:14:41,b85903e3f8fab624e9542854c8fdea038acaa51b3e9f659156757cbd0bfd9a97,100,NO
NEW SAIL 2021,LUZ TAPABARRO LH,LUZ Tapabarro,Izquierda,DISPONIBLE,SANTIAGO,7000.0,5000.0,,,Posición LH detectada,2025-09-11 02:14:41,b85903e3f8fab624e9542854c8fdea038acaa51b3e9f659156757cbd0bfd9a97,100,NO
NEW SAIL 2021,LUZ TAPABARRO RH,LUZ Tapabarro,Derecha,DISPONIBLE,SANTIAGO,7000.0,5000.0,,,Posición RH detectada,2025-09-11 02:14:41,978bd8c6b9a65cb06ba944937e38d7692e01d6df3c82c9f3909a39fe39a99d36,100,NO
NEW SAIL 2021,MALETA (3ER AUTO),Maleta (3Er Auto),,VENDIDO,SANTIAGO,0,0,,,Precio es 0 - probablemente sin precio; Último precio es 0 - probablemente sin precio,2025-08-12 02:14:41,9f66aee11cb18754f313fbcdc946a0894095abbc9f892cf8b82d4966ea5a8b85,85,NO
NEW SAIL 2021,MANGUERA DE AGUA SAIL,Mangueras DE AGUA SAIL,,DISPONIBLE,SANTIAGO,15000.0,10000.0,,,MANGUERA mal escrito (debería ser MANGUERAS),2025-09-11 02:14:41,73fbc911eabca292ea7355c6ce3743b3dcac0ea3018ba5800eb7d149905c8f29,90,NO
NEW SAIL 2021,MANGUERA DE AGUA SUPERIOR,Mangueras DE AGUA,Superior,DISPONIBLE,SANTIAGO,0,0,,,MANGUERA mal escrito (debería ser MANGUERAS); Posición SUPERIOR detectada; Precio es 0 - probablemente sin precio; Último precio es 0 - probablemente sin precio,2025-09-11 02:14:41,0760d5cebb51aea6c1c9cbbfff3aec1eb3f0b94171568b64181d4075e2a6a4da,65,SI
NEW SAIL 2021,MANGÜERA DE CALEFCCIÓN,Mangüera DE Calefcción,,VENDIDO,SANTIAGO,0,0,,,Precio es 0 - probablemente sin precio; Último precio es 0 - probablemente sin precio,2025-08-12 02:14:41,29dcc00fc00554d91472156d4e4096fe24dbdd7a54477a0415655736c0dfc578,85,NO
NEW SAIL 2021,MANGUERA DELGADA DEPÓSITO DE AGUA,Mangueras Delgada Depósito DE AGUA,,DISPONIBLE,SANTIAGO,0,0,,,MANGUERA mal escrito (debería ser MANGUERAS); Precio es 0 - probablemente sin precio; Último precio es 0 - probablemente sin precio,2025-09-11 02:14:41,85b8de5698f40cee8071302bcd702a40ed8c05e372405c7a7cffac2c42a37923,65,SI
NEW SAIL 2021,MANGUERA INFERIOR DE RADIADOR,Mangueras DE Radiador,Inferior,DISPONIBLE,SANTIAGO,15000.0,10000.0,,,MANGUERA mal escrito (debería ser MANGUERAS); RADIADOR mal escrito (debería ser RADIADOR); Posición INFERIOR detectada,2025-09-11 02:14:41,e419a2f48ae0c094cba8932ce32c07995d2db3ad6685c81b0d6986e24610710c,90,NO
NEW SAIL 2021,MANGUERA SUPERIOR RADIADOR,Mangueras Radiador,Superior,DISPONIBLE,SANTIAGO,15000.0,10000.0,,,MANGUERA mal escrito (debería ser MANGUERAS); RADIADOR mal escrito (debería ser RADIADOR); Posición SUPERIOR detectada,2025-09-11 02:14:41,27f23fb6ffa99d370fac7a460b6ac2508ed200596ab2ea3c859ff229c8127618,90,NO
NEW SAIL 2021,MANILLA DE TECHO,Manilla DE Techo,,DISPONIBLE,SANTIAGO,0,0,,,Precio es 0 - probablemente sin precio; Último precio es 0 - probablemente sin precio,2025-09-11 02:14:41,fa9d08d3043ec121b1e4d6d25982b77222684d9e473abbf9b330900dbdb96b7b,75,NO
NEW SAIL 2021,MANILLA DE TECHO,Manilla DE Techo,,DISPONIBLE,SANTIAGO,0,0,,,Precio es 0 - probablemente sin precio; Último precio es 0 - probablemente sin precio,2025-09-11 02:14:41,fa9d08d3043ec121b1e4d6d25982b77222684d9e473abbf9b330900dbdb96b7b,75,NO
NEW SAIL 2021,MANILLA DE TECHO,Manilla DE Techo,,DISPONIBLE,SANTIAGO,0,0,,,Precio es 0 - probablemente sin precio; Último precio es 0 - probablemente sin precio,2025-09-11 02:14:41,fa9d08d3043ec121b1e4d6d25982b77222684d9e473abbf9b330900dbdb96b7b,75,NO
NEW SAIL 2021,MANILLA EXTERIOR DELANTERA LH,Manilla Exterior,Izquierda Delantera,VENDIDO,SANTIAGO,25000.0,20000.0,,,Posición LH detectada; Posición DELANTERA detectada,2025-08-12 02:14:41,ee754c4d898ae96720d5026a7e318552bc0f82c23973b73e771c3025de7fd38d,100,NO
NEW SAIL 2021,MANILLA EXTERIOR DELANTERA RH,Manilla Exterior,Derecha Delantera,VENDIDO,SANTIAGO,25000.0,20000.0,,,Posición RH detectada; Posición DELANTERA detectada,2025-08-12 02:14:41,429f763baa6856ff8e4c5e442e9079cde8b506e7973324b6c9b6b12ddb9781be,100,NO
NEW SAIL 2021,MANILLA EXTERIOR PUERTA DELANTERA LH,Manilla Exterior Puerta,Izquierda Delantera,DISPONIBLE,SANTIAGO,0,0,,,Posición LH detectada; Posición DELANTERA detectada; Precio es 0 - probablemente sin precio; Último precio es 0 - probablemente sin precio,2025-09-11 02:14:41,bad4578e81a644908bfc45f193b47416b90019496039c2408a16ac9f95c1e39f,75,NO
NEW SAIL 2021,MANILLA EXTERIOR PUERTA DELANTERA RH,Manilla Exterior Puerta,Derecha Delantera,DISPONIBLE,SANTIAGO,0,0,,,Posición RH detectada; Posición DELANTERA detectada; Precio es 0 - probablemente sin precio; Último precio es 0 - probablemente sin precio,2025-09-11 02:14:41,827dff547fbc536c86aa349da4d6ae6fc9993117b9d3c39735ea37c5a6ee6520,75,NO
NEW SAIL 2021,MANILLA EXTERIOR PUERTA TRASERA LH,Manilla Exterior Puerta,Izquierda Trasera,DISPONIBLE,SANTIAGO,0,0,,,Posición LH detectada; Posición TRASERA detectada; Precio es 0 - probablemente sin precio; Último precio es 0 - probablemente sin precio,2025-09-11 02:14:41,c67c62256c7b2cde044be41ffa8a2401dc180f8dcc9365cca0a91f1c038e622b,75,NO
NEW SAIL 2021,MANILLA EXTERIOR PUERTA TRASERA RH,Manilla Exterior Puerta,Derecha Trasera,DISPONIBLE,SANTIAGO,0,0,,,Posición RH detectada; Posición TRASERA detectada; Precio es 0 - probablemente sin precio; Último precio es 0 - probablemente sin precio,2025-09-11 02:14:41,455aea21eea5924f4f01e710fbac915f8e68de5614888a5d1727dbe7ef60ebc3,75,NO
NEW SAIL 2021,MANILLA EXTERIOR TRASERA LH,Manilla Exterior,Izquierda Trasera,DISPONIBLE,SANTIAGO,25000.0,20000.0,,,Posición LH detectada; Posición TRASERA detectada,2025-09-11 02:14:41,91eab1e70db775d6097701f59dbad59960e6191c0f8bc7aa1008196a3e0166f0,100,NO
NEW SAIL 2021,MANILLA EXTERIOR TRASERA LH (3ER AUTO),Manilla Exterior (3Er Auto),Izquierda Trasera,VENDIDO,SANTIAGO,0,0,,,Posición LH detectada; Posición TRASERA detectada; Precio es 0 - probablemente sin precio; Último precio es 0 - probablemente sin precio,2025-08-12 02:14:41,54329533da5c98765e50d6e1ea0bfffbd8418591cf9b41b9546f5f4b1e2f32fd,85,NO
NEW SAIL 2021,MANILLA EXTERIOR TRASERA RH,Manilla Exterior,Derecha Trasera,DISPONIBLE,SANTIAGO,25000.0,20000.0,,,Posición RH detectada; Posición TRASERA detectada,2025-09-11 02:14:41,aab490333231956cca3a50d6e0ea3e3fc317cc62d366e0047a8643d138e5337e,100,NO
NEW SAIL 2021,MANILLA INTERIOR APERTURA DE CAPOT Y BENCINA,Manilla Interior Apertura DE CAPÓ Y Bencina,,DISPONIBLE,SANTIAGO,0,0,,,CAPOT mal escrito (debería ser CAPÓ); CAPO mal escrito (debería ser CAPÓ); Precio es 0 - probablemente sin precio; Último precio es 0 - probablemente sin precio,2025-09-11 02:14:41,2d3e7fda34b3f155d45f0da08f7933e1822ce477416ac5017b1b6209a95d64a1,65,SI
NEW SAIL 2021,MANILLA INTERIOR CON PIOLA DE CAPOT,Manilla Interior CON Piola DE CAPÓ,,VENDIDO,SANTIAGO,0,0,,,CAPOT mal escrito (debería ser CAPÓ); CAPO mal escrito (debería ser CAPÓ); Precio es 0 - probablemente sin precio; Último precio es 0 - probablemente sin precio,2025-08-12 02:14:41,be52a2e8a7266f1c4be11a410e3546591bc7ea255d850552bd3f67f89b863c50,75,NO
NEW SAIL 2021,MANILLA INTERIOR TECHO 1,Manilla Interior Techo 1,,DISPONIBLE,SANTIAGO,0,0,,,Precio es 0 - probablemente sin precio; Último precio es 0 - probablemente sin precio,2025-09-11 02:14:41,531071e0adc3fa716b05eef02cc8c8f0fe95405c397030dd09c5feb4765f1d04,75,NO
NEW SAIL 2021,MANILLA INTERIOR TECHO 2,Manilla Interior Techo 2,,DISPONIBLE,SANTIAGO,0,0,,,Precio es 0 - probablemente sin precio; Último precio es 0 - probablemente sin precio,2025-09-11 02:14:41,0753b5ef9a93c206b5d311cf0f28c74c0315307f5f7289bc75adc5a32fc10fcb,75,NO
NEW SAIL 2021,MANILLA INTERIOR TECHO 3,Manilla Interior Techo 3,,DISPONIBLE,SANTIAGO,0,0,,,Precio es 0 - probablemente sin precio; Último precio es 0 - probablemente sin precio,2025-09-11 02:14:41,36cf695f3a89d13d0f5a65bec72c86647d081c0d740a38db9c8a026553b01c9b,75,NO
NEW SAIL 2021,MANILLA INTERIOR TRASERA DERECHA,Manilla Interior,Derecha Trasera,VENDIDO,SANTIAGO,0,0,,,Posición DERECHA detectada; Posición TRASERA detectada; Precio es 0 - probablemente sin precio; Último precio es 0 - probablemente sin precio,2025-08-12 02:14:41,fee84eed0bd13f867ab4ae7cd9ccf94172e56f9273542d76880f1fe3a2bc5f53,85,NO
NEW SAIL 2021,MÁSCARA,Máscara,,VENDIDO,SANTIAGO,30000.0,25000.0,,SIN LOGO,,2025-08-12 02:14:41,26b64ca18ad5c96a75dd836f9ee2fb8db468789f93488c9fb91e65aae85865bd,100,NO
NEW SAIL 2021,MÁSCARA,Máscara,,NO DISPONIBLE,SANTIAGO,0,0,,,Precio es 0 - probablemente sin precio; Último precio es 0 - probablemente sin precio,2025-09-11 02:14:41,c310064e6eb0aa5d023ab04d1b2de03555f4ed21af14fbfc2f667fc426c4195d,85,NO
NEW SAIL 2021,MÉNSULA DELANTERA LH,Ménsula,Izquierda Delantera,VENDIDO,SANTIAGO,0,0,,,Posición LH detectada; Posición DELANTERA detectada; Precio es 0 - probablemente sin precio; Último precio es 0 - probablemente sin precio,2025-08-12 02:14:41,a6b758a1027e6a0182b14a507f4f23d29e7c112b0f07e77693a3a18acb85eee9,85,NO
NEW SAIL 2021,MÉNSULA DELANTERA RH,Ménsula,Derecha Delantera,DISPONIBLE,SANTIAGO,7000.0,7000.0,,,Posición RH detectada; Posición DELANTERA detectada,2025-09-11 02:14:41,f6556ca407907481e29838ae10cf1c4020f08b89c8b73430740f2d706b3ab83d,100,NO
NEW SAIL 2021,MÉNSULA TRASERA LH,Ménsula,Izquierda Trasera,VENDIDO,SANTIAGO,7000.0,7000.0,,,Posición LH detectada; Posición TRASERA detectada,2025-08-12 02:14:41,94470e2dc25bafcebf3fa17f99760c84b3060c3219488d101ebf1180ac0c36f0,100,NO
NEW SAIL 2021,MÉNSULA TRASERA RH,Ménsula,Derecha Trasera,DISPONIBLE,SANTIAGO,7000.0,7000.0,,,Posición RH detectada; Posición TRASERA detectada,2025-09-11 02:14:41,ed2fccd6606806b4a3ea302842a2cd64c1b4b32d514392c1e0a68480f1171737,100,NO
NEW SAIL 2021,MÉNSULAS DELANTERAS (2DO AUTO),Ménsulas (2Do Auto),Delantera,NO DISPONIBLE,SANTIAGO,0,0,,,Posición DELANTERAS detectada; Precio es 0 - probablemente sin precio; Último precio es 0 - probablemente sin precio,2025-09-11 02:14:41,ec32d381f554e83d797d2daff08263ca981b0d80bea38bb5b25112ebefb2cdb3,85,NO
NEW SAIL 2021,MÉNSULAS TRASERAS (2DO AUTO),Ménsulas (2Do Auto),Trasera,NO DISPONIBLE,SANTIAGO,0,0,,,Posición TRASERAS detectada; Precio es 0 - probablemente sin precio; Último precio es 0 - probablemente sin precio,2025-09-11 02:14:41,8d7aaef2c4913c0ad2a5acd99389a6a0fac377d043b0ba18d7fc60c9f12cd8f0,85,NO
NEW SAIL 2021,MÓDULO ABS,Módulo ABS,,DISPONIBLE,SANTIAGO,75000.0,70000.0,,,,2025-09-11 02:14:41,ec6917b626ee30a8b9ba8fe2b284f7962704489659d1c8fac0ef1db56be07bb6,100,NO
NEW SAIL 2021,MÓDULO ABS,Módulo ABS,,DISPONIBLE,SANTIAGO,0,0,,,Precio es 0 - probablemente sin precio; Último precio es 0 - probablemente sin precio,2025-09-11 02:14:41,3c2a5e194afb01b375feabb5d39a09751531e040bcdc03e6039eeb2afaca4f32,75,NO
NEW SAIL 2021,MOLDURA TRIÁNGULO TAPABARRO DELANTERA LH,Moldura Triángulo Tapabarro,Izquierda Delantera,DISPONIBLE,SANTIAGO,0,0,,,Posición LH detectada; Posición DELANTERA detectada; Precio es 0 - probablemente sin precio; Último precio es 0 - probablemente sin precio,2025-09-11 02:14:41,18771199042179d1e7a0b18f06ebfe5940626698ac5463a8848dfd9e0033c54e,75,NO
NEW SAIL 2021,MOLDURA TRIÁNGULO TAPABARRO DELANTERA RH,Moldura Triángulo Tapabarro,Derecha Delantera,DISPONIBLE,SANTIAGO,0,0,,,Posición RH detectada; Posición DELANTERA detectada; Precio es 0 - probablemente sin precio; Último precio es 0 - probablemente sin precio,2025-09-11 02:14:41,60bf6b943e3267a34b3f05a083c44b231a8eeb86b218084e4ef0685b7fc94208,75,NO
NEW SAIL 2021,MOTOR DE PARTIDA,Motor DE Partida,,VENDIDO,SANTIAGO,50000.0,45000.0,,,,2025-08-12 02:14:41,3f8b9bc3d00bf957a6647f101273b644056cdd43b206cd21dd19e2d526c7981b,100,NO
NEW SAIL 2021,MOTOR DE PARTIDA,Motor DE Partida,,DISPONIBLE,SANTIAGO,0,0,,,Precio es 0 - probablemente sin precio; Último precio es 0 - probablemente sin precio,2025-09-11 02:14:41,4612810221f78567c4bee5eb9ca0b93aa82e95698c09441675ab35308a684474,75,NO
NEW SAIL 2021,MOTOR LIMPIAPARABRISAS CON VARILLAJE,Motor Limpiaparabrisass CON Varillaje,,VENDIDO,SANTIAGO,45000.0,40000.0,,,LIMPIAPARABRISA mal escrito (debería ser LIMPIAPARABRISAS),2025-08-12 02:14:41,51f00c19d0ac7c62304ed6de848b2e83f09c9e01ffca47b872f870be1a1c84aa,90,NO
NEW SAIL 2021,MOTOR LIMPIAPARABRISAS CON VARILLAJE (3ER AUTO),Motor Limpiaparabrisass CON Varillaje (3Er Auto),,VENDIDO,SANTIAGO,45000.0,40000.0,,,LIMPIAPARABRISA mal escrito (debería ser LIMPIAPARABRISAS),2025-08-12 02:14:41,64523f485bfdf431c42963ad37ffa119fc3163487051e6c4bfa543168954143e,90,NO
NEW SAIL 2021,MÚLTIPLE DE ADMISIÓN,Múltiple DE Admisión,,DISPONIBLE,SANTIAGO,65000.0,60000.0,,,,2025-09-11 02:14:41,4a444a3c53717e102599d8103d41b7f78497085cb9c00bdb1e3db4a8abcb64b1,100,NO
NEW SAIL 2021,MÚLTIPLE DE ADMISIÓN,Múltiple DE Admisión,,DISPONIBLE,SANTIAGO,0,0,,,Precio es 0 - probablemente sin precio; Último precio es 0 - probablemente sin precio,2025-09-11 02:14:41,cf4673bb044884c8c96cf666be8283bf6562391bf83e550fbd7f40e25df3afd5,75,NO
NEW SAIL 2021,MÚLTIPLE DE ESCAPE,Múltiple DE Escape,,DISPONIBLE,SANTIAGO,0,0,,,ESCAPE mal escrito (debería ser ESCAPE); Precio es 0 - probablemente sin precio; Último precio es 0 - probablemente sin precio,2025-09-11 02:14:41,26bc996553e066d2ffc20b5daf54122b77de54b81409cfd816e6ff90887cad68,65,SI
NEW SAIL 2021,MUÑÓN CON MAZA DELANTERO RH,Muñón CON MAZA,Derecha Delantera,DISPONIBLE,SANTIAGO,0,0,,,Posición RH detectada; Posición DELANTERO detectada; Precio es 0 - probablemente sin precio; Último precio es 0 - probablemente sin precio,2025-09-11 02:14:41,a2eec78eb0a7542ed8d02852fd57982996c18ecfe7b41f28e791d433c96732b1,75,NO
NEW SAIL 2021,MUÑÓN DELANTERO LH (INCLUYE MAZA),Muñón (Incluye Maza),Izquierda Delantera,DISPONIBLE,SANTIAGO,0,0,,,Posición LH detectada; Posición DELANTERO detectada; Precio es 0 - probablemente sin precio; Último precio es 0 - probablemente sin precio,2025-09-11 02:14:41,38544b10116c98626f09dbea7bcf3e348a70a891342e1bebe9d0c3b85ea9a89d,75,NO
NEW SAIL 2021,MUÑÓN Y MAZA LH,Muñón Y MAZA,Izquierda,DISPONIBLE,SANTIAGO,50000.0,45000.0,,,Posición LH detectada,2025-09-11 02:14:41,52f5c8bd31ef5c1d57417a4e88bbfd2753c655db9862903a4c7c4de152b946e1,100,NO
NEW SAIL 2021,MUÑÓN Y MAZA RH,Muñón Y MAZA,Derecha,DISPONIBLE,SANTIAGO,50000.0,45000.0,,,Posición RH detectada,2025-09-11 02:14:41,6eb5381521dd91c14ec56d52c257c777ac02f578a681b31fe5a4241c65c1b4c9,100,NO
NEW SAIL 2021,MUÑÓN Y MAZA TRASERA LH,Muñón Y MAZA,Izquierda Trasera,DISPONIBLE,SANTIAGO,20000.0,20000.0,,,Posición LH detectada; Posición TRASERA detectada,2025-09-11 02:14:41,b7ead84bb0de0997a9bfcb55d57e6c967e14c8eb0a39d19110ff00197959803d,100,NO
NEW SAIL 2021,MUÑON Y MAZA TRASERA RH,Muñón Y MAZA,Derecha Trasera,DISPONIBLE,SANTIAGO,20000.0,20000.0,,,MUÑON mal escrito (debería ser MUÑÓN); Posición RH detectada; Posición TRASERA detectada,2025-09-11 02:14:41,2444f5529c09569fc5a8f8577294fb3e3277e2b26572f69b38a956b612667771,90,NO
NEW SAIL 2021,NEBLINERO DELANTERO LH (DETALLE SERIO),Neblinero (Detalle Serio),Izquierda Delantera,DISPONIBLE,SANTIAGO,0,0,,,Posición LH detectada; Posición DELANTERO detectada; Estado 'DETALLE' detectado - revisar si es válido; Precio es 0 - probablemente sin precio; Último precio es 0 - probablemente sin precio,2025-09-11 02:14:41,8d02e26a5ca34df657001a39fdfe093b7f4f9c1fd457d86e0b95e6f88feffea9,55,SI
NEW SAIL 2021,NEBLINERO DELANTERO RH (DETALLE SERIO),Neblinero (Detalle Serio),Derecha Delantera,DISPONIBLE,SANTIAGO,0,0,,,Posición RH detectada; Posición DELANTERO detectada; Estado 'DETALLE' detectado - revisar si es válido; Precio es 0 - probablemente sin precio; Último precio es 0 - probablemente sin precio,2025-09-11 02:14:41,a683f4d1c8e790869530d0c02fd9d009ab3a0d703e5d47c06d7d7144edf4e21f,55,SI
NEW SAIL 2021,ÓPTICO LH,Óptico,Izquierda,VENDIDO,SANTIAGO,20000.0,20000.0,,PATAS QUEBRADAS,Posición LH detectada,2025-08-12 02:14:41,ac39eb906de56c4feb7f93ea4460c4ded2b8073f1e032aba158429f873dd205b,100,NO
NEW SAIL 2021,ÓPTICO LH (3ER AUTO),Óptico (3Er Auto),Izquierda,VENDIDO,SANTIAGO,35000.0,30000.0,,,Posición LH detectada,2025-08-12 02:14:41,7fcf6b04de4105d86a0b1bf17a5331a3fe518bba1c6ad6438e9018646e457fe5,100,NO
NEW SAIL 2021,ÓPTICO RH,Óptico,Derecha,VENDIDO,SANTIAGO,20000.0,20000.0,,PATAS QUEBRADAS,Posición RH detectada,2025-08-12 02:14:41,bd50d8baf43873f6cddc9a24493192b4ce3ce7b8c9ea2f9e2f885abef7b658f6,100,NO
NEW SAIL 2021,ÓPTICO RH (3ER AUTO),Óptico (3Er Auto),Derecha,VENDIDO,SANTIAGO,35000.0,30000.0,,,Posición RH detectada,2025-08-12 02:14:41,53cc34adb6ebeccfa4459e9f8758d7e1234d64831f45ffb6e27db801e8c4802e,100,NO
NEW SAIL 2021,PALANCA DE CAMBIOS,Palanca DE Cambios,,DISPONIBLE,SANTIAGO,20000.0,15000.0,,,,2025-09-11 02:14:41,0edf8bd353ae066fbc13a873a8ff2f6ccf6eaaf9890b3914bb55bd2e2f4666e5,100,NO
NEW SAIL 2021,PALANCA DE CAMBIOS,Palanca DE Cambios,,DISPONIBLE,SANTIAGO,0,0,,,Precio es 0 - probablemente sin precio; Último precio es 0 - probablemente sin precio,2025-09-11 02:14:41,6f30a3149f2ed92a936729e9f00c1d1d7ee75cb615870cd0b6fc918fa34c69bb,75,NO
NEW SAIL 2021,PALANCA DE FRENO DE MANOS,Palanca DE Freno DE Manos,,DISPONIBLE,SANTIAGO,0,0,,,FRENO mal escrito (debería ser FRENO); Precio es 0 - probablemente sin precio; Último precio es 0 - probablemente sin precio,2025-09-11 02:14:41,22dedada24af1b06fcdb9495b5b01d7fc6fa43e01370a4b15c94de7bede4670c,65,SI
NEW SAIL 2021,PALANCA FRENO DE MANOS,Palanca Freno DE Manos,,DISPONIBLE,SANTIAGO,0,0,,,FRENO mal escrito (debería ser FRENO); Precio es 0 - probablemente sin precio; Último precio es 0 - probablemente sin precio,2025-09-11 02:14:41,902f44cec65871703dde5a9dcd4af0732221df8ab5909e20e94a304315ce9782,65,SI
NEW SAIL 2021,PANEL TRASERO PLÁSTICO,Panel Plástico,Trasera,VENDIDO,SANTIAGO,0,0,,,Posición TRASERO detectada; Precio es 0 - probablemente sin precio; Último precio es 0 - probablemente sin precio,2025-08-12 02:14:41,9ff8a84e2ff7af03a879456ca48e9a5f0d2b1f951e93b5a3af9d6020e8f2488c,85,NO
NEW SAIL 2021,PARABRISAS,Parabrisas,,NO DISPONIBLE,REQUINOA,0,0,,TRIZADO,Precio es 0 - probablemente sin precio; Último precio es 0 - probablemente sin precio,2025-09-11 02:14:41,b725231ea6eb9fe72c9fe5e2d6f1305125046def3445cd9eeb66b0fb057db682,85,NO
NEW SAIL 2021,PARABRISAS,Parabrisas,,NO DISPONIBLE,SANTIAGO,0,0,,,Precio es 0 - probablemente sin precio; Último precio es 0 - probablemente sin precio,2025-09-11 02:14:41,fa07b0d9c1e93ff7fb6437c4ac96ba9818b49c8ed9d1c2fe53f0f9a06e6312aa,85,NO
NEW SAIL 2021,PARASOL LH,Parasol,Izquierda,DISPONIBLE,SANTIAGO,0,0,,,Posición LH detectada; Precio es 0 - probablemente sin precio; Último precio es 0 - probablemente sin precio,2025-09-11 02:14:41,624f0e1420799479fb4a72259e9bc068f4556423e4f93743d8c48b4e5711b6eb,75,NO
NEW SAIL 2021,PARASOL LH,Parasol,Izquierda,DISPONIBLE,SANTIAGO,0,0,,,Posición LH detectada; Precio es 0 - probablemente sin precio; Último precio es 0 - probablemente sin precio,2025-09-11 02:14:41,624f0e1420799479fb4a72259e9bc068f4556423e4f93743d8c48b4e5711b6eb,75,NO
NEW SAIL 2021,PARASOL RH,Parasol,Derecha,DISPONIBLE,SANTIAGO,0,0,,,Posición RH detectada; Precio es 0 - probablemente sin precio; Último precio es 0 - probablemente sin precio,2025-09-11 02:14:41,47abdcd1f18490ee8bb193639dcb64f7dc4395d887da337ef8937fffcc6dbb22,75,NO
NEW SAIL 2021,PARASOL RH,Parasol,Derecha,DISPONIBLE,SANTIAGO,0,0,,,Posición RH detectada; Precio es 0 - probablemente sin precio; Último precio es 0 - probablemente sin precio,2025-09-11 02:14:41,47abdcd1f18490ee8bb193639dcb64f7dc4395d887da337ef8937fffcc6dbb22,75,NO
NEW SAIL 2021,PEDAL DE ACELERACIÓN,Pedal DE Aceleración,,VENDIDO,SANTIAGO,40000.0,35000.0,,,,2025-08-12 02:14:41,b50fec177d4a72674e334cf828e865a60e32f752547f5ce895b5f4eae9d16a74,100,NO
NEW SAIL 2021,PEDAL DE ACELERACIÓN,Pedal DE Aceleración,,DISPONIBLE,SANTIAGO,40000.0,35000.0,,,,2025-09-11 02:14:41,b50fec177d4a72674e334cf828e865a60e32f752547f5ce895b5f4eae9d16a74,100,NO
NEW SAIL 2021,PEDAL DE EMBRAGUE,Pedal DE Embrague,,DISPONIBLE,SANTIAGO,0,0,,,Precio es 0 - probablemente sin precio; Último precio es 0 - probablemente sin precio,2025-09-11 02:14:41,1b8423e48aa9d838da23cd397611571a5b3907518312848fe07ffb6fa57b1f15,75,NO
NEW SAIL 2021,PEDAL DE FRENO,Pedal DE Freno,,DISPONIBLE,SANTIAGO,0,0,,,FRENO mal escrito (debería ser FRENO); Precio es 0 - probablemente sin precio; Último precio es 0 - probablemente sin precio,2025-09-11 02:14:41,bb8a146a0cbefb67744d573c2df5757372f5cdc4d117947bfe8be1a74879a99e,65,SI
NEW SAIL 2021,PIOLA DE CAPOT,Piola DE CAPÓ,,DISPONIBLE,SANTIAGO,0,0,,,CAPOT mal escrito (debería ser CAPÓ); CAPO mal escrito (debería ser CAPÓ); Precio es 0 - probablemente sin precio; Último precio es 0 - probablemente sin precio,2025-09-11 02:14:41,b45f725e7c6b6cda608e2cab7ceda853a8d94a0a85c94d0c187a3a664eb27113,65,SI
NEW SAIL 2021,PIOLA PALANCA DE CAMBIOS,Piola Palanca DE Cambios,,DISPONIBLE,SANTIAGO,40000.0,35000.0,,,,2025-09-11 02:14:41,1caf15fee1795a2bf346e903304244893446f04f4763a61e4d0e1289bb91383b,100,NO
NEW SAIL 2021,PIOLA TAPA DE BENCINA,Piola TAPA DE Bencina,,VENDIDO,SANTIAGO,0,0,,,Precio es 0 - probablemente sin precio; Último precio es 0 - probablemente sin precio,2025-08-12 02:14:41,53f780d38fe573dc6a2ae66147c0cb0041cc68bc3b36ecd26b68bcda85979ae8,85,NO
NEW SAIL 2021,PIOLAS DE PALANCA DE CAMBIOS,Piolas DE Palanca DE Cambios,,DISPONIBLE,SANTIAGO,0,0,,,Precio es 0 - probablemente sin precio; Último precio es 0 - probablemente sin precio,2025-09-11 02:14:41,73bfde6775069a5ffc7a5f6fd7830bb9fa0d66107d9643565d788901f8437643,75,NO
NEW SAIL 2021,PISTONES (JUEGO) CON BIELA,Pistónes (Juego) CON Biela,,DISPONIBLE,SANTIAGO,65000.0,60000.0,,,BIELA mal escrito (debería ser BIELA); PISTON mal escrito (debería ser PISTÓN); JUEGO indica múltiples piezas,2025-09-11 02:14:41,4ff005d580ae6af6dbea5511a56fe6f58a0b1d6a30f243a7adedba1fe1124802,90,NO
NEW SAIL 2021,PLÁSTICO PUERTA TRASERA LH,Plástico Puerta,Izquierda Trasera,VENDIDO,SANTIAGO,10000.0,10000.0,,CLIENTE IVÁN,Posición LH detectada; Posición TRASERA detectada,2025-08-12 02:14:41,eabfd6a6bf7f02d5a2f8db07a19129724a0e5d05af82cd9b05cfddb9c7dad589,100,NO
NEW SAIL 2021,PLÁSTICO PUERTA TRASERA RH,Plástico Puerta,Derecha Trasera,VENDIDO,SANTIAGO,10000.0,10000.0,,CLIENTE IVÁN,Posición RH detectada; Posición TRASERA detectada,2025-08-12 02:14:41,60de2665d54947db1f89e6994b7a7201b8e6913a2756048cfe6278a8df308198,100,NO
NEW SAIL 2021,POLEA DE CIGÛEÑAL,Polea DE Cigûeñal,,DISPONIBLE,SANTIAGO,35000.0,30000.0,,,POLEA mal escrito (debería ser POLEA),2025-09-11 02:14:41,a1f73918dc64019e074d88858fedae956cc50fafcd36c003aa6caf48e8d65edd,90,NO
NEW SAIL 2021,PORTA FILTRO,Porta Filtro,,VENDIDO,SANTIAGO,25000.0,20000.0,,,FILTRO mal escrito (debería ser FILTRO),2025-08-12 02:14:41,8c7cc762aeee5f847856dfd8461c898b83125e61b5c78be6aa2ab5986a2c39c0,90,NO
NEW SAIL 2021,PORTA FILTRO (3ER AUTO),Porta Filtro (3Er Auto),,NO DISPONIBLE,SANTIAGO,0,0,,,FILTRO mal escrito (debería ser FILTRO); Precio es 0 - probablemente sin precio; Último precio es 0 - probablemente sin precio,2025-09-11 02:14:41,667ece12e93eb4143b0e0b9d0c64f6a5f4b30fe90e79463b149c023eada92437,75,NO
NEW SAIL 2021,PUERTA DELANTERA LH SOLO LATA,Puerta SOLO LATA,Izquierda Delantera,VENDIDO,SANTIAGO,75000.0,70000.0,,,Posición LH detectada; Posición DELANTERA detectada,2025-08-12 02:14:41,e561cc56bd176e4cac54cea8101882140a1d439f45564d8fec1ef86cc73101b2,100,NO
NEW SAIL 2021,PUERTA DELANTERA RH SOLO LATA CON DETALLE,Puerta SOLO LATA CON Detalle,Derecha Delantera,VENDIDO,SANTIAGO,65000.0,60000.0,,,Posición RH detectada; Posición DELANTERA detectada; Estado 'CON DETALLE' detectado - revisar si es válido; Estado 'DETALLE' detectado - revisar si es válido,2025-08-12 02:14:41,2f3c73ec23b0cdd0db5fb506497b0afbcad2e97854b10129c4af9473f8432559,80,NO
NEW SAIL 2021,PUERTA TRASERA LH SOLO LATA,Puerta SOLO LATA,Izquierda Trasera,VENDIDO,SANTIAGO,75000.0,70000.0,,PRECIO ACTUALIZADO,Posición LH detectada; Posición TRASERA detectada,2025-08-12 02:14:41,836753cff40014777519194b94e4c40db1dd4ff1e9772c74c695322e0193f973,100,NO
NEW SAIL 2021,PUERTA TRASERA RH SOLO LATA,Puerta SOLO LATA,Derecha Trasera,VENDIDO,SANTIAGO,75000.0,70000.0,,PRECIO ACTUALIZADO,Posición RH detectada; Posición TRASERA detectada,2025-08-12 02:14:41,b7b3fe9fb8581be4a78bdb5c16eb06bfc9e38db067f759a519af39aa8de076ca,100,NO
NEW SAIL 2021,PUNTA DE CHASIS DERECHA,Punta DE Chasis,Derecha,VENDIDO,SANTIAGO,60000.0,50000.0,,SEGÚN FOTO DE CLIENTE IVÁN,Posición DERECHA detectada,2025-08-12 02:14:41,a7b06527562ba16d8fb592a1043ed574900910076480ffea96a08aa837e4ddd2,100,NO
NEW SAIL 2021,RADIADOR AGUA,Radiador AGUA,,VENDIDO,SANTIAGO,30000.0,25000.0,,,RADIADOR mal escrito (debería ser RADIADOR),2025-08-12 02:14:41,da09a1e4abf00407771a2671688fac682d4a99293e201c3b5e1b0f8156b3c639,90,NO
NEW SAIL 2021,RADIADOR AIRE,Radiador AIRE,,VENDIDO,SANTIAGO,0,0,,,RADIADOR mal escrito (debería ser RADIADOR); AIRE mal escrito (debería ser AIRE); Precio es 0 - probablemente sin precio; Último precio es 0 - probablemente sin precio,2025-08-12 02:14:41,e47986dfd5b8d4194bb10fde4fa5d47ae357c24222670323b395fb69cc487a93,75,NO
NEW SAIL 2021,RADIADOR DE CALEFACCIÓN,Radiador DE Calefacción,,DISPONIBLE,SANTIAGO,35000.0,30000.0,,,RADIADOR mal escrito (debería ser RADIADOR),2025-09-11 02:14:41,77938774fb51267c11934dc4ca1e7ade2b2227170dd99060cb93a92fcd650479,90,NO
NEW SAIL 2021,RADIO,Radio,,VENDIDO,SANTIAGO,0,0,,,Precio es 0 - probablemente sin precio; Último precio es 0 - probablemente sin precio,2025-08-12 02:14:41,6505f15c91edbb51edf402e86d6db64cc4e0c5e0aa9d7753a5cae84bd427dc38,85,NO
NEW SAIL 2021,RADIO CON PERILLAS,Radio CON Perillas,,POR CONFIRMAR,SANTIAGO,35000.0,30000.0,,NO ORIGINAL,,2025-09-11 02:14:41,a7e21cbb73210b4d9b1c82db7576e196443b7556ddde9c306fc00be4fcbf2dff,100,NO
NEW SAIL 2021,RAMAL CON FUSILERA DELANTERA (CON AIRE),Ramal CON Fusilera (CON Aire),Delantera,VENDIDO,SANTIAGO,0,0,,CON AIRE,AIRE mal escrito (debería ser AIRE); Posición DELANTERA detectada; Precio es 0 - probablemente sin precio; Último precio es 0 - probablemente sin precio,2025-08-12 02:14:41,818b9ce02414dba646e2280cc269bd410bc986a1acf5835f5aa35f6c33a21fe7,75,NO
NEW SAIL 2021,RAMAL CON FUSILERA DELANTERA (SIN AIRE),Ramal CON Fusilera (SIN Aire),Delantera,DISPONIBLE,SANTIAGO,55000.0,50000.0,,SIN AIRE - CON CONECTORES CORTADOS,AIRE mal escrito (debería ser AIRE); Posición DELANTERA detectada,2025-09-11 02:14:41,57d84f03062f9094c7ce110c8228b7e36047fa4b3397ec3a2eee1e908eed11aa,90,NO
NEW SAIL 2021,RAMAL CON FUSILERA INTERIOR,Ramal CON Fusilera Interior,,DISPONIBLE,SANTIAGO,0,0,,,Precio es 0 - probablemente sin precio; Último precio es 0 - probablemente sin precio,2025-09-11 02:14:41,ba2f88d1b2d58e2c49ce72e002276592d7cad4ee52a5dd83dfa6fbc509686a5c,75,NO
NEW SAIL 2021,RAMAL EXTERIOR,Ramal Exterior,,DISPONIBLE,SANTIAGO,0,0,,,Precio es 0 - probablemente sin precio; Último precio es 0 - probablemente sin precio,2025-09-11 02:14:41,b9251421aa1fee9c71c43372d240829fadd5f54539fb6a6dd5aa24b6dae5bed1,75,NO
NEW SAIL 2021,REFUERZO DE PARACHOQUE DELANTERO (CON DETALLE),Refuerzo DE Parachoques (CON Detalle),Delantera,DISPONIBLE,SANTIAGO,20000.0,15000.0,,,PARACHOQUE mal escrito (debería ser PARACHOQUES); Posición DELANTERO detectada; Estado 'CON DETALLE' detectado - revisar si es válido; Estado 'DETALLE' detectado - revisar si es válido,2025-09-11 02:14:41,a03a9ee1d9d0bbd3ca61cdcb6d5900ece7357b89c96665bf54dcae0f2a609605,70,NO
NEW SAIL 2021,REFUERZO DE PARACHOQUE DELANTERO BRAZO (3ER AUTO),Refuerzo DE Parachoques Brazo (3Er Auto),Delantera,VENDIDO,SANTIAGO,25000.0,25000.0,,,PARACHOQUE mal escrito (debería ser PARACHOQUES); BRAZO mal escrito (debería ser BRAZO); Posición DELANTERO detectada,2025-08-12 02:14:41,c7ea321b30750a3195ef3f4a9654e977773baf3c9c8060fc1fc4c18cf2b5fe58,90,NO
NEW SAIL 2021,REFUERZO INFERIOR PARACHOQUE DELANTERO,Refuerzo Parachoques,Delantera Inferior,DISPONIBLE,SANTIAGO,0,0,,,PARACHOQUE mal escrito (debería ser PARACHOQUES); Posición DELANTERO detectada; Posición INFERIOR detectada; Precio es 0 - probablemente sin precio; Último precio es 0 - probablemente sin precio,2025-09-11 02:14:41,f39f11098f494a8cd3cd8fee2a442c52b72820edb4ea104b75d1218c67eb9db9,65,SI
NEW SAIL 2021,REJILLA CENTRAL DE VENTILACIÓN INTERIOR,Rejilla DE Ventilación Interior,Central,DISPONIBLE,SANTIAGO,0,0,,CON DETALLE,Posición CENTRAL detectada; Precio es 0 - probablemente sin precio; Último precio es 0 - probablemente sin precio,2025-09-11 02:14:41,2a07233f182cd80ea2c0b2f276892a172b00544c89063647fd34451575febe55,75,NO
NEW SAIL 2021,RESISTENCIA DE CALEFACCIÓN,Resistencia DE Calefacción,,VENDIDO,SANTIAGO,0,0,,,Precio es 0 - probablemente sin precio; Último precio es 0 - probablemente sin precio,2025-08-12 02:14:41,0b39419bfb54d23b6ff38bbbcabc42f9eca8e4149bb6afd92e5dd3eed5b6c5c1,85,NO
NEW SAIL 2021,RESISTENCIA DE ELECTROVENTILADOR,Resistencia DE Electroventilador,,DISPONIBLE,SANTIAGO,25000.0,20000.0,,,,2025-09-11 02:14:41,eca3aa8876fa80d3d90695211efb77a293439e49ba4b3883b2343d726b8eee91,100,NO
NEW SAIL 2021,RIEL CON INYECTORES (3ER AUTO),RIEL CON Inyectores (3Er Auto),,DISPONIBLE,SANTIAGO,0,0,,,INYECTOR mal escrito (debería ser INYECTOR); Precio es 0 - probablemente sin precio; Último precio es 0 - probablemente sin precio,2025-09-11 02:14:41,9cfdb98249b64ffc64644a605ee4c50f516a627071257b8297fe6732cf788498,65,SI
NEW SAIL 2021,RIEL DE INYECCIÓN,RIEL DE Inyección,,DISPONIBLE,SANTIAGO,0,0,,,Precio es 0 - probablemente sin precio; Último precio es 0 - probablemente sin precio,2025-09-11 02:14:41,2772ca1920b0c20d0b7d72789f94c1459d7d5bc3609ac9261fa9663469a69923,75,NO
NEW SAIL 2021,RODAMIENTO TENSOR DE CORREA DE ACCESORIOS,Rodamiento Tensor DE Correa DE Accesorios,,DISPONIBLE,SANTIAGO,0,0,,,CORREA mal escrito (debería ser CORREA); TENSOR mal escrito (debería ser TENSOR); RODAMIENTO mal escrito (debería ser RODAMIENTO); Precio es 0 - probablemente sin precio; Último precio es 0 - probablemente sin precio,2025-09-11 02:14:41,4ac9474ee8490db5257cdb045a6a53f3d4389e485dcfc6d53fbb9a37985a15c8,65,SI
NEW SAIL 2021,ROTOR CON BASE DE SOPORTE,Rotor CON BASE DE Soporte,,DISPONIBLE,SANTIAGO,0,0,,,SOPORTE mal escrito (debería ser SOPORTE); Precio es 0 - probablemente sin precio; Último precio es 0 - probablemente sin precio,2025-09-11 02:14:41,7f3a0f92bb7848b6d9a71ac55aa458b95d89424cc955ca43f24369f5aceecb0f,65,SI
NEW SAIL 2021,SENSOR DE ABS DEL LH,Sensor DE ABS DEL,Izquierda,VENDIDO,SANTIAGO,0,10000.0,,,SENSOR mal escrito (debería ser SENSOR); Posición LH detectada; Precio es 0 - probablemente sin precio,2025-07-28 02:14:41,3fd523b6ea8220cd1fa20878aff09991c5869367802fd29d5c2022af111d561f,75,NO
NEW SAIL 2021,SENSOR DE ABS DEL RH,Sensor DE ABS DEL,Derecha,VENDIDO,SANTIAGO,0,10000.0,,,SENSOR mal escrito (debería ser SENSOR); Posición RH detectada; Precio es 0 - probablemente sin precio,2025-07-28 02:14:41,1c9bee9577978e214b3c8e621b69f3bf02e7600be251ed5f73019c0da26f900a,75,NO
NEW SAIL 2021,SENSOR DE OXÍGENO,Sensor DE Oxígeno,,DISPONIBLE,SANTIAGO,0,0,,,SENSOR mal escrito (debería ser SENSOR); Precio es 0 - probablemente sin precio; Último precio es 0 - probablemente sin precio,2025-09-11 02:14:41,e0407d365d5d2cbc7d01ca7ab102abd9f2b29bca169cdf0f75da2c2794d9d29e,65,SI
NEW SAIL 2021,SENSOR DE OXÍGENO,Sensor DE Oxígeno,,DISPONIBLE,SANTIAGO,0,0,,,SENSOR mal escrito (debería ser SENSOR); Precio es 0 - probablemente sin precio; Último precio es 0 - probablemente sin precio,2025-09-11 02:14:41,e0407d365d5d2cbc7d01ca7ab102abd9f2b29bca169cdf0f75da2c2794d9d29e,65,SI
NEW SAIL 2021,SENSOR DE OXÍGENO BCO 1,Sensor DE Oxígeno BCO 1,,DISPONIBLE,SANTIAGO,0,0,,,SENSOR mal escrito (debería ser SENSOR); Precio es 0 - probablemente sin precio; Último precio es 0 - probablemente sin precio,2025-09-11 02:14:41,9ea1149a9a8753195a7a4ae753f6b81d4aee89c015373900dac587c16555285f,65,SI
NEW SAIL 2021,SENSOR DE OXÍGENO BCO 1,Sensor DE Oxígeno BCO 1,,DISPONIBLE,SANTIAGO,0,0,,,SENSOR mal escrito (debería ser SENSOR); Precio es 0 - probablemente sin precio; Último precio es 0 - probablemente sin precio,2025-09-11 02:14:41,9ea1149a9a8753195a7a4ae753f6b81d4aee89c015373900dac587c16555285f,65,SI
NEW SAIL 2021,SENSOR LEVA 1,Sensor LEVA 1,,DISPONIBLE,SANTIAGO,0,0,,,SENSOR mal escrito (debería ser SENSOR); Precio es 0 - probablemente sin precio; Último precio es 0 - probablemente sin precio,2025-09-11 02:14:41,977b7c15ef1e47784f559f916237e2947440bfb9a679b9abab098c85dc23a7da,65,SI
NEW SAIL 2021,SENSOR LEVA 2,Sensor LEVA 2,,DISPONIBLE,SANTIAGO,0,0,,,SENSOR mal escrito (debería ser SENSOR); Precio es 0 - probablemente sin precio; Último precio es 0 - probablemente sin precio,2025-09-11 02:14:41,301c62bc95f62a68871de3240aeb34a60d2c0063dccf9dc59f3e78c1434ee621,65,SI
NEW SAIL 2021,SERVO FRENO,Servo Freno,,VENDIDO,SANTIAGO,25000.0,25000.0,,,FRENO mal escrito (debería ser FRENO),2025-08-12 02:14:41,10024f2c80d16cbb09b5210cf13a1280d0c41b37d962fed37753fd1ea1dfeb46,90,NO
NEW SAIL 2021,SERVO FRENO,Servo Freno,,DISPONIBLE,SANTIAGO,25000.0,25000.0,,,FRENO mal escrito (debería ser FRENO),2025-09-11 02:14:41,10024f2c80d16cbb09b5210cf13a1280d0c41b37d962fed37753fd1ea1dfeb46,90,NO
NEW SAIL 2021,SINÓPTICO,Sinóptico,,VENDIDO,SANTIAGO,55000.0,50000.0,,,,2025-08-12 02:14:41,67648c9d5ee0ec216a84600f5fddd3121332577cee584110adce6df71fed0d90,100,NO
NEW SAIL 2021,SINÓPTICO,Sinóptico,,DISPONIBLE,SANTIAGO,55000.0,50000.0,,,,2025-09-11 02:14:41,67648c9d5ee0ec216a84600f5fddd3121332577cee584110adce6df71fed0d90,100,NO
NEW SAIL 2021,SOPORTE CON POLEA DE CORREA DE ACCESORIOS,Soporte CON Polea DE Correa DE Accesorios,,DISPONIBLE,SANTIAGO,0,0,,,CORREA mal escrito (debería ser CORREA); POLEA mal escrito (debería ser POLEA); SOPORTE mal escrito (debería ser SOPORTE); Precio es 0 - probablemente sin precio; Último precio es 0 - probablemente sin precio,2025-09-11 02:14:41,c53574c463ddb0e180bb89f06c5237ec069bea0f29870fae19ddc8413ebfe9a0,65,SI
NEW SAIL 2021,SOPORTE DE BOMBA HIDRÁULICA,Soporte DE Bomba Hidráulica,,DISPONIBLE,SANTIAGO,0,0,,,BOMBA mal escrito (debería ser BOMBA); SOPORTE mal escrito (debería ser SOPORTE); Precio es 0 - probablemente sin precio; Último precio es 0 - probablemente sin precio,2025-09-11 02:14:41,5beaebbf8f6342d24c112dedf2f1ad5e670f8f4c59a7074ae1b8f70bdaa179f6,65,SI
NEW SAIL 2021,SOPORTE DE CAJA LH,Soporte DE CAJA,Izquierda,DISPONIBLE,SANTIAGO,0,0,,,SOPORTE mal escrito (debería ser SOPORTE); Posición LH detectada; Precio es 0 - probablemente sin precio; Último precio es 0 - probablemente sin precio,2025-09-11 02:14:41,79d841b6051e22c804a050e374db215e1d9dd579cc6b4ca704ec1af62e24429b,65,SI
NEW SAIL 2021,SOPORTE DE MOTOR CENTRAL (HUESO),Soporte DE Motor (Hueso),Central,DISPONIBLE,SANTIAGO,15000.0,15000.0,,,SOPORTE mal escrito (debería ser SOPORTE); Posición CENTRAL detectada,2025-09-11 02:14:41,21053ce1e6f12dd1708279de198fff9661d3734ad925146d079982cede7122fb,90,NO
NEW SAIL 2021,SOPORTE DE MOTOR RH,Soporte DE Motor,Derecha,DISPONIBLE,SANTIAGO,15000.0,15000.0,,,SOPORTE mal escrito (debería ser SOPORTE); Posición RH detectada,2025-09-11 02:14:41,99079e92f9e45c58af94433a07d32e5d2cc0117f87578dec4f07a17532b98e8c,90,NO
NEW SAIL 2021,SOPORTE DE MOTOR RH,Soporte DE Motor,Derecha,VENDIDO,SANTIAGO,0,0,,,SOPORTE mal escrito (debería ser SOPORTE); Posición RH detectada; Precio es 0 - probablemente sin precio; Último precio es 0 - probablemente sin precio,2025-08-12 02:14:41,3c48ec44bb9ba10148c6af4f32bf165760e430c6e23a82ac007c4838bfe243be,75,NO
NEW SAIL 2021,SOPORTE LH (CAJA),Soporte (Caja),Izquierda,DISPONIBLE,SANTIAGO,15000.0,15000.0,,,SOPORTE mal escrito (debería ser SOPORTE); Posición LH detectada,2025-09-11 02:14:41,b21cb4d8a5ef92e08b62ee6d91c2a5fd0cd49d7e68711393b2d8f2277b4fa9bf,90,NO
NEW SAIL 2021,SOPORTES SUPERIORES DE RADIADOR (X2),Soportes DE Radiador (X2),Superior,VENDIDO,SANTIAGO,20000.0,15000.0,,,RADIADOR mal escrito (debería ser RADIADOR); SOPORTE mal escrito (debería ser SOPORTE); SOPORTES mal escrito (debería ser SOPORTES); Posición SUPERIORES detectada; X2 indica múltiples piezas,2025-08-12 02:14:41,85e2e4e64678c65ba4c951811d9edc1c0b48ac9d732c93a939d82648828ae78a,90,NO
NEW SAIL 2021,SUJETADORES METÁLICOS RADIADOR,Sujetadores Metálicos Radiador,,DISPONIBLE,SANTIAGO,0,0,,,RADIADOR mal escrito (debería ser RADIADOR); Precio es 0 - probablemente sin precio; Último precio es 0 - probablemente sin precio,2025-09-11 02:14:41,2662cc3551df88b9ad2207d1830caaad9a4b8f61b0fa66b0d4e5022df189f059,65,SI
NEW SAIL 2021,TAMBOR TRASERO CON MAZA LH,Tambor CON MAZA,Izquierda Trasera,DISPONIBLE,SANTIAGO,0,0,,,TAMBOR mal escrito (debería ser TAMBOR); Posición LH detectada; Posición TRASERO detectada; Precio es 0 - probablemente sin precio; Último precio es 0 - probablemente sin precio,2025-09-11 02:14:41,7b03768b6562d6327c2e90367fdaf7ae2defe4d9e618907268424a0a0ae932ad,65,SI
NEW SAIL 2021,TAMBOR TRASERO CON MAZA RH,Tambor CON MAZA,Derecha Trasera,DISPONIBLE,SANTIAGO,0,0,,,TAMBOR mal escrito (debería ser TAMBOR); Posición RH detectada; Posición TRASERO detectada; Precio es 0 - probablemente sin precio; Último precio es 0 - probablemente sin precio,2025-09-11 02:14:41,8b0a9ed5f94003b869096dbe996bb75d38a806ba7d847d55fa3c78aeb1bfa9a5,65,SI
NEW SAIL 2021,TAPA DE AIRBAG COPILOTO,TAPA DE Airbag Copiloto,,DISPONIBLE,,25000.0,20000.0,,,Sin ubicación especificada,2025-09-11 02:14:41,dea436d36b77d4f2efbfa5a405637f54ede5cee680067c6c8ebe404191c0c7ce,90,NO
NEW SAIL 2021,TAPA DE BENCINA EXTERIOR,TAPA DE Bencina Exterior,,VENDIDO,SANTIAGO,20000.0,15000.0,,,,2025-08-12 02:14:41,ed37070e66bcfdef1692fbe4d28813331cf6d8f8b211a4d648a6e9235ea0db66,100,NO
NEW SAIL 2021,TAPA DE BENCINA EXTERIOR (3ER AUTO),TAPA DE Bencina Exterior (3Er Auto),,DISPONIBLE,SANTIAGO,0,0,,,Precio es 0 - probablemente sin precio; Último precio es 0 - probablemente sin precio,2025-09-11 02:14:41,a007ae0a301309b47236f4ebd3e6aa3f94af52e9d11730d9b7a9813a00508457,75,NO
NEW SAIL 2021,TAPA DE BENCINA INTERIOR,TAPA DE Bencina Interior,,DISPONIBLE,SANTIAGO,0,0,,,Precio es 0 - probablemente sin precio; Último precio es 0 - probablemente sin precio,2025-09-11 02:14:41,898a21656068b8022e88d976b579f50a4ea45852cfd5c7ef66078e67c7c3746f,75,NO
NEW SAIL 2021,TAPA DE BENCINA INTERIOR (3ER AUTO),TAPA DE Bencina Interior (3Er Auto),,DISPONIBLE,SANTIAGO,0,0,,,Precio es 0 - probablemente sin precio; Último precio es 0 - probablemente sin precio,2025-09-11 02:14:41,be0f74283526635a5a24947ff00544660c701b47d14a46867d86d0c23c9849c0,75,NO
NEW SAIL 2021,TAPA DE NEBLINERO DELANTERO LH,TAPA DE Neblinero,Izquierda Delantera,DISPONIBLE,SANTIAGO,12000.0,10000.0,,,Posición LH detectada; Posición DELANTERO detectada,2025-09-11 02:14:41,0769f41f9c3a1298bd9107cbee27f301935b72addd5cb5c878a15be9c6b3171a,100,NO
NEW SAIL 2021,TAPA DE NEBLINERO DELANTERO LH (3ER AUTO),TAPA DE Neblinero (3Er Auto),Izquierda Delantera,VENDIDO,SANTIAGO,0,0,,,Posición LH detectada; Posición DELANTERO detectada; Precio es 0 - probablemente sin precio; Último precio es 0 - probablemente sin precio,2025-08-12 02:14:41,5e88358b6f4907acef53015c3cea5734c0c7a02c3a9959573cab9db801cb0a20,85,NO
NEW SAIL 2021,TAPA DE NEBLINERO DELANTERO RH,TAPA DE Neblinero,Derecha Delantera,DISPONIBLE,SANTIAGO,12000.0,10000.0,,,Posición RH detectada; Posición DELANTERO detectada,2025-09-11 02:14:41,3e928ac3a20fdb58cdfd2f4b90e69b61fe5368bf1d42b9602e10791640e39634,100,NO
NEW SAIL 2021,TAPA DE NEBLINERO DELANTERO RH (3ER AUTO),TAPA DE Neblinero (3Er Auto),Derecha Delantera,VENDIDO,SANTIAGO,0,0,,,Posición RH detectada; Posición DELANTERO detectada; Precio es 0 - probablemente sin precio; Último precio es 0 - probablemente sin precio,2025-08-12 02:14:41,ded0b362afb5a62e78ef50aea394a2d2f0851f7fb5561248d296b3ddb6644758,85,NO
NEW SAIL 2021,TAPA DE RUEDA,TAPA DE Rueda,,VENDIDO,SANTIAGO,10000.0,8000.0,,PREGUNTAR ESTADO Y PEDIR FOTO,,2025-08-12 02:14:41,af9ae37bd6d902fd35a1c2a06fc9b234e882319bb4da799eb0c86e334a14270c,100,NO
NEW SAIL 2021,TAPA DE RUEDA 1 (3ER AUTO),TAPA DE Rueda 1 (3Er Auto),,VENDIDO,SANTIAGO,0,0,,,Precio es 0 - probablemente sin precio; Último precio es 0 - probablemente sin precio,2025-08-12 02:14:41,7c2f3e8989ccdeae448142ed7c910fb6442cc1c998b4953f27d2b7806eeb495a,85,NO
NEW SAIL 2021,TAPA DE RUEDA 2 (3ER AUTO),TAPA DE Rueda 2 (3Er Auto),,DISPONIBLE,SANTIAGO,0,0,,,Precio es 0 - probablemente sin precio; Último precio es 0 - probablemente sin precio,2025-09-11 02:14:41,53d72bef706ab9903c40442434b37d12c177ee9b6eb64ea8087015149ecd819e,75,NO
NEW SAIL 2021,TAPA DE RUEDA 3 (3ER AUTO),TAPA DE Rueda 3 (3Er Auto),,DISPONIBLE,SANTIAGO,0,0,,,Precio es 0 - probablemente sin precio; Último precio es 0 - probablemente sin precio,2025-09-11 02:14:41,9b03f0aed9227c05e6114a10ef4a358d24cc320a0011bc90db222e03b41c2796,75,NO
NEW SAIL 2021,TAPA DE VÁLVULA,TAPA DE Válvula,,DISPONIBLE,SANTIAGO,55000.0,50000.0,,,,2025-09-11 02:14:41,a1751d3bba52eecc258f579fab509f715e8eaea9485b34a970de6eb85356dc3b,100,NO
NEW SAIL 2021,TAPA DE VOLANTE,TAPA DE Volante,,DISPONIBLE,SANTIAGO,25000.0,20000.0,,SIN AIRBAG,VOLANTE mal escrito (debería ser VOLANTE),2025-09-11 02:14:41,fcd60a749e1efa93280997b7fa6225708e06f9898c95e721097e0c18f5be5d9e,90,NO
NEW SAIL 2021,TAPA MÚLTIPLE DE ESCAPE,TAPA Múltiple DE Escape,,DISPONIBLE,SANTIAGO,0,0,,,ESCAPE mal escrito (debería ser ESCAPE); Precio es 0 - probablemente sin precio; Último precio es 0 - probablemente sin precio,2025-09-11 02:14:41,fb88ebfebe98bdbfe3414b9264c79caab3c4407e385670c4e7a3f76e636f614d,65,SI
NEW SAIL 2021,TAPA PLÁSTICA FUSILERA INTERIOR,TAPA Plástica Fusilera Interior,,DISPONIBLE,,0,0,,,Precio es 0 - probablemente sin precio; Último precio es 0 - probablemente sin precio; Sin ubicación especificada,2025-09-11 02:14:41,a825d3d0f15adca994ec853b265384d14c95f235bda5100e4a8779369366372d,65,SI
NEW SAIL 2021,TAPABARRO DELANTERO LH CON DETALLE,Tapabarro CON Detalle,Izquierda Delantera,VENDIDO,SANTIAGO,25000.0,20000.0,,,Posición LH detectada; Posición DELANTERO detectada; Estado 'CON DETALLE' detectado - revisar si es válido; Estado 'DETALLE' detectado - revisar si es válido,2025-08-12 02:14:41,0620dbdca7e689ab4309e4beb675ddddc28a09d74c3255114a7d7af72bd301a1,80,NO
NEW SAIL 2021,TAPABARRO DELANTERO RH CON DETALLE,Tapabarro CON Detalle,Derecha Delantera,VENDIDO,SANTIAGO,25000.0,20000.0,,,Posición RH detectada; Posición DELANTERO detectada; Estado 'CON DETALLE' detectado - revisar si es válido; Estado 'DETALLE' detectado - revisar si es válido,2025-08-12 02:14:41,7beb3ed02406a2a7e894978bae9d7b3e6d138069a9cf6311d51ed4ffe8a65568,80,NO
NEW SAIL 2021,TAPABARRO LH,Tapabarro,Izquierda,DISPONIBLE,SANTIAGO,0,0,,,Posición LH detectada; Precio es 0 - probablemente sin precio; Último precio es 0 - probablemente sin precio,2025-09-11 02:14:41,543ed0c4fb8cc3573eed2d25d2dae0597941ebf10b2330da80c1cb804c92f307,75,NO
NEW SAIL 2021,TAPABARRO RH,Tapabarro,Derecha,DISPONIBLE,SANTIAGO,0,0,,,Posición RH detectada; Precio es 0 - probablemente sin precio; Último precio es 0 - probablemente sin precio,2025-09-11 02:14:41,d1de806b688024d19d263c41c9902b45b64d316006e6a7b0ef15b4399d2e9120,75,NO
NEW SAIL 2021,TAPIZ INTERIOR PANEL TRASERO,Tapiz Interior Panel,Trasera,DISPONIBLE,SANTIAGO,0,0,,,Posición TRASERO detectada; Precio es 0 - probablemente sin precio; Último precio es 0 - probablemente sin precio,2025-09-11 02:14:41,f24d8b7d0377fd521fb675d016fc009b9df28b859316974180b068ad8add42c9,75,NO
NEW SAIL 2021,TAPIZ PUERTA DELANTERA LH,Tapiz Puerta,Izquierda Delantera,VENDIDO,SANTIAGO,20000.0,15000.0,,,Posición LH detectada; Posición DELANTERA detectada,2025-08-12 02:14:41,6ea385ee14cd6bf1b9cd7c052f1c5364299451715d9d9c4b09ac111fd2406998,100,NO
NEW SAIL 2021,TAPIZ PUERTA DELANTERA LH 3RO,Tapiz Puerta 3Ro,Izquierda Delantera,VENDIDO,SANTIAGO,0,0,,,Posición LH detectada; Posición DELANTERA detectada; Precio es 0 - probablemente sin precio; Último precio es 0 - probablemente sin precio,2025-08-12 02:14:41,ac6cfb6a55dab6243efdd1aecd7d977f8776ab51afb88d5799576328b5b5b915,85,NO
NEW SAIL 2021,TAPIZ PUERTA DELANTERA RH,Tapiz Puerta,Derecha Delantera,VENDIDO,SANTIAGO,20000.0,15000.0,,,Posición RH detectada; Posición DELANTERA detectada,2025-08-12 02:14:41,ce074e76c371124059c630e6afcd013a45c9e655b148009b9793b0595a926571,100,NO
NEW SAIL 2021,TAPIZ PUERTA DELANTERA RH 3RO,Tapiz Puerta 3Ro,Derecha Delantera,VENDIDO,SANTIAGO,0,0,,,Posición RH detectada; Posición DELANTERA detectada; Precio es 0 - probablemente sin precio; Último precio es 0 - probablemente sin precio,2025-08-12 02:14:41,a76f510e7952eb26bbf413c29bf0c9b73b7d34d2420d3fec4d51c665ef1a9fb3,85,NO
NEW SAIL 2021,TAPIZ PUERTA TRASERA LH,Tapiz Puerta,Izquierda Trasera,NO DISPONIBLE,SANTIAGO,20000.0,15000.0,,,Posición LH detectada; Posición TRASERA detectada,2025-09-11 02:14:41,41c450c92d53d56d3bcedc9a1b27838c8108b29834081769dbde24de5b339b0e,100,NO
NEW SAIL 2021,TAPIZ PUERTA TRASERA LH 3RO,Tapiz Puerta 3Ro,Izquierda Trasera,VENDIDO,SANTIAGO,0,0,,,Posición LH detectada; Posición TRASERA detectada; Precio es 0 - probablemente sin precio; Último precio es 0 - probablemente sin precio,2025-08-12 02:14:41,3b5efb6c8467ebde708ea6c1db48877de8c95d4d88aacb75eca109ba8c26d42b,85,NO
NEW SAIL 2021,TAPIZ PUERTA TRASERA RH,Tapiz Puerta,Derecha Trasera,VENDIDO,SANTIAGO,20000.0,15000.0,,,Posición RH detectada; Posición TRASERA detectada,2025-08-12 02:14:41,31f24743ee9b50bfd429c390eb9c62cac635f80240698ed0e492da813d7a50dd,100,NO
NEW SAIL 2021,TAPIZ PUERTA TRASERA RH 3RO,Tapiz Puerta 3Ro,Derecha Trasera,VENDIDO,SANTIAGO,0,0,,,Posición RH detectada; Posición TRASERA detectada; Precio es 0 - probablemente sin precio; Último precio es 0 - probablemente sin precio,2025-08-12 02:14:41,873b7a36d2c5fc0260230726272925c368e2735e07acfeaa7fb048c720a78760,85,NO
NEW SAIL 2021,TELECOMANDO,Telecomando,,DISPONIBLE,SANTIAGO,0,0,,,Precio es 0 - probablemente sin precio; Último precio es 0 - probablemente sin precio,2025-09-11 02:14:41,96729cad5f60d4bf713e43838713bb39d644e48cd7f92d31d0ce087a841652a4,75,NO
NEW SAIL 2021,TELECOMANDO LADO LH LUCES,Telecomando LADO Luces,Izquierda,DISPONIBLE,SANTIAGO,15000.0,15000.0,,,Posición LH detectada,2025-09-11 02:14:41,265afaaf4ffd562d0ca6ffdaec9139d212f3943b6875ee1eb7f6266f7a0e2549,100,NO
NEW SAIL 2021,TELECOMANDO LADO RH PARABRISAS,Telecomando LADO Parabrisas,Derecha,DISPONIBLE,SANTIAGO,15000.0,15000.0,,,Posición RH detectada,2025-09-11 02:14:41,37439c784bbad497c0d9d42756d851681bc93e984a6179237ba675c1cff6534e,100,NO
NEW SAIL 2021,TELECOMANDOS,Telecomandos,,DISPONIBLE,SANTIAGO,0,0,,,Precio es 0 - probablemente sin precio; Último precio es 0 - probablemente sin precio,2025-09-11 02:14:41,f2c818ce1cb762e4b8fdaf9922e54d7d1e5eeefd835bb3405c4a7b12c3ad2d80,75,NO
NEW SAIL 2021,TOMA DE AGUA CON SENSOR,TOMA DE AGUA CON Sensor,,DISPONIBLE,SANTIAGO,0,0,,,SENSOR mal escrito (debería ser SENSOR); Precio es 0 - probablemente sin precio; Último precio es 0 - probablemente sin precio,2025-09-11 02:14:41,dd8ef6620d7f947cfcb2937f079f3fead8c7399ecbfa54aee87a4e980a159af4,65,SI
NEW SAIL 2021,TREN TRASERO COMPLETO,TREN Completo,Trasera,VENDIDO,SANTIAGO,80000.0,80000.0,,,Posición TRASERO detectada,2025-08-12 02:14:41,a9ffa10ddeb02b78c39eab8f59f489914f4318ab17f76ebb97ffa8776ca2949b,100,NO
NEW SAIL 2021,TUBO CON MANGUERAS,TUBO CON Manguerass,,DISPONIBLE,SANTIAGO,0,0,,,MANGUERA mal escrito (debería ser MANGUERAS); TUBO mal escrito (debería ser TUBO); Precio es 0 - probablemente sin precio; Último precio es 0 - probablemente sin precio,2025-09-11 02:14:41,cbb71a8205dfff9132546111e5cfea73ad759c668cbcf397856f5aca981a365d,65,SI
NEW SAIL 2021,TUBO CORRIGADO CON SENSOR,TUBO Corrigado CON Sensor,,DISPONIBLE,SANTIAGO,0,0,,,TUBO mal escrito (debería ser TUBO); SENSOR mal escrito (debería ser SENSOR); Precio es 0 - probablemente sin precio; Último precio es 0 - probablemente sin precio,2025-09-11 02:14:41,9e15078e194fff9144f9d3727a6a4fad302da0318f50f552894cacee4f5e86ca,65,SI
NEW SAIL 2021,TUBO PORTA FILTRO DE AIRE,TUBO Porta Filtro DE AIRE,,DISPONIBLE,SANTIAGO,15000.0,10000.0,,,TUBO mal escrito (debería ser TUBO); FILTRO mal escrito (debería ser FILTRO); AIRE mal escrito (debería ser AIRE),2025-09-11 02:14:41,a51100c42f5feaf391a12ba6d8053ded52a69780610376cd25bbf90facd82ad4,90,NO
NEW SAIL 2021,TUBO SALIDA PORTA FILTRO,TUBO Salida Porta Filtro,,DISPONIBLE,SANTIAGO,15000.0,10000.0,,,TUBO mal escrito (debería ser TUBO); FILTRO mal escrito (debería ser FILTRO),2025-09-11 02:14:41,f59548ab4a7e907cc085c83775557b8d3b2c895696a0e8cb0e292a6b422be162,90,NO
NEW SAIL 2021,VÁLVULA PRESOSTÁTICA,Válvula Presostática,,NO DISPONIBLE,N/A,25000.0,20000.0,,,,2025-09-11 02:14:41,cb0d9c0b0ca8031b968d96214d55122a9e55e1ab7a1a4f03e87fbda0a0ed80a9,100,NO
NEW SAIL 2021,VARILLA ACEITE,Varilla Aceite,,DISPONIBLE,SANTIAGO,10000.0,10000.0,,,ACEITE mal escrito (debería ser ACEITE),2025-09-11 02:14:41,b1e1cb40d06aaf72cf5204676aceeae1b667c270fddcf0eee4875ac7606ec9e1,90,NO
NEW SAIL 2021,VARILLA DE CAPOT,Varilla DE CAPÓ,,VENDIDO,SANTIAGO,15000.0,10000.0,,,CAPOT mal escrito (debería ser CAPÓ); CAPO mal escrito (debería ser CAPÓ),2025-08-12 02:14:41,78323cbc75f3e521d3afb07c81a8cc5ff88e6466e88c0a0bab1b86462c567b91,90,NO
NEW SAIL 2021,VARILLA DE MOTOR,Varilla DE Motor,,DISPONIBLE,SANTIAGO,0,0,,,Precio es 0 - probablemente sin precio; Último precio es 0 - probablemente sin precio,2025-09-11 02:14:41,7580cd6e28a8d44a92f0319e90c1091baef1db7c3a9ed9dffa2b3b6feb888247,75,NO
NEW SAIL 2021,VENTILADOR DE CALEFACCIÓN,Ventilador DE Calefacción,,DISPONIBLE,SANTIAGO,30000.0,25000.0,,,,2025-09-11 02:14:41,b27fe1df5c5c15f7dd6e2ddb9483fad36dfa1db3af2f6b5c180367fa96cb0388,100,NO
NEW SAIL 2021,VIDRIO ALETA PUERTA TRASERA LH,Vidrio Aleta Puerta,Izquierda Trasera,DISPONIBLE,SANTIAGO,0,0,,,Posición LH detectada; Posición TRASERA detectada; Precio es 0 - probablemente sin precio; Último precio es 0 - probablemente sin precio,2025-09-11 02:14:41,24adf591de08e796b64f2fb04bfa45752b0c6052f6d2225f591ae1af1f033693,75,NO
NEW SAIL 2021,VIDRIO ALETA PUERTA TRASERA RH,Vidrio Aleta Puerta,Derecha Trasera,DISPONIBLE,SANTIAGO,0,0,,,Posición RH detectada; Posición TRASERA detectada; Precio es 0 - probablemente sin precio; Último precio es 0 - probablemente sin precio,2025-09-11 02:14:41,ca75002fe7a38b5a87ddd721b976d4305ab423bfec7e5791db4ee62ecf65e801,75,NO
NEW SAIL 2021,VIDRIO LUNETA TRASERA (PARABRISAS),Vidrio Luneta (Parabrisas),Trasera,VENDIDO,SANTIAGO,0,0,,,Posición TRASERA detectada; Precio es 0 - probablemente sin precio; Último precio es 0 - probablemente sin precio,2025-08-12 02:14:41,74de5ad60c25bce7c81a5f017878631b34b1f3d011f9ce648bf8e447ac2e9f05,85,NO
NEW SAIL 2021,VIDRIO PUERTA DELANTERA LH,Vidrio Puerta,Izquierda Delantera,VENDIDO,SANTIAGO,35000.0,30000.0,,,Posición LH detectada; Posición DELANTERA detectada,2025-08-12 02:14:41,3f9442860caa4f81f6eaa1b7a021b4da91dc0a9391d072d0a57fc4084168fae5,100,NO
NEW SAIL 2021,VIDRIO PUERTA DELANTERA RH,Vidrio Puerta,Derecha Delantera,VENDIDO,SANTIAGO,35000.0,30000.0,,,Posición RH detectada; Posición DELANTERA detectada,2025-08-12 02:14:41,5131a6d0c1791693e52293f44210315b0ce007c521e897459566886d48d82375,100,NO
NEW SAIL 2021,VIDRIO PUERTA TRASERA LH,Vidrio Puerta,Izquierda Trasera,NO DISPONIBLE,SANTIAGO,35000.0,30000.0,,,Posición LH detectada; Posición TRASERA detectada,2025-09-11 02:14:41,435d4fd4e399a3e65aec5bd887ac0a42a2624b0b86a7e3171e8c265e58a44954,100,NO
NEW SAIL 2021,VIDRIO PUERTA TRASERA RH,Vidrio Puerta,Derecha Trasera,VENDIDO,SANTIAGO,35000.0,30000.0,,,Posición RH detectada; Posición TRASERA detectada,2025-08-12 02:14:41,f71647fb8b429ef3bdf08520caad4af9d0f3521137bf97130f814093892f3f5f,100,NO
NEW SAIL 2021,VOLANTE,Volante,,DISPONIBLE,SANTIAGO,25000.0,20000.0,,,VOLANTE mal escrito (debería ser VOLANTE),2025-09-11 02:14:41,644bcfa47adebb5ad7c67b4ee37356b3949751ce8b5e0e8b6d2f43bd27afff79,90,NO
NEW SAIL 2021,VOLANTE,Volante,,DISPONIBLE,SANTIAGO,0,0,,,VOLANTE mal escrito (debería ser VOLANTE); Precio es 0 - probablemente sin precio; Último precio es 0 - probablemente sin precio,2025-09-11 02:14:41,e0f05adb45bba4c742a4b703cfcd6470ab4940f59bb99bded4cd1838074d16b2,65,SI
NEW SAIL 2021,VOLANTE DE INERCIA,Volante DE Inercia,,DISPONIBLE,SANTIAGO,45000.0,40000.0,,,VOLANTE mal escrito (debería ser VOLANTE),2025-09-11 02:14:41,c87b8c0c8f42916a9b11a000674715a95464bc76a79d2b148f44c0c7f6c77aec,90,NO
NEW SAIL 2021,VULVO DE MARCHA DE RETROCESO,Vulvo DE Marcha DE Retroceso,,NO DISPONIBLE,SANTIAGO,0,0,,,Precio es 0 - probablemente sin precio; Último precio es 0 - probablemente sin precio,2025-09-11 02:14:41,d2d7eda378dc3e422b90291d64b695eea909f78b0c0cacd5e6d3f94ab8a80ee2,85,NO
